rank,username,ptcg_id,area,points
1,ChenMinQian,tw75551324,苗栗縣,420pt
2,Towasamalike,tw23205294,臺南市,255pt
3,Tiger,tw15435377,新北市,238pt
4,NiHao_WoChiYiDian,tw56336073,臺中市,218pt
5,Galaxy,tw27568465,臺中市,215pt
5,Jiao,tw78403870,新北市,215pt
7,曉致,tw63508480,高雄市,214pt
8,TCGSTORE_阿元,tw79280986,臺北市,207pt
9,AndyChou,tw44127879,新北市,204pt
10,aaaa,tw36759052,臺中市,203pt
11,Ray,tw73106123,高雄市,199pt
12,BossTang,tw48793078,基隆市,198pt
13,LUN,tw56605426,臺南市,193pt
14,shawn,tw42309306,臺中市,192pt
15,Yeen,tw73048413,臺南市,190pt
15,Akashi,tw23764220,彰化縣,190pt
17,TopCard_Fu,tw77877383,新竹縣,182pt
18,Chuangbob,tw59842400,新竹市,178pt
19,GMS-YO,tw93955100,臺南市,177pt
20,DCG_01,tw24854365,新竹縣,175pt
20,JEFF,tw33544977,新北市,175pt
22,Danyang,tw03132048,高雄市,174pt
23,86,tw94971550,臺北市,172pt
24,cian,tw78657682,高雄市,170pt
25,Mr.Gengar,tw05925639,臺中市,167pt
25,ScreamTail,tw42619935,臺南市,167pt
27,DKA_PIGRIGHT0,tw93433450,宜蘭縣,166pt
27,Heisenberg,tw22529091,臺北市,166pt
27,Victor,tw76369505,新北市,166pt
30,ZIYI777,tw69848864,新北市,165pt
31,Moon,tw97931731,臺北市,163pt
31,Stanley.LAI,tw29404493,臺中市,163pt
33,Viveka,tw21820105,桃園市,155pt
34,XJH_Fengshen,tw15026318,新北市,154pt
35,阿童,tw39185310,臺北市,152pt
36,DONG_JI_WU,tw59054436,臺中市,151pt
36,海豹姐,tw01909140,彰化縣,151pt
36,Cookie,tw42912360,高雄市,151pt
39,Modred1104,tw44821842,臺中市,150pt
39,PoYangHsu,tw10141695,高雄市,150pt
41,DCG_2330,tw46798799,臺北市,149pt
42,ClawsTY Martin,tw76086171,桃園市,147pt
42,Ianyang,tw45485735,高雄市,147pt
42,瘋桌遊楠梓店正老闆徵闆娘！,tw02559687,高雄市,147pt
45,TCGSTORE_MASSA,tw85147749,臺北市,145pt
45,will,tw79188375,高雄市,145pt
45,BenT,tw76470686,臺南市,145pt
48,TEAM_David,tw10467123,臺北市,143pt
49,QQ,tw26175828,臺中市,142pt
49,R1n90,tw23226571,新北市,142pt
51,LINCHEHSUAN,tw95954871,臺北市,137pt
51,lkkder,tw06441088,高雄市,137pt
53,yuyu614,tw11292760,臺北市,136pt
54,rabbit,tw24203947,新北市,135pt
55,kazma,tw04461037,臺北市,134pt
55,哈力栗,tw44344603,高雄市,134pt
57,GHG_PeterWine,tw16132632,宜蘭縣,131pt
58,"Chang,I-Hsiang",tw89343025,臺中市,129pt
58,Shanks,tw28750216,新北市,129pt
58,XRY,tw93076075,臺中市,129pt
61,ChienTingYu,tw93020902,新北市,128pt
62,Mark,tw46076033,高雄市,127pt
63,Nick,tw55000893,臺中市,125pt
64,StrongOrange,tw97885633,臺南市,124pt
65,L,tw18638755,彰化縣,122pt
66,HiddenSquid,tw00387540,桃園市,121pt
66,Johnny,tw50567676,苗栗縣,121pt
68,Snake,tw01024875,新北市,120pt
69,13,tw39174853,臺南市,118pt
69,南呱,tw32214798,雲林縣,118pt
71,Bob,tw13624938,彰化縣,116pt
72,DQ,tw20116252,桃園市,115pt
72,Wei,tw53723254,臺中市,115pt
74,Jack,tw54430001,新竹市,114pt
74,Laolio,tw29536370,新北市,114pt
76,Yang,tw60273793,高雄市,112pt
77,CaiMingFeng,tw51147332,新北市,110pt
77,DCG_M1DSKY,tw16152234,新竹市,110pt
79,NewBee,tw59096586,桃園市,109pt
80,Zhaorui,tw88780324,臺中市,108pt
80,rio1022,tw68088789,高雄市,108pt
82,Miltank,tw46795660,臺北市,107pt
83,HaveFun-WeiWei,tw35839691,桃園市,106pt
83,Minatsuki,tw30477292,高雄市,106pt
83,MoonCake,tw30898169,新北市,106pt
86,Jyun,tw35995465,高雄市,105pt
86,Diamond,tw57017359,臺北市,105pt
88,DCG_J35815916,tw09574160,高雄市,104pt
88,Mapu0215,tw81121676,臺中市,104pt
88,NewFlavors,tw17203659,臺北市,104pt
88,罐頭,tw45806310,高雄市,104pt
92,Osnyani,tw97138451,新竹市,101pt
93,Aki,tw41073870,臺中市,100pt
93,Habu,tw79878183,高雄市,100pt
95,ChunLun,tw82981600,新北市,95pt
95,Giles,tw52127289,新北市,95pt
95,J4son,tw97135682,臺中市,95pt
95,Luffy87512,tw96909333,桃園市,95pt
95,watermelon,tw54760232,高雄市,95pt
95,Shark,tw62820523,基隆市,95pt
101,GHG_Andro,tw20198051,新北市,94pt
101,GMS_Mew,tw67759215,新北市,94pt
103,HornyBat,tw81886933,臺北市,93pt
103,JimmyTai,tw39894258,新北市,93pt
103,Hank,tw33274690,臺北市,93pt
106,Wen,tw08814300,新北市,92pt
107,Nine-tailedfox,tw87180928,桃園市,91pt
107,Yang-Qi-Jun,tw93858918,新北市,91pt
109,shang,tw75204861,新北市,90pt
110,Rukai-Warriors,tw96137948,屏東縣,89pt
110,Sin,tw61279434,高雄市,89pt
110,XJH_HANGO,tw67199394,新北市,89pt
113,Pierre_Cashon,tw76059026,新北市,88pt
113,Jiago,tw35707148,臺南市,88pt
115,Hsiang,tw49877892,桃園市,87pt
115,bamboo,tw65483922,新北市,87pt
115,薄荷Echo,tw55332465,高雄市,87pt
115,ting,tw18906406,新北市,87pt
115,Jimin,tw69372013,臺中市,87pt
120,KHJL,tw33425386,臺北市,86pt
120,LMK,tw75774280,高雄市,86pt
120,Nkrs,tw29121960,新北市,86pt
120,TsaiYaoChing,tw76258268,屏東縣,86pt
120,XJH_Tangfen,tw02826499,新北市,86pt
120,HowDaOh,tw32950344,臺北市,86pt
126,Bruce,tw32869182,臺北市,85pt
126,shan,tw86177796,彰化縣,85pt
128,Gai,tw89609352,桃園市,84pt
128,Jeremy0224,tw58817602,臺北市,84pt
128,Jerry,tw45498080,臺中市,84pt
128,OP_Chai,tw52194649,臺中市,84pt
128,WunHao,tw89644458,臺北市,84pt
133,LeiDog,tw35416653,臺北市,83pt
133,TuHungHsiang,tw67479231,新北市,83pt
135,BO_YING,tw72333956,新北市,82pt
135,HuangPoTsun,tw35735135,臺中市,82pt
135,JoeChen,tw45324854,新北市,82pt
135,ericyang,tw96387195,新北市,82pt
135,Bread,tw65936819,新北市,82pt
140,ChenChuXiang,tw66134077,嘉義縣,81pt
140,Ricky,tw42527004,臺南市,81pt
140,翻轉-黃偉哲,tw40852343,臺南市,81pt
140,CLZ,tw60311204,臺北市,81pt
144,Bill,tw88559975,臺中市,80pt
144,GZ_ChuanGe,tw40123518,臺北市,80pt
144,Ken,tw82119121,臺南市,80pt
147,ChiMing,tw36747145,桃園市,79pt
147,^-^,tw16965198,臺北市,79pt
149,Fin,tw88792767,新北市,78pt
149,Forehead,tw37173355,新北市,78pt
149,Warrior5454,tw54988993,桃園市,78pt
149,kang,tw92544749,新北市,78pt
149,享玩_帆帆帆帆,tw69069593,桃園市,78pt
149,broday,tw73917548,臺北市,78pt
155,ChengChih,tw91826663,桃園市,77pt
155,LinPo,tw79802506,高雄市,77pt
157,ADi,tw99926791,嘉義市,76pt
157,Knightvc,tw64863333,新北市,76pt
157,Pinkey,tw04722294,高雄市,76pt
157,Tenya,tw73911906,新竹縣,76pt
157,Yue,tw61533794,臺北市,76pt
162,Biaoz,tw00357547,新北市,75pt
162,Blac3Ace,tw52806758,臺北市,75pt
162,CTSYUHAO,tw24889276,嘉義縣,75pt
162,NiGHT,tw35717087,臺南市,75pt
162,OldWang,tw33446875,新竹縣,75pt
162,felix,tw12363623,臺北市,75pt
168,LNG+1,tw02367054,屏東縣,74pt
168,Ray,tw91072286,臺南市,74pt
168,linhoching,tw02856732,臺南市,74pt
168,TCGSTORE_HSUAN,tw49340794,臺北市,74pt
172,Benny,tw94173678,臺中市,73pt
172,Eyang,tw07314439,臺北市,73pt
172,PPT_Salmon,tw49159270,臺中市,73pt
172,cxy,tw84592025,桃園市,73pt
176,AdamChia,tw87510571,高雄市,72pt
176,FrankChu,tw48512422,新北市,72pt
176,GHG_Faye,tw38086655,臺北市,72pt
176,Hanji,tw21351845,高雄市,72pt
176,HungYaoWang,tw71029745,臺北市,72pt
176,Ian,tw17213475,臺中市,72pt
176,Rjjiang,tw59882595,臺中市,72pt
176,YaoTing,tw93947447,新北市,72pt
176,Raptor,tw62315993,桃園市,72pt
185,:(,tw50858481,桃園市,71pt
185,BonBon,tw09269089,新竹市,71pt
185,HEJIAYING,tw49698910,新北市,71pt
185,Nathan0314,tw79834153,臺北市,71pt
185,Tym,tw83751916,新北市,71pt
185,sasashark,tw19522331,新北市,71pt
185,永遠喜歡愛莉西亞,tw15176221,臺南市,71pt
192,Bear'sParty,tw96922965,屏東縣,70pt
192,Bulu8827,tw95198982,臺中市,70pt
192,Dantes,tw13965222,高雄市,70pt
192,Eup,tw72630270,新北市,70pt
192,ddjoker,tw15701546,臺南市,70pt
192,wangzan,tw48526697,彰化縣,70pt
192,Fengpai-Lee,tw54347311,桃園市,70pt
199,Dabethan,tw63016626,高雄市,68pt
199,DoD,tw40338935,臺南市,68pt
199,Foxfool2527,tw62197981,屏東縣,68pt
199,HSU,tw02991787,新竹縣,68pt
199,HaoLei_Fish,tw10864190,新北市,68pt
199,JH,tw25974925,彰化縣,68pt
199,KCyen,tw47904340,宜蘭縣,68pt
199,KuangChanHo,tw93405316,臺北市,68pt
199,LUGIA,tw38080173,高雄市,68pt
199,Ming,tw90996252,宜蘭縣,68pt
199,jason1201,tw11247537,宜蘭縣,68pt
210,RichardWu,tw61583819,新北市,67pt
211,AhXin,tw79270381,臺北市,66pt
211,Big3_Samson,tw74371443,臺中市,66pt
211,Cathyu,tw29731640,新北市,66pt
211,Eason,tw59471628,基隆市,66pt
211,Jazpig,tw33433069,新竹縣,66pt
211,Sharky,tw58450010,桃園市,66pt
211,TaipeiCCC,tw45696531,臺北市,66pt
211,barrywang,tw60180669,臺北市,66pt
211,hyc,tw41286139,新竹市,66pt
211,mingchia,tw21601458,高雄市,66pt
211,yolin,tw28179733,臺北市,66pt
211,vincent,tw16728082,新北市,66pt
223,JayC,tw07460167,新北市,65pt
223,Shai,tw23412539,嘉義市,65pt
223,SheuCheWei,tw36138720,臺北市,65pt
223,應威德,tw89449964,新北市,65pt
223,風龍是我的手下敗將,tw43380150,臺中市,65pt
228,Afro0128,tw73975912,新竹市,64pt
228,Break,tw95045687,新竹市,64pt
228,CHENBOXUN,tw39494537,臺中市,64pt
228,Durant,tw56468849,高雄市,64pt
228,Kai,tw90337288,新竹縣,64pt
228,Owen,tw13120137,新北市,64pt
228,Pien,tw54549171,桃園市,64pt
228,mj730709,tw66591069,新北市,64pt
228,ms0304711,tw68763677,臺北市,64pt
228,狡猾的路人甲,tw88860465,臺南市,64pt
238,Billy,tw13569448,桃園市,63pt
238,Jester,tw63343435,彰化縣,63pt
238,"KANG,TAI-YUAN",tw64460639,新北市,63pt
238,Noc,tw24742864,新北市,63pt
238,Xin,tw97666473,新北市,63pt
238,Zhe,tw37257975,新北市,63pt
244,Adan,tw93829445,高雄市,62pt
244,Cy,tw45233917,新北市,62pt
244,Hao,tw33171149,彰化縣,62pt
244,Mazu,tw37918429,桃園市,62pt
244,Pululu,tw11512917,新竹縣,62pt
244,Superpig,tw95668915,高雄市,62pt
244,Yun,tw13224458,臺中市,62pt
244,jxjason,tw40274722,臺北市,62pt
244,real1027,tw99213849,新竹縣,62pt
244,yogioh0,tw06072288,桃園市,62pt
244,yuhina,tw86437657,高雄市,62pt
255,LINYUSIANG,tw27419844,雲林縣,61pt
255,Lazurite,tw41523616,臺中市,61pt
255,Ole',tw72966382,新北市,61pt
255,Tony777,tw89297350,臺中市,61pt
255,靖儒,tw46020620,嘉義市,61pt
255,Terry,tw32020032,高雄市,61pt
261,Allen,tw73187416,臺中市,60pt
261,CY,tw05715928,臺北市,60pt
261,ChangHsinChen,tw60920600,新北市,60pt
261,Charlie,tw64567116,臺中市,60pt
261,Eric,tw84406921,新北市,60pt
261,Goodmouse,tw04959593,新北市,60pt
261,Hypno_Sammu,tw25488947,臺中市,60pt
261,J,tw27758570,臺北市,60pt
261,Janet,tw13786805,臺北市,60pt
261,Liang,tw36942940,彰化縣,60pt
261,OrangeW,tw24266071,新北市,60pt
261,abao,tw26582888,高雄市,60pt
261,soraPanic,tw46423373,臺北市,60pt
261,wei,tw99738792,屏東縣,60pt
275,Bryn,tw72174151,新北市,59pt
275,GUAN-LUN-CHEN,tw01012666,新北市,59pt
275,Joe,tw37765295,臺北市,59pt
275,Melvin,tw40620066,高雄市,59pt
279,FF,tw76568846,新北市,58pt
279,Fan,tw32717439,桃園市,58pt
279,Jack,tw77414759,臺北市,58pt
279,Noir,tw83663725,雲林縣,58pt
279,Raysun,tw70273656,臺北市,58pt
279,Shin,tw14788730,臺北市,58pt
279,Siang,tw25684532,臺中市,58pt
279,Skylar,tw59548820,臺北市,58pt
279,XJH_Chuiyi,tw52301948,新北市,58pt
279,YO,tw57196950,新竹市,58pt
279,Yu,tw94518932,彰化縣,58pt
279,Yuh,tw11642031,高雄市,58pt
291,Jason,tw10410998,新北市,57pt
291,MIAWO,tw90694553,嘉義市,57pt
291,Zhang1205,tw22171154,高雄市,57pt
294,Beef,tw79411276,新北市,56pt
294,ChiaChia,tw85568194,高雄市,56pt
294,Friedrich,tw15171356,桃園市,56pt
294,HOME洋,tw77699656,高雄市,56pt
294,JHE,tw30419396,臺北市,56pt
294,JOKE,tw68209178,新北市,56pt
294,Justin,tw16280450,臺北市,56pt
294,Lalabear,tw55319617,高雄市,56pt
294,Leona,tw09225948,新竹縣,56pt
294,Mareep,tw88521370,臺中市,56pt
294,OGP_Tim,tw80527710,高雄市,56pt
294,Sean666,tw46437830,臺中市,56pt
294,WangLin,tw50680843,高雄市,56pt
294,YoyoYang,tw57062134,新北市,56pt
294,hihilifestyle,tw67604361,新北市,56pt
294,house,tw75352342,新北市,56pt
294,kojiloo,tw38671111,新北市,56pt
294,rober,tw88843922,桃園市,56pt
294,Eugenie,tw58781969,臺北市,56pt
313,Misutirara,tw07211448,臺北市,55pt
313,Godkiller,tw79723871,苗栗縣,55pt
313,a1phaki,tw70378594,桃園市,55pt
316,Aden,tw52162016,新北市,54pt
316,Bilitherubin,tw38743212,新北市,54pt
316,Bruce_Chen,tw23712439,新北市,54pt
316,Fi_ZhengYang,tw11047177,高雄市,54pt
316,LittleLin,tw13366339,臺中市,54pt
316,MW-pang,tw45178021,高雄市,54pt
316,Mugen,tw66907796,臺南市,54pt
316,Oops,tw95345106,桃園市,54pt
316,Xiaogotall,tw58532021,高雄市,54pt
316,Keng,tw86152305,臺中市,54pt
326,1212wr,tw15533641,新北市,53pt
326,GOOSE,tw34536798,臺南市,53pt
326,Kuli,tw61785235,臺北市,53pt
326,Leegohome,tw35606425,新竹縣,53pt
326,MaxxC,tw91547922,臺南市,53pt
326,egghead,tw93105739,基隆市,53pt
332,AhShen,tw98688020,宜蘭縣,52pt
332,ChiaChe,tw30011078,臺中市,52pt
332,Eason,tw04870134,高雄市,52pt
332,John486Rem,tw33811608,新北市,52pt
332,Kai_,tw62599498,彰化縣,52pt
332,Nick,tw76371566,高雄市,52pt
332,Siang,tw75380665,臺中市,52pt
332,TiaoTiaoYeh,tw71730704,桃園市,52pt
332,TopCard_HAO,tw91720502,新竹市,52pt
332,WoXianGong,tw87500073,新北市,52pt
332,YP.JE,tw52663760,基隆市,52pt
332,Ytxx,tw60511158,桃園市,52pt
332,jun,tw29083759,高雄市,52pt
332,never3317,tw93786012,彰化縣,52pt
332,wy,tw38236579,新竹縣,52pt
332,xLamit,tw36677953,臺南市,52pt
348,Danny,tw78866457,新北市,51pt
349,AC,tw90806836,高雄市,50pt
349,Aragari,tw92466220,新竹縣,50pt
349,DOGE,tw65741542,新北市,50pt
349,Ertai,tw29372557,新北市,50pt
349,Jia,tw84991038,雲林縣,50pt
349,LeeKai,tw26670105,臺北市,50pt
349,LukaLuka,tw27556466,臺北市,50pt
349,MurphySCF,tw78144908,臺北市,50pt
349,Osborn,tw07020662,臺北市,50pt
349,Pan-Jui-Yen,tw11121423,新北市,50pt
349,Shooting,tw66459371,臺北市,50pt
349,SkySky,tw92250919,新北市,50pt
349,Sugar,tw70942920,臺北市,50pt
349,TuTuLin,tw69425578,高雄市,50pt
349,Will,tw95120042,臺中市,50pt
349,jacku,tw79434198,新竹市,50pt
349,johyan,tw27308734,臺北市,50pt
349,kay,tw48927744,基隆市,50pt
349,Bruce,tw84916149,新北市,50pt
368,JJIBB_uglyfish,tw69221566,高雄市,49pt
368,Leon,tw27395288,新北市,49pt
368,Ying,tw24311735,彰化縣,49pt
368,jeremychen,tw71550438,花蓮縣,49pt
368,Langgam571,tw24570904,臺北市,49pt
368,SHEN,tw65991509,新北市,49pt
368,Sky,tw49826410,臺北市,49pt
375,David,tw42979297,新北市,48pt
375,Dennis,tw75820315,臺北市,48pt
375,Laisun,tw74963860,高雄市,48pt
375,Tsaiuu,tw68492472,臺中市,48pt
375,WEI,tw50453642,澎湖縣,48pt
375,YI,tw20362825,臺南市,48pt
375,ninja._.wa,tw89548879,南投縣,48pt
375,omi,tw96801156,高雄市,48pt
375,Zhongchengen,tw62958507,臺中市,48pt
384,ArJay,tw26080590,臺南市,47pt
384,Blue2Mo,tw90564971,臺北市,47pt
384,CHIU HSIN WEI,tw09904717,彰化縣,47pt
384,KAZMA,tw76994845,桃園市,47pt
384,Mine_Uncle,tw01124210,臺南市,47pt
384,WeiJay,tw94687968,彰化縣,47pt
390,BST-NonSama,tw97857197,臺中市,46pt
390,Bala,tw51108451,新竹市,46pt
390,Chi7,tw15456300,臺北市,46pt
390,Cloud,tw55484477,高雄市,46pt
390,Jayce,tw69576075,臺北市,46pt
390,Juangken,tw23249034,臺北市,46pt
390,Orange,tw77589256,臺中市,46pt
390,ShaArRK,tw51496473,桃園市,46pt
390,Smallku2782,tw28510545,新北市,46pt
390,SnorLAX,tw08457807,苗栗縣,46pt
390,Spawn,tw42740359,高雄市,46pt
390,Wilson168,tw45684530,臺北市,46pt
390,Wucom,tw52723058,高雄市,46pt
390,mark,tw12494287,高雄市,46pt
390,israining,tw93660736,高雄市,46pt
405,Awei,tw89407764,新北市,45pt
405,DDawn,tw17748447,屏東縣,45pt
405,Lisalu,tw43007249,臺中市,45pt
405,OGBB,tw06225308,臺中市,45pt
405,walker188,tw54077721,新北市,45pt
410,Bobocat,tw42571684,臺中市,44pt
410,Chickenskin,tw32364107,臺北市,44pt
410,Hiro,tw52274144,高雄市,44pt
410,Jannun,tw79154733,桃園市,44pt
410,Michael,tw71470461,新北市,44pt
410,Stayko,tw88117485,臺北市,44pt
410,ThatWenYen,tw33742727,高雄市,44pt
410,Ubry,tw56240698,新北市,44pt
410,Yeh,tw56972035,新竹市,44pt
410,Yuan,tw27453523,臺中市,44pt
410,jk,tw87621292,高雄市,44pt
421,BonusLeeRyan,tw46483831,臺南市,43pt
421,Jerry,tw05433925,臺南市,43pt
421,RRY,tw27821583,臺北市,43pt
421,YENWEITING,tw68090720,臺北市,43pt
421,Serendipity,tw74676901,臺南市,43pt
426,Fddy30,tw20368538,桃園市,42pt
426,JOJO,tw14505717,高雄市,42pt
426,Loren,tw26953449,新北市,42pt
426,PADDY,tw09432546,桃園市,42pt
426,Renny,tw09066488,高雄市,42pt
426,SmallOK,tw63054410,臺南市,42pt
426,YiYu,tw95674193,高雄市,42pt
426,james,tw67348652,新北市,42pt
426,kaijuwoodo,tw86329593,臺南市,42pt
426,nehcyar_,tw51284044,桃園市,42pt
426,sin7n,tw40191085,高雄市,42pt
426,小昱,tw82566333,臺北市,42pt
426,黑獸傭兵團長,tw68856891,新北市,42pt
439,Dora,tw30001370,新竹市,41pt
439,LeonChen,tw26870425,高雄市,41pt
439,Tray,tw04119157,桃園市,41pt
439,Zihao,tw29437004,新北市,41pt
439,wei,tw51251163,臺南市,41pt
439,HaoJun,tw11795582,高雄市,41pt
439,TW-WANG_YI_WEN,tw12008699,高雄市,41pt
446,Ave,tw64209062,新北市,40pt
446,CH,tw44874553,高雄市,40pt
446,GHG-MXK,tw51046647,新北市,40pt
446,Girox,tw07615948,臺北市,40pt
446,HONG,tw93754264,新北市,40pt
446,Hollow,tw96093664,新北市,40pt
446,Ino,tw57907773,臺中市,40pt
446,Kevin,tw64436261,桃園市,40pt
446,Kinako,tw05040970,新北市,40pt
446,MoodyGUY,tw56619873,高雄市,40pt
446,SHAWN,tw27017315,臺北市,40pt
446,Sejong,tw83905127,宜蘭縣,40pt
446,Sugar,tw32893143,臺北市,40pt
446,Tim,tw95566595,新北市,40pt
446,hower,tw91106608,高雄市,40pt
446,島主,tw75863784,高雄市,40pt
446,Alex,tw64729411,臺北市,40pt
463,Bruce,tw13298067,桃園市,39pt
463,HuiJungCheng,tw18429175,臺中市,39pt
463,Jonathan,tw24928885,臺北市,39pt
463,KT,tw64220350,嘉義市,39pt
463,cycla,tw09152496,臺南市,39pt
463,weichenghuang,tw37274871,彰化縣,39pt
463,Thomas,tw04945340,臺北市,39pt
470,Bacon,tw25275319,臺北市,38pt
470,Ian,tw92891852,新北市,38pt
470,LAI-BO-KAI,tw23930741,宜蘭縣,38pt
470,Leo,tw98129328,新竹縣,38pt
470,MorganTsai,tw68822994,新竹市,38pt
470,Raymond,tw49082254,臺中市,38pt
470,Wu,tw97442996,臺南市,38pt
470,hungry_to_eat,tw05346170,雲林縣,38pt
470,jim,tw72244502,苗栗縣,38pt
470,kobee,tw79925801,嘉義縣,38pt
480,BNC_Blast,tw89606971,高雄市,37pt
480,Caspar,tw40870196,臺中市,37pt
480,HF_wei,tw15800518,桃園市,37pt
480,LCC..,tw32722359,雲林縣,37pt
480,SD,tw05197795,新北市,37pt
480,StoneMin,tw36240497,臺中市,37pt
480,Ting,tw76312809,新北市,37pt
480,callyshih,tw54739989,新北市,37pt
480,john1029,tw04057117,臺北市,37pt
480,張育銓,tw26157252,高雄市,37pt
490,AJin,tw18584107,臺中市,36pt
490,BNC-翔寶,tw09704151,高雄市,36pt
490,James,tw87713934,臺北市,36pt
490,Jun,tw27673402,桃園市,36pt
490,LSS,tw54378013,新北市,36pt
490,MAX,tw50797911,新北市,36pt
490,Nanaya,tw03168456,宜蘭縣,36pt
490,OP_FAN,tw63573774,臺中市,36pt
490,PJ,tw70654328,高雄市,36pt
490,RE,tw59037293,新北市,36pt
490,Ray,tw61690221,高雄市,36pt
490,Rayop,tw12619457,彰化縣,36pt
490,Rex,tw21941780,高雄市,36pt
490,SHIAO,tw23540064,桃園市,36pt
490,ShaoWeiChang,tw44744070,桃園市,36pt
490,Wowowo,tw06400208,臺中市,36pt
490,murphy0827,tw58776465,新北市,36pt
507,GZT-00,tw65824965,臺中市,35pt
507,Jeff,tw12134806,臺中市,35pt
507,Yen,tw81218142,新竹縣,35pt
507,asus,tw25961863,嘉義縣,35pt
507,Dto,tw62020476,彰化縣,35pt
507,Xepher,tw47440588,臺北市,35pt
513,A9_Weberlolz,tw00531440,桃園市,34pt
513,AddEgg0717,tw86324740,臺北市,34pt
513,BestDogeEver,tw84828731,新北市,34pt
513,Long,tw57612114,新北市,34pt
513,Maomao,tw79180495,新北市,34pt
513,MickLiau,tw98649601,苗栗縣,34pt
513,Mr.O,tw90147793,高雄市,34pt
513,NPUST_Huaba,tw91797530,屏東縣,34pt
513,R52,tw03478711,臺中市,34pt
513,Rachel,tw73237577,新北市,34pt
513,Rookie,tw04564553,臺中市,34pt
513,SidLin,tw69346217,臺北市,34pt
513,UNAHAN,tw16526802,彰化縣,34pt
513,WANG-WEI-SHENG,tw03459753,臺南市,34pt
513,YHC,tw37950627,新北市,34pt
513,cheyu,tw24111275,新北市,34pt
513,chuyuan,tw49868105,新竹市,34pt
513,dented-Dusknoir,tw32830944,彰化縣,34pt
513,kiwi,tw17248165,桃園市,34pt
513,oa,tw79100139,高雄市,34pt
513,黑貓,tw43932173,彰化縣,34pt
534,BonBon,tw33785925,新竹市,33pt
534,Sora,tw35214784,臺中市,33pt
536,A-HAO,tw46541506,高雄市,32pt
536,BerryLee,tw50202065,高雄市,32pt
536,Hsinru,tw70529064,新北市,32pt
536,JerryChiang,tw28785208,基隆市,32pt
536,KJ,tw82289672,桃園市,32pt
536,Laby,tw81066465,新北市,32pt
536,Lee1196,tw39062068,臺北市,32pt
536,Long-N1ARK,tw34101256,高雄市,32pt
536,Mick,tw93739401,新北市,32pt
536,Ming,tw58028303,臺中市,32pt
536,PENG,tw41852657,臺中市,32pt
536,Pho1nix33,tw17729963,臺中市,32pt
536,Sho,tw04057494,基隆市,32pt
536,TCGSTORE_HoSu,tw14327392,臺中市,32pt
536,Tzuyi,tw09261132,高雄市,32pt
536,Wangtinglun,tw22611326,桃園市,32pt
536,YONSUN,tw36869316,基隆市,32pt
536,ZEO,tw41160256,南投縣,32pt
536,ZhangXuan,tw99229780,南投縣,32pt
536,castle116,tw51710380,桃園市,32pt
536,daGG,tw21954605,臺北市,32pt
536,vilian,tw94156469,高雄市,32pt
536,walkaway,tw09982553,新北市,32pt
536,yuchen0810,tw92224806,新北市,32pt
560,Alex-Jack,tw84834842,臺南市,31pt
560,ChuChiHsiang,tw37727633,臺北市,31pt
560,Ferdielee,tw99801052,臺中市,31pt
560,Godusopp,tw10449295,高雄市,31pt
560,Jerry,tw88288372,新北市,31pt
560,RONG,tw62217615,高雄市,31pt
560,roger606,tw09188186,臺南市,31pt
560,Yu,tw44853577,宜蘭縣,31pt
568,Andrew,tw49959381,臺北市,30pt
568,Avocado,tw59137487,新北市,30pt
568,Bunbear,tw97046858,桃園市,30pt
568,Henry,tw35659148,雲林縣,30pt
568,J,tw58490962,高雄市,30pt
568,Killden,tw97275186,新北市,30pt
568,Lucas,tw95547681,宜蘭縣,30pt
568,Msapiens,tw61792938,臺中市,30pt
568,OGSHIH,tw27714746,新北市,30pt
568,Panda,tw79476009,臺北市,30pt
568,Sam,tw87970697,桃園市,30pt
568,SuHua,tw02191971,臺中市,30pt
568,TAKOTIM,tw64656626,基隆市,30pt
568,Wally0714,tw33091415,高雄市,30pt
568,YINGCHIHCHIU,tw31401549,新竹市,30pt
568,boychen,tw23209128,臺北市,30pt
568,cat0924,tw50239297,臺南市,30pt
568,gavin-N1ARK,tw98858591,高雄市,30pt
568,pingping,tw37361150,高雄市,30pt
568,pokemonvsch1,tw15392207,新北市,30pt
568,ryanwu,tw08856107,臺中市,30pt
568,shirofox,tw24164090,桃園市,30pt
568,Ink,tw41822925,新竹市,30pt
591,BumpyJumpy,tw97370246,桃園市,29pt
591,Monkeyz,tw36173804,彰化縣,29pt
591,Sean,tw66588143,臺南市,29pt
591,andreee,tw85823053,新北市,29pt
595,A_kai,tw63008541,南投縣,28pt
595,BST_Ethan,tw86219919,臺中市,28pt
595,BST_ROB,tw73762496,臺中市,28pt
595,Blues,tw41682200,臺北市,28pt
595,Bryant,tw40682117,新竹縣,28pt
595,CLG_HoHo,tw53198253,臺中市,28pt
595,Camus,tw66520026,新竹縣,28pt
595,ChenLi_Kibana,tw69538820,高雄市,28pt
595,DCG_tsa1,tw58859352,新北市,28pt
595,Depp,tw41643160,桃園市,28pt
595,Foty,tw63569554,臺北市,28pt
595,Kevinkod,tw81021249,其它地區,28pt
595,KiD,tw15667547,臺南市,28pt
595,Qttsix&hennie_IC,tw10136616,臺中市,28pt
595,Rehorn,tw58835877,基隆市,28pt
595,SeverusGuo,tw38140274,基隆市,28pt
595,Sony,tw64598660,高雄市,28pt
595,TC_Brian,tw08055670,新竹縣,28pt
595,Taco,tw63205160,新北市,28pt
595,TiM-N1ARK,tw19291467,高雄市,28pt
595,Tyrunt_ED,tw24479626,桃園市,28pt
595,flybear132,tw02172047,臺北市,28pt
595,ksfantasy,tw33097520,新竹縣,28pt
595,ocean7024,tw28285341,新竹縣,28pt
595,rweiwei,tw32921509,基隆市,28pt
595,tsaikobe,tw42052335,彰化縣,28pt
595,胡在天,tw80138989,新北市,28pt
622,Chenjuin1123,tw82001299,新北市,27pt
622,Haruka,tw46362217,臺南市,27pt
622,Krisinc,tw67306893,新北市,27pt
622,hhh17653,tw69804633,宜蘭縣,27pt
626,Bubble,tw65156718,桃園市,26pt
626,Carl,tw39114696,南投縣,26pt
626,"Cheng-Yang,Hsiao",tw62960654,臺北市,26pt
626,Claws_Cosmos,tw82878504,桃園市,26pt
626,GMS-IY,tw50960483,臺南市,26pt
626,Gary,tw40194303,桃園市,26pt
626,HSUHSIOUHAO,tw75922385,高雄市,26pt
626,HandBreaker,tw48471470,新北市,26pt
626,Hill,tw79037446,桃園市,26pt
626,HuangShengTze,tw75139643,雲林縣,26pt
626,Jerry,tw84382822,高雄市,26pt
626,Ken,tw96097470,苗栗縣,26pt
626,Kevin_Liu,tw90897983,彰化縣,26pt
626,Koi,tw79611944,桃園市,26pt
626,MR,tw30129413,高雄市,26pt
626,Pan,tw89902913,基隆市,26pt
626,RODY,tw22214011,臺北市,26pt
626,RexChen,tw85026999,臺中市,26pt
626,RyanChen,tw04012120,臺北市,26pt
626,Shuoger,tw71328379,新北市,26pt
626,Tim,tw85233211,臺北市,26pt
626,YaYa,tw37823321,新北市,26pt
626,Zonsor,tw02633794,高雄市,26pt
626,moon0616,tw34108269,嘉義縣,26pt
626,starhand,tw30773684,新北市,26pt
626,sunking,tw64652700,苗栗縣,26pt
626,xiao,tw78681290,新北市,26pt
626,yexing0013,tw11440026,高雄市,26pt
626,yodada30,tw41731352,新北市,26pt
626,安茲烏爾恭,tw18468179,新北市,26pt
626,工藤葉,tw84529084,苗栗縣,26pt
626,蜂,tw99603494,雲林縣,26pt
626,Stan,tw99958274,新北市,26pt
659,Jimmy0628,tw95746707,彰化縣,25pt
659,Lshifu,tw74196817,桃園市,25pt
659,OTK_Miso,tw19804425,新北市,25pt
659,TCGSTORE_YingLa,tw71861265,新北市,25pt
663,Adrian5151,tw85067465,新北市,24pt
663,Aron,tw31553605,臺中市,24pt
663,As,tw13174665,新北市,24pt
663,BTR_魚干,tw08855722,臺北市,24pt
663,Bryan,tw27943796,臺北市,24pt
663,CHENIWEI,tw42246097,桃園市,24pt
663,Der,tw11499785,新北市,24pt
663,Eric,tw26323677,新北市,24pt
663,FaGao,tw61617346,新竹縣,24pt
663,Hao,tw91555335,桃園市,24pt
663,Happy,tw80853920,新北市,24pt
663,Joy0730,tw84105600,新北市,24pt
663,Lantern,tw34938257,新竹市,24pt
663,Luson,tw37870020,桃園市,24pt
663,MING,tw22462552,臺中市,24pt
663,Max,tw00060640,桃園市,24pt
663,Michael,tw96366677,高雄市,24pt
663,Ming-Kuen,tw99573771,苗栗縣,24pt
663,N,tw88322119,臺中市,24pt
663,NONO,tw96941906,新北市,24pt
663,PENG,tw54249298,臺中市,24pt
663,Richard,tw95806947,新北市,24pt
663,RightHandWinner,tw82799687,屏東縣,24pt
663,YUN,tw60256639,臺中市,24pt
663,Zhanc,tw73488056,桃園市,24pt
663,jimmy,tw48908053,苗栗縣,24pt
663,soulmasseur,tw38574290,高雄市,24pt
663,tuclub0723,tw86299187,新北市,24pt
663,wow7838,tw08028986,桃園市,24pt
663,我去不了 退坑,tw81071655,臺南市,24pt
663,水產,tw38775901,臺中市,24pt
663,陽月爸,tw32240000,新北市,24pt
663,Galahad,tw92179905,新北市,24pt
663,Lin,tw74542521,新北市,24pt
663,TainanIronBoy,tw15363665,臺南市,24pt
698,TiSSUE,tw61778918,臺中市,23pt
698,Yuzuna,tw80392170,新北市,23pt
698,mark,tw90514043,桃園市,23pt
698,max78610,tw19482629,新竹縣,23pt
698,Hihhh,tw31985939,臺南市,23pt
698,BigGG,tw04552155,臺北市,23pt
698,Psyduck,tw60741186,高雄市,23pt
705,+c,tw50702174,臺南市,22pt
705,Arthur,tw91803326,宜蘭縣,22pt
705,Ben-Liao,tw35716523,桃園市,22pt
705,ChangChiaHao,tw03226408,新北市,22pt
705,Dragon867,tw40997683,高雄市,22pt
705,Elly,tw25494945,高雄市,22pt
705,EricXie,tw61110668,苗栗縣,22pt
705,Hunter21,tw18676231,臺中市,22pt
705,IKUTJC,tw69283378,臺北市,22pt
705,Image,tw58621187,高雄市,22pt
705,KK,tw10700633,新北市,22pt
705,KOKO,tw18641143,臺北市,22pt
705,Kevin,tw70406948,臺中市,22pt
705,LunarWolf,tw90872926,臺中市,22pt
705,MaMaHappy,tw01014532,臺北市,22pt
705,Mel,tw22468825,花蓮縣,22pt
705,MeowSheng,tw99174620,臺中市,22pt
705,NS-Michael,tw59488563,臺中市,22pt
705,NanQuan,tw87844149,新北市,22pt
705,Nobi,tw50758839,臺中市,22pt
705,Peter92,tw01929720,桃園市,22pt
705,RAY,tw43952229,新北市,22pt
705,RayHo,tw54738757,新竹市,22pt
705,Sander,tw35184308,桃園市,22pt
705,Shen,tw01478107,臺南市,22pt
705,Sid,tw48715949,桃園市,22pt
705,WG_Keilo,tw13871558,宜蘭縣,22pt
705,X,tw94114875,桃園市,22pt
705,Xiu,tw40861211,高雄市,22pt
705,Yoyo,tw30847325,臺南市,22pt
705,Yujie,tw04061481,桃園市,22pt
705,Z,tw49198811,臺南市,22pt
705,fang1314,tw59644148,高雄市,22pt
705,fox,tw05399034,新北市,22pt
705,fuchi,tw35829419,高雄市,22pt
705,hokoRi0909099,tw50038905,臺南市,22pt
705,seadragon00768,tw14555102,彰化縣,22pt
705,timmyking,tw52666172,臺北市,22pt
705,wiishindra,tw05980017,彰化縣,22pt
705,綠豆還有綠豆糕,tw75665084,彰化縣,22pt
705,Ken,tw59339894,臺北市,22pt
705,robertliao,tw91997638,新北市,22pt
747,GAMEBRAY,tw39536527,臺北市,21pt
747,GYQ,tw00612644,臺南市,21pt
747,Halliday,tw75951147,臺北市,21pt
747,JonathanCHU,tw40445988,臺北市,21pt
747,Marco,tw48766940,新北市,21pt
747,MiraidonThreeGun,tw65388478,澎湖縣,21pt
747,PANYOUCHEN,tw27347873,新北市,21pt
747,Wenhov,tw91627311,桃園市,21pt
747,Yuweipromax,tw04494170,臺南市,21pt
747,Albertsd,tw64375765,臺南市,21pt
747,Bebehow,tw05806145,彰化縣,21pt
747,llin,tw67984683,臺南市,21pt
747,Roger2486547,tw69672623,高雄市,21pt
760,007,tw19396392,臺中市,20pt
760,0501,tw83055994,高雄市,20pt
760,Arzi,tw87316906,桃園市,20pt
760,BeiX2,tw35603412,高雄市,20pt
760,CBB,tw98771490,新北市,20pt
760,Chia,tw24745286,新竹縣,20pt
760,Daniel,tw29377361,臺北市,20pt
760,DerHan,tw18844404,高雄市,20pt
760,G050D004,tw95277659,臺南市,20pt
760,HiroNano,tw07054500,新北市,20pt
760,ILOOK,tw00572856,桃園市,20pt
760,Jay,tw07410887,桃園市,20pt
760,Jengyou,tw07763902,高雄市,20pt
760,Johnhu,tw11570874,臺北市,20pt
760,K/FC-Linn,tw43141282,臺中市,20pt
760,LeoLiao,tw16179659,基隆市,20pt
760,Lorna,tw88178510,雲林縣,20pt
760,Louis,tw47415187,桃園市,20pt
760,Lucy,tw41238636,彰化縣,20pt
760,Nick,tw02054385,臺中市,20pt
760,Poi,tw47674399,桃園市,20pt
760,Shenqi,tw54572893,臺中市,20pt
760,Sky,tw18237771,新北市,20pt
760,SkyHuang,tw07768129,新北市,20pt
760,TSAI-SHIN-RUEI,tw92194364,新北市,20pt
760,Waterboy,tw08999228,桃園市,20pt
760,Watermonster,tw20773634,臺北市,20pt
760,bobo,tw62806099,臺中市,20pt
760,lavnliou0515,tw48714042,高雄市,20pt
760,ppmonster,tw18458528,臺北市,20pt
760,tianji,tw63089732,臺南市,20pt
760,xoupun,tw35863951,屏東縣,20pt
760,ymmm0113,tw95395898,基隆市,20pt
760,yuki,tw34557355,臺中市,20pt
760,太陽,tw41563340,臺中市,20pt
760,ChrisTsai,tw69925275,新北市,20pt
760,Jhanwawa,tw46716936,新北市,20pt
760,Max,tw81532125,桃園市,20pt
760,SnowRabbit,tw00251299,桃園市,20pt
799,Jarvis,tw63296265,臺南市,19pt
799,Lion,tw42723639,臺北市,19pt
799,PiJie,tw81599190,新竹市,19pt
799,TCGSTORE_崇崇,tw50055061,基隆市,19pt
799,UBER,tw86186781,高雄市,19pt
799,crobat359,tw64047064,臺北市,19pt
799,sushimi,tw88204185,新竹縣,19pt
806,ALO,tw18218174,高雄市,18pt
806,Ah Mai,tw72951680,臺中市,18pt
806,Amy,tw52990027,彰化縣,18pt
806,BlackHappy,tw10674601,雲林縣,18pt
806,BoTing,tw51727174,臺南市,18pt
806,Boluomao,tw28412822,新北市,18pt
806,CDC,tw53974581,臺南市,18pt
806,Catzilla,tw90301662,基隆市,18pt
806,CyZ,tw69602779,桃園市,18pt
806,DaiDai,tw73358187,臺北市,18pt
806,De,tw22480109,基隆市,18pt
806,FIF,tw18818862,新北市,18pt
806,Feefyfee,tw20170614,臺北市,18pt
806,Fubuking,tw72342436,桃園市,18pt
806,Hsien,tw97072641,臺南市,18pt
806,ICE,tw83071268,新竹縣,18pt
806,Ian,tw91024018,高雄市,18pt
806,Jay0615,tw20156409,新北市,18pt
806,Jie,tw39618603,桃園市,18pt
806,Jonathan,tw50805195,桃園市,18pt
806,Jorrne,tw64366688,高雄市,18pt
806,JsHong,tw25015513,新竹縣,18pt
806,Kidtony,tw00976968,臺北市,18pt
806,LINYUSIANG,tw81402936,雲林縣,18pt
806,LIU-YI-FU,tw63263628,桃園市,18pt
806,LT,tw51144227,高雄市,18pt
806,LuoWenMing,tw41247572,桃園市,18pt
806,MinYoung,tw74775364,彰化縣,18pt
806,Moon-Shadow,tw99271821,雲林縣,18pt
806,Ne.Uan,tw07961243,屏東縣,18pt
806,R_sung,tw13732364,桃園市,18pt
806,Richard,tw19377792,新北市,18pt
806,Ruby,tw47551870,臺中市,18pt
806,Shawn,tw69663505,臺北市,18pt
806,TsengBa,tw35187586,新北市,18pt
806,Uma,tw85563070,新北市,18pt
806,Wei,tw12977491,彰化縣,18pt
806,WhiteWang,tw11470208,桃園市,18pt
806,Xian,tw86878630,臺南市,18pt
806,YM,tw48806459,高雄市,18pt
806,Yanki,tw00181149,臺北市,18pt
806,Yeeee,tw94023232,彰化縣,18pt
806,Yeh,tw73321602,臺南市,18pt
806,Yuhuang,tw93517915,桃園市,18pt
806,louis,tw22591277,南投縣,18pt
806,poweilee,tw52951111,臺北市,18pt
806,yrl_li,tw91594481,臺北市,18pt
806,シュウ,tw66692489,臺北市,18pt
806,icewindsnow,tw80660081,臺南市,18pt
806,Bryant,tw76309421,新北市,18pt
856,Ashaiii,tw48501459,臺南市,17pt
856,ChuNay,tw47230122,臺北市,17pt
856,PP_SiJiDou,tw63823732,臺中市,17pt
856,alolachouchouni.,tw18939410,高雄市,17pt
856,umeya,tw45713741,新竹市,17pt
856,Tim,tw63249679,臺南市,17pt
862,000,tw36904012,新北市,16pt
862,Archer,tw02747010,新北市,16pt
862,Asta,tw92308772,臺中市,16pt
862,Austin,tw93956444,屏東縣,16pt
862,Charlie,tw08321351,高雄市,16pt
862,Chen Chin Han,tw11968406,臺中市,16pt
862,DC_CHANG,tw48596346,桃園市,16pt
862,DavisKao,tw46705939,雲林縣,16pt
862,Davison,tw96937074,桃園市,16pt
862,Eggs,tw03775572,桃園市,16pt
862,Ereki,tw60473996,新北市,16pt
862,FishTom,tw97546030,臺中市,16pt
862,Frogboy69,tw66160398,南投縣,16pt
862,FrostNova,tw22093071,臺北市,16pt
862,GoJo,tw95717112,臺北市,16pt
862,HCL_Chopper,tw32620229,澎湖縣,16pt
862,Han,tw87263527,高雄市,16pt
862,Hermes,tw91472376,桃園市,16pt
862,Hong,tw52706662,臺北市,16pt
862,JYUN,tw64200712,嘉義縣,16pt
862,JeffYang,tw51209816,臺北市,16pt
862,Jie,tw40555668,臺北市,16pt
862,Jimmy,tw81643428,新北市,16pt
862,Kabuto,tw65235703,新竹市,16pt
862,KoKo,tw47146388,高雄市,16pt
862,Kung006,tw21922568,臺北市,16pt
862,LinPing,tw81421636,桃園市,16pt
862,Luxin,tw54581197,臺南市,16pt
862,Mr.Gu,tw13462937,臺北市,16pt
862,NiRay,tw27736985,基隆市,16pt
862,OuNijiang,tw88418491,新竹縣,16pt
862,PENGUIN,tw81650395,苗栗縣,16pt
862,Pai,tw66806102,新北市,16pt
862,Paul,tw63371149,宜蘭縣,16pt
862,Paul,tw77622245,高雄市,16pt
862,Ray,tw18674498,彰化縣,16pt
862,Rick,tw35628241,臺中市,16pt
862,Rmin,tw60567990,新北市,16pt
862,RobinOuO,tw87080433,新竹縣,16pt
862,Ryan,tw00346362,臺中市,16pt
862,Sam879879,tw38520904,新北市,16pt
862,Semaj54,tw76132946,新北市,16pt
862,Sora,tw58556933,臺南市,16pt
862,Toby,tw02002019,新北市,16pt
862,TsaiHsiangAn,tw42920911,新北市,16pt
862,WYH,tw17091053,臺北市,16pt
862,Wang,tw09772052,新北市,16pt
862,YJ,tw58652014,高雄市,16pt
862,Yian,tw17401165,新北市,16pt
862,YouRenDing,tw66327435,臺中市,16pt
862,akero,tw64773010,臺北市,16pt
862,carapaceflower,tw18412271,桃園市,16pt
862,ohReal,tw63334587,臺北市,16pt
862,sean,tw93510293,新北市,16pt
862,ter246810,tw51817794,彰化縣,16pt
862,tienyuch,tw14152067,新北市,16pt
862,旺達,tw34660312,雲林縣,16pt
862,白銀,tw74682364,新北市,16pt
862,Sticky,tw92784997,臺中市,16pt
921,13Yu,tw46377157,桃園市,15pt
921,2Ha,tw37791299,臺北市,15pt
921,AlanMa,tw22029588,臺北市,15pt
921,Calvin,tw55416545,臺北市,15pt
921,HansCheng,tw93054506,新北市,15pt
921,Imthebox,tw28284849,臺北市,15pt
921,Jimmy,tw22696694,彰化縣,15pt
921,Pocheng,tw26683172,臺中市,15pt
921,Wei,tw45328187,新北市,15pt
921,XXI,tw46002856,新北市,15pt
921,Yudi3,tw42676808,彰化縣,15pt
921,aaaaa,tw25740901,彰化縣,15pt
921,hopeili,tw60462915,新北市,15pt
921,nolan,tw24207778,宜蘭縣,15pt
921,sweetfish0625,tw89992958,新北市,15pt
921,FISH,tw66992460,新北市,15pt
921,PPTHewei,tw41451460,南投縣,15pt
921,YanYan,tw26008848,新北市,15pt
939,AllenC,tw84386196,新北市,14pt
939,AllenhsuA32,tw49441410,桃園市,14pt
939,Andy,tw48898091,臺中市,14pt
939,CTSJason,tw29023076,嘉義市,14pt
939,Chaewonmywife,tw63282468,高雄市,14pt
939,CharChang,tw52974697,新北市,14pt
939,Cindy,tw41834294,高雄市,14pt
939,D.D.Vanson,tw43768909,臺南市,14pt
939,DGene,tw48509542,嘉義市,14pt
939,DaZhong,tw45609612,高雄市,14pt
939,Devil,tw37587087,新竹市,14pt
939,EasonHsieh,tw99276276,高雄市,14pt
939,EatingLee,tw38414541,彰化縣,14pt
939,Edgar,tw93551526,臺中市,14pt
939,Edward,tw52712451,高雄市,14pt
939,Eileen,tw48890271,新北市,14pt
939,Elsa,tw62594682,臺南市,14pt
939,Eric,tw95261451,新北市,14pt
939,Eric1207,tw57984326,臺北市,14pt
939,GusChuang,tw53028908,桃園市,14pt
939,HeMay,tw50956493,新竹縣,14pt
939,Huang,tw18621192,臺南市,14pt
939,Jack,tw74568091,新北市,14pt
939,JacksonC,tw04457744,新北市,14pt
939,Jeremysunn,tw46030050,高雄市,14pt
939,Jerry,tw72753058,臺北市,14pt
939,JianAn,tw79066099,臺中市,14pt
939,Jie0115,tw75091640,臺北市,14pt
939,Jim,tw30106428,新竹市,14pt
939,JunSHENGxu,tw70810386,臺南市,14pt
939,KaKa,tw38131123,臺南市,14pt
939,Ken,tw24581109,新北市,14pt
939,Kevin,tw50195756,臺南市,14pt
939,Knockout9527,tw93144488,臺中市,14pt
939,Kris,tw25312189,苗栗縣,14pt
939,Kyle,tw94570965,高雄市,14pt
939,LCK,tw66712435,澎湖縣,14pt
939,Leo,tw35219557,臺南市,14pt
939,Leooo,tw25433295,桃園市,14pt
939,Litchi0622,tw76269898,彰化縣,14pt
939,Lsivmdz,tw71598135,新北市,14pt
939,NiHao,tw79923618,臺北市,14pt
939,OP-Sugar,tw22232191,臺中市,14pt
939,Onepunch04,tw82868100,南投縣,14pt
939,POMIN,tw40504902,新北市,14pt
939,PPT_Inyuan,tw88775820,臺中市,14pt
939,PinkMaple,tw06535464,新北市,14pt
939,QQQ,tw52484577,桃園市,14pt
939,ROBIN,tw48459554,臺南市,14pt
939,RPing,tw28763087,高雄市,14pt
939,Ren,tw74811997,高雄市,14pt
939,Rocker,tw08389183,新北市,14pt
939,SINYO,tw03376553,新北市,14pt
939,Sam,tw37158463,花蓮縣,14pt
939,Shadow,tw15808133,臺南市,14pt
939,Smiley,tw80974800,臺南市,14pt
939,TG_UN,tw55392327,臺北市,14pt
939,TR_LIAO,tw15126644,臺中市,14pt
939,Taka-Hsu,tw79350785,高雄市,14pt
939,Trash0314,tw19917506,臺中市,14pt
939,Uz,tw33590907,臺中市,14pt
939,Wei,tw88506955,臺南市,14pt
939,XiaoJun,tw16645990,臺中市,14pt
939,Yen,tw98857642,臺中市,14pt
939,heiwuyah,tw00128608,新北市,14pt
939,kai,tw33461826,新北市,14pt
939,kyon,tw35496510,新北市,14pt
939,laughtwice,tw51487613,臺中市,14pt
939,mark,tw88422294,高雄市,14pt
939,peterwwc,tw40897250,臺南市,14pt
939,sa101ass,tw57872065,高雄市,14pt
939,wei,tw41751464,彰化縣,14pt
939,youfong,tw39837548,南投縣,14pt
939,yuhsun,tw99035193,高雄市,14pt
939,zjayyyyy,tw22462226,臺中市,14pt
939,不信你問李清照,tw29362866,新北市,14pt
939,鋼鐵朱粉,tw14535364,新北市,14pt
939,陳大熊,tw37453841,宜蘭縣,14pt
939,johnnycoolya,tw51751102,臺南市,14pt
939,match,tw60413195,臺南市,14pt
939,Jon,tw75664776,臺中市,14pt
1020,Kevin_Yu,tw57531941,新北市,13pt
1020,LEEPAPA,tw28672728,臺北市,13pt
1020,LILIW,tw24845900,臺北市,13pt
1020,Linlin,tw37645555,臺中市,13pt
1020,Schwi,tw70892972,臺北市,13pt
1020,Ted,tw26528058,桃園市,13pt
1020,leeyan,tw22807189,臺北市,13pt
1027,7owo7,tw59679568,嘉義縣,12pt
1027,82heineken,tw97854006,雲林縣,12pt
1027,AH,tw89921613,高雄市,12pt
1027,AIDE,tw32562085,高雄市,12pt
1027,Afu,tw21654272,新北市,12pt
1027,Alex,tw05932500,彰化縣,12pt
1027,Alex,tw66528297,臺南市,12pt
1027,Ali,tw73929558,桃園市,12pt
1027,Asaku,tw33669058,新竹縣,12pt
1027,AutumnStar,tw26969220,新北市,12pt
1027,Barry,tw18945085,高雄市,12pt
1027,Bear,tw56550093,新北市,12pt
1027,Birbirds,tw47218279,臺北市,12pt
1027,Black-king,tw49128584,臺南市,12pt
1027,Blue,tw79969223,臺北市,12pt
1027,Bruce,tw89119204,桃園市,12pt
1027,C7Glacial,tw22699669,新北市,12pt
1027,"CHEN,PO-AN",tw48962901,基隆市,12pt
1027,CHING,tw08260040,雲林縣,12pt
1027,CL,tw03821579,新北市,12pt
1027,CTS_亭姨,tw79984877,臺南市,12pt
1027,Cary,tw06024614,臺北市,12pt
1027,Cash,tw50066127,臺中市,12pt
1027,Chun,tw98237426,雲林縣,12pt
1027,CoCoAce,tw91502257,臺中市,12pt
1027,CobraChen,tw79688113,臺中市,12pt
1027,Couchmare,tw29864178,彰化縣,12pt
1027,Dracula,tw56659196,桃園市,12pt
1027,ET-333,tw55765174,臺北市,12pt
1027,Eric,tw32312046,臺中市,12pt
1027,Fcvghy,tw15330807,苗栗縣,12pt
1027,Fengbai,tw63735317,基隆市,12pt
1027,Frank,tw41104694,臺北市,12pt
1027,Froog,tw68994135,高雄市,12pt
1027,Gary,tw40237043,桃園市,12pt
1027,Halka,tw08769154,臺北市,12pt
1027,HappyIsAGooodDog,tw16105206,宜蘭縣,12pt
1027,Hsu,tw21327393,彰化縣,12pt
1027,Hsun,tw62459529,臺南市,12pt
1027,J_K,tw21162041,高雄市,12pt
1027,Jacky24,tw13927259,桃園市,12pt
1027,James,tw40701121,臺中市,12pt
1027,James023,tw76165059,臺南市,12pt
1027,Jan,tw99256533,新竹縣,12pt
1027,Jay0606666,tw80945107,臺北市,12pt
1027,Je,tw63675639,臺中市,12pt
1027,Jimmyyangyang,tw33881781,新北市,12pt
1027,Jko,tw71261324,臺南市,12pt
1027,Js,tw94904091,新北市,12pt
1027,K,tw17603871,新北市,12pt
1027,KT,tw60227953,高雄市,12pt
1027,KWK,tw89091618,新北市,12pt
1027,LKF,tw88633827,桃園市,12pt
1027,Larry,tw62525194,新北市,12pt
1027,Laud,tw47478387,臺北市,12pt
1027,Leo,tw13323593,宜蘭縣,12pt
1027,Lionel,tw45289252,新北市,12pt
1027,Lokman,tw57912649,臺北市,12pt
1027,Louis,tw79504132,新竹縣,12pt
1027,LukeChiu,tw48941505,高雄市,12pt
1027,Marin0814,tw13090534,臺北市,12pt
1027,MasterLuyi,tw98985840,臺北市,12pt
1027,Monki,tw50571963,高雄市,12pt
1027,OP_Goldmao,tw57948434,臺中市,12pt
1027,Otter,tw47162546,臺南市,12pt
1027,PP,tw62212450,高雄市,12pt
1027,Petyui,tw27794433,高雄市,12pt
1027,Potato008,tw11670647,高雄市,12pt
1027,Qeisvapp,tw78285825,新竹縣,12pt
1027,RED,tw04566463,新北市,12pt
1027,Rong,tw75501461,新北市,12pt
1027,SHAO,tw30379002,臺中市,12pt
1027,SJin0213,tw31422118,高雄市,12pt
1027,Sciuridae,tw76878917,宜蘭縣,12pt
1027,ShawnLiao,tw87664667,基隆市,12pt
1027,Soltar,tw54317131,高雄市,12pt
1027,Souten,tw73034465,新北市,12pt
1027,Sparrow,tw44207012,基隆市,12pt
1027,Stanley,tw88847292,新北市,12pt
1027,TCGSTORE_SINYAN,tw21420926,新北市,12pt
1027,TDG_Sz,tw62300636,臺中市,12pt
1027,TTBanBan,tw86031810,臺中市,12pt
1027,Tim,tw34396906,基隆市,12pt
1027,Tony,tw13452682,臺中市,12pt
1027,Toshi,tw87901293,新竹縣,12pt
1027,TseHaoTso,tw01655869,臺北市,12pt
1027,Tsun,tw48603516,臺南市,12pt
1027,Vic,tw15461102,臺中市,12pt
1027,Wangshiba,tw77735898,高雄市,12pt
1027,Will,tw86700066,高雄市,12pt
1027,Xiaodo,tw77924229,臺中市,12pt
1027,"YING-CHI,LEE",tw41616492,新北市,12pt
1027,YUCHAN,tw04647150,苗栗縣,12pt
1027,Yang,tw18105158,高雄市,12pt
1027,YoYoYao,tw56082998,臺北市,12pt
1027,Yoruyuki,tw71737394,臺南市,12pt
1027,Yu,tw08905481,高雄市,12pt
1027,Yuan,tw16089959,屏東縣,12pt
1027,bin01010,tw53899355,桃園市,12pt
1027,blackfat,tw46648783,基隆市,12pt
1027,bubblegum,tw99453048,新北市,12pt
1027,chi,tw62683074,新竹縣,12pt
1027,conan113065,tw05914722,新北市,12pt
1027,han,tw27368718,新北市,12pt
1027,hebe1208,tw08080954,高雄市,12pt
1027,hung,tw24554695,桃園市,12pt
1027,just6566,tw69237355,高雄市,12pt
1027,liki-shiao,tw70948483,南投縣,12pt
1027,need2268,tw57352754,新北市,12pt
1027,popo,tw94133669,高雄市,12pt
1027,sw,tw77464471,嘉義縣,12pt
1027,tewyliu0120,tw69206206,新北市,12pt
1027,vv6967850,tw39605007,高雄市,12pt
1027,wangwang,tw17943675,新北市,12pt
1027,weiwei,tw65927608,基隆市,12pt
1027,whale,tw03066835,高雄市,12pt
1027,大雞是一隻雞,tw51677666,新北市,12pt
1027,無限魂JEFF,tw45732743,臺中市,12pt
1145,579,tw35119266,臺中市,11pt
1145,Dibo,tw90485112,臺北市,11pt
1145,FrogHand,tw96622574,臺北市,11pt
1145,Ting,tw00004081,高雄市,11pt
1145,arser223,tw07237919,彰化縣,11pt
1145,WeiWei,tw06408366,臺南市,11pt
1151,+#,tw97703685,新北市,10pt
1151,0727@jiatang,tw51141179,高雄市,10pt
1151,111100009999,tw62984443,臺北市,10pt
1151,1x,tw95656910,苗栗縣,10pt
1151,7Hao,tw72829984,臺北市,10pt
1151,AFei,tw46542597,高雄市,10pt
1151,Akey0315,tw15025111,高雄市,10pt
1151,Andy,tw08098241,高雄市,10pt
1151,Baral,tw72464013,新北市,10pt
1151,BiggestPenisPower,tw27715406,高雄市,10pt
1151,Bimo,tw76880392,高雄市,10pt
1151,Blue Daze,tw14183229,臺中市,10pt
1151,Bobibonk,tw43492313,新北市,10pt
1151,"CHEN,YI-HAO",tw98640261,苗栗縣,10pt
1151,CHSHCGM,tw52487494,彰化縣,10pt
1151,CYH,tw62112048,臺中市,10pt
1151,CaesarLin,tw13746363,臺中市,10pt
1151,Chuck,tw58233293,彰化縣,10pt
1151,Chun-Hao,tw25345098,臺中市,10pt
1151,DAI-LI-CHENG,tw40709297,臺南市,10pt
1151,DC,tw57636408,新竹市,10pt
1151,DD,tw66462642,桃園市,10pt
1151,Danny,tw65063095,新竹縣,10pt
1151,Dawn,tw58114468,桃園市,10pt
1151,Dawuwu,tw26744014,苗栗縣,10pt
1151,Derek,tw55296032,臺南市,10pt
1151,Duke,tw18999005,臺中市,10pt
1151,ET,tw86135374,桃園市,10pt
1151,Elderpic,tw77339468,高雄市,10pt
1151,Eternal,tw02597386,新北市,10pt
1151,Frank,tw47815793,桃園市,10pt
1151,GHG_RG,tw32106031,新北市,10pt
1151,Gemini,tw74998985,臺南市,10pt
1151,Gino,tw18419161,臺北市,10pt
1151,Gnat,tw16176784,新北市,10pt
1151,Haoooooo,tw18295643,屏東縣,10pt
1151,HiyoriTCG,tw41119128,嘉義市,10pt
1151,Hubery,tw68954029,嘉義縣,10pt
1151,IOIO,tw36234493,臺南市,10pt
1151,JF,tw86896463,臺南市,10pt
1151,JL,tw07105477,高雄市,10pt
1151,JY,tw47326639,臺中市,10pt
1151,Jaylee,tw69643850,臺中市,10pt
1151,Jimmyzxd,tw46646319,新北市,10pt
1151,Junchen,tw07795835,雲林縣,10pt
1151,JungleHuang,tw55291467,新北市,10pt
1151,KM,tw07276526,臺東縣,10pt
1151,KaiserChang,tw49988063,臺北市,10pt
1151,Katt,tw93787639,新竹縣,10pt
1151,Kyrie,tw53540804,新北市,10pt
1151,Lastdaymeet,tw55210501,苗栗縣,10pt
1151,Lauren779,tw12369534,桃園市,10pt
1151,Lechi,tw14811809,宜蘭縣,10pt
1151,Leo,tw99854074,高雄市,10pt
1151,LinYuHsi,tw78165440,新北市,10pt
1151,Luoyandun,tw06783073,新北市,10pt
1151,Meiying070425,tw93062100,臺南市,10pt
1151,Min,tw01008424,花蓮縣,10pt
1151,N,tw51730650,基隆市,10pt
1151,Nick,tw48981445,新北市,10pt
1151,Orange2000,tw30921787,高雄市,10pt
1151,Owen,tw91896146,嘉義縣,10pt
1151,Peterwang,tw63493594,新北市,10pt
1151,PokemonMaster,tw41283932,桃園市,10pt
1151,Pupuman,tw83653424,高雄市,10pt
1151,RFT_Sander,tw61995452,新北市,10pt
1151,ROROCHI,tw29929750,臺南市,10pt
1151,RaulJun,tw95401245,新竹市,10pt
1151,Red,tw82370377,新北市,10pt
1151,Rurimiya,tw69376751,臺中市,10pt
1151,Ryan,tw61740511,臺南市,10pt
1151,SKANA,tw78089778,臺中市,10pt
1151,SOWA,tw28193746,臺北市,10pt
1151,Sky,tw61053938,高雄市,10pt
1151,Smallghosthead,tw88506619,新北市,10pt
1151,TG_Ray,tw67064414,基隆市,10pt
1151,Tony,tw72776789,臺北市,10pt
1151,Tycbe,tw40470404,臺北市,10pt
1151,Wei,tw65847048,高雄市,10pt
1151,Willy,tw66123718,新北市,10pt
1151,WuPaoYuan-N1ARK,tw72878494,高雄市,10pt
1151,XBlue4Sky,tw87508780,臺南市,10pt
1151,XJH_SIAO,tw13830995,新北市,10pt
1151,YU,tw09638604,新北市,10pt
1151,Yang,tw88209015,南投縣,10pt
1151,YingAn,tw73835031,臺北市,10pt
1151,Zihao,tw02249222,臺中市,10pt
1151,akira,tw41570999,新竹縣,10pt
1151,andyyou,tw74724265,臺北市,10pt
1151,as9631230,tw09450330,屏東縣,10pt
1151,chiahua,tw04342464,高雄市,10pt
1151,daniel,tw86056382,新北市,10pt
1151,fuegolu,tw49388371,新北市,10pt
1151,houyuanlin,tw15115105,新北市,10pt
1151,hui,tw06080149,高雄市,10pt
1151,j199302,tw93786634,新北市,10pt
1151,jerryxjerry,tw46640816,臺南市,10pt
1151,lzhen,tw09847216,新北市,10pt
1151,matt.chuang,tw27039000,臺北市,10pt
1151,ouo._.hihi,tw58835086,新北市,10pt
1151,pikazunzun,tw21035579,新北市,10pt
1151,sam791130,tw90538208,臺北市,10pt
1151,shiihh,tw72120300,新竹市,10pt
1151,sillymon,tw47191812,臺南市,10pt
1151,tim,tw98533526,臺北市,10pt
1151,xujunwei,tw71572559,臺南市,10pt
1151,yc14359,tw06393443,新北市,10pt
1151,Cong_Yun,tw36861208,桃園市,10pt
1151,Gua,tw50255396,臺北市,10pt
1151,N3M60414,tw25439297,高雄市,10pt
1151,Taru,tw51560893,新北市,10pt
1151,流水纏花 花隨風走,tw25411458,新北市,10pt
1263,Allen,tw56391135,臺北市,9pt
1263,EricChen,tw25870422,新竹縣,9pt
1263,JKR,tw89941209,臺北市,9pt
1263,Linmomo,tw61183916,臺中市,9pt
1263,Maobin,tw90211397,臺北市,9pt
1263,NagisA,tw24376984,臺北市,9pt
1263,The_Chosen_One,tw71780504,臺中市,9pt
1263,TonyYeh,tw11612248,新北市,9pt
1263,Your_u,tw52785513,新北市,9pt
1263,chica098610,tw03293838,新北市,9pt
1263,mac,tw54679199,臺北市,9pt
1263,tama,tw97453086,臺北市,9pt
1275,8620,tw44797497,雲林縣,8pt
1275,0645124010615,tw59914357,桃園市,8pt
1275,ADA/SUMISA,tw38990522,臺南市,8pt
1275,Aaakira33,tw63061413,臺北市,8pt
1275,Acedia,tw88803840,新竹縣,8pt
1275,AllenWards,tw39745294,新北市,8pt
1275,Anderson,tw21473522,新北市,8pt
1275,Andy,tw13997688,臺中市,8pt
1275,BST_WinterSoldier,tw36349844,臺中市,8pt
1275,Bacon,tw81701283,臺北市,8pt
1275,Bamboo11win,tw49565300,南投縣,8pt
1275,BrianC88,tw53671851,臺北市,8pt
1275,Bunny,tw27613479,新竹縣,8pt
1275,CFBill,tw14221473,基隆市,8pt
1275,CHENGFUYUNG,tw89040038,彰化縣,8pt
1275,CHENJUNLUN,tw17035172,臺北市,8pt
1275,CHIEN,tw22861541,新竹市,8pt
1275,Campagnolo,tw78188727,南投縣,8pt
1275,CharlesPeng0821,tw55867811,苗栗縣,8pt
1275,Code9527,tw32568378,彰化縣,8pt
1275,Daniel1221,tw18276049,新北市,8pt
1275,EESS,tw96571895,臺中市,8pt
1275,Edwin,tw43268758,臺北市,8pt
1275,EeVeeeeeee,tw79372573,高雄市,8pt
1275,En-Wang,tw23475905,高雄市,8pt
1275,Fish,tw32907703,新北市,8pt
1275,Fozed,tw93674487,新北市,8pt
1275,GF_Wep,tw08870778,臺北市,8pt
1275,GMS_PaulWu,tw23228412,宜蘭縣,8pt
1275,GaffeyZeng,tw79066133,新竹縣,8pt
1275,Good-people-card,tw67295326,臺北市,8pt
1275,Hero,tw58274186,南投縣,8pt
1275,Hiro9983,tw95382727,高雄市,8pt
1275,Hotwavedog,tw13487252,新北市,8pt
1275,Huang,tw12365380,高雄市,8pt
1275,Issac,tw61129928,臺中市,8pt
1275,JLWeng,tw44342704,新竹縣,8pt
1275,Jason,tw91397490,新北市,8pt
1275,Jialin,tw46645690,雲林縣,8pt
1275,KOHAKU,tw78568296,臺中市,8pt
1275,Kai,tw39554922,彰化縣,8pt
1275,Kai,tw04215857,苗栗縣,8pt
1275,KaijinWu,tw13204688,高雄市,8pt
1275,Kakku,tw22738437,宜蘭縣,8pt
1275,Kong,tw46014815,花蓮縣,8pt
1275,Krl,tw46143358,臺中市,8pt
1275,Kw,tw82907444,臺中市,8pt
1275,LEO,tw86031814,高雄市,8pt
1275,Lacmike,tw73555702,新北市,8pt
1275,Lastshot,tw84249252,臺中市,8pt
1275,Lee,tw84044064,彰化縣,8pt
1275,Leegohome,tw13454619,新竹縣,8pt
1275,Liir,tw08747647,高雄市,8pt
1275,Lin-Yi,tw25721123,宜蘭縣,8pt
1275,LinYenChe,tw24261570,高雄市,8pt
1275,MiZhao,tw41529939,新北市,8pt
1275,Michael,tw72539094,臺南市,8pt
1275,Mike,tw94370058,臺中市,8pt
1275,Ming,tw02106832,臺中市,8pt
1275,NarukamiAkizuki,tw16898739,臺北市,8pt
1275,Nick,tw07419602,高雄市,8pt
1275,OP_HABOW,tw43322316,苗栗縣,8pt
1275,OakenPaIl,tw89318004,臺北市,8pt
1275,Ochako,tw28825690,高雄市,8pt
1275,Owen,tw29162132,高雄市,8pt
1275,Reddo,tw53055306,高雄市,8pt
1275,RenYi,tw05359683,基隆市,8pt
1275,RipLin-RRRRRR,tw76630599,臺中市,8pt
1275,Rohto,tw02018335,臺南市,8pt
1275,RosonShiba,tw16276326,新北市,8pt
1275,Rwei0613,tw26428604,臺中市,8pt
1275,Ryze,tw08876514,新北市,8pt
1275,SHIN,tw24245113,臺南市,8pt
1275,SRV,tw42421898,臺北市,8pt
1275,Sendtreepay,tw15127284,基隆市,8pt
1275,Shark,tw00282764,新竹市,8pt
1275,Spencer,tw81191547,新北市,8pt
1275,Spicore,tw79666767,臺北市,8pt
1275,Steve,tw08809647,新北市,8pt
1275,Sullyoon,tw63635828,新北市,8pt
1275,SuperGengar,tw74954637,基隆市,8pt
1275,TCGSTORE_淳淞,tw85659399,苗栗縣,8pt
1275,Ted,tw17356132,臺北市,8pt
1275,Tony9453,tw04849646,臺中市,8pt
1275,Tsai,tw10304280,臺南市,8pt
1275,Unknown,tw87192218,臺北市,8pt
1275,W58021058,tw49018676,臺南市,8pt
1275,Wataru16,tw86827817,臺中市,8pt
1275,Wayne_zz,tw54022963,臺南市,8pt
1275,Wenby,tw94523408,臺北市,8pt
1275,Woody0920,tw11739209,臺中市,8pt
1275,Xeno039906,tw24758463,新北市,8pt
1275,Xiagying,tw43513565,桃園市,8pt
1275,YC,tw09034808,嘉義市,8pt
1275,YangHuanI,tw21740022,臺中市,8pt
1275,Yen,tw67124067,新北市,8pt
1275,Yu.,tw47555853,臺中市,8pt
1275,Yuiloveyui,tw85738894,臺北市,8pt
1275,Yuuna,tw31348624,臺中市,8pt
1275,ZIHHENG,tw35300463,臺南市,8pt
1275,Za,tw47060918,臺北市,8pt
1275,Zekrom,tw63031373,基隆市,8pt
1275,Zheng,tw22734116,臺南市,8pt
1275,Zhiyunwu,tw09751736,嘉義市,8pt
1275,ZoroPain,tw62559638,臺北市,8pt
1275,Zuuuu,tw48897816,屏東縣,8pt
1275,bacon,tw29518941,桃園市,8pt
1275,benson31312,tw45458321,新北市,8pt
1275,c.c,tw79975327,臺南市,8pt
1275,didiao1226,tw62324389,新竹市,8pt
1275,doooooooog____,tw94814763,臺中市,8pt
1275,fly,tw00651092,新北市,8pt
1275,fred60216,tw14942902,臺中市,8pt
1275,gary,tw31618355,彰化縣,8pt
1275,guozee0323,tw55032510,新北市,8pt
1275,han,tw78077476,新北市,8pt
1275,hsun,tw33435094,新竹縣,8pt
1275,i._.an,tw17320018,臺北市,8pt
1275,jerry32034,tw59149870,彰化縣,8pt
1275,jianyiqi,tw29965202,臺東縣,8pt
1275,jimmy0912,tw46367193,新北市,8pt
1275,kira1471,tw94034367,臺北市,8pt
1275,likelung02,tw43897373,臺北市,8pt
1275,lwq_simon,tw11485810,臺中市,8pt
1275,sheng,tw22741873,高雄市,8pt
1275,siao,tw26089798,新北市,8pt
1275,wilcetim,tw57256764,新北市,8pt
1275,wuleo0416,tw54804642,高雄市,8pt
1275,xxuan,tw51314897,新北市,8pt
1275,yusean,tw29601255,南投縣,8pt
1275,zEEEEE,tw15849812,雲林縣,8pt
1275,祐是你,tw32167594,桃園市,8pt
1275,阿東,tw13713835,高雄市,8pt
1275,默雨,tw52971857,彰化縣,8pt
1409,Minyou,tw64203769,新竹縣,7pt
1409,TING,tw10365198,新竹縣,7pt
1409,Yeeting,tw75037148,高雄市,7pt
1412,28,tw56737942,桃園市,6pt
1412,3Dlong2,tw18480972,南投縣,6pt
1412,662928jiaren,tw49411929,臺北市,6pt
1412,787,tw99393778,臺東縣,6pt
1412,666869,tw05270520,新北市,6pt
1412,886_Alvin,tw55099971,新北市,6pt
1412,8JJ8,tw79409852,新竹縣,6pt
1412,9527XTTK9527,tw19801631,基隆市,6pt
1412,9958214,tw11753964,宜蘭縣,6pt
1412,@sgazn,tw18968008,臺中市,6pt
1412,@w@b,tw24694859,高雄市,6pt
1412,ABT,tw49898032,臺北市,6pt
1412,Abel,tw29036233,新北市,6pt
1412,Abulasan,tw51961580,新北市,6pt
1412,Alano,tw39152711,新北市,6pt
1412,Anakinyen,tw96612258,臺北市,6pt
1412,Andy,tw46586917,臺北市,6pt
1412,Angtsangpaopao,tw81736494,新北市,6pt
1412,Artsdoge,tw57886322,新竹市,6pt
1412,Asuraxoxo,tw56630753,臺中市,6pt
1412,AustinC,tw37785920,高雄市,6pt
1412,BC_honey_dew,tw33002183,新北市,6pt
1412,BST_Chiii,tw49677469,臺中市,6pt
1412,BST_KaiKai,tw96177581,臺中市,6pt
1412,BTK,tw46519517,桃園市,6pt
1412,BaiXiao,tw23875590,新竹市,6pt
1412,Banli,tw93658672,新竹市,6pt
1412,Battleblue2,tw92768752,新竹市,6pt
1412,Boboprofessor,tw79096507,臺北市,6pt
1412,Book,tw36587655,新竹縣,6pt
1412,Boyou,tw92940301,嘉義縣,6pt
1412,Brian,tw28558909,宜蘭縣,6pt
1412,CHORD,tw68209544,臺北市,6pt
1412,CLAWS_TY_Nat,tw20934788,桃園市,6pt
1412,CTSZc,tw60714452,嘉義縣,6pt
1412,CY,tw50438996,新竹市,6pt
1412,CarddoNo1,tw39642469,臺中市,6pt
1412,CardnuLai,tw95412390,臺北市,6pt
1412,Cedric,tw19956474,新北市,6pt
1412,Chantel,tw07910724,桃園市,6pt
1412,ChenYiChan,tw88191710,臺北市,6pt
1412,ChiaHsinLi,tw90640850,高雄市,6pt
1412,Chialen,tw35419333,新北市,6pt
1412,Choco,tw32902575,臺北市,6pt
1412,Chrisss,tw82502332,新北市,6pt
1412,Chu,tw51405069,臺北市,6pt
1412,Chuck,tw86918032,高雄市,6pt
1412,Chuckbai,tw01635921,新竹市,6pt
1412,Cliff,tw27632184,苗栗縣,6pt
1412,Cody,tw80917498,臺南市,6pt
1412,Crow,tw16619875,高雄市,6pt
1412,DARCYPAPA,tw19719372,桃園市,6pt
1412,DMW8,tw93417681,新北市,6pt
1412,DUCK,tw05738753,臺北市,6pt
1412,DaJiaDouHenGuai,tw54951597,彰化縣,6pt
1412,Daniel,tw45271887,臺中市,6pt
1412,Daniel0118,tw22979539,新北市,6pt
1412,Deasty,tw96412582,新竹縣,6pt
1412,Deven,tw66943412,基隆市,6pt
1412,Dr.K,tw56111018,臺北市,6pt
1412,Dufenshus,tw36954151,基隆市,6pt
1412,Duncan,tw74368816,臺中市,6pt
1412,Dynames,tw25940715,彰化縣,6pt
1412,EKun,tw57812813,嘉義縣,6pt
1412,EarthLegacy,tw58507816,臺北市,6pt
1412,Eddie,tw08927689,新北市,6pt
1412,Elfuun.Team.Ben,tw41000299,臺南市,6pt
1412,Eric,tw04973353,新北市,6pt
1412,FEI,tw21568002,雲林縣,6pt
1412,Fangqi,tw62689889,高雄市,6pt
1412,Forky,tw03953320,嘉義市,6pt
1412,Frank,tw60406611,臺南市,6pt
1412,GHG_Louis,tw12796514,新北市,6pt
1412,Gareth,tw77166361,澎湖縣,6pt
1412,Gary880311,tw49955591,新北市,6pt
1412,GinoYang,tw88525560,新北市,6pt
1412,Glen,tw50077750,嘉義市,6pt
1412,Gming,tw39298189,臺中市,6pt
1412,GreyToy,tw28187058,臺中市,6pt
1412,HARUKIYO,tw05779731,臺北市,6pt
1412,HSJ,tw39312462,宜蘭縣,6pt
1412,HUNG,tw96648029,臺南市,6pt
1412,Hank,tw92986536,臺中市,6pt
1412,Hao,tw38376216,臺中市,6pt
1412,Hao,tw35469084,高雄市,6pt
1412,Henry,tw66335356,臺北市,6pt
1412,Hispe,tw49648105,臺北市,6pt
1412,Hori,tw27263187,新竹市,6pt
1412,Hsiangi,tw56741579,臺中市,6pt
1412,Hsiyuchan,tw27967723,基隆市,6pt
1412,Hsu429,tw36256363,新北市,6pt
1412,Hsueh,tw60162032,新竹縣,6pt
1412,Hua,tw10550790,高雄市,6pt
1412,Huala,tw13266676,花蓮縣,6pt
1412,Huei,tw53871478,臺中市,6pt
1412,Humungousaur,tw55661217,新北市,6pt
1412,IAN0717,tw55886211,新北市,6pt
1412,IKASAN,tw51970133,高雄市,6pt
1412,IMBZ,tw33258507,臺北市,6pt
1412,Iamkingoftheworld,tw26378264,臺南市,6pt
1412,Imperium,tw52618602,新北市,6pt
1412,JC,tw55205528,臺北市,6pt
1412,JIA JUN,tw56491281,高雄市,6pt
1412,JOKER,tw51157567,臺南市,6pt
1412,James,tw51901001,宜蘭縣,6pt
1412,Jason,tw92897694,高雄市,6pt
1412,JerryRex,tw73690046,臺北市,6pt
1412,Jeter,tw59085251,新北市,6pt
1412,Jiang,tw86603093,臺北市,6pt
1412,Jimmy.K,tw18358112,雲林縣,6pt
1412,JinHao,tw77123317,臺中市,6pt
1412,Jing,tw00968448,臺北市,6pt
1412,Jiun,tw37925416,花蓮縣,6pt
1412,JoJo,tw86926569,南投縣,6pt
1412,Joe,tw03539566,臺北市,6pt
1412,Johnson,tw52595264,雲林縣,6pt
1412,Joseph,tw44701159,臺中市,6pt
1412,KAI,tw63898784,新北市,6pt
1412,KF.kuo,tw59042564,高雄市,6pt
1412,KHLee,tw99258808,高雄市,6pt
1412,KHOO777,tw73316908,苗栗縣,6pt
1412,KJ,tw50795757,新北市,6pt
1412,Kai,tw81919319,新北市,6pt
1412,Kai,tw06215923,臺北市,6pt
1412,KaiMay,tw31941216,新北市,6pt
1412,Kashou,tw76925363,臺北市,6pt
1412,Kernel,tw12365683,高雄市,6pt
1412,Kevin,tw09663536,花蓮縣,6pt
1412,KidTony,tw53900884,臺北市,6pt
1412,Kioto,tw15173588,臺北市,6pt
1412,Kk,tw83841115,臺中市,6pt
1412,Klee,tw38153478,基隆市,6pt
1412,Komorebi,tw17013968,新竹市,6pt
1412,Kong,tw02211815,桃園市,6pt
1412,Ku,tw48646529,臺北市,6pt
1412,Kuan,tw81389651,彰化縣,6pt
1412,Kuo,tw76077427,臺南市,6pt
1412,Kura,tw39650791,新北市,6pt
1412,L,tw82419568,嘉義縣,6pt
1412,LAI-JIAN-HONG,tw80377169,臺北市,6pt
1412,LAya,tw98400564,高雄市,6pt
1412,LINITE,tw99888650,新竹市,6pt
1412,LI_GT,tw35296983,臺南市,6pt
1412,Lan,tw28719438,彰化縣,6pt
1412,Lemoon,tw03970640,臺北市,6pt
1412,LeonardH,tw36648556,新竹縣,6pt
1412,LesserEvil,tw55098015,新竹縣,6pt
1412,Lieh,tw93163561,臺北市,6pt
1412,Limoncool,tw90733991,臺北市,6pt
1412,LinHongJhou,tw75712938,臺東縣,6pt
1412,LinTingZe,tw80237219,高雄市,6pt
1412,LittleStar,tw65781127,基隆市,6pt
1412,Loap733,tw06389857,臺南市,6pt
1412,Long,tw44468313,新北市,6pt
1412,Lorenzo,tw90601321,高雄市,6pt
1412,Loveyou3000,tw31563466,新北市,6pt
1412,Luke,tw95386841,新竹市,6pt
1412,MINEEN,tw61418165,高雄市,6pt
1412,MR-Turtle,tw62946281,新北市,6pt
1412,MR5,tw60032814,新北市,6pt
1412,MS_Huang,tw44133543,臺中市,6pt
1412,MaiCha,tw03917271,雲林縣,6pt
1412,Mans,tw15023289,桃園市,6pt
1412,MapleRave,tw77606471,桃園市,6pt
1412,Matable,tw48615631,高雄市,6pt
1412,Mi-Mi_Daddy,tw66133045,臺北市,6pt
1412,Mi11eNeige,tw19483827,桃園市,6pt
1412,Micky052,tw54469748,臺北市,6pt
1412,MillerBoy,tw48294785,新北市,6pt
1412,Ming,tw97442393,高雄市,6pt
1412,Moj,tw93085105,雲林縣,6pt
1412,Momo,tw40506432,臺北市,6pt
1412,Monkey,tw85290079,新北市,6pt
1412,Morris.Cheng,tw24708906,新北市,6pt
1412,Muyin,tw05336017,桃園市,6pt
1412,NN,tw18019527,新北市,6pt
1412,NightMonkey,tw63395911,新北市,6pt
1412,Noah,tw48217135,新北市,6pt
1412,NoahNo.17,tw78685671,臺中市,6pt
1412,OP-DaGeGe,tw03261426,臺中市,6pt
1412,OP-Rabbit,tw91755365,臺中市,6pt
1412,OldFox,tw43331901,新北市,6pt
1412,OldTwo,tw94370408,新北市,6pt
1412,OlisPaPa,tw82560565,桃園市,6pt
1412,Oshawott,tw84927475,新北市,6pt
1412,P2,tw41898265,高雄市,6pt
1412,PaPa,tw51346667,臺中市,6pt
1412,PanWeiHan,tw96921737,臺中市,6pt
1412,PatricksLin,tw81831013,高雄市,6pt
1412,Phoebe,tw78299715,新北市,6pt
1412,PikaChiu,tw87828620,桃園市,6pt
1412,Pikazhuang,tw86331373,高雄市,6pt
1412,PinHao,tw74508077,彰化縣,6pt
1412,Ping,tw28241172,宜蘭縣,6pt
1412,Po-Hung,tw77225204,高雄市,6pt
1412,Ray,tw19209864,新北市,6pt
1412,Ray,tw01732860,臺北市,6pt
1412,Ren,tw67540519,桃園市,6pt
1412,Ryu,tw10879923,新竹縣,6pt
1412,SCCM,tw56177670,新北市,6pt
1412,SONG,tw77436563,高雄市,6pt
1412,Samuel,tw36053247,臺北市,6pt
1412,Samuel,tw49161753,高雄市,6pt
1412,Saseme,tw89951788,臺中市,6pt
1412,SeafoodButcher,tw78058958,新北市,6pt
1412,Sean,tw31117805,桃園市,6pt
1412,Shiba,tw27534326,新北市,6pt
1412,Shihhan,tw72227547,臺南市,6pt
1412,Shiro6435,tw28864777,桃園市,6pt
1412,Shishimaru,tw93999361,嘉義縣,6pt
1412,Silhon,tw28562107,屏東縣,6pt
1412,SilverBlade,tw05207217,臺北市,6pt
1412,Simi,tw31973458,南投縣,6pt
1412,Sky,tw26529339,彰化縣,6pt
1412,SmallHand,tw62977877,新北市,6pt
1412,Sore,tw13234120,嘉義市,6pt
1412,Sou,tw21527773,新北市,6pt
1412,Sss,tw58636828,新北市,6pt
1412,Strange,tw02351984,新北市,6pt
1412,T7xiaozhi,tw66555509,高雄市,6pt
1412,TR_Boss,tw15255073,臺中市,6pt
1412,Taco,tw67252720,新北市,6pt
1412,Taco,tw19028585,臺北市,6pt
1412,Tai,tw59713184,臺中市,6pt
1412,Takara,tw13477580,新北市,6pt
1412,Talesweaver,tw64517135,新北市,6pt
1412,Tama,tw82263693,臺南市,6pt
1412,Tangovo,tw96310928,臺北市,6pt
1412,Terence,tw55768313,高雄市,6pt
1412,Tim,tw51489284,新北市,6pt
1412,Tim,tw69628359,臺中市,6pt
1412,Tingg,tw08969542,新北市,6pt
1412,TiredET,tw44751488,基隆市,6pt
1412,Toast,tw69724493,新北市,6pt
1412,Toast1211,tw91922047,臺中市,6pt
1412,Toby,tw95867541,宜蘭縣,6pt
1412,Tomo,tw39274802,桃園市,6pt
1412,Trittri,tw40394069,臺中市,6pt
1412,TyphlosionV,tw65539990,臺北市,6pt
1412,Uncle,tw10372860,新竹縣,6pt
1412,Usagi,tw82233720,新竹縣,6pt
1412,Uzking,tw92252047,高雄市,6pt
1412,Vic,tw31526971,高雄市,6pt
1412,Victorlien,tw27025240,臺北市,6pt
1412,Vincent,tw21211042,臺南市,6pt
1412,WANHAO,tw24436381,桃園市,6pt
1412,WEI,tw43324748,臺中市,6pt
1412,WUBOWEI,tw05284386,彰化縣,6pt
1412,Wang,tw72699030,臺中市,6pt
1412,Water,tw30022814,桃園市,6pt
1412,WeiWenSean,tw10335690,新北市,6pt
1412,Weii1i,tw05565006,高雄市,6pt
1412,Weiken,tw35691360,南投縣,6pt
1412,Will,tw98443005,新北市,6pt
1412,Wythe4018,tw14918376,高雄市,6pt
1412,XiangFei,tw33164006,宜蘭縣,6pt
1412,Xm,tw21048025,桃園市,6pt
1412,Y.Wang,tw34799198,臺中市,6pt
1412,YC,tw00606531,嘉義市,6pt
1412,YKen,tw49851293,屏東縣,6pt
1412,Yang-S,tw57635887,新北市,6pt
1412,Yaru,tw22606232,臺南市,6pt
1412,YuRnn,tw89635520,臺中市,6pt
1412,YuTcal,tw49679932,花蓮縣,6pt
1412,Yuko,tw79317972,宜蘭縣,6pt
1412,Yuu,tw45430170,彰化縣,6pt
1412,Yuyu,tw45390198,臺北市,6pt
1412,ZephyrLei,tw49350886,臺北市,6pt
1412,Zhun1013,tw17849691,桃園市,6pt
1412,Zxcvb,tw29307008,彰化縣,6pt
1412,aaaaa,tw60579567,高雄市,6pt
1412,angooo,tw53479876,臺北市,6pt
1412,anmimon,tw86289572,臺中市,6pt
1412,arjin,tw42148523,雲林縣,6pt
1412,asdf3456,tw13871276,南投縣,6pt
1412,blackwind,tw70636675,新北市,6pt
1412,bluewind,tw07171010,宜蘭縣,6pt
1412,cfegn,tw23807479,新竹市,6pt
1412,chillGO,tw85249575,高雄市,6pt
1412,cncn,tw81566515,屏東縣,6pt
1412,eingflower,tw26567324,苗栗縣,6pt
1412,flash,tw75061155,桃園市,6pt
1412,gaoguima?!,tw36074458,臺北市,6pt
1412,hankwu92,tw62529006,新北市,6pt
1412,insect,tw68663124,澎湖縣,6pt
1412,jeff,tw20516273,屏東縣,6pt
1412,jerry06,tw87681795,嘉義縣,6pt
1412,jia,tw34325665,屏東縣,6pt
1412,jiacheng,tw15946908,彰化縣,6pt
1412,kabi,tw61262759,臺中市,6pt
1412,kanctasia,tw03094722,臺北市,6pt
1412,koda70478,tw52595130,新北市,6pt
1412,lanfone,tw17852306,臺北市,6pt
1412,lanfong,tw46367043,臺南市,6pt
1412,lifish,tw58685307,臺北市,6pt
1412,linli,tw42735830,宜蘭縣,6pt
1412,linniki,tw16903663,桃園市,6pt
1412,ma328,tw98524107,屏東縣,6pt
1412,maobeean,tw74173615,高雄市,6pt
1412,masaratown/satoshi,tw14005529,高雄市,6pt
1412,min,tw22447532,臺中市,6pt
1412,missense,tw41459830,彰化縣,6pt
1412,mokuro,tw75909002,新竹市,6pt
1412,mushzho,tw43633449,新北市,6pt
1412,neko,tw96995730,高雄市,6pt
1412,omgitsdikenkou,tw74912733,臺北市,6pt
1412,party,tw08544175,新北市,6pt
1412,pieooo,tw86683243,新北市,6pt
1412,pome1o,tw29246609,臺中市,6pt
1412,purin,tw28687950,高雄市,6pt
1412,ray,tw54128847,彰化縣,6pt
1412,revengejack,tw13588930,新北市,6pt
1412,rock,tw09194772,臺北市,6pt
1412,ruxia,tw38336435,高雄市,6pt
1412,shane,tw03183737,雲林縣,6pt
1412,should,tw26367666,臺北市,6pt
1412,sinpo,tw91823318,新北市,6pt
1412,snailmeow,tw83224274,臺南市,6pt
1412,snake3665,tw28495767,新北市,6pt
1412,spongebobaabb,tw79352727,臺中市,6pt
1412,srr77624,tw66382521,宜蘭縣,6pt
1412,taroda,tw83206375,臺中市,6pt
1412,today459,tw43982441,臺北市,6pt
1412,ttyoyo,tw65624032,嘉義縣,6pt
1412,tudou_yujiro,tw99499337,臺北市,6pt
1412,tuitionfee,tw91087660,新北市,6pt
1412,ucs,tw56263584,高雄市,6pt
1412,vul3x06,tw54681331,新北市,6pt
1412,wtt,tw84338791,彰化縣,6pt
1412,yakisoba,tw75498826,彰化縣,6pt
1412,yamazaki,tw85166852,臺中市,6pt
1412,zihou0522,tw77610992,臺北市,6pt
1412,凱凱,tw25103940,高雄市,6pt
1412,卡庫桌遊店的大叔店長,tw85899831,高雄市,6pt
1412,大胖,tw18707805,臺北市,6pt
1412,拓夢,tw34922315,桃園市,6pt
1412,狗醬爺爺,tw89193938,嘉義市,6pt
1412,風林,tw17108307,桃園市,6pt
1412,黑獸傭兵負責抽卡的傢伙,tw45370157,新北市,6pt
1751,CCT_CNW,tw26626315,臺南市,5pt
1751,CY,tw19134716,桃園市,5pt
1751,Cago,tw32240127,臺北市,5pt
1751,Huan,tw01927896,新竹市,5pt
1751,Hulk,tw17488993,臺北市,5pt
1751,Jack,tw75709371,臺中市,5pt
1751,Jeremy,tw08615728,臺北市,5pt
1751,Kai,tw66155737,桃園市,5pt
1751,Ke3inH,tw28614416,新北市,5pt
1751,Linyize,tw94183594,新竹市,5pt
1751,MegaMonarch,tw40135779,新竹市,5pt
1751,Michael,tw89054620,臺北市,5pt
1751,Numen,tw69542701,彰化縣,5pt
1751,Ramenking47,tw58072187,新北市,5pt
1751,Rick,tw35332280,臺北市,5pt
1751,Rmiu,tw08869700,臺南市,5pt
1751,Shuiping0127,tw36167036,新北市,5pt
1751,big-headed-monster,tw74468297,新北市,5pt
1751,chang,tw86670651,臺北市,5pt
1751,openkai,tw04362293,新竹縣,5pt
1751,umeya,tw75795301,臺北市,5pt
1751,wei,tw35549135,新竹縣,5pt
1773,55638,tw04207428,臺中市,4pt
1773,8eggegg7,tw37954826,雲林縣,4pt
1773,A-Da,tw74309413,新竹縣,4pt
1773,AKA,tw69033087,臺南市,4pt
1773,Ahweee,tw56084175,桃園市,4pt
1773,AlanHung,tw11089211,臺北市,4pt
1773,AllanCat,tw02644224,新北市,4pt
1773,Allen1987,tw66556579,新北市,4pt
1773,Arcadia,tw57116010,臺南市,4pt
1773,Aslan Sala,tw36421093,新北市,4pt
1773,Aya,tw49739743,臺中市,4pt
1773,B.S.T Tim,tw39137201,臺中市,4pt
1773,BB,tw77928028,新北市,4pt
1773,BO4,tw93451715,臺南市,4pt
1773,Baobaby,tw89381203,臺北市,4pt
1773,Baoyu,tw28695700,新北市,4pt
1773,Bettysam,tw28543426,高雄市,4pt
1773,BomBombini>>Gusini,tw93624549,臺中市,4pt
1773,CHIN-N1ARK,tw91641503,高雄市,4pt
1773,CWTsai,tw17830710,桃園市,4pt
1773,Caesarsauce,tw73498341,新北市,4pt
1773,ChenYiCong,tw88308349,臺南市,4pt
1773,Chris,tw24969266,彰化縣,4pt
1773,Chu,tw47144906,臺中市,4pt
1773,Crucial067,tw39964970,臺南市,4pt
1773,Dao,tw29514214,新北市,4pt
1773,Dechan,tw88190845,新北市,4pt
1773,Don,tw00114747,臺北市,4pt
1773,FNFN,tw88007904,嘉義縣,4pt
1773,Fluoxetine,tw72411805,臺北市,4pt
1773,Frankie,tw63693077,高雄市,4pt
1773,GHG_Nero,tw97045516,新北市,4pt
1773,Gengar,tw77606795,臺北市,4pt
1773,Guava,tw18480773,臺南市,4pt
1773,HULU,tw90770697,臺中市,4pt
1773,Hanami,tw99072428,高雄市,4pt
1773,Hank,tw76570746,高雄市,4pt
1773,Henry,tw14815194,新北市,4pt
1773,Hobbyrabbit,tw77997756,臺北市,4pt
1773,Hua,tw49327411,臺北市,4pt
1773,Iceman,tw45607898,屏東縣,4pt
1773,James,tw55516711,新北市,4pt
1773,JamesLee47,tw05782621,新竹市,4pt
1773,Jane,tw85960705,新北市,4pt
1773,JayShaYu,tw04487281,新竹縣,4pt
1773,Jeff,tw65233698,臺中市,4pt
1773,Jeffrey,tw31567677,苗栗縣,4pt
1773,Jimmyhsu,tw61687517,桃園市,4pt
1773,Jmi,tw44806541,新北市,4pt
1773,Johnjoohn,tw28379139,高雄市,4pt
1773,Junior,tw51517661,彰化縣,4pt
1773,KK,tw69659737,高雄市,4pt
1773,Kevin,tw33410362,臺北市,4pt
1773,Klay,tw98294508,臺北市,4pt
1773,Kroi,tw82798565,新竹縣,4pt
1773,LOjerry,tw29610611,新北市,4pt
1773,LeeJay,tw95882368,基隆市,4pt
1773,Lien,tw30030485,新北市,4pt
1773,Lin,tw09478865,高雄市,4pt
1773,Linya,tw00953153,高雄市,4pt
1773,Louis,tw64044579,臺南市,4pt
1773,Macliang,tw02539949,臺北市,4pt
1773,Maousama,tw32252793,臺中市,4pt
1773,Martin,tw68952278,臺南市,4pt
1773,Matenrou,tw97020673,臺北市,4pt
1773,Meeting,tw59801162,新北市,4pt
1773,Ming,tw62569079,彰化縣,4pt
1773,Moses,tw17327468,臺中市,4pt
1773,Muojing,tw89429024,高雄市,4pt
1773,Neil,tw12139732,桃園市,4pt
1773,Noah,tw95167196,高雄市,4pt
1773,NzCat,tw21992163,臺北市,4pt
1773,Oscar,tw27433076,新竹縣,4pt
1773,PH,tw89286299,臺北市,4pt
1773,Philip,tw31823305,新北市,4pt
1773,Poka,tw50551413,高雄市,4pt
1773,QED,tw24439016,桃園市,4pt
1773,Ray,tw47481435,臺北市,4pt
1773,Rich,tw62288501,高雄市,4pt
1773,Robert77,tw48091306,新北市,4pt
1773,Robertabout,tw27817384,新北市,4pt
1773,Rui,tw34687379,臺南市,4pt
1773,RyWaterdeer,tw52149734,臺南市,4pt
1773,Ryan850524,tw75697576,新竹縣,4pt
1773,Sai,tw35331227,臺北市,4pt
1773,Seafoodking,tw82818959,桃園市,4pt
1773,Seal,tw73485003,新竹縣,4pt
1773,Sean.Hsiao,tw43511296,臺南市,4pt
1773,Shando,tw68242169,新北市,4pt
1773,Shaochien,tw44120710,新竹市,4pt
1773,Shi-Xun,tw99814098,臺中市,4pt
1773,Shiori*,tw37953680,桃園市,4pt
1773,Shorty,tw39179779,彰化縣,4pt
1773,Snivy,tw54979065,新北市,4pt
1773,SnorlaxDoDo,tw27726507,新北市,4pt
1773,Summer,tw64139040,臺中市,4pt
1773,Szluba_020227,tw68545600,臺中市,4pt
1773,TCGSTORE_JoJoe,tw51213471,臺北市,4pt
1773,TKJoey,tw20613723,臺中市,4pt
1773,TMT,tw15033148,新竹市,4pt
1773,TP,tw50994209,苗栗縣,4pt
1773,TR_WuSung,tw91495669,臺中市,4pt
1773,Terry,tw88733561,臺北市,4pt
1773,Terry,tw31657323,臺南市,4pt
1773,Thor,tw20386733,新北市,4pt
1773,Ting,tw07927124,新北市,4pt
1773,Tinyan,tw28470728,澎湖縣,4pt
1773,Tsai,tw06954014,臺南市,4pt
1773,VVA1V9,tw05373669,臺中市,4pt
1773,WANN,tw00745427,新北市,4pt
1773,Winwei,tw33884578,新北市,4pt
1773,YanLin,tw55585776,臺中市,4pt
1773,Yanyan,tw38529754,臺中市,4pt
1773,Yoway,tw57014438,高雄市,4pt
1773,Yu,tw01328212,臺北市,4pt
1773,Yuan20070116,tw69428559,臺南市,4pt
1773,YukiTsuki,tw33852575,新北市,4pt
1773,ZeroKnight,tw95864472,新竹市,4pt
1773,boxuan,tw16071002,新北市,4pt
1773,chuanchuan030,tw23602882,臺南市,4pt
1773,elphy,tw63631827,桃園市,4pt
1773,freedom,tw87041836,高雄市,4pt
1773,goat5373,tw12087695,高雄市,4pt
1773,gonsakon,tw22513278,高雄市,4pt
1773,henrylee1000hh,tw75455473,臺北市,4pt
1773,honggg,tw70209772,臺中市,4pt
1773,jun,tw77403726,桃園市,4pt
1773,kel10473,tw09946774,雲林縣,4pt
1773,maxlulu,tw74865748,臺南市,4pt
1773,mixmaxmao,tw12354126,新竹市,4pt
1773,pocoluba,tw60400986,臺北市,4pt
1773,tcu,tw56592817,高雄市,4pt
1773,varus,tw97556310,高雄市,4pt
1773,water,tw04959889,高雄市,4pt
1773,大安卡比獸,tw32980664,臺北市,4pt
1773,甭竹,tw21543308,新北市,4pt
1773,阿堃,tw47077924,臺北市,4pt
1910,Bird,tw51144525,臺南市,3pt
1910,ChingYang,tw20118339,臺南市,3pt
1910,FayFay,tw73859823,高雄市,3pt
1910,HOSHINO927,tw12843438,苗栗縣,3pt
1910,HoshinoAyara,tw44981913,新北市,3pt
1910,Jun,tw21677034,嘉義市,3pt
1910,LSY,tw70247290,臺南市,3pt
1910,Lalamelon,tw65503645,新竹縣,3pt
1910,Minoz,tw94253182,新竹市,3pt
1910,Rayvmp,tw39941788,新竹市,3pt
1910,ShenXu,tw24260907,臺北市,3pt
1910,Sho-time,tw46598498,臺南市,3pt
1910,Stone,tw88087979,臺南市,3pt
1910,Ted,tw30944033,臺北市,3pt
1910,Wayne,tw60873734,臺中市,3pt
1910,Xian,tw60514766,臺南市,3pt
1910,YangDoge,tw67036456,高雄市,3pt
1910,Yuchan,tw62794486,新竹縣,3pt
1910,i0327,tw71115970,臺北市,3pt
1910,issei,tw42126524,嘉義市,3pt
1910,jim550405,tw01150243,彰化縣,3pt
1910,picril,tw63175199,花蓮縣,3pt
1910,Andrewwww,tw77598098,高雄市,3pt
1910,Fabio20,tw96716125,臺南市,3pt
1910,Republic_XF,tw44344122,臺南市,3pt
1935,(QwQ),tw01383069,屏東縣,0pt
1935,********************,tw58055677,基隆市,0pt
1935,********************,tw50531237,新北市,0pt
1935,********************,tw51828614,新北市,0pt
1935,********************,tw78763965,新北市,0pt
1935,********************,tw23651285,桃園市,0pt
1935,********************,tw33446134,桃園市,0pt
1935,********************,tw20054935,臺中市,0pt
1935,********************,tw61400777,臺中市,0pt
1935,********************,tw72050117,臺中市,0pt
1935,********************,tw68344513,臺北市,0pt
1935,********************,tw70153920,臺南市,0pt
1935,********************,tw55127614,花蓮縣,0pt
1935,********************,tw17822153,高雄市,0pt
1935,********************,tw91607422,高雄市,0pt
1935,*zzeng*,tw92735633,臺北市,0pt
1935,+Bin,tw77447505,澎湖縣,0pt
1935,/chi/,tw95380807,新北市,0pt
1935,007,tw70903147,新北市,0pt
1935,01x,tw03619937,新北市,0pt
1935,031,tw94050377,臺中市,0pt
1935,0708_hong_,tw23565350,高雄市,0pt
1935,07SHIAN,tw03043128,新北市,0pt
1935,11_01_1001,tw58926435,新北市,0pt
1935,1236h,tw25428429,臺南市,0pt
1935,168168tom,tw87903680,嘉義縣,0pt
1935,16yaaa,tw63833068,新北市,0pt
1935,1b,tw62275938,臺南市,0pt
1935,1innnnn,tw34212183,臺中市,0pt
1935,21212jey,tw56895238,臺北市,0pt
1935,24meeting,tw86653890,新北市,0pt
1935,3.14,tw04928859,臺北市,0pt
1935,35p,tw98283029,臺北市,0pt
1935,404 not found,tw18469412,新北市,0pt
1935,41,tw27678011,臺南市,0pt
1935,41,tw31427989,高雄市,0pt
1935,75,tw40188987,雲林縣,0pt
1935,99,tw14121432,臺北市,0pt
1935,114,tw85270712,新北市,0pt
1935,123,tw34837231,新北市,0pt
1935,123,tw93429711,臺北市,0pt
1935,1111,tw79216291,臺北市,0pt
1935,1187,tw20491274,彰化縣,0pt
1935,1957,tw56733246,新北市,0pt
1935,2684,tw53870806,彰化縣,0pt
1935,3217,tw82315037,彰化縣,0pt
1935,3265,tw99097253,新北市,0pt
1935,5566,tw66681948,新北市,0pt
1935,123321,tw97774674,新北市,0pt
1935,198964,tw58025473,新北市,0pt
1935,339433,tw14726618,彰化縣,0pt
1935,4M0NG.U5,tw06681107,新北市,0pt
1935,569brianwu,tw21874955,臺北市,0pt
1935,666666,tw87911853,臺北市,0pt
1935,679031,tw11754768,高雄市,0pt
1935,1326983,tw96931649,臺北市,0pt
1935,10930126,tw04569307,臺北市,0pt
1935,29254257,tw31755050,新竹市,0pt
1935,707古大師,tw69529924,桃園市,0pt
1935,8+9=2486,tw65565901,宜蘭縣,0pt
1935,88888888,tw21821046,臺中市,0pt
1935,9009spheal,tw80037643,臺北市,0pt
1935,9898lu,tw31062136,臺中市,0pt
1935,A-Gu,tw46367111,新竹市,0pt
1935,A-Wei,tw81060661,新北市,0pt
1935,A0973373235,tw75219008,高雄市,0pt
1935,A9_Lorens,tw24261609,臺北市,0pt
1935,AAA,tw56924650,新北市,0pt
1935,AB,tw62207660,宜蘭縣,0pt
1935,ABB,tw01538397,新北市,0pt
1935,ACE117,tw24928957,新竹市,0pt
1935,ADD,tw71978960,臺北市,0pt
1935,AFQC,tw88712227,宜蘭縣,0pt
1935,AG8984,tw95275036,屏東縣,0pt
1935,AHO,tw78896873,臺中市,0pt
1935,AKA-Linemanking,tw38555787,臺北市,0pt
1935,ALFYZACE,tw11819251,南投縣,0pt
1935,ALLElite,tw29576910,基隆市,0pt
1935,ALun,tw61692211,新北市,0pt
1935,AMANO,tw48746760,花蓮縣,0pt
1935,AMIYA,tw22261784,新北市,0pt
1935,AN,tw59163499,新北市,0pt
1935,ANNIE,tw36845590,桃園市,0pt
1935,APEXROBOT,tw10227968,新北市,0pt
1935,APG,tw37884923,臺中市,0pt
1935,ARECC,tw91404897,基隆市,0pt
1935,ARRVX,tw04263260,臺北市,0pt
1935,AVAAVA_0622,tw42420456,臺東縣,0pt
1935,AXiang,tw46085831,新北市,0pt
1935,AZ,tw87216059,新北市,0pt
1935,A_A,tw17056429,花蓮縣,0pt
1935,A_Vampy,tw70053745,苗栗縣,0pt
1935,A_Yuan,tw40247214,臺北市,0pt
1935,Aaron,tw72124121,嘉義市,0pt
1935,Aaron,tw45882673,新北市,0pt
1935,Abei,tw64665552,新北市,0pt
1935,Abi,tw57892529,臺北市,0pt
1935,Abing,tw06622720,桃園市,0pt
1935,Ablicegaga,tw02537457,高雄市,0pt
1935,Adam,tw04934273,新北市,0pt
1935,Adenocarcinoma,tw97734335,新北市,0pt
1935,Aegis,tw67220769,臺北市,0pt
1935,Ahren,tw18925684,新北市,0pt
1935,AiAJu,tw31778062,新北市,0pt
1935,AiroftheKing,tw51610329,高雄市,0pt
1935,Aixiaoling,tw44412968,新北市,0pt
1935,Ak4ne,tw41055288,新北市,0pt
1935,AkWu,tw95133857,臺北市,0pt
1935,Aki,tw25540185,臺南市,0pt
1935,Akineko,tw73224394,嘉義市,0pt
1935,Akizuki,tw93058880,新北市,0pt
1935,Ako,tw26868285,臺中市,0pt
1935,Akon,tw47330996,臺北市,0pt
1935,Akong0216,tw98997278,新北市,0pt
1935,AlanLin,tw80735744,新竹縣,0pt
1935,Alanxx,tw91516143,桃園市,0pt
1935,Alengj,tw19426682,新北市,0pt
1935,Alex,tw78896313,臺北市,0pt
1935,Alex,tw36930036,高雄市,0pt
1935,Alex11,tw72698737,新北市,0pt
1935,AlexKao,tw82377260,臺北市,0pt
1935,AlexLu,tw99459189,桃園市,0pt
1935,AlexPao,tw27060642,高雄市,0pt
1935,AlexYuan,tw80051704,高雄市,0pt
1935,Alfred,tw97640961,臺北市,0pt
1935,Aliciaaa,tw40616680,高雄市,0pt
1935,Alina,tw47851131,桃園市,0pt
1935,Alingo,tw26890230,新北市,0pt
1935,Alison,tw33733530,臺中市,0pt
1935,Alista,tw09569750,新竹縣,0pt
1935,Allan,tw20149320,桃園市,0pt
1935,Allan,tw91443349,臺北市,0pt
1935,Allan.ouo,tw93344936,新北市,0pt
1935,Allen,tw47989174,臺北市,0pt
1935,AllenYu,tw71122215,新北市,0pt
1935,Alpha,tw15199940,新北市,0pt
1935,Alvan,tw95615335,新竹市,0pt
1935,Alvin,tw10359178,臺北市,0pt
1935,Amadeus,tw29141515,新北市,0pt
1935,AmamaJazz,tw94752563,臺南市,0pt
1935,Amber,tw42698299,臺北市,0pt
1935,Amier,tw69023602,新北市,0pt
1935,An,tw37862633,宜蘭縣,0pt
1935,An,tw84374990,桃園市,0pt
1935,An,tw11230800,苗栗縣,0pt
1935,An,tw83992222,高雄市,0pt
1935,Anchen06449,tw67389540,新北市,0pt
1935,Anderson.Chang,tw28543127,新北市,0pt
1935,Andre,tw69685808,桃園市,0pt
1935,Andrew,tw90556916,臺北市,0pt
1935,Andrew,tw13969900,臺南市,0pt
1935,Andriod69,tw57095850,臺中市,0pt
1935,Andy,tw21574328,新北市,0pt
1935,Andy,tw28321640,新北市,0pt
1935,Andy,tw40043151,新北市,0pt
1935,Andy,tw94469570,新北市,0pt
1935,Andy,tw40570118,桃園市,0pt
1935,Andy,tw53391571,桃園市,0pt
1935,Andy0707,tw79678007,臺北市,0pt
1935,AndyYen,tw37153671,臺北市,0pt
1935,AndyYo,tw52997756,新北市,0pt
1935,Andyjhh,tw51810422,嘉義市,0pt
1935,Angel20739,tw88436817,臺北市,0pt
1935,Aniki,tw51802902,臺南市,0pt
1935,Anitalin,tw23862085,新北市,0pt
1935,Ann,tw01958357,新北市,0pt
1935,Ann,tw95345241,高雄市,0pt
1935,AnnAnnyo,tw72832495,臺中市,0pt
1935,Anna,tw44791230,新北市,0pt
1935,Anomaly,tw36834412,基隆市,0pt
1935,Ansel,tw30347264,新北市,0pt
1935,Ansely,tw00106184,新北市,0pt
1935,AntelopE,tw20537188,臺北市,0pt
1935,Anthony11,tw56476656,新竹縣,0pt
1935,Antony,tw04797990,臺北市,0pt
1935,Ap_wakd,tw74909345,臺北市,0pt
1935,Ape,tw10524441,新北市,0pt
1935,Applepickaxe,tw96396194,臺北市,0pt
1935,Arashi,tw56047934,新北市,0pt
1935,Ares,tw84170284,新北市,0pt
1935,AriaHayate,tw11465868,高雄市,0pt
1935,Arms0320,tw52493073,新北市,0pt
1935,Arnold,tw75682148,臺北市,0pt
1935,Arthur,tw27068101,臺中市,0pt
1935,Arzomon,tw00510962,臺中市,0pt
1935,Asdshdhdjdkdkdkdkd,tw18580372,新竹縣,0pt
1935,Ashe,tw45936537,新北市,0pt
1935,Ashsu88,tw71186799,高雄市,0pt
1935,Ashubelu,tw19142795,新北市,0pt
1935,Ashy,tw52320952,臺北市,0pt
1935,AsiaMomo,tw97310182,桃園市,0pt
1935,Atea,tw20625161,宜蘭縣,0pt
1935,Ating,tw64980786,高雄市,0pt
1935,Atom,tw95536874,新北市,0pt
1935,Austin,tw93021424,宜蘭縣,0pt
1935,Austin,tw36692537,新北市,0pt
1935,Auston,tw15060556,臺北市,0pt
1935,Awei,tw43185329,新北市,0pt
1935,Awolf,tw16101765,臺南市,0pt
1935,Axidaka,tw61898879,新北市,0pt
1935,Ayen,tw26754625,新北市,0pt
1935,Ayn,tw61708307,臺北市,0pt
1935,Az,tw70897596,新竹市,0pt
1935,Azusa,tw85704831,臺中市,0pt
1935,Azusa521,tw70003288,高雄市,0pt
1935,Azy0020,tw65349296,南投縣,0pt
1935,B,tw84675080,新北市,0pt
1935,B.S.T_Anderow,tw12190750,臺中市,0pt
1935,BBB,tw93218331,桃園市,0pt
1935,BBc,tw08384242,臺北市,0pt
1935,BC,tw46969620,新北市,0pt
1935,BEN,tw91566512,桃園市,0pt
1935,BJ,tw22679962,高雄市,0pt
1935,BJCN,tw48752040,桃園市,0pt
1935,BJJ,tw48431407,新竹市,0pt
1935,BM,tw61455070,桃園市,0pt
1935,BOYU,tw56556345,桃園市,0pt
1935,BP,tw95722479,新北市,0pt
1935,BST Charles,tw57247655,臺中市,0pt
1935,BST Sun,tw66953119,南投縣,0pt
1935,BST-Albern,tw88350847,臺中市,0pt
1935,BST.Weni,tw17505073,臺中市,0pt
1935,BSTChangcat,tw03684388,臺中市,0pt
1935,BST_Ken,tw36733766,臺中市,0pt
1935,BST_Miles,tw49117790,臺中市,0pt
1935,BST_Pin,tw31993323,臺中市,0pt
1935,BST_Xian,tw87979157,臺中市,0pt
1935,BST_big_snail,tw49158370,臺中市,0pt
1935,BSThhhhh,tw50232914,臺中市,0pt
1935,BUILD,tw80536677,高雄市,0pt
1935,BUSCH,tw49982857,新北市,0pt
1935,BaRoN,tw77101544,苗栗縣,0pt
1935,Babbit,tw73671388,臺北市,0pt
1935,Bai_Ling,tw18663202,臺北市,0pt
1935,Baolu,tw76235101,新竹縣,0pt
1935,Barry,tw26319522,臺北市,0pt
1935,Baymax,tw10838920,高雄市,0pt
1935,Bean,tw97331813,臺中市,0pt
1935,Bear,tw42424211,臺北市,0pt
1935,Bear0413,tw28094331,新北市,0pt
1935,Bear416,tw58627145,臺北市,0pt
1935,Bearty,tw34946799,高雄市,0pt
1935,Bee,tw13177480,臺北市,0pt
1935,Ben,tw21996140,新北市,0pt
1935,Ben,tw23887569,新北市,0pt
1935,Ben,tw87328200,新北市,0pt
1935,Ben,tw92058766,雲林縣,0pt
1935,Benjamin,tw80544304,臺北市,0pt
1935,Benson,tw46591400,臺北市,0pt
1935,BerryTea,tw17863669,新北市,0pt
1935,Berserker226,tw27689844,臺北市,0pt
1935,BestGreninja,tw61463095,新北市,0pt
1935,Bettychen,tw02714561,臺北市,0pt
1935,BigC,tw00587002,臺南市,0pt
1935,BigD,tw86808139,臺中市,0pt
1935,BigKao,tw68603791,桃園市,0pt
1935,BigPJackWei,tw53698784,臺中市,0pt
1935,BigWhite,tw65882158,臺南市,0pt
1935,BigYa,tw50236483,臺北市,0pt
1935,Bigboifai,tw18633103,高雄市,0pt
1935,Billy*,tw15399598,臺中市,0pt
1935,Bing,tw80146748,彰化縣,0pt
1935,Bishop,tw85098932,臺中市,0pt
1935,BlackHawk,tw92460559,新北市,0pt
1935,BlackPlume,tw42563834,新北市,0pt
1935,Blackwink,tw30410327,臺北市,0pt
1935,Blackyay,tw09270387,新北市,0pt
1935,Blastyunzhang,tw71290353,高雄市,0pt
1935,BloodChen,tw60617645,新竹市,0pt
1935,Bloodymoon,tw39803458,新北市,0pt
1935,Bo,tw97375355,臺北市,0pt
1935,Bo,tw66762557,高雄市,0pt
1935,Bob,tw83232026,新北市,0pt
1935,Bobby,tw02752748,臺中市,0pt
1935,Bogation,tw74600298,新竹縣,0pt
1935,Boji,tw51769075,臺北市,0pt
1935,Bokai,tw83428185,臺北市,0pt
1935,Bonbon,tw98988500,嘉義縣,0pt
1935,Bonnie,tw40670453,嘉義市,0pt
1935,Boru,tw16534363,高雄市,0pt
1935,BossLiao,tw19197302,臺中市,0pt
1935,Bossp,tw01135691,高雄市,0pt
1935,Box,tw67068763,臺中市,0pt
1935,Box23857104,tw07176664,雲林縣,0pt
1935,Boy,tw88965764,臺北市,0pt
1935,Boyi,tw44711953,臺中市,0pt
1935,Brady,tw40990178,彰化縣,0pt
1935,Bran,tw82303975,臺北市,0pt
1935,Brian,tw95034551,新北市,0pt
1935,Brian,tw03156683,新北市,0pt
1935,Brian,tw95716595,新北市,0pt
1935,Brian,tw23954927,臺北市,0pt
1935,Brian,tw83408103,苗栗縣,0pt
1935,Briannn02,tw33657637,高雄市,0pt
1935,Brown1001,tw11692924,新北市,0pt
1935,Bruce,tw25693414,新北市,0pt
1935,Bruce,tw50849384,臺中市,0pt
1935,BruceLiao,tw41261409,新北市,0pt
1935,Bryan,tw26839664,臺北市,0pt
1935,Bryson,tw03392852,臺北市,0pt
1935,BuXiangShangBan,tw14724293,臺北市,0pt
1935,Bubbleice,tw51632399,新竹市,0pt
1935,Budding,tw53822923,臺中市,0pt
1935,BugCatCapoo,tw32137727,高雄市,0pt
1935,BuraiARP,tw54609251,臺中市,0pt
1935,Buzz,tw99472554,新北市,0pt
1935,BwJAM,tw01803020,新北市,0pt
1935,C0MeT,tw82109498,新北市,0pt
1935,C8,tw95015058,新北市,0pt
1935,CA,tw75022184,臺北市,0pt
1935,CCCCCCCCCCCCCCCCCCCC,tw56927765,臺北市,0pt
1935,CH,tw12543260,臺中市,0pt
1935,CHANG,tw66127982,新北市,0pt
1935,"CHANG,CHEN-HSUN",tw15653353,臺中市,0pt
1935,CHEN,tw53434088,新竹市,0pt
1935,CHEN-MJ,tw25669437,桃園市,0pt
1935,CHENG,tw13183047,雲林縣,0pt
1935,CHENJUISHIANG,tw04237407,新北市,0pt
1935,CHENYUREN,tw03059419,新北市,0pt
1935,CHI-AN,tw37402193,臺中市,0pt
1935,CHIACHUAN,tw42255553,新北市,0pt
1935,CHII,tw86325245,彰化縣,0pt
1935,CHINBO,tw71099653,新北市,0pt
1935,CHOU-YU-TING,tw69852106,彰化縣,0pt
1935,CHU0830,tw29121826,臺中市,0pt
1935,CIOUGUANJIE,tw38672703,新北市,0pt
1935,CJhung,tw31162467,臺南市,0pt
1935,CLK,tw13399973,臺中市,0pt
1935,CM_魚丸,tw34192455,臺北市,0pt
1935,CTA,tw61821032,新北市,0pt
1935,CTS-MingYu,tw09964738,臺北市,0pt
1935,CTS_Col,tw05074368,高雄市,0pt
1935,CTS_龍龍,tw48633494,嘉義縣,0pt
1935,CTSin8,tw04473697,嘉義市,0pt
1935,CTT,tw62244327,新北市,0pt
1935,CURSE_阿霈,tw73508956,臺中市,0pt
1935,CYAN,tw58773478,臺南市,0pt
1935,CYL,tw53806573,臺北市,0pt
1935,CYO,tw87297973,臺中市,0pt
1935,CaBa,tw94442021,新北市,0pt
1935,Caelus,tw63238788,臺北市,0pt
1935,CallRicky,tw12573104,新北市,0pt
1935,Calvin,tw53674767,臺北市,0pt
1935,Calvin,tw70588343,臺南市,0pt
1935,Can,tw85587666,新北市,0pt
1935,Candice,tw16267084,彰化縣,0pt
1935,CappuccinoAssassino,tw59872698,嘉義市,0pt
1935,CarCar,tw17568327,新北市,0pt
1935,Carlchen,tw02006940,新北市,0pt
1935,CarolChu760,tw71976921,臺北市,0pt
1935,Carte,tw88149939,雲林縣,0pt
1935,Carter,tw40184814,彰化縣,0pt
1935,Casper,tw03580419,新北市,0pt
1935,Casper,tw59535829,臺北市,0pt
1935,Castorice,tw63062500,新北市,0pt
1935,Cchien,tw74088159,新北市,0pt
1935,Ccyy,tw23295415,桃園市,0pt
1935,Ch1uW318,tw24459657,新北市,0pt
1935,Chaewon,tw42210389,宜蘭縣,0pt
1935,Chance,tw78671586,高雄市,0pt
1935,Chang,tw73704006,臺北市,0pt
1935,Chang-Chien,tw22775249,高雄市,0pt
1935,Changchaichen,tw77497192,臺中市,0pt
1935,Chani's_dog,tw19454990,高雄市,0pt
1935,Charles,tw17044113,臺中市,0pt
1935,Charlie,tw90239169,臺北市,0pt
1935,Charlie,tw26188159,高雄市,0pt
1935,Che,tw40046858,臺中市,0pt
1935,Chen,tw86112580,新北市,0pt
1935,ChenJeffery,tw74417409,高雄市,0pt
1935,Chenbone,tw82298693,臺北市,0pt
1935,Cheng,tw04150698,新北市,0pt
1935,Cheng,tw61755902,桃園市,0pt
1935,Cheng,tw45019886,高雄市,0pt
1935,ChengLiKai,tw94157056,臺北市,0pt
1935,Chengcheng,tw98718924,臺北市,0pt
1935,Chengning,tw54685801,新竹縣,0pt
1935,Chengxun,tw76821396,新北市,0pt
1935,Chenjing,tw93524726,臺南市,0pt
1935,Chenlele,tw01862233,高雄市,0pt
1935,Chester,tw94745540,新北市,0pt
1935,Chi,tw80323677,桃園市,0pt
1935,Chi7,tw65407364,臺北市,0pt
1935,ChiChi,tw04777213,新北市,0pt
1935,ChiWei,tw97326239,新北市,0pt
1935,Chia,tw37439558,新北市,0pt
1935,Chia-Hsiang,tw67629454,宜蘭縣,0pt
1935,Chiang,tw37216567,新北市,0pt
1935,Chianlin,tw43501171,臺北市,0pt
1935,Chieh,tw06654484,新北市,0pt
1935,Chien,tw30251033,臺北市,0pt
1935,ChiffonSky,tw01965627,臺北市,0pt
1935,Chihua,tw60727272,彰化縣,0pt
1935,Chiiyi621,tw81010850,臺北市,0pt
1935,Chinchin,tw32172391,新北市,0pt
1935,Chiu,tw49366104,臺南市,0pt
1935,Chiyuri,tw78028510,新北市,0pt
1935,Chloe,tw14593412,新北市,0pt
1935,Chris,tw99747326,新北市,0pt
1935,Chris,tw28923463,新北市,0pt
1935,Chris,tw75050830,臺北市,0pt
1935,Chrisss,tw66394912,新北市,0pt
1935,Christa,tw53631761,臺北市,0pt
1935,Christian,tw36694163,高雄市,0pt
1935,ChristmasLin,tw64258184,臺南市,0pt
1935,Chu-Ze,tw96420409,新北市,0pt
1935,Chu-en,tw27851848,新竹縣,0pt
1935,ChuDaoBao,tw73666172,臺北市,0pt
1935,Chuang605,tw60888189,臺中市,0pt
1935,Chun,tw56513589,屏東縣,0pt
1935,Chun,tw15566743,新竹市,0pt
1935,Chun,tw91764650,桃園市,0pt
1935,Chung,tw60937564,高雄市,0pt
1935,ChunkIt,tw81593612,其它地區,0pt
1935,Chunmander,tw03389371,臺北市,0pt
1935,Churuhana94092,tw09586247,臺中市,0pt
1935,Chuuuuuu,tw70391471,臺中市,0pt
1935,Chuxin,tw52204175,臺北市,0pt
1935,Cider,tw56671589,新竹市,0pt
1935,Cincin,tw86193760,新北市,0pt
1935,Cindy,tw38507572,高雄市,0pt
1935,Cinnie,tw88109066,臺北市,0pt
1935,CityShower,tw81806985,新北市,0pt
1935,Clara,tw54142450,臺北市,0pt
1935,Clef,tw57899850,桃園市,0pt
1935,Cloudless,tw77269464,桃園市,0pt
1935,Cnnn,tw12215448,雲林縣,0pt
1935,Coco,tw94490217,新北市,0pt
1935,Cocoa,tw92980553,新北市,0pt
1935,Coffee,tw91522380,宜蘭縣,0pt
1935,ColDIcE,tw37477215,桃園市,0pt
1935,Cola,tw96830881,臺北市,0pt
1935,Coliery,tw70061764,臺中市,0pt
1935,Collector,tw73501644,新北市,0pt
1935,Conxun,tw87532780,高雄市,0pt
1935,Cookie,tw78195912,新北市,0pt
1935,CoolArcher,tw44797869,新北市,0pt
1935,Corgi,tw34029631,臺北市,0pt
1935,CornXDD,tw01598830,新北市,0pt
1935,CowWu,tw40794738,臺北市,0pt
1935,CrazyWolf,tw69307901,臺北市,0pt
1935,Crescent,tw97939302,臺中市,0pt
1935,Crimson,tw83686423,新北市,0pt
1935,Crixus,tw13244443,新北市,0pt
1935,Crystal,tw17935528,桃園市,0pt
1935,Cube,tw13147112,基隆市,0pt
1935,CurtisChen,tw92975484,新北市,0pt
1935,Cuss,tw69109856,新北市,0pt
1935,CutePin,tw36220664,臺北市,0pt
1935,Cyrilyao,tw60751700,新北市,0pt
1935,D,tw35780178,新竹市,0pt
1935,DAMON,tw29793950,新北市,0pt
1935,DC,tw76326799,新北市,0pt
1935,DC,tw72029068,桃園市,0pt
1935,DCNo.1,tw51277909,桃園市,0pt
1935,DD,tw92800431,臺北市,0pt
1935,DDR,tw07655470,新竹市,0pt
1935,DDomg,tw71618785,新北市,0pt
1935,DDwhale,tw50434082,臺南市,0pt
1935,DENNIS,tw62837063,新北市,0pt
1935,DG,tw03628114,高雄市,0pt
1935,DK,tw77692063,宜蘭縣,0pt
1935,DKxMonster,tw90089952,新北市,0pt
1935,DODONG,tw71493841,桃園市,0pt
1935,DT,tw82068943,新北市,0pt
1935,"DU,JUN,LIANG",tw60490031,臺中市,0pt
1935,DUKE,tw11790290,新北市,0pt
1935,DV,tw75994771,臺中市,0pt
1935,DZW,tw61878437,新竹市,0pt
1935,Da,tw55849483,新北市,0pt
1935,Da,tw82294820,新北市,0pt
1935,Daihu,tw16370693,臺南市,0pt
1935,Daiki,tw68414131,高雄市,0pt
1935,Daitung69,tw17453360,臺南市,0pt
1935,Daniel,tw31039299,新竹市,0pt
1935,Daniel.L,tw27404860,新北市,0pt
1935,Daniml,tw37612022,基隆市,0pt
1935,Danis,tw14301199,新竹縣,0pt
1935,Danny,tw04451960,新北市,0pt
1935,Danny,tw87970453,新竹縣,0pt
1935,DannyMendoza,tw10437081,臺北市,0pt
1935,Dante,tw81010565,臺南市,0pt
1935,Dantime,tw69807733,臺北市,0pt
1935,Daren,tw41807266,新北市,0pt
1935,Darenlly,tw49170787,臺中市,0pt
1935,Dark,tw66980750,臺南市,0pt
1935,Darker,tw88297278,新北市,0pt
1935,Darkshadow,tw41579058,臺中市,0pt
1935,Darky:3,tw41320634,臺中市,0pt
1935,Darrn,tw28361654,高雄市,0pt
1935,Data,tw35468962,臺北市,0pt
1935,Dave,tw58282540,新北市,0pt
1935,David,tw04156058,新北市,0pt
1935,David,tw87034195,新北市,0pt
1935,David,tw03798176,臺北市,0pt
1935,David,tw08451687,臺北市,0pt
1935,David,tw40786209,臺北市,0pt
1935,David,tw95288058,高雄市,0pt
1935,David123456789,tw37123816,桃園市,0pt
1935,DavidLiou,tw96861282,新北市,0pt
1935,Daybreak,tw48204949,新北市,0pt
1935,Deadpool40448,tw86769937,臺中市,0pt
1935,Dean,tw16612986,臺北市,0pt
1935,Dearus,tw48250347,臺中市,0pt
1935,Decade,tw82232172,宜蘭縣,0pt
1935,Delete_No.13,tw46706280,臺中市,0pt
1935,Delver,tw11923657,臺北市,0pt
1935,Demon0713,tw99812642,新北市,0pt
1935,Denny,tw80797938,新竹市,0pt
1935,Derio,tw76051677,臺北市,0pt
1935,Dermo,tw07030198,新北市,0pt
1935,Desfora,tw14730505,臺北市,0pt
1935,Dfg,tw45034328,高雄市,0pt
1935,DiDiLong,tw12836084,苗栗縣,0pt
1935,Ding,tw40001100,新北市,0pt
1935,Ding,tw16442131,臺北市,0pt
1935,Dingding,tw52268618,桃園市,0pt
1935,Dingding0108,tw77246209,臺北市,0pt
1935,Dino,tw85460921,高雄市,0pt
1935,Dinxian,tw26460940,新北市,0pt
1935,Dio,tw21044260,臺北市,0pt
1935,Dipped,tw24975940,彰化縣,0pt
1935,Ditto,tw70761465,臺中市,0pt
1935,DoctorX,tw15184854,臺北市,0pt
1935,Doda,tw25540080,臺北市,0pt
1935,Doff,tw16919638,新北市,0pt
1935,DogGameDogPlay,tw07182365,新北市,0pt
1935,Dohua,tw14770717,新北市,0pt
1935,Dolong,tw06476226,臺北市,0pt
1935,Dolu,tw17137276,臺中市,0pt
1935,DonDon,tw03683406,新北市,0pt
1935,DongDong,tw02541679,新北市,0pt
1935,DongDong,tw93248419,新北市,0pt
1935,DongLian,tw63351903,臺南市,0pt
1935,Dongdingdong,tw73206042,桃園市,0pt
1935,Dongyu,tw02812396,高雄市,0pt
1935,DoomCrows,tw54802178,臺中市,0pt
1935,DouDouGe(0v0),tw56796567,高雄市,0pt
1935,DoubleQuotationMark,tw90844603,臺北市,0pt
1935,DoubleStandardsBear,tw23649439,新北市,0pt
1935,Doug,tw03129244,臺北市,0pt
1935,DrMilker,tw44512701,臺北市,0pt
1935,Dragapult,tw09139790,高雄市,0pt
1935,Dreamcat,tw51725698,屏東縣,0pt
1935,DuDu030,tw59014571,高雄市,0pt
1935,Duajd,tw53367475,新北市,0pt
1935,Duck,tw38464185,新北市,0pt
1935,Duffy,tw60053997,新北市,0pt
1935,DukeJudas,tw52565794,桃園市,0pt
1935,Dy,tw23520333,高雄市,0pt
1935,E.Z,tw64494394,桃園市,0pt
1935,E1ton,tw44721945,花蓮縣,0pt
1935,EAuu,tw96454695,新北市,0pt
1935,EIZAX,tw04667144,新北市,0pt
1935,EL,tw00918141,新北市,0pt
1935,ELIAS,tw84289067,宜蘭縣,0pt
1935,ENENEN,tw17763984,新北市,0pt
1935,EYPYen,tw02721842,新北市,0pt
1935,Eason,tw11103778,嘉義市,0pt
1935,Eason,tw21898917,新北市,0pt
1935,Eason,tw16416129,新竹縣,0pt
1935,Eason,tw20151809,桃園市,0pt
1935,Eason,tw61391431,臺南市,0pt
1935,Eason270494,tw25449113,新竹縣,0pt
1935,Eatingwww,tw53619485,臺北市,0pt
1935,Echo,tw10479051,臺中市,0pt
1935,Eckes,tw07327311,新北市,0pt
1935,Edden,tw99583032,高雄市,0pt
1935,Eden,tw03628438,臺北市,0pt
1935,Edenfox,tw17255018,新北市,0pt
1935,Edison,tw60440420,宜蘭縣,0pt
1935,Edward,tw30500137,新北市,0pt
1935,Edward,tw66961355,新北市,0pt
1935,Edward,tw57251399,臺中市,0pt
1935,Edward,tw44806487,花蓮縣,0pt
1935,Edwards,tw17883013,屏東縣,0pt
1935,EeEe-Lee,tw14423244,基隆市,0pt
1935,Eiji,tw08187374,其它地區,0pt
1935,Ejehyssh,tw77637602,臺北市,0pt
1935,Elaina,tw69298144,臺中市,0pt
1935,Ellismotocross,tw02791820,新北市,0pt
1935,Elly,tw59405542,新北市,0pt
1935,Elmo,tw76575482,高雄市,0pt
1935,Emrys,tw31114296,新北市,0pt
1935,Enya,tw03955079,高雄市,0pt
1935,Enzo,tw25251502,高雄市,0pt
1935,Eraintattoo,tw45026885,高雄市,0pt
1935,Eric,tw35670106,新北市,0pt
1935,Eric,tw87052338,新北市,0pt
1935,Eric,tw43231258,新竹縣,0pt
1935,Eric,tw08344688,臺北市,0pt
1935,Eric,tw21936189,臺北市,0pt
1935,Eric0804,tw46041497,新竹市,0pt
1935,Eric906180,tw28003917,臺中市,0pt
1935,EricChiang,tw25395971,高雄市,0pt
1935,EricJu,tw92858474,臺中市,0pt
1935,Erica,tw47612491,臺北市,0pt
1935,Ericzzz,tw81157414,臺北市,0pt
1935,Erida,tw08762709,新北市,0pt
1935,Erika,tw25764930,彰化縣,0pt
1935,Erin,tw93099595,新北市,0pt
1935,Ernie,tw50030501,新北市,0pt
1935,Error,tw64956851,臺北市,0pt
1935,Eternal,tw99611234,新北市,0pt
1935,Eternal,tw13115560,臺中市,0pt
1935,Ethan,tw18703209,新竹市,0pt
1935,Ethan,tw82782838,新竹縣,0pt
1935,Ethan,tw00938675,臺北市,0pt
1935,EthiopiaGu,tw25481775,新北市,0pt
1935,Eva,tw55957559,新北市,0pt
1935,Evan42227,tw69572482,臺中市,0pt
1935,EvanWeee,tw16795973,新北市,0pt
1935,Evanna0730,tw55735032,苗栗縣,0pt
1935,Evvvva,tw71920630,臺北市,0pt
1935,Exctkro,tw77277507,屏東縣,0pt
1935,Expelliarmus,tw04547239,新北市,0pt
1935,Ezio,tw55734361,臺北市,0pt
1935,FELIX,tw01006957,臺北市,0pt
1935,FK,tw61302767,桃園市,0pt
1935,FMgoogle,tw55715183,臺北市,0pt
1935,FONG,tw63732641,新北市,0pt
1935,FUN,tw22670530,新北市,0pt
1935,FZXH,tw65608113,苗栗縣,0pt
1935,F_.bch,tw98903852,臺北市,0pt
1935,Fa,tw76560776,臺北市,0pt
1935,Faci,tw38893297,高雄市,0pt
1935,Fai,tw40449668,桃園市,0pt
1935,Fairyrabbit,tw09877875,臺中市,0pt
1935,Farabbit,tw54789849,臺中市,0pt
1935,FatCat,tw14031184,南投縣,0pt
1935,Fatcat1286,tw01919513,臺北市,0pt
1935,Fatpig,tw61376142,桃園市,0pt
1935,Fdf,tw80788382,高雄市,0pt
1935,Fed,tw79563218,新北市,0pt
1935,Fei,tw05331566,新北市,0pt
1935,Fei,tw37239017,臺南市,0pt
1935,Fei,tw03834517,高雄市,0pt
1935,Fei,tw51478521,高雄市,0pt
1935,FelixChen,tw69557512,臺中市,0pt
1935,Feng,tw12168242,高雄市,0pt
1935,FengChi,tw67375770,新北市,0pt
1935,Feng_bai,tw87249890,基隆市,0pt
1935,Fengyuyu,tw48772711,臺北市,0pt
1935,Fff,tw05968456,新竹市,0pt
1935,Fideo,tw64609097,新北市,0pt
1935,Fidough,tw12119695,新北市,0pt
1935,FinalRuler,tw66369316,臺北市,0pt
1935,Fiona,tw49084019,臺南市,0pt
1935,Fire,tw09000827,南投縣,0pt
1935,Fire,tw69664019,新北市,0pt
1935,Fish,tw21270129,嘉義縣,0pt
1935,Fish,tw31259305,臺北市,0pt
1935,Fishray,tw37263134,新北市,0pt
1935,FiveCookie,tw03380459,臺北市,0pt
1935,Flyer,tw38199554,臺南市,0pt
1935,Fmoon,tw09642902,桃園市,0pt
1935,FonFon,tw40313826,高雄市,0pt
1935,Fox1025,tw17643552,苗栗縣,0pt
1935,Foxiezxx,tw56416986,桃園市,0pt
1935,Fq,tw53562571,臺北市,0pt
1935,Frank,tw23702945,新北市,0pt
1935,Frank,tw51660301,臺北市,0pt
1935,Frank,tw88842388,臺北市,0pt
1935,Frank,tw97836002,臺北市,0pt
1935,FreeDon,tw84410483,新北市,0pt
1935,Freedom,tw78878725,臺北市,0pt
1935,Froppy,tw52488439,新北市,0pt
1935,Funky,tw16510970,新北市,0pt
1935,Funny,tw74205074,新北市,0pt
1935,FurrengSheng,tw90301935,臺南市,0pt
1935,G-NISAMAN,tw31407319,臺北市,0pt
1935,G0,tw41371419,臺北市,0pt
1935,G012345,tw04733811,臺中市,0pt
1935,G9,tw33146969,臺北市,0pt
1935,GB,tw65251867,嘉義縣,0pt
1935,GBR,tw91218207,新北市,0pt
1935,GE,tw47563643,新北市,0pt
1935,GGenga,tw44505387,臺北市,0pt
1935,GHG_Jason,tw85730955,新北市,0pt
1935,GHG_Nen,tw63277034,新北市,0pt
1935,GHG_dogdog,tw74191462,新北市,0pt
1935,GJ,tw20707479,新北市,0pt
1935,GLABA_Master,tw99732460,臺中市,0pt
1935,GMS_coffee,tw61254273,新竹縣,0pt
1935,GMS_leaf.is.gay,tw82756336,新北市,0pt
1935,GP,tw82294390,桃園市,0pt
1935,GP520,tw15647526,桃園市,0pt
1935,GRFViper,tw09350304,新北市,0pt
1935,G_Kai,tw84877375,臺南市,0pt
1935,GaU,tw54351682,臺中市,0pt
1935,GabrielKeigo,tw38822696,新北市,0pt
1935,Gaffey,tw27406388,新竹縣,0pt
1935,Gakki,tw27934473,臺北市,0pt
1935,Gameboy,tw00390275,臺北市,0pt
1935,GaminBlackSen,tw25926454,臺北市,0pt
1935,GanbatteJain,tw30914095,臺北市,0pt
1935,Gaobing,tw75162744,臺北市,0pt
1935,Gardevoir,tw10613788,桃園市,0pt
1935,Gary,tw30399570,臺北市,0pt
1935,Gary,tw81749749,臺北市,0pt
1935,Gary,tw59135727,高雄市,0pt
1935,Geats,tw64218545,高雄市,0pt
1935,Gelatoni,tw06554451,新北市,0pt
1935,Gen,tw78566521,新北市,0pt
1935,Gene,tw93613594,臺中市,0pt
1935,Genster,tw76937193,臺北市,0pt
1935,George,tw01268445,高雄市,0pt
1935,GeraltOfRivia,tw10166694,臺北市,0pt
1935,Gerry,tw43487757,臺北市,0pt
1935,Gginin,tw26935289,新竹縣,0pt
1935,Gin,tw26623642,新北市,0pt
1935,Gin,tw82030081,新竹縣,0pt
1935,Gina,tw66789230,高雄市,0pt
1935,Ginkaze,tw87510596,臺北市,0pt
1935,Giotto,tw59735925,基隆市,0pt
1935,Glat,tw28234025,臺北市,0pt
1935,God-hand,tw72139385,臺北市,0pt
1935,Goelang,tw22918759,高雄市,0pt
1935,Gold,tw04793580,高雄市,0pt
1935,Gordan,tw83160193,新北市,0pt
1935,Gorden,tw09358402,臺北市,0pt
1935,Gr,tw89694718,臺南市,0pt
1935,Gray,tw45137312,臺中市,0pt
1935,Green,tw48077566,高雄市,0pt
1935,GreenleafCat,tw36533370,桃園市,0pt
1935,Greg,tw64584955,臺北市,0pt
1935,Grey,tw38556612,臺中市,0pt
1935,Grief,tw02920125,新北市,0pt
1935,GuGuBear,tw84604915,臺北市,0pt
1935,GuUing,tw94081003,臺南市,0pt
1935,Guaga,tw99086788,臺北市,0pt
1935,Guang,tw10255119,新北市,0pt
1935,Guavakiller3310,tw46147897,新竹市,0pt
1935,Gumayoshi,tw25439887,新北市,0pt
1935,Gundamwar,tw44505832,臺南市,0pt
1935,Guo,tw87417788,彰化縣,0pt
1935,GuoGuoCat,tw55180213,新北市,0pt
1935,H,tw07286366,新北市,0pt
1935,HAKU,tw74422701,臺北市,0pt
1935,HANJI,tw25529713,臺中市,0pt
1935,HANYIN,tw05130167,新北市,0pt
1935,HAO,tw41148001,臺中市,0pt
1935,HAO,tw48830831,臺中市,0pt
1935,HAOHAO0815,tw14171698,臺北市,0pt
1935,HEDGEHOG,tw31076309,高雄市,0pt
1935,HERO,tw32107640,新北市,0pt
1935,HETARu,tw28605165,臺北市,0pt
1935,HIKOHIRO,tw90671632,臺北市,0pt
1935,HSIEH_CHIN,tw17745432,新北市,0pt
1935,HSUAN,tw59747760,臺北市,0pt
1935,HSUPUHAO,tw86002728,新北市,0pt
1935,HUA,tw09239240,臺北市,0pt
1935,HUA,tw02676259,高雄市,0pt
1935,HUANG,tw15028008,臺北市,0pt
1935,HUNG,tw41687744,新北市,0pt
1935,HUNG,tw49948301,雲林縣,0pt
1935,HW,tw65539259,嘉義縣,0pt
1935,HYK369,tw12605141,臺北市,0pt
1935,HaHa,tw50841430,新北市,0pt
1935,Hachamachama,tw46024308,臺北市,0pt
1935,Hachi,tw34674698,臺中市,0pt
1935,Hachiken,tw40797554,臺北市,0pt
1935,Hadessss,tw16620659,新北市,0pt
1935,HahahaUCCU,tw62049060,桃園市,0pt
1935,HamNEgg,tw91401345,臺南市,0pt
1935,Han,tw16809008,新北市,0pt
1935,Han,tw58136529,高雄市,0pt
1935,HanBo,tw60989463,臺中市,0pt
1935,HanK,tw90562985,新北市,0pt
1935,Hanasaki0717,tw36936147,臺北市,0pt
1935,HandsUp,tw29482945,高雄市,0pt
1935,HandsomeBoy,tw72306145,臺北市,0pt
1935,HandsomePig,tw60269507,新北市,0pt
1935,Hank,tw06683478,新北市,0pt
1935,Hank,tw66754298,新北市,0pt
1935,Hank,tw82231090,新北市,0pt
1935,Hank,tw16648201,桃園市,0pt
1935,Hank,tw88111381,高雄市,0pt
1935,HankTwinkle,tw19292968,臺北市,0pt
1935,Hankcong,tw36448872,桃園市,0pt
1935,Hans,tw75604705,宜蘭縣,0pt
1935,Hans,tw35967803,新北市,0pt
1935,Hanzhong,tw88009114,臺南市,0pt
1935,Hao,tw20185960,宜蘭縣,0pt
1935,Hao,tw70677586,新北市,0pt
1935,Hao,tw63518115,新北市,0pt
1935,Hao,tw65554336,臺北市,0pt
1935,Hao,tw49729412,臺南市,0pt
1935,Hao,tw94430133,高雄市,0pt
1935,Hao0322,tw49810288,新北市,0pt
1935,Hao0517,tw33127173,新北市,0pt
1935,Haohao,tw97494603,臺北市,0pt
1935,Haoto,tw12168216,高雄市,0pt
1935,Happy74527,tw19201742,新北市,0pt
1935,HappySeal,tw19879640,新北市,0pt
1935,Harold,tw80424567,臺北市,0pt
1935,Haruhi,tw66096970,臺南市,0pt
1935,Harvey,tw35693064,新北市,0pt
1935,Hats,tw97135541,新北市,0pt
1935,Hatsuki,tw85022152,新北市,0pt
1935,HauLiHi,tw34867738,高雄市,0pt
1935,Hayden,tw63190942,臺南市,0pt
1935,HeHe,tw48487071,新北市,0pt
1935,Hechen,tw84399770,臺北市,0pt
1935,Hehe,tw56911919,新北市,0pt
1935,Heng,tw45054133,臺北市,0pt
1935,Henry,tw91010411,新北市,0pt
1935,Henry,tw33502296,臺中市,0pt
1935,Henry,tw46988798,臺北市,0pt
1935,Henry,tw71144761,臺北市,0pt
1935,Henry,tw15004326,花蓮縣,0pt
1935,Hermes,tw77029532,新北市,0pt
1935,Hero,tw41677454,臺中市,0pt
1935,Herz,tw64796373,臺北市,0pt
1935,Hey_Carryonwithu,tw11481352,彰化縣,0pt
1935,Hi-Trista,tw07964195,高雄市,0pt
1935,HiHiHO,tw75200521,臺南市,0pt
1935,Hian,tw57884083,桃園市,0pt
1935,Hikaru,tw66532409,高雄市,0pt
1935,Hill3320,tw37100379,高雄市,0pt
1935,Hino,tw13956718,基隆市,0pt
1935,Hiroko,tw97155025,新北市,0pt
1935,Ho22bye,tw02731789,新北市,0pt
1935,HollowWin,tw49778723,桃園市,0pt
1935,HoneyLemonade,tw22764955,臺北市,0pt
1935,Hong,tw92857630,臺中市,0pt
1935,"Hong-li,Yuan",tw14610096,臺北市,0pt
1935,HoooooootJ,tw14283344,新竹市,0pt
1935,Hoostie,tw72346101,臺南市,0pt
1935,Hopeful,tw12156281,新北市,0pt
1935,HorseHeadH,tw52665946,高雄市,0pt
1935,Hotaru,tw24994414,新北市,0pt
1935,HouyaTsuki,tw98689484,新北市,0pt
1935,Howard,tw89950272,彰化縣,0pt
1935,Howard,tw85105820,桃園市,0pt
1935,Howard,tw75273670,高雄市,0pt
1935,Howard0921,tw39025591,桃園市,0pt
1935,Howard1217,tw59649267,新北市,0pt
1935,Howard_uncle,tw78460830,桃園市,0pt
1935,Hower,tw26657514,新北市,0pt
1935,Howyunyu,tw42938387,臺北市,0pt
1935,Hsan,tw74692579,雲林縣,0pt
1935,Hsiang,tw29042634,臺中市,0pt
1935,Hsiang6666,tw97918724,新北市,0pt
1935,Hsien,tw11729203,臺北市,0pt
1935,Hsin,tw22338524,基隆市,0pt
1935,Hsin,tw34083466,新北市,0pt
1935,Hsin,tw16139862,新竹縣,0pt
1935,Hsu5211,tw99582035,臺北市,0pt
1935,HsuNingWei,tw96759414,彰化縣,0pt
1935,Hsuan,tw56855486,新北市,0pt
1935,Hsun,tw07853734,臺中市,0pt
1935,Hu,tw47920747,臺北市,0pt
1935,HuaLiuLiuHuaHua,tw30570837,臺北市,0pt
1935,Huai,tw48298566,桃園市,0pt
1935,Huan,tw07294707,澎湖縣,0pt
1935,HuangQinzhe,tw28758087,臺南市,0pt
1935,Huei,tw30671189,新竹縣,0pt
1935,Hugh,tw61543293,基隆市,0pt
1935,Hugh,tw04175214,新北市,0pt
1935,HuginXue,tw21225588,臺南市,0pt
1935,Huhu,tw32490198,苗栗縣,0pt
1935,HungYiTeng,tw77347629,臺北市,0pt
1935,Husky,tw34635989,宜蘭縣,0pt
1935,HuskyH,tw82346692,新竹縣,0pt
1935,Huu,tw09900505,臺北市,0pt
1935,Huyue0611,tw78339294,臺北市,0pt
1935,Huyuhao,tw72275547,桃園市,0pt
1935,Hyder,tw65072216,屏東縣,0pt
1935,Hydra,tw18490872,新北市,0pt
1935,Hydra,tw52962314,臺北市,0pt
1935,Hyx047,tw57226331,苗栗縣,0pt
1935,IANO,tw42036268,高雄市,0pt
1935,ICE_dice,tw54972642,高雄市,0pt
1935,ICHUNGYU,tw33171961,彰化縣,0pt
1935,ICU,tw41434515,新北市,0pt
1935,IE,tw20157134,新北市,0pt
1935,IJohn,tw70114023,臺南市,0pt
1935,IKEA,tw81372614,新北市,0pt
1935,INoRi,tw17519285,臺北市,0pt
1935,ITACHI,tw66933981,臺中市,0pt
1935,Ian,tw39700335,宜蘭縣,0pt
1935,Ian,tw61167133,新竹縣,0pt
1935,Ianchen,tw99108766,雲林縣,0pt
1935,Iavn5566,tw47149683,新北市,0pt
1935,Ibarakiz,tw09738779,新北市,0pt
1935,Ice,tw45423273,高雄市,0pt
1935,IceTia,tw16163867,臺中市,0pt
1935,Icelan,tw19306879,臺北市,0pt
1935,IchiKa,tw54097599,臺中市,0pt
1935,Ika,tw32778273,新北市,0pt
1935,IsaacHuang,tw55471298,臺北市,0pt
1935,Itsuki618,tw76756661,臺北市,0pt
1935,J,tw46718447,臺北市,0pt
1935,J0,tw51012524,臺北市,0pt
1935,JA,tw18856668,新北市,0pt
1935,JACK,tw27715674,桃園市,0pt
1935,JACK,tw02110034,臺北市,0pt
1935,JACK,tw86615777,臺南市,0pt
1935,JACKTERRA,tw01906504,臺北市,0pt
1935,JC,tw76870999,臺北市,0pt
1935,JDM_WRX19,tw57080446,臺南市,0pt
1935,JDON,tw09713596,桃園市,0pt
1935,JHGFDS,tw31138283,高雄市,0pt
1935,JIA,tw83983042,桃園市,0pt
1935,JIAJUN64,tw06616759,苗栗縣,0pt
1935,"JIAN,WEI-ZHE",tw45967748,新北市,0pt
1935,JIAWEI,tw44797636,臺北市,0pt
1935,JIN,tw95985784,新北市,0pt
1935,JIN,tw68503491,桃園市,0pt
1935,JIN,tw81901482,桃園市,0pt
1935,JJ-Hsu,tw84146773,桃園市,0pt
1935,JJ.SHEN,tw97497767,新北市,0pt
1935,JKRolling,tw76368277,新竹縣,0pt
1935,JM2,tw00558803,雲林縣,0pt
1935,JOEY,tw04624907,新北市,0pt
1935,JOJO,tw82104896,花蓮縣,0pt
1935,JS,tw80824959,新北市,0pt
1935,JT,tw03701440,嘉義市,0pt
1935,JTR,tw36733825,臺北市,0pt
1935,JYD,tw93746877,新竹市,0pt
1935,JYHSU,tw49759795,新北市,0pt
1935,JYN,tw57999790,高雄市,0pt
1935,Jack,tw41589480,新北市,0pt
1935,Jack,tw87892507,臺中市,0pt
1935,Jack,tw05498557,臺北市,0pt
1935,Jack,tw14191493,臺北市,0pt
1935,Jack,tw41590413,臺北市,0pt
1935,Jack,tw24259788,臺南市,0pt
1935,Jack9904,tw40542376,新北市,0pt
1935,Jackal,tw89827176,桃園市,0pt
1935,Jackie,tw96928095,桃園市,0pt
1935,Jackson,tw65159079,新竹縣,0pt
1935,Jacky,tw64593665,新北市,0pt
1935,Jacky,tw65755346,新北市,0pt
1935,Jacky,tw02514063,新北市,0pt
1935,Jacky,tw78628290,新北市,0pt
1935,Jacky,tw82751826,新北市,0pt
1935,Jacky,tw55556459,桃園市,0pt
1935,Jacky,tw70924903,臺中市,0pt
1935,Jacky,tw76377702,臺北市,0pt
1935,Jacky,tw65373620,臺南市,0pt
1935,Jacky_Lin,tw49321312,基隆市,0pt
1935,Jaguapia,tw87564873,臺北市,0pt
1935,Jaime,tw84374397,臺南市,0pt
1935,Jake,tw07638868,臺北市,0pt
1935,James,tw58359240,彰化縣,0pt
1935,James,tw38409630,臺北市,0pt
1935,James,tw55356176,臺北市,0pt
1935,James00789012,tw30268610,新北市,0pt
1935,James10516,tw02284151,宜蘭縣,0pt
1935,James701224,tw53981223,新竹縣,0pt
1935,Jamesbomb,tw42926927,新北市,0pt
1935,JamieChen,tw05908621,臺北市,0pt
1935,JanTan,tw83391840,新竹縣,0pt
1935,Jane,tw42764539,臺北市,0pt
1935,Jared,tw19153339,臺中市,0pt
1935,Jasheng,tw90636054,新竹市,0pt
1935,Jason,tw72114925,屏東縣,0pt
1935,Jason,tw40581185,新北市,0pt
1935,Jason,tw62709339,新北市,0pt
1935,Jason,tw75883201,臺中市,0pt
1935,Jason,tw74685122,臺北市,0pt
1935,Jason,tw77721211,臺北市,0pt
1935,Jason,tw38151105,高雄市,0pt
1935,Jason1029,tw07596765,臺北市,0pt
1935,JasonHSU,tw84507742,苗栗縣,0pt
1935,JasonHsiao,tw04014044,新北市,0pt
1935,JasonT,tw24120065,高雄市,0pt
1935,Jasoncat168,tw24647235,宜蘭縣,0pt
1935,Jasonkidd,tw41291723,臺南市,0pt
1935,JasperHuang,tw97488014,彰化縣,0pt
1935,JasynKean,tw85970570,臺北市,0pt
1935,Jay,tw70309205,新北市,0pt
1935,Jay,tw93106233,臺中市,0pt
1935,Jaymomotea,tw72933933,臺北市,0pt
1935,Jc,tw24882698,新北市,0pt
1935,Jcmaxmax,tw72318939,臺北市,0pt
1935,Jedilin,tw38697785,桃園市,0pt
1935,Jeff,tw48312378,彰化縣,0pt
1935,Jeff,tw62731964,彰化縣,0pt
1935,Jeff,tw24610691,新北市,0pt
1935,Jeff,tw29628916,新北市,0pt
1935,Jeff,tw95533931,桃園市,0pt
1935,Jenny,tw72370662,新北市,0pt
1935,JeremyLing1111,tw62068987,臺北市,0pt
1935,Jerry,tw54458999,新北市,0pt
1935,Jerry,tw65807668,桃園市,0pt
1935,Jerry1007,tw56403821,臺中市,0pt
1935,Jerry1022,tw30979916,嘉義縣,0pt
1935,JerryLin,tw58295578,新北市,0pt
1935,JerrySC,tw04969115,高雄市,0pt
1935,JerryTo,tw14120018,臺中市,0pt
1935,JerryWang,tw11877179,新竹縣,0pt
1935,Jerry_Hsu,tw54271804,基隆市,0pt
1935,Jerrylin,tw71131892,新北市,0pt
1935,Jess,tw12529691,桃園市,0pt
1935,Jesse,tw05539026,臺北市,0pt
1935,Jessica,tw43617816,桃園市,0pt
1935,JessieYAN,tw06359994,臺北市,0pt
1935,Jia,tw10495514,高雄市,0pt
1935,Jiaguegue,tw26974389,臺北市,0pt
1935,JiangZemin,tw31938358,嘉義市,0pt
1935,Jiazhen,tw06467152,臺北市,0pt
1935,Jim,tw77951431,新竹市,0pt
1935,Jimibao,tw65839282,臺中市,0pt
1935,Jimmy,tw93051490,新竹市,0pt
1935,Jimmy,tw58480238,臺北市,0pt
1935,JimmyLee,tw02411618,臺北市,0pt
1935,Jimmy_Li,tw80559433,新北市,0pt
1935,Jimmylin,tw87798331,彰化縣,0pt
1935,Jimmyshih,tw00557355,新竹市,0pt
1935,Jimmywang,tw41527731,臺北市,0pt
1935,Jin.,tw53727035,高雄市,0pt
1935,JinchiOuOb,tw52749672,臺北市,0pt
1935,Jituei,tw17155235,臺北市,0pt
1935,Jlee,tw56800119,臺北市,0pt
1935,JoJo,tw92446125,新北市,0pt
1935,JoMitchell,tw67998778,新北市,0pt
1935,Joan,tw20737045,新竹市,0pt
1935,Joanna,tw68317029,臺北市,0pt
1935,Jocedream,tw60757708,苗栗縣,0pt
1935,Joestar,tw94772753,新北市,0pt
1935,John,tw37442681,新北市,0pt
1935,John,tw76274877,桃園市,0pt
1935,John,tw77628281,臺中市,0pt
1935,John,tw26118929,臺南市,0pt
1935,Johnny,tw16354367,臺北市,0pt
1935,JohnnyBo,tw81460855,臺北市,0pt
1935,Johnnygod,tw56992818,苗栗縣,0pt
1935,Johnson,tw76350895,臺北市,0pt
1935,JohnsonLee,tw72561463,新北市,0pt
1935,Jonathan,tw55487368,基隆市,0pt
1935,Jordan,tw19234786,臺北市,0pt
1935,Joseph1688,tw69390482,臺中市,0pt
1935,Josh,tw93655192,新北市,0pt
1935,Josh,tw33712616,桃園市,0pt
1935,Josh,tw97663303,臺北市,0pt
1935,Joyce,tw58661443,臺中市,0pt
1935,Js1229,tw49245008,新竹市,0pt
1935,Juju,tw21095575,臺北市,0pt
1935,Jumar,tw40574079,新北市,0pt
1935,Juming,tw98394922,新北市,0pt
1935,Jun,tw71003592,高雄市,0pt
1935,Jun,tw56910583,高雄市,0pt
1935,JunRongLai,tw37996968,苗栗縣,0pt
1935,Junior,tw63340298,臺南市,0pt
1935,Justin0423,tw99794134,臺北市,0pt
1935,Jwest,tw65858087,桃園市,0pt
1935,Jyannko,tw15351270,基隆市,0pt
1935,Jychen,tw67278964,雲林縣,0pt
1935,Jyun,tw71016622,新北市,0pt
1935,JyunYou,tw22975472,高雄市,0pt
1935,Jz,tw72222890,南投縣,0pt
1935,K,tw36504194,新北市,0pt
1935,K,tw92179234,臺南市,0pt
1935,K.,tw27848221,新北市,0pt
1935,K.O.Y,tw53252765,臺北市,0pt
1935,K2,tw09592855,臺中市,0pt
1935,K3,tw63663852,臺北市,0pt
1935,K97997,tw34568963,臺中市,0pt
1935,KA,tw48612089,高雄市,0pt
1935,KAI,tw28906572,嘉義市,0pt
1935,KAI,tw16001141,新北市,0pt
1935,KAI,tw63716643,臺中市,0pt
1935,KAI,tw96265583,臺中市,0pt
1935,KAISO,tw52882886,花蓮縣,0pt
1935,KAI_YU,tw44695653,新北市,0pt
1935,KAKAKUO,tw46652328,臺北市,0pt
1935,KB,tw29624132,高雄市,0pt
1935,KC-SEI,tw70591612,臺中市,0pt
1935,KC-Shawn,tw46437805,臺中市,0pt
1935,KDHR,tw79477719,新北市,0pt
1935,KE,tw73995217,新北市,0pt
1935,KEI770526,tw58824943,臺北市,0pt
1935,KEVIN,tw94210529,臺中市,0pt
1935,KIRA,tw92208067,臺南市,0pt
1935,KK,tw14651059,苗栗縣,0pt
1935,KR,tw27563265,彰化縣,0pt
1935,KRR,tw21175278,新北市,0pt
1935,KSSickest,tw14405387,新北市,0pt
1935,Kabuto123,tw23879993,臺南市,0pt
1935,Kagi,tw42221635,桃園市,0pt
1935,Kai,tw43849332,嘉義市,0pt
1935,Kai,tw71161066,新北市,0pt
1935,Kai,tw96445797,新北市,0pt
1935,Kai,tw16621728,臺北市,0pt
1935,Kai,tw60903893,雲林縣,0pt
1935,Kai2001,tw94135256,臺北市,0pt
1935,KaiToshiki,tw48785560,新北市,0pt
1935,Kaikai,tw88462606,宜蘭縣,0pt
1935,Kaisley,tw72148746,臺北市,0pt
1935,Kaito,tw98538330,新北市,0pt
1935,Kaka,tw13534933,臺北市,0pt
1935,Kakeru,tw87246145,臺南市,0pt
1935,KamenRideryezz,tw61986785,新北市,0pt
1935,Kamishiro,tw58235151,桃園市,0pt
1935,KampferP,tw30209886,臺中市,0pt
1935,Kan-Ta,tw76030013,新北市,0pt
1935,Kana,tw45617934,臺北市,0pt
1935,Kanda,tw25481565,桃園市,0pt
1935,Kang,tw98082590,臺北市,0pt
1935,Kanna,tw43555518,彰化縣,0pt
1935,Kanzaki,tw37144181,高雄市,0pt
1935,Kao,tw83096058,臺北市,0pt
1935,Kao,tw36624161,高雄市,0pt
1935,KaoShengYung,tw69928840,臺北市,0pt
1935,Kaoru,tw36841411,新竹縣,0pt
1935,Kaser,tw14514425,高雄市,0pt
1935,Katsu,tw67695139,臺中市,0pt
1935,Kawa,tw85406652,新北市,0pt
1935,KawaguchiSeiya,tw71197347,新北市,0pt
1935,Kawaguchipon,tw31291620,臺中市,0pt
1935,Keij,tw81657373,高雄市,0pt
1935,Kelly,tw66222534,新北市,0pt
1935,Ken,tw14542336,新北市,0pt
1935,Ken,tw67546474,新北市,0pt
1935,Ken,tw06314615,新北市,0pt
1935,Ken,tw48421034,新北市,0pt
1935,Ken,tw90875911,桃園市,0pt
1935,Ken,tw00313572,高雄市,0pt
1935,Kendamen,tw01839437,臺北市,0pt
1935,Kenny-_-,tw24865561,臺北市,0pt
1935,Kent,tw60953101,臺南市,0pt
1935,Kevin,tw32299459,基隆市,0pt
1935,Kevin,tw58158742,臺北市,0pt
1935,Kevin,tw36623170,臺南市,0pt
1935,Kevin,tw05725623,高雄市,0pt
1935,Kevin,tw86873005,高雄市,0pt
1935,Kevin0123,tw55206555,桃園市,0pt
1935,Kevin89207,tw05623283,高雄市,0pt
1935,KevinChiu,tw12344388,臺北市,0pt
1935,KevinJ,tw05867331,臺中市,0pt
1935,KevinLin,tw61176742,新北市,0pt
1935,Kevinash,tw56727789,宜蘭縣,0pt
1935,Kevinhunter,tw90636839,臺北市,0pt
1935,Kevinwu,tw94061022,臺中市,0pt
1935,Kevinwu,tw28566073,臺北市,0pt
1935,Kevinyun,tw97700285,新竹市,0pt
1935,Keylan,tw15610138,桃園市,0pt
1935,Keypupu,tw67665108,新北市,0pt
1935,Kian,tw82501703,彰化縣,0pt
1935,Kido,tw06484335,新北市,0pt
1935,Killua,tw91292744,臺中市,0pt
1935,KimChaeWonDuDu,tw06293603,桃園市,0pt
1935,Kimi,tw02338308,臺中市,0pt
1935,Kin,tw47383513,新北市,0pt
1935,KingWu,tw12922730,桃園市,0pt
1935,Kioto,tw77776937,臺北市,0pt
1935,Kirito,tw76356957,臺中市,0pt
1935,Kirito,tw72046940,高雄市,0pt
1935,Kitty,tw40551410,臺南市,0pt
1935,Kiwidue,tw36382033,臺南市,0pt
1935,Kiyo,tw48507542,高雄市,0pt
1935,Kk1788178kK,tw55031950,臺中市,0pt
1935,KoC7,tw29191465,新北市,0pt
1935,Koala,tw10629416,新北市,0pt
1935,Koala,tw86577874,高雄市,0pt
1935,Koala6401,tw66609745,臺中市,0pt
1935,Kobayashi,tw82631899,宜蘭縣,0pt
1935,Kobe,tw07181425,新北市,0pt
1935,Kobe,tw83995143,新北市,0pt
1935,Kobelai,tw94402080,臺中市,0pt
1935,Koko,tw44948257,彰化縣,0pt
1935,Kong,tw59889341,臺北市,0pt
1935,Kong817,tw63389282,桃園市,0pt
1935,Kony,tw55684858,臺北市,0pt
1935,Kopo,tw69842991,新北市,0pt
1935,Kota,tw83705860,臺北市,0pt
1935,Kourk,tw68046375,新北市,0pt
1935,KrotasYu,tw85877831,臺中市,0pt
1935,Krutz,tw83106296,臺北市,0pt
1935,Kso,tw43210969,臺北市,0pt
1935,Ku,tw95328304,新竹縣,0pt
1935,KuanTW,tw28431329,臺北市,0pt
1935,Kuang,tw77756177,宜蘭縣,0pt
1935,Kudou,tw01503031,臺北市,0pt
1935,Kuitsuku,tw48792016,新北市,0pt
1935,Kumo,tw40545139,新竹縣,0pt
1935,Kun,tw65753780,臺中市,0pt
1935,Kung,tw65279014,新北市,0pt
1935,Kunyi,tw13946012,新北市,0pt
1935,Kuo,tw64149224,桃園市,0pt
1935,KuroNeko,tw75683121,臺北市,0pt
1935,Kuroi62,tw65352604,宜蘭縣,0pt
1935,Kuwacha,tw62134147,臺北市,0pt
1935,Kw,tw18758356,桃園市,0pt
1935,Kwan1015,tw26021385,新北市,0pt
1935,Kyle,tw11207112,新北市,0pt
1935,Kyo,tw45627755,新北市,0pt
1935,Kyuu,tw89786854,新北市,0pt
1935,L,tw39424523,新北市,0pt
1935,L,tw16012962,高雄市,0pt
1935,L30N,tw76227887,臺北市,0pt
1935,LAI-LY-POTER,tw12859952,臺中市,0pt
1935,LAIWEICHIH,tw60849486,桃園市,0pt
1935,LAIYUNGHUNG,tw76694148,新北市,0pt
1935,LC,tw13017031,新北市,0pt
1935,LCW,tw01447024,屏東縣,0pt
1935,LCW,tw27477704,桃園市,0pt
1935,LEE,tw90018469,新北市,0pt
1935,LEO,tw38294261,高雄市,0pt
1935,LEO,tw76373168,高雄市,0pt
1935,LEON,tw22339696,桃園市,0pt
1935,LIN08LIN,tw68491210,苗栗縣,0pt
1935,LINAN,tw47180248,新北市,0pt
1935,LINGENG,tw10123564,臺南市,0pt
1935,LO,tw92616365,新竹縣,0pt
1935,LSJ,tw54156392,新北市,0pt
1935,LSZ1230,tw23054917,新竹縣,0pt
1935,LUNG,tw11258598,臺北市,0pt
1935,LYC,tw79829435,臺南市,0pt
1935,LYH_Peter,tw50069957,新竹縣,0pt
1935,LYU,tw22432974,臺中市,0pt
1935,LaLa~,tw68492624,臺中市,0pt
1935,Lab_rat718,tw96360409,臺中市,0pt
1935,Labjer,tw97384556,桃園市,0pt
1935,LaiLai,tw28061219,新北市,0pt
1935,LainaBear,tw17095405,新北市,0pt
1935,Laion,tw57545041,高雄市,0pt
1935,Lance,tw11797119,高雄市,0pt
1935,Lance.LAN,tw03423241,新竹市,0pt
1935,Lanch,tw17989049,雲林縣,0pt
1935,LaoWang,tw42155560,新北市,0pt
1935,Larry,tw20375005,新北市,0pt
1935,Larson,tw61053905,臺北市,0pt
1935,Latte,tw55045686,高雄市,0pt
1935,Layman,tw45264305,新竹縣,0pt
1935,LazySheep,tw42355783,臺南市,0pt
1935,LeBigChicken,tw35723164,苗栗縣,0pt
1935,LeChark,tw47858905,臺北市,0pt
1935,Lee,tw84079120,臺南市,0pt
1935,LegendMMM,tw20069162,臺北市,0pt
1935,Lego,tw55745988,高雄市,0pt
1935,Leming,tw09163502,臺北市,0pt
1935,Lemon,tw85907452,新北市,0pt
1935,Lemon,tw12341574,桃園市,0pt
1935,LemonAiyuJelly,tw76607683,新竹市,0pt
1935,Len,tw61443214,新北市,0pt
1935,Leo,tw53090983,新北市,0pt
1935,Leo,tw92522682,桃園市,0pt
1935,Leo,tw62763210,臺中市,0pt
1935,Leo,tw43141043,臺北市,0pt
1935,Leo,tw07205013,臺北市,0pt
1935,LeoFLzzly,tw38934977,臺北市,0pt
1935,Leon,tw00389449,新北市,0pt
1935,Leon0831,tw13191066,臺北市,0pt
1935,Leon9917,tw64272442,臺北市,0pt
1935,Lester,tw60963719,基隆市,0pt
1935,Lewis,tw32034904,臺中市,0pt
1935,Li Shi Zhe,tw18210224,苗栗縣,0pt
1935,Li_Yuzhen,tw78803505,桃園市,0pt
1935,Lian,tw11101920,臺南市,0pt
1935,Liang,tw84589047,新竹市,0pt
1935,Liang,tw51385207,臺北市,0pt
1935,LiangYouren,tw35670746,臺中市,0pt
1935,LiaoCW,tw21246264,臺中市,0pt
1935,LiaoChienYu,tw75775153,雲林縣,0pt
1935,Licha,tw78247994,桃園市,0pt
1935,Liemen939,tw38134918,新北市,0pt
1935,Lilhammer,tw33613763,臺中市,0pt
1935,Lili,tw55024077,高雄市,0pt
1935,Limin,tw31298748,新竹縣,0pt
1935,Lin,tw34926652,宜蘭縣,0pt
1935,Lin,tw08003842,新北市,0pt
1935,Lin,tw40439065,新北市,0pt
1935,"Lin,Yu-hung",tw28611857,宜蘭縣,0pt
1935,LinDuck,tw55346788,高雄市,0pt
1935,LinJunZhe,tw43700622,雲林縣,0pt
1935,LinSJ,tw04873748,新北市,0pt
1935,LinYao,tw59053805,臺北市,0pt
1935,LinZhang,tw86653917,嘉義縣,0pt
1935,Lina,tw57692330,雲林縣,0pt
1935,Linax777,tw09845232,桃園市,0pt
1935,Linchibobo,tw27555803,基隆市,0pt
1935,Link,tw82556653,新北市,0pt
1935,Linkii,tw87290888,新竹縣,0pt
1935,Linus,tw91086241,臺南市,0pt
1935,Lion,tw52430008,雲林縣,0pt
1935,Lisean1212,tw58281401,臺北市,0pt
1935,LittleOu,tw27704774,宜蘭縣,0pt
1935,Liu,tw69183192,新北市,0pt
1935,Liu,tw28044584,臺北市,0pt
1935,Liu,tw27775309,高雄市,0pt
1935,Lius11459,tw21118173,新北市,0pt
1935,Livaza,tw23513096,臺北市,0pt
1935,Liyrc,tw91504673,臺南市,0pt
1935,Liyumin850811,tw05028535,新北市,0pt
1935,Liz,tw66899705,臺北市,0pt
1935,LoewesHase,tw61711039,新北市,0pt
1935,Lonewing,tw11841145,宜蘭縣,0pt
1935,Louis,tw12122270,基隆市,0pt
1935,Louis,tw49160488,彰化縣,0pt
1935,Louis,tw79562377,臺北市,0pt
1935,Louis,tw23832054,臺南市,0pt
1935,Louis3130,tw58196499,新北市,0pt
1935,Louis623,tw41902542,彰化縣,0pt
1935,LouisOUO,tw87514656,臺中市,0pt
1935,Loyuli,tw91528991,屏東縣,0pt
1935,LuChengYen,tw03223588,新北市,0pt
1935,LuLuChoong,tw04713199,新北市,0pt
1935,LuYiChi,tw36697522,臺中市,0pt
1935,Lubee,tw47539481,臺南市,0pt
1935,LucienJason,tw58856799,臺北市,0pt
1935,LuckyJ1234,tw96887599,新北市,0pt
1935,Ludasei,tw92829959,臺南市,0pt
1935,Luis8071,tw09801312,臺中市,0pt
1935,Luka,tw15968109,新北市,0pt
1935,Luka,tw65539606,桃園市,0pt
1935,Lukas,tw12352471,桃園市,0pt
1935,Luke,tw18497971,新北市,0pt
1935,Luke,tw57688296,臺北市,0pt
1935,LukeKo,tw93072734,臺南市,0pt
1935,Lumi,tw61567851,臺北市,0pt
1935,Lun,tw68400907,高雄市,0pt
1935,Lunlun,tw70101819,南投縣,0pt
1935,LuoYun,tw15382094,新北市,0pt
1935,Lyme,tw85137308,臺中市,0pt
1935,M8-Curry,tw85118010,臺南市,0pt
1935,M850131,tw21867367,臺北市,0pt
1935,MACLIANG,tw45940202,臺北市,0pt
1935,MAKAI,tw72792943,臺中市,0pt
1935,MASK,tw99008736,臺北市,0pt
1935,MC-Frog,tw44082173,新北市,0pt
1935,MCGL,tw07788669,新北市,0pt
1935,MCHH,tw50937670,高雄市,0pt
1935,MCMM,tw34823430,新竹縣,0pt
1935,MCZZ,tw14433600,新北市,0pt
1935,MD,tw56899176,新北市,0pt
1935,MEGABOSS,tw35816796,彰化縣,0pt
1935,MIBO,tw11084097,臺南市,0pt
1935,MIMI,tw86302180,新北市,0pt
1935,MIMIKYU,tw90293741,新北市,0pt
1935,MIN,tw69085527,高雄市,0pt
1935,MITT,tw36992630,臺中市,0pt
1935,MLMI,tw79003239,新北市,0pt
1935,MM,tw32463883,臺南市,0pt
1935,MMPP,tw92045782,臺南市,0pt
1935,MOJO,tw22825320,臺北市,0pt
1935,MONEY,tw06753489,桃園市,0pt
1935,MP6,tw59575612,高雄市,0pt
1935,MSD_CHIH-WEI,tw44100028,臺中市,0pt
1935,MYGO10,tw15602746,新竹縣,0pt
1935,Mac,tw33912004,臺北市,0pt
1935,Machi,tw60672908,新北市,0pt
1935,Madao,tw87436270,新北市,0pt
1935,Makafka,tw66591589,臺北市,0pt
1935,Malymo,tw08072729,桃園市,0pt
1935,Mands,tw95522882,嘉義市,0pt
1935,Mandyy,tw18850000,新北市,0pt
1935,Mantis08shrimp,tw87638859,高雄市,0pt
1935,MaoEyu,tw92014747,新北市,0pt
1935,MarC,tw22511528,新北市,0pt
1935,Marcus,tw17567381,彰化縣,0pt
1935,Marginal,tw85908080,新北市,0pt
1935,Mario,tw89212231,桃園市,0pt
1935,Mark,tw24993208,新北市,0pt
1935,Mark,tw80624344,桃園市,0pt
1935,MarkChen,tw69971650,新北市,0pt
1935,MarkLiao,tw94005893,桃園市,0pt
1935,Marroww,tw64800613,臺南市,0pt
1935,Mars,tw16370834,南投縣,0pt
1935,Mars,tw35870063,臺北市,0pt
1935,Marshtomp,tw05582312,宜蘭縣,0pt
1935,Martin,tw16453724,高雄市,0pt
1935,Maruukyo,tw42914694,高雄市,0pt
1935,MarycatChi,tw25634182,桃園市,0pt
1935,Mason,tw21935049,新北市,0pt
1935,Mason,tw27802821,新竹縣,0pt
1935,Mason,tw54373489,臺北市,0pt
1935,Mason.Cai,tw03277090,高雄市,0pt
1935,Master23,tw25100404,高雄市,0pt
1935,MasterLiu,tw21407528,新北市,0pt
1935,Mathliu,tw74095009,高雄市,0pt
1935,Mattox,tw32007889,臺南市,0pt
1935,Max,tw72729042,桃園市,0pt
1935,Max_peng831111,tw98650752,臺北市,0pt
1935,Maxming,tw83282504,高雄市,0pt
1935,Maxwell,tw83520677,臺南市,0pt
1935,Megumi,tw73771260,彰化縣,0pt
1935,Megumi,tw68709275,臺北市,0pt
1935,Mei,tw34716685,桃園市,0pt
1935,Melody,tw87711142,臺中市,0pt
1935,Melody030b,tw74124774,臺中市,0pt
1935,Melonnn.,tw66943756,彰化縣,0pt
1935,Melvin,tw79452201,高雄市,0pt
1935,Meng,tw85415961,新北市,0pt
1935,Mental,tw83457557,臺東縣,0pt
1935,Meowth,tw37411401,新北市,0pt
1935,Merlin,tw76039147,臺北市,0pt
1935,Metamon,tw93033850,新北市,0pt
1935,Meteor,tw84984556,新北市,0pt
1935,Meteor,tw17552788,臺北市,0pt
1935,Mew_Rock,tw78598719,新北市,0pt
1935,Miao,tw20730540,新竹市,0pt
1935,Miao,tw48221601,臺北市,0pt
1935,Michael,tw08997988,臺北市,0pt
1935,Michael,tw53540955,臺北市,0pt
1935,Michael,tw13804562,高雄市,0pt
1935,Micheal,tw03147587,高雄市,0pt
1935,Mick,tw28574228,臺北市,0pt
1935,Mickey,tw80521031,臺北市,0pt
1935,Microcanthus,tw26374506,臺南市,0pt
1935,Middy,tw74212977,桃園市,0pt
1935,Midgard,tw99110809,嘉義市,0pt
1935,Miffy,tw33394768,臺南市,0pt
1935,Mika,tw08789855,嘉義市,0pt
1935,Mike,tw12598757,臺北市,0pt
1935,Mike_art,tw25571112,新北市,0pt
1935,Mikey,tw12359591,金門縣,0pt
1935,Mild,tw68209409,新北市,0pt
1935,MilkFish,tw90550670,臺南市,0pt
1935,MinHoo,tw52867089,臺南市,0pt
1935,Ming,tw00301537,新竹縣,0pt
1935,Ming0w0,tw14290186,臺北市,0pt
1935,Ming1130,tw07554575,新北市,0pt
1935,MingHong,tw21984638,臺中市,0pt
1935,MingXU,tw98877347,新竹縣,0pt
1935,Minibooks,tw85211267,桃園市,0pt
1935,Minou,tw21596324,高雄市,0pt
1935,Minson,tw11608088,其它地區,0pt
1935,Mio,tw06759642,新竹縣,0pt
1935,Mio,tw67496482,臺北市,0pt
1935,Miru,tw81344769,臺北市,0pt
1935,Misaki,tw74937202,臺南市,0pt
1935,Miso,tw79152528,臺中市,0pt
1935,Mix,tw46001735,宜蘭縣,0pt
1935,Mizuki,tw13601356,新北市,0pt
1935,MoMoMing,tw35586840,臺中市,0pt
1935,Mocha,tw44832092,新北市,0pt
1935,Moen,tw76868942,臺南市,0pt
1935,MolkoLiu,tw68056286,新竹市,0pt
1935,Momo,tw29894996,臺中市,0pt
1935,Mon21,tw51144872,臺北市,0pt
1935,Monkey,tw74033297,臺北市,0pt
1935,MonkeyX,tw72034700,基隆市,0pt
1935,Mono,tw36716491,新北市,0pt
1935,Moon,tw42866257,新北市,0pt
1935,Moon845200,tw80035403,桃園市,0pt
1935,MoonKnight,tw76729874,新北市,0pt
1935,MoonRain,tw59408573,基隆市,0pt
1935,Moonbird,tw40696414,新北市,0pt
1935,Moony,tw89144343,新北市,0pt
1935,Moose226,tw66571602,臺北市,0pt
1935,Mora,tw12229939,嘉義市,0pt
1935,Morier,tw91393135,雲林縣,0pt
1935,Morpeko,tw51192178,新北市,0pt
1935,Mouse,tw24293805,新北市,0pt
1935,Moyan,tw84052266,屏東縣,0pt
1935,Mpdodotw,tw90548214,新北市,0pt
1935,Mr.Bug,tw12329863,臺中市,0pt
1935,Mr.Chu,tw48106332,桃園市,0pt
1935,Mr.Lemon,tw77815457,新北市,0pt
1935,Mr.Liao,tw77662396,臺北市,0pt
1935,Mr.six,tw98294477,嘉義市,0pt
1935,Mr900,tw14295814,臺北市,0pt
1935,Mrdjay,tw04595897,新北市,0pt
1935,MuMu,tw09877254,高雄市,0pt
1935,Mumu,tw54121264,新北市,0pt
1935,Mung,tw41479406,臺北市,0pt
1935,Muomuo247,tw88190029,臺北市,0pt
1935,Musai,tw13826057,屏東縣,0pt
1935,N26,tw91440469,新北市,0pt
1935,NANA,tw74606190,高雄市,0pt
1935,NAsoUL,tw81438116,新北市,0pt
1935,NAvIgatOR,tw14491775,高雄市,0pt
1935,NEIL,tw22385298,臺北市,0pt
1935,NEO,tw56850857,桃園市,0pt
1935,NFDJ,tw99471011,彰化縣,0pt
1935,NIMO,tw79062358,新北市,0pt
1935,NJsandwich,tw14798227,臺北市,0pt
1935,NT,tw52105514,新北市,0pt
1935,Nado,tw02414807,雲林縣,0pt
1935,Nana,tw70397102,新北市,0pt
1935,Nanani,tw34443095,新北市,0pt
1935,Naomi,tw06531177,宜蘭縣,0pt
1935,Natsume,tw03813601,桃園市,0pt
1935,Nay,tw71614737,臺北市,0pt
1935,Nayu,tw64057059,新北市,0pt
1935,Neik,tw76977109,桃園市,0pt
1935,Neika,tw48004349,臺中市,0pt
1935,Nekroz777,tw64288677,新北市,0pt
1935,Neo,tw13779097,臺中市,0pt
1935,Nicholas1218,tw03288250,臺北市,0pt
1935,Nick,tw72931895,基隆市,0pt
1935,Nick,tw99249850,新北市,0pt
1935,Nick,tw32913104,桃園市,0pt
1935,Nick,tw63303710,臺北市,0pt
1935,Nick0900009996,tw93599812,高雄市,0pt
1935,NickT,tw28860216,臺北市,0pt
1935,Nick_Fu,tw00393750,新竹縣,0pt
1935,Nickthechang,tw60649884,新北市,0pt
1935,Niel,tw66906640,新北市,0pt
1935,Nien,tw71596965,臺北市,0pt
1935,Niess,tw91769931,新北市,0pt
1935,Nieve,tw06178748,臺北市,0pt
1935,NightKing93061,tw64455401,高雄市,0pt
1935,NightStar,tw26213572,高雄市,0pt
1935,Night_Smoke,tw48029664,新北市,0pt
1935,Ning,tw16958901,新北市,0pt
1935,Ningbaobao,tw85366009,宜蘭縣,0pt
1935,Nini,tw81298324,高雄市,0pt
1935,NinjaPi,tw19378881,桃園市,0pt
1935,Ninodaisuki,tw34706413,臺北市,0pt
1935,Ninym,tw96531731,臺中市,0pt
1935,Nishikino0124,tw21609704,臺南市,0pt
1935,No.,tw25462497,臺中市,0pt
1935,Noah,tw98809406,新北市,0pt
1935,Nochu,tw29927284,新北市,0pt
1935,Nono8155,tw95556633,高雄市,0pt
1935,Nor,tw19149578,宜蘭縣,0pt
1935,Nougat655043,tw46416423,臺北市,0pt
1935,Nowitzway,tw45489617,臺南市,0pt
1935,Nugget-at-night,tw05986635,新北市,0pt
1935,OAo,tw53348402,新竹市,0pt
1935,OLDLIU,tw05450797,高雄市,0pt
1935,OP_BEN,tw87745948,苗栗縣,0pt
1935,OP_YOUZUN,tw28114749,彰化縣,0pt
1935,OPcheng,tw89058962,臺南市,0pt
1935,OTK_SHUEI-TUN,tw22873247,臺北市,0pt
1935,OTK_WaTer,tw82044338,基隆市,0pt
1935,OgeeTaku0219,tw44380087,臺中市,0pt
1935,Ohwho,tw97352081,新北市,0pt
1935,Okra,tw50328610,新北市,0pt
1935,OldHO,tw52394955,臺中市,0pt
1935,OldTsai,tw09269537,臺北市,0pt
1935,Oldbanban,tw20174957,臺南市,0pt
1935,Oldox,tw22014950,臺南市,0pt
1935,Olorin,tw49427822,桃園市,0pt
1935,Omgg,tw24314827,新北市,0pt
1935,OoMine,tw00178757,臺北市,0pt
1935,OolongQ,tw38962597,高雄市,0pt
1935,OooReeOoo,tw08440084,高雄市,0pt
1935,Opsg,tw75873560,桃園市,0pt
1935,Orange,tw26020639,桃園市,0pt
1935,Oreo,tw54886723,臺中市,0pt
1935,Oscar,tw70390034,新北市,0pt
1935,Oscar,tw94883171,臺北市,0pt
1935,Oscar3622,tw37261414,彰化縣,0pt
1935,OscarGreen,tw68958926,新北市,0pt
1935,OtisWang,tw83040180,新北市,0pt
1935,Otwen,tw19540008,新北市,0pt
1935,OuO,tw74188379,彰化縣,0pt
1935,OuO,tw98585036,臺北市,0pt
1935,OuyehPapa,tw31546259,臺中市,0pt
1935,OwO,tw56307746,新北市,0pt
1935,Owsalt,tw86439881,高雄市,0pt
1935,Oyande,tw89676276,臺北市,0pt
1935,Oz,tw63971530,高雄市,0pt
1935,P90,tw03714974,桃園市,0pt
1935,PAPAYAPAN,tw60807131,臺北市,0pt
1935,PCC_1012,tw07396920,高雄市,0pt
1935,PEACEMINUSONE,tw41126097,新北市,0pt
1935,PEAK,tw50588937,臺中市,0pt
1935,PEI,tw53333452,新北市,0pt
1935,PH,tw06197662,臺北市,0pt
1935,PING,tw79487495,桃園市,0pt
1935,PK,tw98919851,臺北市,0pt
1935,PKO,tw60772578,新北市,0pt
1935,POWEI,tw44419115,臺南市,0pt
1935,PP,tw30599075,新北市,0pt
1935,PTCG-samurai,tw46411826,屏東縣,0pt
1935,PZ5,tw08847552,臺中市,0pt
1935,PaPaS,tw43798869,新北市,0pt
1935,Pachi,tw66974062,臺中市,0pt
1935,Pact,tw46738666,臺北市,0pt
1935,Paczhi21,tw09957848,臺中市,0pt
1935,Paipaizhanboss,tw68276069,臺中市,0pt
1935,Palpatine,tw76717827,臺北市,0pt
1935,Pan,tw14618138,桃園市,0pt
1935,Pan,tw09738353,臺南市,0pt
1935,Panda,tw34628644,臺北市,0pt
1935,Panpan1995,tw60470132,臺北市,0pt
1935,Parker,tw45823404,臺南市,0pt
1935,ParkerLiu,tw75552623,新北市,0pt
1935,Partypotata,tw56944550,屏東縣,0pt
1935,Patrick,tw50965064,新竹市,0pt
1935,Paul,tw93139559,臺中市,0pt
1935,Paul,tw56578897,臺中市,0pt
1935,Paul,tw06323216,臺北市,0pt
1935,Pawa,tw53309417,新北市,0pt
1935,PcWang,tw11066114,桃園市,0pt
1935,Pd,tw40222557,宜蘭縣,0pt
1935,Peggy,tw00162182,新北市,0pt
1935,Peggy,tw76188587,高雄市,0pt
1935,Pei,tw97351630,臺南市,0pt
1935,Peibo,tw54014923,高雄市,0pt
1935,Perry,tw13939824,臺北市,0pt
1935,Perryhuang,tw94202287,臺北市,0pt
1935,Peter,tw45343846,彰化縣,0pt
1935,Peter,tw06934529,新北市,0pt
1935,Peter,tw25633555,新北市,0pt
1935,Peter,tw80691602,新北市,0pt
1935,Peter,tw09208272,臺北市,0pt
1935,Peter,tw80535410,臺北市,0pt
1935,Peter,tw26371584,高雄市,0pt
1935,PeterPan,tw00831574,新北市,0pt
1935,Peterlin57,tw28312564,臺南市,0pt
1935,Philip,tw22301558,新北市,0pt
1935,Phoenix,tw13426893,苗栗縣,0pt
1935,Pi,tw82817109,臺北市,0pt
1935,PiPlus,tw49056585,彰化縣,0pt
1935,Pichant,tw00579049,新北市,0pt
1935,PieLun,tw50848874,新北市,0pt
1935,Pikachu,tw47615181,臺中市,0pt
1935,Pikachutell,tw41749789,宜蘭縣,0pt
1935,Pikameow,tw50402325,臺中市,0pt
1935,Pimiya,tw61631686,高雄市,0pt
1935,Pin,tw21318270,臺北市,0pt
1935,Ping,tw86441489,新北市,0pt
1935,Pinkdaddy,tw98707657,新北市,0pt
1935,Pinran0202,tw98020395,桃園市,0pt
1935,Pioneer,tw22429729,臺北市,0pt
1935,Piper666,tw50663067,臺中市,0pt
1935,Pipigan,tw34663481,高雄市,0pt
1935,Play,tw12913477,臺北市,0pt
1935,Pleonnigs,tw86165168,新北市,0pt
1935,Plover,tw86423061,新北市,0pt
1935,Po-Tang,tw71357206,高雄市,0pt
1935,PoShiung,tw76418087,臺南市,0pt
1935,Poem,tw03499502,臺南市,0pt
1935,PokaGoSky,tw34882212,南投縣,0pt
1935,Pokemon,tw47655520,臺北市,0pt
1935,Pokemon60229,tw52526834,臺南市,0pt
1935,Pokemonceo,tw59458291,苗栗縣,0pt
1935,PolarisDi,tw10658996,新北市,0pt
1935,PolkaORUKA,tw45486731,臺南市,0pt
1935,Pomelo,tw19928634,新北市,0pt
1935,Pon,tw51662644,桃園市,0pt
1935,Pony,tw59825236,臺北市,0pt
1935,Potato,tw09441089,桃園市,0pt
1935,Potato-Ling,tw13715737,臺北市,0pt
1935,Potato0710,tw30185037,新北市,0pt
1935,Potato1723,tw67748917,臺中市,0pt
1935,Ppo,tw75990704,臺北市,0pt
1935,Preston,tw24992163,新北市,0pt
1935,Pro,tw91672772,臺北市,0pt
1935,Ptcg_Ray_520,tw72908156,花蓮縣,0pt
1935,Pu,tw52860030,新北市,0pt
1935,PuPu,tw95578211,新北市,0pt
1935,Pulumo,tw03327377,新北市,0pt
1935,Puni,tw06486528,臺北市,0pt
1935,Putera-AK,tw10716679,新竹市,0pt
1935,QAQ430,tw87842005,臺南市,0pt
1935,QEE,tw04143281,高雄市,0pt
1935,QKai,tw59997187,新北市,0pt
1935,QQne*2tea,tw37114917,新北市,0pt
1935,QUELLER,tw15847840,新北市,0pt
1935,Qaz4566251,tw99208703,苗栗縣,0pt
1935,Qooqpp,tw99565294,臺中市,0pt
1935,Qooxy001,tw51891548,臺北市,0pt
1935,Quannn..,tw84056125,新北市,0pt
1935,QwQ,tw55529862,新北市,0pt
1935,QwQ_Cheng,tw67396950,臺北市,0pt
1935,Qwe,tw76411101,新北市,0pt
1935,R,tw45404381,新北市,0pt
1935,R,tw52578543,新北市,0pt
1935,R,tw76820441,新北市,0pt
1935,R,tw65389901,臺中市,0pt
1935,R,tw46663554,臺北市,0pt
1935,RD,tw06703802,高雄市,0pt
1935,RFLcwp,tw89713560,彰化縣,0pt
1935,RN,tw89366188,桃園市,0pt
1935,RS_ZY,tw17300563,新竹市,0pt
1935,RT-3675,tw46834708,高雄市,0pt
1935,RTen,tw94005160,新北市,0pt
1935,RY,tw90834648,臺北市,0pt
1935,RainC,tw81562455,桃園市,0pt
1935,RainYang,tw35736737,新北市,0pt
1935,Rainstar,tw91880030,臺中市,0pt
1935,Rainstar,tw05169900,臺北市,0pt
1935,Randa,tw67702056,新北市,0pt
1935,Rani,tw39899085,新北市,0pt
1935,Ray,tw06390361,新北市,0pt
1935,Ray,tw22896560,新北市,0pt
1935,Ray,tw31821709,新北市,0pt
1935,Ray,tw55230082,新北市,0pt
1935,Ray,tw11048909,新北市,0pt
1935,Ray,tw93450535,新北市,0pt
1935,Ray,tw01761789,新竹縣,0pt
1935,Ray,tw48461001,臺北市,0pt
1935,Ray,tw77736713,臺北市,0pt
1935,Ray060977,tw10088392,臺北市,0pt
1935,Raymond,tw88162893,臺北市,0pt
1935,Rayno60229,tw12012646,臺南市,0pt
1935,Realyasun,tw91390570,新北市,0pt
1935,Red,tw26187541,基隆市,0pt
1935,Red,tw06188667,臺南市,0pt
1935,Red2204751,tw89695712,新北市,0pt
1935,RedAnndy,tw78893022,新北市,0pt
1935,RedSnow,tw75006268,宜蘭縣,0pt
1935,RedSparrow,tw46521324,桃園市,0pt
1935,Red_CZX,tw59996056,臺南市,0pt
1935,Red_Noah,tw64986728,臺北市,0pt
1935,Redhung,tw79672710,臺北市,0pt
1935,Reikomo,tw07996621,臺北市,0pt
1935,Ren,tw72520398,南投縣,0pt
1935,Ren,tw48759867,臺北市,0pt
1935,Rensheng,tw58435518,新北市,0pt
1935,Rere,tw03063725,臺中市,0pt
1935,Rex,tw27930340,臺北市,0pt
1935,Rex,tw30337219,高雄市,0pt
1935,RexKao,tw63232299,新北市,0pt
1935,RexOAO,tw62082378,臺中市,0pt
1935,Ri,tw29313164,桃園市,0pt
1935,Rice,tw87592120,臺北市,0pt
1935,Ricebug,tw37137708,新竹市,0pt
1935,Rich,tw67237781,彰化縣,0pt
1935,RichBadGuy,tw94737903,臺東縣,0pt
1935,Richard,tw00887214,宜蘭縣,0pt
1935,Richard,tw73359977,宜蘭縣,0pt
1935,Richard,tw78500467,新北市,0pt
1935,RichardWu,tw67999156,新北市,0pt
1935,Rick,tw46719795,新北市,0pt
1935,Rick,tw68011923,新北市,0pt
1935,Rick,tw26567843,臺中市,0pt
1935,Rick,tw51269286,高雄市,0pt
1935,Ricky,tw26734862,新北市,0pt
1935,Rinka,tw88048933,新北市,0pt
1935,Rise,tw00794816,新北市,0pt
1935,RisingStars_Magic,tw18725719,新竹縣,0pt
1935,River,tw46585191,新北市,0pt
1935,Robert,tw26450830,新北市,0pt
1935,Robin,tw12054615,桃園市,0pt
1935,RockyGo,tw41812663,臺北市,0pt
1935,Roger,tw10040490,南投縣,0pt
1935,Roger,tw66852677,桃園市,0pt
1935,Roger,tw81675672,臺中市,0pt
1935,Roger,tw13124345,高雄市,0pt
1935,Roger55688,tw15857681,臺中市,0pt
1935,Roger9527,tw36270105,新北市,0pt
1935,Ronaldlin,tw81144072,新北市,0pt
1935,Ronnie,tw48223906,桃園市,0pt
1935,Roy,tw77866564,桃園市,0pt
1935,Roy,tw06272983,高雄市,0pt
1935,RoyKuo,tw73351531,桃園市,0pt
1935,Rru,tw55885310,臺中市,0pt
1935,Ru,tw61897937,臺北市,0pt
1935,RubyHsiao,tw01687965,桃園市,0pt
1935,Rubyyy,tw11750912,新北市,0pt
1935,Ruei0509,tw01409207,臺北市,0pt
1935,Rui,tw58998339,宜蘭縣,0pt
1935,Rui,tw75562825,新北市,0pt
1935,Rurika,tw11444197,新北市,0pt
1935,Ruy,tw95811364,臺北市,0pt
1935,Ryan,tw46067097,新竹市,0pt
1935,Ryan,tw32948930,臺中市,0pt
1935,Ryan,tw70592057,臺中市,0pt
1935,Ryan,tw70357468,花蓮縣,0pt
1935,RyanVash,tw36277692,彰化縣,0pt
1935,Ryannn_515151,tw46642325,臺北市,0pt
1935,Ryo,tw55410403,屏東縣,0pt
1935,Ryo,tw12239149,桃園市,0pt
1935,Ryoma,tw04986407,屏東縣,0pt
1935,Ryuki,tw34613760,臺南市,0pt
1935,Ryuu,tw98870995,新北市,0pt
1935,SAEKI,tw01377484,臺北市,0pt
1935,SAIGO,tw45944766,新北市,0pt
1935,SC,tw26669199,臺中市,0pt
1935,SDA,tw44090937,高雄市,0pt
1935,SEPHIEL,tw94994171,臺中市,0pt
1935,SHIHDE,tw32912660,高雄市,0pt
1935,SJRoger,tw78860536,臺北市,0pt
1935,SK2,tw72233448,臺中市,0pt
1935,SKY,tw01672689,屏東縣,0pt
1935,SKY葛格,tw67165091,高雄市,0pt
1935,SS_Curry,tw83490638,臺北市,0pt
1935,STaRMy,tw35804007,桃園市,0pt
1935,SUNN!E,tw21583571,新北市,0pt
1935,Sa57125712,tw54098203,桃園市,0pt
1935,Sadamec,tw12687997,宜蘭縣,0pt
1935,Saika,tw16230052,南投縣,0pt
1935,Saio,tw16241497,高雄市,0pt
1935,Sakamoto,tw66077167,新北市,0pt
1935,Saki,tw04343789,新北市,0pt
1935,Sam,tw69347947,新北市,0pt
1935,Sam,tw66059189,新北市,0pt
1935,Sam,tw40434415,桃園市,0pt
1935,Sam,tw35988660,臺北市,0pt
1935,Sam,tw91836229,臺北市,0pt
1935,Sam,tw31328731,高雄市,0pt
1935,Sam0403,tw16021936,桃園市,0pt
1935,SamChu,tw68065850,桃園市,0pt
1935,SamZhang,tw42775341,高雄市,0pt
1935,Samoyedddd,tw81056195,臺北市,0pt
1935,San7crayon,tw38332953,臺北市,0pt
1935,Sandy,tw68258142,新竹市,0pt
1935,SanxiaJhihJiou,tw54379114,新北市,0pt
1935,Sardine,tw13160424,高雄市,0pt
1935,Sashimi,tw33431988,新北市,0pt
1935,Sasuki,tw73260178,臺中市,0pt
1935,Sauce626,tw27997871,臺北市,0pt
1935,Sausagebro,tw90975912,新北市,0pt
1935,Scar0075,tw54028667,新北市,0pt
1935,Scm,tw43470367,彰化縣,0pt
1935,Scott,tw11388254,宜蘭縣,0pt
1935,SeaBreeze,tw62558168,新北市,0pt
1935,Sean,tw52203688,新竹市,0pt
1935,Sean,tw56181762,高雄市,0pt
1935,Sean1216,tw04133484,臺中市,0pt
1935,SeanLee,tw35133002,臺北市,0pt
1935,Seanliza,tw48397572,新北市,0pt
1935,Sebibi,tw97821395,高雄市,0pt
1935,Sela,tw10540724,彰化縣,0pt
1935,SemiHasBand,tw95262669,臺北市,0pt
1935,Sendtreepay,tw40909349,基隆市,0pt
1935,Sernate,tw88089442,高雄市,0pt
1935,Seven-key,tw68165427,桃園市,0pt
1935,SeverHQ,tw54133581,新竹縣,0pt
1935,Shadow,tw94748975,嘉義市,0pt
1935,ShadowBB,tw62628743,高雄市,0pt
1935,ShadowPorygon,tw58088231,新北市,0pt
1935,Shane,tw81958115,桃園市,0pt
1935,Shao,tw69479889,新北市,0pt
1935,ShaoWei,tw66066508,臺北市,0pt
1935,Shark,tw78859380,桃園市,0pt
1935,Sharon,tw00787146,苗栗縣,0pt
1935,Shawn,tw26987981,新北市,0pt
1935,Shawn,tw09303042,臺中市,0pt
1935,SheeP,tw30918734,新北市,0pt
1935,Sheepherders,tw09936425,臺南市,0pt
1935,Shelly,tw37293361,新北市,0pt
1935,Shen,tw36930244,屏東縣,0pt
1935,ShenLin,tw62557636,新北市,0pt
1935,Shen_L,tw80038509,高雄市,0pt
1935,Shenchihchen,tw06932100,臺北市,0pt
1935,Sheng,tw06169660,其它地區,0pt
1935,Sheng,tw74895557,桃園市,0pt
1935,Shepherd,tw90368874,新北市,0pt
1935,Sherry,tw69614881,基隆市,0pt
1935,ShiMinHong,tw25336636,新北市,0pt
1935,Shiang,tw01788632,新北市,0pt
1935,Shin,tw78431282,新北市,0pt
1935,Shiro,tw84139439,臺北市,0pt
1935,Shiwei,tw21811906,屏東縣,0pt
1935,Shix,tw47570937,高雄市,0pt
1935,ShoShoDaddy,tw17587114,新竹縣,0pt
1935,Shoney,tw51899312,新竹縣,0pt
1935,ShouFan,tw52517280,臺中市,0pt
1935,Showingtry39,tw14882048,彰化縣,0pt
1935,Shunyu,tw93214844,臺南市,0pt
1935,Shuo.,tw75722340,臺北市,0pt
1935,Shuoye,tw26564853,宜蘭縣,0pt
1935,Shyan,tw44966177,宜蘭縣,0pt
1935,SiaoKing,tw94334860,臺中市,0pt
1935,Siaomo,tw41514636,臺北市,0pt
1935,Silent,tw41198436,臺北市,0pt
1935,Silver,tw11133029,新北市,0pt
1935,Silver,tw03003230,臺中市,0pt
1935,SilverTsukiyo,tw28193886,苗栗縣,0pt
1935,Simon,tw29608580,高雄市,0pt
1935,Sinny,tw17052330,臺北市,0pt
1935,Siunaus,tw34991932,屏東縣,0pt
1935,Skoleir,tw44463894,新北市,0pt
1935,Sky,tw03704318,新竹市,0pt
1935,SkyLine,tw49994297,臺南市,0pt
1935,Skye,tw13014881,臺北市,0pt
1935,Skyyq4848,tw74048208,臺北市,0pt
1935,Smallone,tw21332567,桃園市,0pt
1935,SmileHugo666,tw20933345,新北市,0pt
1935,SmileNick,tw63332760,新北市,0pt
1935,SmilingLin,tw96564886,高雄市,0pt
1935,Smilodon,tw00473069,新竹市,0pt
1935,Smith,tw42640630,臺北市,0pt
1935,Snorlax,tw08690830,宜蘭縣,0pt
1935,Snorlax,tw90367089,新北市,0pt
1935,SnorlaxPaPa,tw17648576,新北市,0pt
1935,SnorlaxWu,tw66578994,臺北市,0pt
1935,SnowMan,tw18292732,新北市,0pt
1935,Soda,tw06699272,桃園市,0pt
1935,Soda,tw96223328,臺北市,0pt
1935,Sofy,tw82861786,桃園市,0pt
1935,Sogoods,tw99279911,臺中市,0pt
1935,Somebo,tw32141014,新竹市,0pt
1935,Somesomeone,tw63323811,新北市,0pt
1935,Song,tw97258834,彰化縣,0pt
1935,SongEn0329,tw96697072,桃園市,0pt
1935,SoonGa,tw66400803,新北市,0pt
1935,Sophieee_:3,tw90173825,臺北市,0pt
1935,Sora,tw07026326,臺中市,0pt
1935,Sora0615,tw31236249,桃園市,0pt
1935,Soso,tw51494032,桃園市,0pt
1935,Soysauce,tw40248714,彰化縣,0pt
1935,Sozo,tw89050758,桃園市,0pt
1935,Spike,tw27965581,新北市,0pt
1935,Spike,tw67664499,臺北市,0pt
1935,Stan,tw10462838,新北市,0pt
1935,Stanley,tw30521407,新北市,0pt
1935,Star,tw41698923,新北市,0pt
1935,Star,tw77837824,新北市,0pt
1935,Star7G,tw73387892,臺中市,0pt
1935,StarHank,tw12709271,新北市,0pt
1935,StarScar,tw70701673,臺北市,0pt
1935,Stella,tw17818157,高雄市,0pt
1935,Stephen,tw31556414,宜蘭縣,0pt
1935,Steve,tw47356092,高雄市,0pt
1935,Steven,tw36814456,新北市,0pt
1935,Steven,tw24731670,臺北市,0pt
1935,Steven,tw55861628,臺北市,0pt
1935,Steven,tw76176136,臺北市,0pt
1935,Stevennnn,tw62046633,新北市,0pt
1935,Stewart,tw74796217,臺中市,0pt
1935,StoneBon,tw73993828,臺南市,0pt
1935,Su,tw04255506,苗栗縣,0pt
1935,Subaru,tw16584579,新北市,0pt
1935,Sugoi97169,tw43564143,臺中市,0pt
1935,Sukai,tw98375975,臺中市,0pt
1935,SumikkoPusheen,tw02616757,臺中市,0pt
1935,Sundayc,tw59335766,臺北市,0pt
1935,SuperBokkan,tw42693578,臺南市,0pt
1935,SuperKen,tw58754172,臺南市,0pt
1935,SuperSandwich,tw03486214,高雄市,0pt
1935,Superhugbear,tw18243923,桃園市,0pt
1935,SurAlice,tw49397751,臺中市,0pt
1935,SushiAndy,tw85454658,新竹市,0pt
1935,Susic,tw59243718,臺北市,0pt
1935,Suzuki,tw20305103,新北市,0pt
1935,Swerty,tw02442169,臺中市,0pt
1935,Swhy,tw49882529,高雄市,0pt
1935,Syuan,tw62222265,屏東縣,0pt
1935,Syuan,tw66561029,臺北市,0pt
1935,Syue,tw71891270,新北市,0pt
1935,Syue9106,tw72889797,新北市,0pt
1935,T0DD789,tw87930530,宜蘭縣,0pt
1935,TAC_KT,tw82121432,高雄市,0pt
1935,TAC_Yee,tw93412698,新北市,0pt
1935,TAC_marphling,tw21438060,新北市,0pt
1935,TANG,tw65770031,新北市,0pt
1935,TCGSTORE_J0,tw72930337,臺北市,0pt
1935,TCGSTORE_乃文,tw31984908,臺中市,0pt
1935,TCG_yangmeimei,tw45523478,臺北市,0pt
1935,TC_Weng,tw95673119,新北市,0pt
1935,TDG_58K,tw19471947,臺中市,0pt
1935,TGFBEN,tw53915183,臺中市,0pt
1935,TG_Brandon,tw72313605,新北市,0pt
1935,TING,tw24939741,桃園市,0pt
1935,TLUni,tw37762444,臺北市,0pt
1935,TOFU84,tw49735887,臺北市,0pt
1935,TONG,tw95210388,高雄市,0pt
1935,TONG,tw99848978,高雄市,0pt
1935,TP,tw28988843,臺北市,0pt
1935,TREE,tw24623594,桃園市,0pt
1935,TR_Ming,tw12520773,臺中市,0pt
1935,TR_YEH,tw28822403,臺中市,0pt
1935,TSAI-TSAI,tw70886090,臺中市,0pt
1935,TSUNGWEI,tw16515864,臺南市,0pt
1935,TTjoshOuO,tw87778522,臺北市,0pt
1935,TWJacky,tw77112630,新北市,0pt
1935,TZANG-YING-HUNG,tw53205005,新北市,0pt
1935,Taiang,tw90338660,屏東縣,0pt
1935,Taiwan-Ninja,tw53090100,宜蘭縣,0pt
1935,Takeshi,tw20842785,新北市,0pt
1935,Talmy,tw68144647,彰化縣,0pt
1935,Tama,tw49669748,臺中市,0pt
1935,Tamers,tw82780085,臺中市,0pt
1935,Tanigawa,tw81232157,高雄市,0pt
1935,Tanubak,tw42843614,屏東縣,0pt
1935,Taran,tw65468659,臺北市,0pt
1935,Taro,tw21206685,桃園市,0pt
1935,Taro,tw19490570,臺中市,0pt
1935,Tatsu,tw07288611,新北市,0pt
1935,TayaSun,tw96179165,新竹縣,0pt
1935,TeRiK,tw36278895,高雄市,0pt
1935,Ted,tw30625219,臺北市,0pt
1935,TedNi,tw07416659,臺南市,0pt
1935,Teddy,tw84248853,屏東縣,0pt
1935,Teddy,tw55961337,苗栗縣,0pt
1935,TenSEAN,tw50784132,桃園市,0pt
1935,Ter,tw32743518,新北市,0pt
1935,Terry,tw96438031,桃園市,0pt
1935,Terry,tw05956505,臺南市,0pt
1935,Terry_Chiu,tw23730146,新北市,0pt
1935,Theforthconjurer,tw04865888,嘉義市,0pt
1935,Theme.of.over.on,tw33356494,臺北市,0pt
1935,Theworldwill,tw31552272,臺中市,0pt
1935,Thierry,tw99564975,臺北市,0pt
1935,Thieves,tw90389852,臺北市,0pt
1935,Thomas,tw77930593,高雄市,0pt
1935,ThunderMi,tw44475314,新北市,0pt
1935,Tian0224,tw90703618,嘉義縣,0pt
1935,Tiffany,tw14598547,新北市,0pt
1935,Tigerliu,tw59094956,高雄市,0pt
1935,Tim,tw59798866,基隆市,0pt
1935,Tim,tw70058511,宜蘭縣,0pt
1935,Tim,tw91928855,彰化縣,0pt
1935,Tim,tw06952912,新北市,0pt
1935,Tim,tw38331561,新北市,0pt
1935,Tim,tw71488520,新北市,0pt
1935,Tim,tw92126311,臺中市,0pt
1935,Tim,tw93147498,臺中市,0pt
1935,Tim,tw52853127,雲林縣,0pt
1935,Tim,tw83259271,高雄市,0pt
1935,TimChou_13,tw46808255,桃園市,0pt
1935,Timber,tw91100873,新北市,0pt
1935,TimeofRoar,tw11136221,新北市,0pt
1935,Timpy,tw92905671,高雄市,0pt
1935,Tim韋,tw97379261,新北市,0pt
1935,Ting,tw97329432,宜蘭縣,0pt
1935,Ting,tw69899543,臺北市,0pt
1935,Ting,tw92283389,苗栗縣,0pt
1935,Ting,tw01762865,高雄市,0pt
1935,TingChan,tw22647506,新北市,0pt
1935,TingWu,tw23138611,臺中市,0pt
1935,Tkijes,tw49519100,花蓮縣,0pt
1935,TmT,tw15757093,新北市,0pt
1935,Tmax,tw80664262,臺北市,0pt
1935,Toast7687,tw38697377,桃園市,0pt
1935,Tob,tw20669758,新北市,0pt
1935,Tom,tw89816593,新北市,0pt
1935,Tom,tw01731098,新北市,0pt
1935,Tom,tw11251093,桃園市,0pt
1935,TomBCM,tw53826806,臺中市,0pt
1935,TomLee,tw00110588,新北市,0pt
1935,Tomato,tw98541971,高雄市,0pt
1935,Tombow,tw93153306,桃園市,0pt
1935,Tommy,tw69575811,宜蘭縣,0pt
1935,Tommy1994,tw08270549,高雄市,0pt
1935,Tong,tw21362628,桃園市,0pt
1935,Tony,tw36998021,新北市,0pt
1935,Tony,tw88338713,新北市,0pt
1935,Tony,tw76094797,新竹縣,0pt
1935,Tony,tw52591724,花蓮縣,0pt
1935,Tony,tw39773805,高雄市,0pt
1935,Tony,tw59781754,高雄市,0pt
1935,Tonyisaboy,tw73730122,新竹縣,0pt
1935,Toth,tw28101734,臺中市,0pt
1935,Totoro,tw70535662,臺中市,0pt
1935,Tottori,tw81666140,新北市,0pt
1935,Tousaku,tw86559690,桃園市,0pt
1935,Travele'sFall,tw38946425,嘉義市,0pt
1935,Tree,tw47117803,臺北市,0pt
1935,TripleD,tw75854782,新北市,0pt
1935,TripleG,tw37432871,新北市,0pt
1935,Trouble-maker,tw16782553,新竹縣,0pt
1935,TsaiXiaoZe,tw79960012,新竹縣,0pt
1935,TsengSungWen,tw23263214,臺中市,0pt
1935,Tsoen,tw67759826,臺北市,0pt
1935,Tsubakiryu,tw14636033,新北市,0pt
1935,TsukiSho,tw89001634,臺北市,0pt
1935,Tu,tw02201595,新北市,0pt
1935,Tuanyuan,tw59632621,新北市,0pt
1935,Turtle,tw00564273,桃園市,0pt
1935,TwRyan8,tw01399445,臺中市,0pt
1935,Twolight,tw13434296,新竹市,0pt
1935,Tyranitar,tw03329060,新北市,0pt
1935,Tyrone,tw88679404,高雄市,0pt
1935,U.G.,tw06761746,新竹市,0pt
1935,UB757211Bening,tw06773001,臺中市,0pt
1935,UBER_RONG,tw67940713,臺北市,0pt
1935,UC,tw56026821,臺北市,0pt
1935,UIIA_Rex,tw13239963,高雄市,0pt
1935,UMAUMA,tw12405535,臺北市,0pt
1935,UNSN,tw32959047,臺中市,0pt
1935,UPL,tw99402404,新北市,0pt
1935,Unabelle,tw58620366,臺北市,0pt
1935,Uni,tw51794428,新北市,0pt
1935,UnsUoD,tw32624144,新竹市,0pt
1935,Usagi,tw44917576,新北市,0pt
1935,Usagisan,tw01084148,新北市,0pt
1935,Uujjiyy,tw74867285,臺北市,0pt
1935,Uzumi,tw99855684,新北市,0pt
1935,V,tw76234425,高雄市,0pt
1935,VORUS,tw86301175,桃園市,0pt
1935,Vampy,tw20794487,苗栗縣,0pt
1935,Vanish,tw00004214,臺北市,0pt
1935,Vanvangao,tw35787864,臺中市,0pt
1935,Vaundy,tw24939910,桃園市,0pt
1935,Vex,tw48399540,新北市,0pt
1935,Vfptsit,tw24673346,桃園市,0pt
1935,Vibrastring,tw24250486,新北市,0pt
1935,Vic,tw67998850,新北市,0pt
1935,Vick,tw51021443,臺中市,0pt
1935,Vickey,tw84004633,高雄市,0pt
1935,Victor,tw52761106,新北市,0pt
1935,Victor,tw90943122,桃園市,0pt
1935,Victor,tw22998453,臺北市,0pt
1935,VictorLai,tw84890521,臺南市,0pt
1935,VileplumeBernard,tw95533657,臺北市,0pt
1935,Vince,tw06923161,彰化縣,0pt
1935,VinceFA,tw58523618,臺北市,0pt
1935,Vincent,tw82151262,臺中市,0pt
1935,Vivian,tw91035613,基隆市,0pt
1935,Vivian,tw46870994,新北市,0pt
1935,Vivian,tw04313550,臺中市,0pt
1935,VivianPeng,tw51280364,臺中市,0pt
1935,Vokanfarghus,tw43692869,臺北市,0pt
1935,VolvoC,tw32226416,臺中市,0pt
1935,W,tw25120899,新竹市,0pt
1935,W.Eason,tw31482431,臺中市,0pt
1935,WALK,tw43343491,臺南市,0pt
1935,WANG-RUEI-HONG,tw88948410,臺中市,0pt
1935,WANG-YU-XIANG,tw71134975,彰化縣,0pt
1935,WEI0918,tw55117166,高雄市,0pt
1935,WEN,tw25466417,嘉義縣,0pt
1935,WENG,tw39063588,屏東縣,0pt
1935,WJay,tw41609662,新北市,0pt
1935,WLKang,tw35970076,高雄市,0pt
1935,WTMwarukunaiyone,tw52652948,臺北市,0pt
1935,WU-MENG-TZU,tw03193944,新北市,0pt
1935,WUJIAYOU,tw85227119,高雄市,0pt
1935,WYS,tw36891792,臺北市,0pt
1935,Wailmer,tw90549718,新北市,0pt
1935,Waiting,tw91902256,臺北市,0pt
1935,Wallis,tw46562550,臺北市,0pt
1935,Walt,tw00333583,高雄市,0pt
1935,Wang,tw37737423,宜蘭縣,0pt
1935,Wang0630,tw70987757,桃園市,0pt
1935,WangChiaTien,tw57038772,新北市,0pt
1935,WangWang,tw40069256,新北市,0pt
1935,Water,tw89593571,臺中市,0pt
1935,Waterlee,tw62564673,臺南市,0pt
1935,Way4,tw01407526,臺北市,0pt
1935,Wayne,tw23080545,桃園市,0pt
1935,Wayne,tw76529055,臺北市,0pt
1935,WayneKW,tw45371614,臺北市,0pt
1935,WayneLee,tw46726773,新北市,0pt
1935,Wayne_Lin,tw39492637,臺北市,0pt
1935,Wech,tw11593061,桃園市,0pt
1935,Wei,tw43834632,新北市,0pt
1935,Wei,tw78134525,新竹市,0pt
1935,Wei,tw80714573,新竹縣,0pt
1935,Wei,tw28719974,臺中市,0pt
1935,Wei,tw22580602,臺北市,0pt
1935,Wei,tw51008315,臺北市,0pt
1935,Wei,tw78310159,臺北市,0pt
1935,Wei,tw94008869,臺北市,0pt
1935,Wei,tw72511275,臺南市,0pt
1935,Wei-Te8012,tw34265905,臺北市,0pt
1935,Wei-Z,tw73398226,高雄市,0pt
1935,Wei1999,tw39707022,桃園市,0pt
1935,Weipig,tw99748711,新北市,0pt
1935,Weiwei,tw91301591,臺南市,0pt
1935,Weiweichen,tw21841112,臺北市,0pt
1935,WeizzC,tw38141120,新竹縣,0pt
1935,Well,tw89623212,桃園市,0pt
1935,Wellshuang,tw47345998,新北市,0pt
1935,Wen,tw03829510,新北市,0pt
1935,Wen,tw80429093,高雄市,0pt
1935,Wendy,tw39540560,南投縣,0pt
1935,Wendy,tw39541138,臺北市,0pt
1935,Wendy,tw79830077,臺北市,0pt
1935,Wenson,tw95955380,桃園市,0pt
1935,Wenyue,tw53782031,宜蘭縣,0pt
1935,Wenyujaing,tw03898034,桃園市,0pt
1935,WesHuang,tw18170999,桃園市,0pt
1935,Whein,tw88407488,高雄市,0pt
1935,WhiteTuna,tw34185751,桃園市,0pt
1935,Whitedragon,tw05326370,桃園市,0pt
1935,WhosYourDaddy,tw26447356,新北市,0pt
1935,Will,tw32900324,基隆市,0pt
1935,Will,tw35010470,桃園市,0pt
1935,Will506,tw19419943,桃園市,0pt
1935,William,tw42827153,新北市,0pt
1935,WilliamFang,tw30469869,新北市,0pt
1935,WilliamKung,tw41652367,臺北市,0pt
1935,WillieChen,tw16404038,新竹市,0pt
1935,Willy,tw90016937,桃園市,0pt
1935,Willy,tw44047226,臺北市,0pt
1935,Willygood,tw13298204,新竹縣,0pt
1935,Wilson,tw93830981,臺北市,0pt
1935,Wilson_L,tw43063068,新北市,0pt
1935,WinM,tw84380026,新北市,0pt
1935,Windguys,tw75777478,臺北市,0pt
1935,Winnie,tw99714386,新北市,0pt
1935,Winny,tw09782511,臺南市,0pt
1935,Wish,tw19249370,新北市,0pt
1935,WoDeeMaYa,tw27948966,新北市,0pt
1935,WoShiTsaiJi,tw37432006,彰化縣,0pt
1935,WolFTW,tw86365994,臺中市,0pt
1935,Women,tw32380954,宜蘭縣,0pt
1935,Woo,tw72452427,新北市,0pt
1935,Wu,tw27103317,臺中市,0pt
1935,Wu,tw55769948,臺南市,0pt
1935,WuHuaGuo,tw09917326,高雄市,0pt
1935,WuKen,tw35609497,桃園市,0pt
1935,WuPP,tw41082653,臺北市,0pt
1935,WuTungChi,tw17083324,臺北市,0pt
1935,Wumamamua,tw45989288,新北市,0pt
1935,Wuying,tw33061839,臺南市,0pt
1935,Ww,tw49843526,新北市,0pt
1935,XIAOYULUN,tw34470519,新北市,0pt
1935,XIN,tw08941568,臺北市,0pt
1935,XINXIN,tw15173114,臺北市,0pt
1935,XY,tw08886795,臺南市,0pt
1935,Xaivier,tw53878324,臺北市,0pt
1935,Xavier,tw15798702,臺中市,0pt
1935,Xavier,tw31738493,臺中市,0pt
1935,Xavier_Fan,tw62974337,新北市,0pt
1935,Xervou,tw77216641,新北市,0pt
1935,Xi,tw10173792,桃園市,0pt
1935,XiXi,tw67071727,臺北市,0pt
1935,Xiabar,tw40201711,新北市,0pt
1935,Xian,tw85155159,臺中市,0pt
1935,Xian,tw13977373,高雄市,0pt
1935,Xiang,tw16050910,新北市,0pt
1935,Xiang,tw93612878,新竹縣,0pt
1935,Xiang,tw08085618,臺中市,0pt
1935,Xiang,tw32563452,臺北市,0pt
1935,XiangDog1237,tw77295390,新竹縣,0pt
1935,Xianyou,tw84972327,新北市,0pt
1935,XiaoC_PTCG,tw11655254,苗栗縣,0pt
1935,XiaoLeon,tw58985321,高雄市,0pt
1935,XiaoSheng,tw82098720,彰化縣,0pt
1935,XiaoSheng,tw58340824,桃園市,0pt
1935,Xiaolo_TW,tw80659997,新北市,0pt
1935,Xin,tw18734218,新竹縣,0pt
1935,Xinlan2,tw02004996,新北市,0pt
1935,Xiu,tw96113132,臺北市,0pt
1935,Xiu,tw54830226,臺北市,0pt
1935,Xu,tw20043672,桃園市,0pt
1935,Xu,tw93141926,臺中市,0pt
1935,XuChaoshuang,tw12521094,高雄市,0pt
1935,Xuan,tw07212144,新北市,0pt
1935,Xuan,tw29965279,澎湖縣,0pt
1935,Xuan,tw96378542,臺中市,0pt
1935,Xue,tw20978811,高雄市,0pt
1935,Xuehu,tw30538289,臺中市,0pt
1935,YAN,tw69836103,臺中市,0pt
1935,"YAN,RUI-YING",tw85262760,新竹市,0pt
1935,YAO,tw60805037,新北市,0pt
1935,YAO,tw83566257,高雄市,0pt
1935,YAOWEN,tw04086904,新北市,0pt
1935,YAOYAO,tw63881085,新北市,0pt
1935,YC,tw30048806,新北市,0pt
1935,YC,tw90322670,新北市,0pt
1935,YC,tw94280513,臺北市,0pt
1935,YEN,tw98233113,高雄市,0pt
1935,YES,tw43118125,桃園市,0pt
1935,YFT,tw18710589,高雄市,0pt
1935,YMF,tw62818520,臺南市,0pt
1935,YO,tw11978505,彰化縣,0pt
1935,YOYO,tw29254880,臺北市,0pt
1935,YPE0321,tw10768735,新北市,0pt
1935,YR,tw32575817,雲林縣,0pt
1935,YU,tw48828788,臺北市,0pt
1935,YUHO,tw60224981,新竹縣,0pt
1935,YUYU,tw22007891,新北市,0pt
1935,YW,tw20117595,新北市,0pt
1935,YY,tw67485864,臺中市,0pt
1935,Yakult,tw53101420,桃園市,0pt
1935,Yalang,tw65760535,桃園市,0pt
1935,Yan,tw26744706,屏東縣,0pt
1935,Yang,tw78831009,桃園市,0pt
1935,Yang,tw53169091,臺北市,0pt
1935,Yang,tw08187806,臺北市,0pt
1935,Yang,tw26814269,臺北市,0pt
1935,YangLiKai,tw92443004,臺北市,0pt
1935,Yao,tw42076089,新北市,0pt
1935,Yao,tw07577770,臺北市,0pt
1935,Yao,tw04531100,高雄市,0pt
1935,YaoNian,tw86675559,臺北市,0pt
1935,Yasuda,tw64772920,彰化縣,0pt
1935,Yato,tw73831583,新北市,0pt
1935,Yayasky,tw65908156,臺北市,0pt
1935,Year,tw77045302,新北市,0pt
1935,Yeastybeing,tw53937685,彰化縣,0pt
1935,Yee,tw48131569,新北市,0pt
1935,Yeeeee,tw12501244,高雄市,0pt
1935,YeeeeeHua,tw85622277,新北市,0pt
1935,Yeene,tw12828106,高雄市,0pt
1935,Yehchiayuan,tw41976077,高雄市,0pt
1935,Yetta,tw69743569,新北市,0pt
1935,Yh,tw34953027,臺北市,0pt
1935,Yi,tw02834384,基隆市,0pt
1935,Yi-snow,tw92578397,高雄市,0pt
1935,YiFan,tw03173145,高雄市,0pt
1935,YiHsiang,tw25679200,臺中市,0pt
1935,Yi_Wei,tw89340663,新北市,0pt
1935,Yichen,tw01711597,彰化縣,0pt
1935,Yikai,tw58373255,新北市,0pt
1935,Yilay,tw35817617,臺北市,0pt
1935,YinSueiSi,tw69597675,花蓮縣,0pt
1935,Ying,tw76488641,彰化縣,0pt
1935,Ying,tw38482720,桃園市,0pt
1935,Yizen,tw40173024,臺南市,0pt
1935,Yo,tw66899749,新北市,0pt
1935,Yo,tw46003698,新北市,0pt
1935,YoDaYoIn,tw10358474,宜蘭縣,0pt
1935,YoYo,tw50527016,桃園市,0pt
1935,Yoh,tw06780975,高雄市,0pt
1935,Yongsen,tw45540680,高雄市,0pt
1935,York,tw63556270,高雄市,0pt
1935,York,tw73868426,高雄市,0pt
1935,YotabiNoNami,tw99386256,新北市,0pt
1935,YouNi,tw96974133,臺中市,0pt
1935,Young,tw14920198,桃園市,0pt
1935,Youren,tw69746347,新北市,0pt
1935,Yoyo,tw55628308,嘉義市,0pt
1935,Yoyo,tw59792275,臺北市,0pt
1935,Yoz,tw63171506,臺北市,0pt
1935,Yu,tw50580268,宜蘭縣,0pt
1935,Yu,tw35729420,新北市,0pt
1935,Yu,tw35425144,新北市,0pt
1935,Yu,tw79685646,新北市,0pt
1935,Yu,tw84986736,新北市,0pt
1935,Yu,tw90450179,新竹市,0pt
1935,Yu,tw21565922,桃園市,0pt
1935,Yu,tw41313309,桃園市,0pt
1935,Yu,tw87489766,臺北市,0pt
1935,Yu,tw31004758,臺北市,0pt
1935,Yu-Sheng,tw82219653,屏東縣,0pt
1935,Yu00,tw26127405,高雄市,0pt
1935,YuChi,tw53772295,臺北市,0pt
1935,YuHoNg,tw80638856,高雄市,0pt
1935,YuMing,tw22767325,新北市,0pt
1935,YuWei,tw92773199,高雄市,0pt
1935,YuYun,tw34085084,臺北市,0pt
1935,Yuan,tw78065719,屏東縣,0pt
1935,Yuan,tw64037556,臺北市,0pt
1935,Yubao,tw22480993,彰化縣,0pt
1935,Yuchi,tw16207920,臺南市,0pt
1935,Yuhan,tw91572499,高雄市,0pt
1935,Yuhao,tw17334001,新北市,0pt
1935,Yuhuai,tw55069236,臺中市,0pt
1935,YuiHui,tw07812601,高雄市,0pt
1935,Yuijk,tw62745908,臺中市,0pt
1935,Yuki,tw12889475,桃園市,0pt
1935,Yuki,tw23832677,高雄市,0pt
1935,Yuki0221,tw57767899,桃園市,0pt
1935,YukiUta,tw61372489,高雄市,0pt
1935,Yukikusari,tw16878600,臺南市,0pt
1935,Yuliana,tw84336583,新北市,0pt
1935,Yume,tw81020026,新北市,0pt
1935,Yumming,tw26682811,南投縣,0pt
1935,Yumming,tw92258926,高雄市,0pt
1935,Yun,tw86831721,新北市,0pt
1935,Yun,tw69395031,高雄市,0pt
1935,Yun,tw91826898,高雄市,0pt
1935,YunChi,tw82247539,高雄市,0pt
1935,Yung,tw71237353,臺北市,0pt
1935,Yuta,tw28147830,宜蘭縣,0pt
1935,Yutse,tw79402782,高雄市,0pt
1935,Yuuki,tw13790675,嘉義市,0pt
1935,Yuyu,tw36375745,臺北市,0pt
1935,Yuzi,tw35494783,嘉義市,0pt
1935,Yuzu,tw40790618,臺北市,0pt
1935,YvesLi,tw72673320,新北市,0pt
1935,ZAI,tw09092827,新北市,0pt
1935,ZETA,tw40917812,桃園市,0pt
1935,ZICIAN,tw48742212,宜蘭縣,0pt
1935,ZOU,tw90045916,桃園市,0pt
1935,ZYSUN,tw66784725,桃園市,0pt
1935,ZZZ,tw31578486,新北市,0pt
1935,Zachary,tw30323767,基隆市,0pt
1935,ZackLin,tw48408173,新北市,0pt
1935,Zafkiel,tw63127850,臺北市,0pt
1935,Zakie0422,tw38746147,高雄市,0pt
1935,ZazaAnna,tw64919003,高雄市,0pt
1935,ZeBanded,tw78965793,臺北市,0pt
1935,Zeke,tw34844336,新北市,0pt
1935,Zelad,tw42505350,新北市,0pt
1935,Zengmin,tw66024438,臺中市,0pt
1935,Zern,tw55513622,新北市,0pt
1935,Zero,tw66177982,新北市,0pt
1935,Zeru,tw44335986,新北市,0pt
1935,Zerzer773,tw45497640,雲林縣,0pt
1935,ZetZero,tw42905608,新北市,0pt
1935,Zhang,tw53937342,新北市,0pt
1935,Zhen,tw72786083,高雄市,0pt
1935,Zheng-Cheng-Liang,tw20346997,新北市,0pt
1935,ZhengWeicheng,tw95373493,嘉義縣,0pt
1935,ZhengYuan_victor,tw41995598,桃園市,0pt
1935,Zhong,tw67737837,高雄市,0pt
1935,ZidaneCH,tw03804655,臺北市,0pt
1935,Zien,tw53017412,彰化縣,0pt
1935,Ziwei,tw10878500,新北市,0pt
1935,Zoe,tw59311894,新竹市,0pt
1935,Zoe,tw14468417,新竹縣,0pt
1935,Zoe0601,tw34133531,臺中市,0pt
1935,Zone,tw61306214,新北市,0pt
1935,Zongjie,tw09326996,桃園市,0pt
1935,ZuoWei,tw47508323,臺北市,0pt
1935,Zwubber,tw25537042,臺中市,0pt
1935,Zzang,tw63943617,彰化縣,0pt
1935,Zzz,tw02704531,臺北市,0pt
1935,_maple leaf_,tw40403825,新竹縣,0pt
1935,a0056001,tw06896264,臺北市,0pt
1935,a02063133,tw95288725,臺中市,0pt
1935,a2002081509,tw41938271,桃園市,0pt
1935,a2233992,tw01250730,高雄市,0pt
1935,a4848460,tw01098008,臺中市,0pt
1935,a6863868,tw32898171,雲林縣,0pt
1935,a80728072,tw62802568,新北市,0pt
1935,abc0108,tw09425500,新北市,0pt
1935,agu0820,tw43287257,臺中市,0pt
1935,ahsienyu,tw72135278,新北市,0pt
1935,alan,tw95653360,桃園市,0pt
1935,albert,tw24368419,臺北市,0pt
1935,alen,tw85573348,桃園市,0pt
1935,alex,tw82569844,新北市,0pt
1935,alice,tw13057058,高雄市,0pt
1935,allen,tw94091949,宜蘭縣,0pt
1935,allen_1001,tw47269797,新北市,0pt
1935,allenchao406,tw34941192,臺北市,0pt
1935,andrewch1021,tw19084080,新北市,0pt
1935,andy960119,tw10804567,新北市,0pt
1935,andyliao0906,tw14939507,臺北市,0pt
1935,anker,tw79546494,新北市,0pt
1935,annasu,tw04815729,彰化縣,0pt
1935,annds,tw26849058,新北市,0pt
1935,apple1313,tw10883219,臺北市,0pt
1935,asdy33110,tw53705574,桃園市,0pt
1935,ash,tw30328149,臺北市,0pt
1935,asiagodfizz,tw89720374,新北市,0pt
1935,astrotech,tw05999185,新北市,0pt
1935,atsu,tw21529429,臺北市,0pt
1935,aurona,tw49682954,新北市,0pt
1935,autoanalysis,tw34195060,新北市,0pt
1935,azctor,tw87480332,臺北市,0pt
1935,baby94258,tw09650353,桃園市,0pt
1935,baek41,tw79848564,臺中市,0pt
1935,baobao,tw90882079,新北市,0pt
1935,basske,tw22975602,高雄市,0pt
1935,bbaustin,tw93514236,桃園市,0pt
1935,bbb,tw22961867,高雄市,0pt
1935,bbxx,tw20791358,新北市,0pt
1935,bean,tw80109890,臺北市,0pt
1935,beato,tw98509126,臺北市,0pt
1935,beaverking,tw85711876,雲林縣,0pt
1935,benandy3213,tw01314378,彰化縣,0pt
1935,bibo_1111,tw19702930,臺中市,0pt
1935,bigburger,tw94931770,新北市,0pt
1935,bigleaf,tw93784234,臺北市,0pt
1935,bill0310,tw24166290,臺中市,0pt
1935,birdy,tw03610134,臺北市,0pt
1935,black,tw27177736,高雄市,0pt
1935,blackm3,tw90421791,新北市,0pt
1935,blacksnow,tw66178932,新北市,0pt
1935,bobowiki,tw46072700,臺北市,0pt
1935,bokey0210,tw38983342,高雄市,0pt
1935,booset76,tw16935948,臺中市,0pt
1935,boshchang,tw70479384,高雄市,0pt
1935,bossun,tw46375063,新北市,0pt
1935,bowlbrother,tw46944757,臺中市,0pt
1935,brian,tw02739345,臺北市,0pt
1935,brian123222,tw91694131,新竹市,0pt
1935,bubu,tw48137068,臺北市,0pt
1935,bujijia1105,tw99981270,新竹市,0pt
1935,bulkuso,tw39307195,臺北市,0pt
1935,buyu,tw17220354,嘉義市,0pt
1935,c.t,tw74412925,高雄市,0pt
1935,carabapy,tw31292430,臺北市,0pt
1935,castiel,tw38419480,臺北市,0pt
1935,cat501219,tw78576381,新北市,0pt
1935,catpig,tw75017262,臺北市,0pt
1935,ccoo56ddyyg,tw13982066,高雄市,0pt
1935,char0831,tw67507523,新竹市,0pt
1935,chen,tw19198094,新北市,0pt
1935,chen,tw35366363,新竹市,0pt
1935,chenghan,tw73520518,新北市,0pt
1935,chengyu,tw05786429,臺中市,0pt
1935,chenn,tw72714477,苗栗縣,0pt
1935,chenya,tw75947825,臺中市,0pt
1935,chenyuming1222,tw35577763,臺北市,0pt
1935,chenyuuu,tw30326771,新北市,0pt
1935,cherry,tw94504488,新北市,0pt
1935,cheshenhong,tw35818525,新北市,0pt
1935,chi,tw89908818,高雄市,0pt
1935,chichi,tw77710233,臺北市,0pt
1935,chichibaby,tw04696543,新北市,0pt
1935,chicutegirl,tw84248842,臺中市,0pt
1935,chieh,tw89337342,臺北市,0pt
1935,chienhao,tw95727312,新竹市,0pt
1935,chill,tw31555063,臺中市,0pt
1935,chiu,tw79992941,臺北市,0pt
1935,cho,tw27485662,高雄市,0pt
1935,choubighead,tw57375557,臺南市,0pt
1935,chris,tw09071101,臺北市,0pt
1935,cid512,tw90989359,臺北市,0pt
1935,circus,tw96883102,新竹市,0pt
1935,ckiouoowo,tw90360942,桃園市,0pt
1935,clontropic,tw63713812,新竹市,0pt
1935,coco,tw46417125,新北市,0pt
1935,conradwang,tw25500981,新北市,0pt
1935,cookies,tw71518293,桃園市,0pt
1935,coolmahny,tw34331791,高雄市,0pt
1935,cs61503,tw65369731,新北市,0pt
1935,cyxk5201,tw15886815,高雄市,0pt
1935,czw0826,tw52106807,新北市,0pt
1935,d40726,tw43738399,臺中市,0pt
1935,danny,tw85174889,臺中市,0pt
1935,david1030,tw41398048,臺中市,0pt
1935,deef,tw32207949,高雄市,0pt
1935,despair951016,tw44736495,新北市,0pt
1935,dinosaur,tw08009566,臺中市,0pt
1935,diwei,tw96760757,新北市,0pt
1935,dm4,tw28453210,新北市,0pt
1935,dodo,tw84640476,臺北市,0pt
1935,dogdog,tw46516868,宜蘭縣,0pt
1935,doge,tw16329083,彰化縣,0pt
1935,dogeeeee,tw46258331,新北市,0pt
1935,dragonart,tw11176208,彰化縣,0pt
1935,dragoonyuki,tw31867651,臺北市,0pt
1935,dtt1682,tw79742199,桃園市,0pt
1935,dva8777,tw18694537,彰化縣,0pt
1935,dynastinae,tw97253900,桃園市,0pt
1935,dzjones,tw39726493,新北市,0pt
1935,easonc11,tw16703966,新北市,0pt
1935,ed1975,tw62226420,臺北市,0pt
1935,edd,tw89906091,高雄市,0pt
1935,edfg,tw32166844,新北市,0pt
1935,eigetsu,tw99775946,臺北市,0pt
1935,eleuen87,tw29291132,臺中市,0pt
1935,ellalovegn1314,tw83089072,臺北市,0pt
1935,en._0108,tw80242889,臺中市,0pt
1935,eric,tw14799494,桃園市,0pt
1935,eric,tw18369536,桃園市,0pt
1935,erirft,tw45677529,臺北市,0pt
1935,ethan,tw31757937,高雄市,0pt
1935,eugene,tw28384071,花蓮縣,0pt
1935,evan255004,tw82685825,新北市,0pt
1935,fallen,tw63608063,彰化縣,0pt
1935,far1montain,tw70914852,雲林縣,0pt
1935,fatcapoo,tw74733363,高雄市,0pt
1935,feng,tw38155826,臺中市,0pt
1935,ferk3319,tw93345155,新北市,0pt
1935,firefox,tw76299724,高雄市,0pt
1935,franksong,tw54516915,臺北市,0pt
1935,fred,tw61053948,臺北市,0pt
1935,freerider,tw97882377,新北市,0pt
1935,frogman,tw19493420,新竹縣,0pt
1935,fusonglin,tw60516778,高雄市,0pt
1935,gamdam23,tw87404714,臺北市,0pt
1935,gaoguima?!,tw56969159,臺北市,0pt
1935,gary,tw88653314,桃園市,0pt
1935,gary52,tw81250238,新北市,0pt
1935,ggname,tw72313811,新北市,0pt
1935,ginmy,tw62742613,高雄市,0pt
1935,gjk58,tw15959462,新北市,0pt
1935,gnkgfh12,tw90431366,臺中市,0pt
1935,guan-ting,tw77459128,臺南市,0pt
1935,guava6666,tw72742844,新北市,0pt
1935,guessjo,tw06246208,宜蘭縣,0pt
1935,hades,tw19969061,新北市,0pt
1935,hahaabc123,tw90907677,基隆市,0pt
1935,hahabimo,tw66373595,雲林縣,0pt
1935,hahaku,tw29715544,新北市,0pt
1935,hakunamatata,tw95842676,新北市,0pt
1935,han,tw16197809,新北市,0pt
1935,han,tw32409142,臺北市,0pt
1935,hank,tw30597040,新北市,0pt
1935,hao,tw50794492,新北市,0pt
1935,happysong,tw64545937,高雄市,0pt
1935,hare0516,tw20979093,新北市,0pt
1935,haruka,tw26900469,臺北市,0pt
1935,hat0906,tw14489518,新北市,0pt
1935,hemo,tw30363253,桃園市,0pt
1935,herry,tw73375867,新北市,0pt
1935,hidexwish,tw50493651,臺中市,0pt
1935,homezoo,tw00995784,高雄市,0pt
1935,honda,tw71768773,臺南市,0pt
1935,hoshinosuke,tw17970367,新北市,0pt
1935,hou1998,tw02205457,新竹市,0pt
1935,hs60124,tw40960140,新北市,0pt
1935,hua,tw32066010,臺中市,0pt
1935,hun,tw95389288,臺北市,0pt
1935,ian,tw94142249,桃園市,0pt
1935,ice,tw45021283,臺北市,0pt
1935,icebean13,tw94338344,臺北市,0pt
1935,iceicegood,tw52358182,嘉義市,0pt
1935,ichihatsuhane,tw03093508,宜蘭縣,0pt
1935,ichinose,tw98201756,桃園市,0pt
1935,isiah,tw53619660,高雄市,0pt
1935,ives6174,tw49762054,臺北市,0pt
1935,izayoi,tw86534977,臺南市,0pt
1935,jQ,tw54306443,高雄市,0pt
1935,jack,tw64434381,桃園市,0pt
1935,jacky,tw91357028,雲林縣,0pt
1935,james860316,tw77634820,桃園市,0pt
1935,jason,tw20682904,高雄市,0pt
1935,jason12xie,tw29423186,臺北市,0pt
1935,jay127,tw89619564,臺北市,0pt
1935,jeffgash,tw76177315,臺中市,0pt
1935,jejeallen,tw33077938,臺中市,0pt
1935,jelly,tw15963112,新北市,0pt
1935,jeremy,tw77649380,臺北市,0pt
1935,jerry401634,tw54226049,臺北市,0pt
1935,jerry5412,tw46532350,臺北市,0pt
1935,jerrychuang,tw74035128,臺北市,0pt
1935,jieh0712,tw71811768,新北市,0pt
1935,jilaknight,tw57021394,新北市,0pt
1935,jimmy,tw50206946,臺中市,0pt
1935,jj10129,tw19119194,臺北市,0pt
1935,jj9990253,tw41805810,新北市,0pt
1935,jkl123ouo,tw82063410,新北市,0pt
1935,johnny1206,tw97577926,臺南市,0pt
1935,jonjon,tw58277019,新北市,0pt
1935,js,tw44493090,臺南市,0pt
1935,jst7n,tw48874823,臺北市,0pt
1935,jun681223,tw31778050,臺南市,0pt
1935,justinfat,tw01319020,高雄市,0pt
1935,justintime.1204,tw62309096,臺北市,0pt
1935,justziv7930,tw55655725,彰化縣,0pt
1935,kabegon,tw07335368,新北市,0pt
1935,kai,tw54845041,臺中市,0pt
1935,kaikat,tw92947560,新北市,0pt
1935,kc-trent,tw93438193,臺中市,0pt
1935,kelly,tw19310070,新北市,0pt
1935,ken,tw93797115,高雄市,0pt
1935,kennykei,tw98311496,高雄市,0pt
1935,kensannin,tw07393133,臺北市,0pt
1935,kevinsu,tw34731082,臺北市,0pt
1935,kg,tw56924663,臺北市,0pt
1935,kh,tw14752191,高雄市,0pt
1935,kim,tw09678342,桃園市,0pt
1935,kino,tw09472918,高雄市,0pt
1935,kite,tw56491338,高雄市,0pt
1935,kiviki,tw72378175,桃園市,0pt
1935,kk0746,tw62359701,新北市,0pt
1935,kk940042,tw56411934,南投縣,0pt
1935,kodakkkkkkkkkku,tw10591384,高雄市,0pt
1935,kokocat0705,tw02461987,高雄市,0pt
1935,kuo835211,tw88856714,新北市,0pt
1935,kuresu,tw61964558,基隆市,0pt
1935,kuromaru,tw09730181,臺北市,0pt
1935,kusalagi,tw68518328,臺北市,0pt
1935,l1w1c10,tw51903756,臺北市,0pt
1935,laichihyung,tw49392914,新北市,0pt
1935,lan,tw47121916,苗栗縣,0pt
1935,lang,tw17078050,桃園市,0pt
1935,lanmonth,tw33152834,嘉義縣,0pt
1935,lanweitai,tw60824137,新北市,0pt
1935,larpcan,tw05540492,臺北市,0pt
1935,lbster,tw67709460,高雄市,0pt
1935,leesinging,tw82752621,桃園市,0pt
1935,leo,tw40706258,臺北市,0pt
1935,lester,tw41966141,臺中市,0pt
1935,lieyan,tw06485035,宜蘭縣,0pt
1935,lin,tw22214921,新北市,0pt
1935,lin,tw93871609,新北市,0pt
1935,lin312969,tw04851289,南投縣,0pt
1935,lingyi,tw45367321,臺中市,0pt
1935,linlan,tw67389040,臺北市,0pt
1935,littleissei,tw84325064,新北市,0pt
1935,liu_warriors,tw34236232,新北市,0pt
1935,lnger,tw93529525,新北市,0pt
1935,lonce239768,tw32795338,臺中市,0pt
1935,louislin77,tw58607171,臺中市,0pt
1935,lsongzhe,tw06291470,新竹縣,0pt
1935,luckymad,tw11368073,新竹縣,0pt
1935,luvie0926,tw82480504,臺北市,0pt
1935,lwei87,tw75642248,臺中市,0pt
1935,maoball,tw32020440,彰化縣,0pt
1935,maomi,tw24694611,臺北市,0pt
1935,maxwell,tw79660904,臺中市,0pt
1935,megan,tw68441793,基隆市,0pt
1935,meta_myeon,tw61065045,桃園市,0pt
1935,mi-N1ARK,tw30252609,高雄市,0pt
1935,michael_river,tw56997212,臺北市,0pt
1935,miffyju,tw56443673,新北市,0pt
1935,mikeyeh,tw99853156,臺北市,0pt
1935,miku,tw39590773,高雄市,0pt
1935,mileswu,tw07993716,基隆市,0pt
1935,ming2024,tw91373217,彰化縣,0pt
1935,ming720516,tw59856064,宜蘭縣,0pt
1935,mirrorwine,tw13696454,臺北市,0pt
1935,mj23232323232323,tw38167676,新北市,0pt
1935,momo,tw32042055,臺北市,0pt
1935,monicakung,tw51468059,高雄市,0pt
1935,monkey,tw16577111,桃園市,0pt
1935,moon,tw52486334,新北市,0pt
1935,moremore_0104,tw01466025,新北市,0pt
1935,msshenx,tw08436579,臺北市,0pt
1935,my750215,tw97191587,苗栗縣,0pt
1935,nicemaker,tw16987274,臺北市,0pt
1935,nicky,tw66497121,臺北市,0pt
1935,ning,tw23347872,臺北市,0pt
1935,ninjalala,tw72414157,臺北市,0pt
1935,niten0426,tw36604607,桃園市,0pt
1935,nnho,tw07575165,新北市,0pt
1935,noihs,tw68020974,彰化縣,0pt
1935,northmrtkiller,tw57540645,臺北市,0pt
1935,nosidenus,tw16153532,新北市,0pt
1935,nowzen,tw61134372,基隆市,0pt
1935,oRange,tw37494925,臺北市,0pt
1935,obbo0309,tw04231671,新竹縣,0pt
1935,oco,tw52551485,新北市,0pt
1935,ollie,tw76175007,臺中市,0pt
1935,omega124563,tw81720302,基隆市,0pt
1935,oneday,tw75636661,高雄市,0pt
1935,only,tw50779434,新北市,0pt
1935,onslz,tw60751515,新竹市,0pt
1935,oolong0326,tw48298004,新北市,0pt
1935,orange-ni,tw98243062,新北市,0pt
1935,ot,tw37239645,新北市,0pt
1935,otakuvillage707,tw25411966,新北市,0pt
1935,outrsses,tw51606628,臺中市,0pt
1935,ozma,tw48706845,新北市,0pt
1935,ozwv,tw81925593,臺北市,0pt
1935,paco,tw61881438,基隆市,0pt
1935,paddy,tw94931781,臺中市,0pt
1935,paipai,tw78228318,桃園市,0pt
1935,path,tw25617046,臺北市,0pt
1935,paulin,tw08649376,臺中市,0pt
1935,pbugbug,tw13292860,臺北市,0pt
1935,pe996821,tw40332857,高雄市,0pt
1935,penny808,tw38011413,宜蘭縣,0pt
1935,peonyc,tw38073465,桃園市,0pt
1935,peter,tw14550284,嘉義市,0pt
1935,petercracker,tw30880209,高雄市,0pt
1935,phantomXjack,tw27136964,臺南市,0pt
1935,pi,tw10164834,新北市,0pt
1935,piea0926,tw60143783,新北市,0pt
1935,pm3141503,tw59572633,桃園市,0pt
1935,poguy01,tw97245020,臺中市,0pt
1935,pretender,tw12775424,新北市,0pt
1935,psyduck0221,tw61324378,屏東縣,0pt
1935,ptcgTurtle,tw44716255,臺北市,0pt
1935,pudding,tw21381909,新北市,0pt
1935,puliniRX,tw82559799,桃園市,0pt
1935,puyopuyo,tw10011644,新北市,0pt
1935,quinlan,tw85840402,新竹縣,0pt
1935,qwert,tw55574214,高雄市,0pt
1935,qweryou1234,tw04803827,臺北市,0pt
1935,r-ray,tw14766029,臺中市,0pt
1935,rabbit50day,tw77581061,嘉義市,0pt
1935,raining1016,tw86514169,臺東縣,0pt
1935,ray,tw22782125,臺北市,0pt
1935,ray0358,tw65585056,高雄市,0pt
1935,raylex,tw40616018,高雄市,0pt
1935,raymond,tw55632611,桃園市,0pt
1935,redbrother,tw05478141,宜蘭縣,0pt
1935,reddoted0620,tw36824056,新北市,0pt
1935,redplus,tw22265219,嘉義縣,0pt
1935,redwatercool,tw09473922,新北市,0pt
1935,rei,tw91882919,高雄市,0pt
1935,rela.x.xy,tw92168083,彰化縣,0pt
1935,relaxing234,tw08047585,新北市,0pt
1935,ren,tw75272956,新北市,0pt
1935,rex0746,tw53263936,新北市,0pt
1935,rockman932,tw37173180,高雄市,0pt
1935,rookieDrew,tw79394728,臺南市,0pt
1935,rui,tw70026738,高雄市,0pt
1935,ruiruiccchang,tw23318408,臺北市,0pt
1935,s902810,tw01455874,高雄市,0pt
1935,safetyno1,tw84778568,臺南市,0pt
1935,sai,tw82725132,新北市,0pt
1935,sai,tw83256073,臺中市,0pt
1935,sai,tw36712780,臺北市,0pt
1935,saito,tw65408957,彰化縣,0pt
1935,saiyaRay,tw36233159,臺中市,0pt
1935,salar123,tw10506016,高雄市,0pt
1935,saxon,tw26094968,桃園市,0pt
1935,scorpius17,tw79739550,桃園市,0pt
1935,scott,tw36418774,新北市,0pt
1935,sdf,tw09373581,苗栗縣,0pt
1935,sean881222,tw25412093,新北市,0pt
1935,seexm,tw71249055,高雄市,0pt
1935,seki,tw00791522,新北市,0pt
1935,seraphim,tw35400743,桃園市,0pt
1935,shadow,tw06217868,臺北市,0pt
1935,shaoan,tw31640949,桃園市,0pt
1935,shark887,tw54293962,屏東縣,0pt
1935,sheep1207,tw69398496,新北市,0pt
1935,sheep_uwu,tw88706128,新北市,0pt
1935,shen17,tw53473673,新北市,0pt
1935,shenghong,tw10557560,新北市,0pt
1935,shichen,tw97773688,新北市,0pt
1935,shine,tw34358536,新北市,0pt
1935,shineeee,tw61332670,新北市,0pt
1935,shiroshiro,tw54471048,臺中市,0pt
1935,shuffelin,tw00942836,桃園市,0pt
1935,shung7812,tw64485582,桃園市,0pt
1935,shuyun,tw57080249,臺北市,0pt
1935,skyblue,tw82349076,新北市,0pt
1935,skytsai,tw08364398,新北市,0pt
1935,sleepiggg,tw99905744,臺北市,0pt
1935,slimetueee,tw26035295,南投縣,0pt
1935,smile23447,tw59959178,新竹市,0pt
1935,snowball,tw34882110,新北市,0pt
1935,snwpud,tw33529762,臺中市,0pt
1935,so,tw82979348,高雄市,0pt
1935,soumu1227,tw30572682,臺中市,0pt
1935,spenser168,tw08922462,新北市,0pt
1935,sposnny,tw94604216,宜蘭縣,0pt
1935,st0213,tw19895160,臺北市,0pt
1935,steelwill,tw02884710,新北市,0pt
1935,steven,tw76517279,宜蘭縣,0pt
1935,steven,tw33135746,臺北市,0pt
1935,stone431145,tw10175566,高雄市,0pt
1935,stussy9092,tw85705851,基隆市,0pt
1935,sula,tw23011174,臺中市,0pt
1935,summer,tw17647409,臺中市,0pt
1935,sunder,tw54507017,桃園市,0pt
1935,sundream,tw79420213,臺中市,0pt
1935,sxl,tw99890645,臺南市,0pt
1935,tacotaco,tw63432602,新北市,0pt
1935,taiwaneseheadache,tw27051062,南投縣,0pt
1935,teddy940126,tw74343825,桃園市,0pt
1935,thesun,tw25801057,臺中市,0pt
1935,tiantyong,tw15667939,新北市,0pt
1935,timhuang0913,tw91314628,臺北市,0pt
1935,timmy,tw45597485,臺中市,0pt
1935,timrep,tw30999844,新北市,0pt
1935,ting,tw06934755,新北市,0pt
1935,ting,tw48557484,新北市,0pt
1935,ting0105,tw67117888,新北市,0pt
1935,tony,tw41440453,新北市,0pt
1935,tooler116,tw96651592,桃園市,0pt
1935,toro,tw50812188,新北市,0pt
1935,toshimiller,tw58337201,新北市,0pt
1935,trevor1129,tw61190400,臺北市,0pt
1935,trikcymonkey,tw07673554,臺南市,0pt
1935,tsunugi,tw69909046,臺北市,0pt
1935,tung1101,tw21025631,臺北市,0pt
1935,twgo,tw11179021,臺南市,0pt
1935,twh,tw47402742,臺北市,0pt
1935,umineko,tw36500607,高雄市,0pt
1935,uu,tw66035170,臺北市,0pt
1935,uwe,tw37131934,新北市,0pt
1935,virb,tw32558850,新竹縣,0pt
1935,w0266w,tw38141890,新北市,0pt
1935,w443719,tw78372085,金門縣,0pt
1935,wafan,tw32921148,新北市,0pt
1935,waterbaby,tw41070355,新北市,0pt
1935,wax,tw17320371,臺北市,0pt
1935,weber,tw95364634,臺北市,0pt
1935,wednes46,tw28964635,桃園市,0pt
1935,wei,tw60683742,新北市,0pt
1935,wei,tw33709328,臺北市,0pt
1935,weiii,tw49607119,彰化縣,0pt
1935,weiwei,tw31888140,彰化縣,0pt
1935,wendy,tw12797187,新北市,0pt
1935,wenkang,tw33918985,高雄市,0pt
1935,whiteins0409,tw52240838,臺中市,0pt
1935,whs410376,tw60445483,臺中市,0pt
1935,willchen,tw07753694,臺南市,0pt
1935,willy,tw97726318,彰化縣,0pt
1935,willy,tw17712093,臺北市,0pt
1935,wine,tw31279242,新北市,0pt
1935,winhuang,tw01292779,桃園市,0pt
1935,wizii,tw05991950,新北市,0pt
1935,woohoowasay,tw80599038,高雄市,0pt
1935,wper202,tw70812150,高雄市,0pt
1935,wpizza,tw12356663,新竹縣,0pt
1935,writer847,tw53022291,臺中市,0pt
1935,wsx2348,tw90896278,新北市,0pt
1935,wunmin,tw90188682,屏東縣,0pt
1935,wuyan,tw44136398,臺中市,0pt
1935,wy,tw10456232,臺中市,0pt
1935,xeroxdd,tw04780608,新北市,0pt
1935,xiang,tw58278997,南投縣,0pt
1935,xiaodro,tw84462905,臺南市,0pt
1935,ximen,tw72487431,宜蘭縣,0pt
1935,xin,tw11206528,新北市,0pt
1935,xiouyi,tw64041902,高雄市,0pt
1935,xixi,tw82806960,新北市,0pt
1935,xttk,tw45133180,新北市,0pt
1935,xue09870987,tw43025906,屏東縣,0pt
1935,xzw,tw89440874,新竹縣,0pt
1935,yang,tw20352899,桃園市,0pt
1935,yang,tw95551448,桃園市,0pt
1935,yangshan,tw12393056,嘉義市,0pt
1935,yangyang,tw00026251,新北市,0pt
1935,yarima,tw38400660,新北市,0pt
1935,yaya,tw90337772,桃園市,0pt
1935,yaya5566,tw76228961,新北市,0pt
1935,yc_hao,tw61746043,高雄市,0pt
1935,ycu9658721,tw36464957,新北市,0pt
1935,ye_ptcg,tw12807447,宜蘭縣,0pt
1935,yeeee,tw16733519,臺北市,0pt
1935,yehwch,tw03969015,新北市,0pt
1935,yen,tw21586850,新北市,0pt
1935,yhlou,tw36620429,臺北市,0pt
1935,yiai,tw35175803,桃園市,0pt
1935,yichia,tw92076138,臺北市,0pt
1935,ying.shijieh,tw40185782,新北市,0pt
1935,ymca,tw73169074,桃園市,0pt
1935,yoho,tw91119905,臺中市,0pt
1935,yonari,tw36819766,宜蘭縣,0pt
1935,yooo,tw16237500,宜蘭縣,0pt
1935,youlan,tw29828585,新北市,0pt
1935,your_best_brother_Ns,tw05999417,新竹市,0pt
1935,yourback,tw46652543,新北市,0pt
1935,yoyo,tw52553065,臺北市,0pt
1935,yoyo!ya,tw22374781,高雄市,0pt
1935,yu,tw18697766,臺北市,0pt
1935,yu611273,tw38454337,宜蘭縣,0pt
1935,yuDic,tw53522133,桃園市,0pt
1935,yueh220,tw64054412,新北市,0pt
1935,yukionna,tw11019793,新竹縣,0pt
1935,yun._del,tw08094389,新北市,0pt
1935,yuu,tw04468864,彰化縣,0pt
1935,yuuna,tw80863041,臺中市,0pt
1935,yuzuhari,tw97643344,臺中市,0pt
1935,yzai,tw54660748,臺北市,0pt
1935,z0789654,tw24179179,臺南市,0pt
1935,zabauu,tw47749326,新北市,0pt
1935,zack,tw01667695,臺中市,0pt
1935,zero,tw48621091,桃園市,0pt
1935,zeroqwer,tw52870596,新竹市,0pt
1935,zhangyongzhi,tw92097716,彰化縣,0pt
1935,zhekai,tw28460345,新北市,0pt
1935,zhi,tw32603431,新北市,0pt
1935,zin35,tw46069771,臺南市,0pt
1935,zwen,tw38739331,高雄市,0pt
1935,zxc987zxc999,tw51066551,高雄市,0pt
1935,zzz,tw16802318,新北市,0pt
1935,zzzheng,tw29953189,臺南市,0pt
1935,~.~,tw39397843,桃園市,0pt
1935,丁丁,tw25145671,臺北市,0pt
1935,不敗傳說,tw56193071,臺北市,0pt
1935,二弟,tw25601177,新竹市,0pt
1935,亞次圓,tw73215185,新北市,0pt
1935,享玩_魯諾,tw12776865,桃園市,0pt
1935,信義阿肥,tw75845877,臺北市,0pt
1935,允,tw09158831,臺北市,0pt
1935,冬瓜,tw21008477,高雄市,0pt
1935,凱心,tw71507730,新北市,0pt
1935,卡布Kabu,tw41542167,新北市,0pt
1935,卡比爸爸,tw60460291,臺南市,0pt
1935,吃飽了,tw92050156,桃園市,0pt
1935,坦寶寶,tw39280306,新北市,0pt
1935,塔普卡同好會_JosephPu,tw77331934,新竹縣,0pt
1935,大力丸,tw85060196,新北市,0pt
1935,大鋁鋼笨蛋,tw24451996,新北市,0pt
1935,好食g赤山店雞排50不切不辣,tw27761176,高雄市,0pt
1935,宇翔,tw94073966,新北市,0pt
1935,安安,tw35887197,嘉義縣,0pt
1935,小海豹,tw53915467,臺北市,0pt
1935,小貓mo,tw79353243,南投縣,0pt
1935,小黃Akira,tw99383451,臺中市,0pt
1935,布丁,tw91086889,臺北市,0pt
1935,我是ZJ,tw60812541,臺北市,0pt
1935,捌捌溜_EncoreLee,tw64046128,新北市,0pt
1935,捲,tw74356695,臺北市,0pt
1935,早安,tw78930739,澎湖縣,0pt
1935,星龍SDron,tw33796974,高雄市,0pt
1935,晟安,tw41660489,基隆市,0pt
1935,曾俊達,tw14237925,臺南市,0pt
1935,曾曾曾,tw35859702,臺北市,0pt
1935,木守宮,tw31647005,臺北市,0pt
1935,朱柏睿,tw89431822,臺北市,0pt
1935,李阿志,tw58844697,基隆市,0pt
1935,榮海,tw66816512,臺北市,0pt
1935,歐窩的天啊太爽了我的名字可以取二十個字ㄟ,tw63927870,臺中市,0pt
1935,沼王,tw01563582,花蓮縣,0pt
1935,海豹,tw97031537,臺北市,0pt
1935,牛肉麵,tw35477925,新竹市,0pt
1935,瓜仔,tw61598490,苗栗縣,0pt
1935,睡不飽,tw47693930,臺北市,0pt
1935,翰弟,tw77798178,宜蘭縣,0pt
1935,臭泥葉,tw02568150,新北市,0pt
1935,谷安,tw55886221,臺中市,0pt
1935,軒汶,tw27303700,桃園市,0pt
1935,達克萊伊訓練家,tw85165329,嘉義市,0pt
1935,邱B,tw92363566,新北市,0pt
1935,醜醜余,tw21142224,臺中市,0pt
1935,開放賽好好玩,tw00753115,臺北市,0pt
1935,阿嚕咪,tw79957434,高雄市,0pt
1935,阿芸,tw57006873,桃園市,0pt
1935,陳維彬,tw26381393,臺北市,0pt
1935,陶阿達雷尼卡布奇諾香蕉泥巴 小黃瓜三世,tw95570205,新北市,0pt
1935,霜月,tw14726815,高雄市,0pt
1935,駱建廷,tw24905766,新竹市,0pt
1935,高雄8包中出克拉拉SRx2,tw25265233,高雄市,0pt
1935,鯊魚,tw24374388,桃園市,0pt
1935,龍音,tw11110118,新北市,0pt
