rank,username,ptcg_id,area,points
1,Tiger,tw15435377,新北市,0pt
2,NiHao_WoChiYiDian,tw56336073,臺中市,0pt
3,Galaxy,tw27568465,臺中市,0pt
4,曉致,tw63508480,高雄市,0pt
5,TCGSTORE_阿元,tw79280986,臺北市,0pt
6,Ray,tw73106123,高雄市,0pt
7,BossTang,tw48793078,基隆市,0pt
8,Jiao,tw78403870,新北市,0pt
9,LUN,tw56605426,臺南市,0pt
10,shawn,tw42309306,臺中市,0pt
11,Yeen,tw73048413,臺南市,0pt
12,TopCard_Fu,tw77877383,新竹縣,0pt
13,aaaa,tw36759052,臺中市,0pt
14,DCG_01,tw24854365,新竹縣,0pt
15,Danyang,tw03132048,高雄市,0pt
16,cian,tw78657682,高雄市,0pt
17,Mr.Gengar,tw05925639,臺中市,0pt
18,DKA_PIGRIGHT0,tw93433450,宜蘭縣,0pt
19,Heisenberg,tw22529091,臺北市,0pt
20,Moon,tw97931731,臺北市,0pt
21,Stanley.LAI,tw29404493,臺中市,0pt
22,Akashi,tw23764220,彰化縣,0pt
23,ZIYI777,tw69848864,新北市,0pt
24,Chuangbob,tw59842400,新竹市,0pt
25,JEFF,tw33544977,新北市,0pt
26,86,tw94971550,臺北市,0pt
27,XJH_Fengshen,tw15026318,新北市,0pt
28,Viveka,tw21820105,桃園市,0pt
29,DONG_JI_WU,tw59054436,臺中市,0pt
30,Modred1104,tw44821842,臺中市,0pt
31,PoYangHsu,tw10141695,高雄市,0pt
32,海豹姐,tw01909140,彰化縣,0pt
33,ClawsTY Martin,tw76086171,桃園市,0pt
34,Ianyang,tw45485735,高雄市,0pt
35,瘋桌遊楠梓店正老闆徵闆娘！,tw02559687,高雄市,0pt
36,TCGSTORE_MASSA,tw85147749,臺北市,0pt
37,will,tw79188375,高雄市,0pt
38,BenT,tw76470686,臺南市,0pt
39,TEAM_David,tw10467123,臺北市,0pt
40,QQ,tw26175828,臺中市,0pt
41,R1n90,tw23226571,新北市,0pt
42,LINCHEHSUAN,tw95954871,臺北市,0pt
43,GMS-YO,tw93955100,臺南市,0pt
44,kazma,tw04461037,臺北市,0pt
45,哈力栗,tw44344603,高雄市,0pt
46,GHG_PeterWine,tw16132632,宜蘭縣,0pt
47,ChenMinQian,tw75551324,苗栗縣,0pt
48,"Chang,I-Hsiang",tw89343025,臺中市,0pt
49,ScreamTail,tw42619935,臺南市,0pt
50,Shanks,tw28750216,新北市,0pt
51,Mark,tw46076033,高雄市,0pt
52,Nick,tw55000893,臺中市,0pt
53,DCG_2330,tw46798799,臺北市,0pt
54,StrongOrange,tw97885633,臺南市,0pt
55,L,tw18638755,彰化縣,0pt
56,lkkder,tw06441088,高雄市,0pt
57,HiddenSquid,tw00387540,桃園市,0pt
58,Johnny,tw50567676,苗栗縣,0pt
59,yuyu614,tw11292760,臺北市,0pt
60,Snake,tw01024875,新北市,0pt
61,rabbit,tw24203947,新北市,0pt
62,13,tw39174853,臺南市,0pt
63,南呱,tw32214798,雲林縣,0pt
64,Bob,tw13624938,彰化縣,0pt
65,DQ,tw20116252,桃園市,0pt
66,Wei,tw53723254,臺中市,0pt
67,AndyChou,tw44127879,新北市,0pt
68,Jack,tw54430001,新竹市,0pt
69,Laolio,tw29536370,新北市,0pt
70,XRY,tw93076075,臺中市,0pt
71,Yang,tw60273793,高雄市,0pt
72,阿童,tw39185310,臺北市,0pt
73,Cookie,tw42912360,高雄市,0pt
74,Towasamalike,tw23205294,臺南市,0pt
75,CaiMingFeng,tw51147332,新北市,0pt
76,DCG_M1DSKY,tw16152234,新竹市,0pt
77,NewBee,tw59096586,桃園市,0pt
78,Zhaorui,tw88780324,臺中市,0pt
79,rio1022,tw68088789,高雄市,0pt
80,Miltank,tw46795660,臺北市,0pt
81,HaveFun-WeiWei,tw35839691,桃園市,0pt
82,Minatsuki,tw30477292,高雄市,0pt
83,Jyun,tw35995465,高雄市,0pt
84,DCG_J35815916,tw09574160,高雄市,0pt
85,Mapu0215,tw81121676,臺中市,0pt
86,NewFlavors,tw17203659,臺北市,0pt
87,罐頭,tw45806310,高雄市,0pt
88,Diamond,tw57017359,臺北市,0pt
89,Osnyani,tw97138451,新竹市,0pt
90,Aki,tw41073870,臺中市,0pt
91,Habu,tw79878183,高雄市,0pt
92,ChunLun,tw82981600,新北市,0pt
93,Giles,tw52127289,新北市,0pt
94,J4son,tw97135682,臺中市,0pt
95,Luffy87512,tw96909333,桃園市,0pt
96,watermelon,tw54760232,高雄市,0pt
97,GHG_Andro,tw20198051,新北市,0pt
98,GMS_Mew,tw67759215,新北市,0pt
99,HornyBat,tw81886933,臺北市,0pt
100,JimmyTai,tw39894258,新北市,0pt
101,Wen,tw08814300,新北市,0pt
102,Nine-tailedfox,tw87180928,桃園市,0pt
103,Yang-Qi-Jun,tw93858918,新北市,0pt
104,shang,tw75204861,新北市,0pt
105,Rukai-Warriors,tw96137948,屏東縣,0pt
106,Sin,tw61279434,高雄市,0pt
107,Pierre_Cashon,tw76059026,新北市,0pt
108,Hsiang,tw49877892,桃園市,0pt
109,Jiago,tw35707148,臺南市,0pt
110,KHJL,tw33425386,臺北市,0pt
111,LMK,tw75774280,高雄市,0pt
112,Nkrs,tw29121960,新北市,0pt
113,TsaiYaoChing,tw76258268,屏東縣,0pt
114,XJH_Tangfen,tw02826499,新北市,0pt
115,Bruce,tw32869182,臺北市,0pt
116,XJH_HANGO,tw67199394,新北市,0pt
117,shan,tw86177796,彰化縣,0pt
118,Gai,tw89609352,桃園市,0pt
119,Hank,tw33274690,臺北市,0pt
120,Jeremy0224,tw58817602,臺北市,0pt
121,Jerry,tw45498080,臺中市,0pt
122,OP_Chai,tw52194649,臺中市,0pt
123,WunHao,tw89644458,臺北市,0pt
124,LeiDog,tw35416653,臺北市,0pt
125,TuHungHsiang,tw67479231,新北市,0pt
126,bamboo,tw65483922,新北市,0pt
127,BO_YING,tw72333956,新北市,0pt
128,HuangPoTsun,tw35735135,臺中市,0pt
129,JoeChen,tw45324854,新北市,0pt
130,ericyang,tw96387195,新北市,0pt
131,ChenChuXiang,tw66134077,嘉義縣,0pt
132,Ricky,tw42527004,臺南市,0pt
133,翻轉-黃偉哲,tw40852343,臺南市,0pt
134,Bill,tw88559975,臺中市,0pt
135,GZ_ChuanGe,tw40123518,臺北市,0pt
136,Ken,tw82119121,臺南市,0pt
137,薄荷Echo,tw55332465,高雄市,0pt
138,ChiMing,tw36747145,桃園市,0pt
139,^-^,tw16965198,臺北市,0pt
140,Fin,tw88792767,新北市,0pt
141,Forehead,tw37173355,新北市,0pt
142,Warrior5454,tw54988993,桃園市,0pt
143,kang,tw92544749,新北市,0pt
144,ting,tw18906406,新北市,0pt
145,享玩_帆帆帆帆,tw69069593,桃園市,0pt
146,ChengChih,tw91826663,桃園市,0pt
147,LinPo,tw79802506,高雄市,0pt
148,ADi,tw99926791,嘉義市,0pt
149,Knightvc,tw64863333,新北市,0pt
150,Pinkey,tw04722294,高雄市,0pt
151,Tenya,tw73911906,新竹縣,0pt
152,Yue,tw61533794,臺北市,0pt
153,Biaoz,tw00357547,新北市,0pt
154,Blac3Ace,tw52806758,臺北市,0pt
155,CTSYUHAO,tw24889276,嘉義縣,0pt
156,NiGHT,tw35717087,臺南市,0pt
157,OldWang,tw33446875,新竹縣,0pt
158,felix,tw12363623,臺北市,0pt
159,LNG+1,tw02367054,屏東縣,0pt
160,Ray,tw91072286,臺南市,0pt
161,broday,tw73917548,臺北市,0pt
162,linhoching,tw02856732,臺南市,0pt
163,Benny,tw94173678,臺中市,0pt
164,Eyang,tw07314439,臺北市,0pt
165,PPT_Salmon,tw49159270,臺中市,0pt
166,cxy,tw84592025,桃園市,0pt
167,AdamChia,tw87510571,高雄市,0pt
168,FrankChu,tw48512422,新北市,0pt
169,GHG_Faye,tw38086655,臺北市,0pt
170,Hanji,tw21351845,高雄市,0pt
171,HungYaoWang,tw71029745,臺北市,0pt
172,Ian,tw17213475,臺中市,0pt
173,Rjjiang,tw59882595,臺中市,0pt
174,TCGSTORE_HSUAN,tw49340794,臺北市,0pt
175,YaoTing,tw93947447,新北市,0pt
176,:(,tw50858481,桃園市,0pt
177,BonBon,tw09269089,新竹市,0pt
178,HEJIAYING,tw49698910,新北市,0pt
179,HowDaOh,tw32950344,臺北市,0pt
180,Nathan0314,tw79834153,臺北市,0pt
181,Tym,tw83751916,新北市,0pt
182,sasashark,tw19522331,新北市,0pt
183,永遠喜歡愛莉西亞,tw15176221,臺南市,0pt
184,Bear'sParty,tw96922965,屏東縣,0pt
185,Bulu8827,tw95198982,臺中市,0pt
186,Dantes,tw13965222,高雄市,0pt
187,Eup,tw72630270,新北市,0pt
188,ddjoker,tw15701546,臺南市,0pt
189,wangzan,tw48526697,彰化縣,0pt
190,Bread,tw65936819,新北市,0pt
191,Dabethan,tw63016626,高雄市,0pt
192,DoD,tw40338935,臺南市,0pt
193,Foxfool2527,tw62197981,屏東縣,0pt
194,HSU,tw02991787,新竹縣,0pt
195,HaoLei_Fish,tw10864190,新北市,0pt
196,JH,tw25974925,彰化縣,0pt
197,KCyen,tw47904340,宜蘭縣,0pt
198,KuangChanHo,tw93405316,臺北市,0pt
199,LUGIA,tw38080173,高雄市,0pt
200,Ming,tw90996252,宜蘭縣,0pt
201,Raptor,tw62315993,桃園市,0pt
202,jason1201,tw11247537,宜蘭縣,0pt
203,RichardWu,tw61583819,新北市,0pt
204,AhXin,tw79270381,臺北市,0pt
205,Big3_Samson,tw74371443,臺中市,0pt
206,Cathyu,tw29731640,新北市,0pt
207,Eason,tw59471628,基隆市,0pt
208,Jazpig,tw33433069,新竹縣,0pt
209,Jimin,tw69372013,臺中市,0pt
210,Sharky,tw58450010,桃園市,0pt
211,TaipeiCCC,tw45696531,臺北市,0pt
212,Victor,tw76369505,新北市,0pt
213,barrywang,tw60180669,臺北市,0pt
214,hyc,tw41286139,新竹市,0pt
215,mingchia,tw21601458,高雄市,0pt
216,yolin,tw28179733,臺北市,0pt
217,JayC,tw07460167,新北市,0pt
218,Shai,tw23412539,嘉義市,0pt
219,SheuCheWei,tw36138720,臺北市,0pt
220,應威德,tw89449964,新北市,0pt
221,風龍是我的手下敗將,tw43380150,臺中市,0pt
222,Afro0128,tw73975912,新竹市,0pt
223,Break,tw95045687,新竹市,0pt
224,CHENBOXUN,tw39494537,臺中市,0pt
225,Durant,tw56468849,高雄市,0pt
226,Kai,tw90337288,新竹縣,0pt
227,Owen,tw13120137,新北市,0pt
228,Pien,tw54549171,桃園市,0pt
229,mj730709,tw66591069,新北市,0pt
230,ms0304711,tw68763677,臺北市,0pt
231,狡猾的路人甲,tw88860465,臺南市,0pt
232,Billy,tw13569448,桃園市,0pt
233,Jester,tw63343435,彰化縣,0pt
234,"KANG,TAI-YUAN",tw64460639,新北市,0pt
235,Noc,tw24742864,新北市,0pt
236,Xin,tw97666473,新北市,0pt
237,Zhe,tw37257975,新北市,0pt
238,Adan,tw93829445,高雄市,0pt
239,Cy,tw45233917,新北市,0pt
240,Hao,tw33171149,彰化縣,0pt
241,Mazu,tw37918429,桃園市,0pt
242,MoonCake,tw30898169,新北市,0pt
243,Pululu,tw11512917,新竹縣,0pt
244,Superpig,tw95668915,高雄市,0pt
245,Yun,tw13224458,臺中市,0pt
246,jxjason,tw40274722,臺北市,0pt
247,real1027,tw99213849,新竹縣,0pt
248,vincent,tw16728082,新北市,0pt
249,yogioh0,tw06072288,桃園市,0pt
250,yuhina,tw86437657,高雄市,0pt
251,LINYUSIANG,tw27419844,雲林縣,0pt
252,Lazurite,tw41523616,臺中市,0pt
253,Ole',tw72966382,新北市,0pt
254,Tony777,tw89297350,臺中市,0pt
255,靖儒,tw46020620,嘉義市,0pt
256,Allen,tw73187416,臺中市,0pt
257,CY,tw05715928,臺北市,0pt
258,ChangHsinChen,tw60920600,新北市,0pt
259,Charlie,tw64567116,臺中市,0pt
260,Eric,tw84406921,新北市,0pt
261,Fengpai-Lee,tw54347311,桃園市,0pt
262,Goodmouse,tw04959593,新北市,0pt
263,Hypno_Sammu,tw25488947,臺中市,0pt
264,J,tw27758570,臺北市,0pt
265,Janet,tw13786805,臺北市,0pt
266,Liang,tw36942940,彰化縣,0pt
267,OrangeW,tw24266071,新北市,0pt
268,abao,tw26582888,高雄市,0pt
269,soraPanic,tw46423373,臺北市,0pt
270,wei,tw99738792,屏東縣,0pt
271,Bryn,tw72174151,新北市,0pt
272,GUAN-LUN-CHEN,tw01012666,新北市,0pt
273,Joe,tw37765295,臺北市,0pt
274,Melvin,tw40620066,高雄市,0pt
275,FF,tw76568846,新北市,0pt
276,Fan,tw32717439,桃園市,0pt
277,Jack,tw77414759,臺北市,0pt
278,Noir,tw83663725,雲林縣,0pt
279,Raysun,tw70273656,臺北市,0pt
280,Shin,tw14788730,臺北市,0pt
281,Siang,tw25684532,臺中市,0pt
282,Skylar,tw59548820,臺北市,0pt
283,XJH_Chuiyi,tw52301948,新北市,0pt
284,YO,tw57196950,新竹市,0pt
285,Yu,tw94518932,彰化縣,0pt
286,Yuh,tw11642031,高雄市,0pt
287,Jason,tw10410998,新北市,0pt
288,MIAWO,tw90694553,嘉義市,0pt
289,Zhang1205,tw22171154,高雄市,0pt
290,Beef,tw79411276,新北市,0pt
291,ChiaChia,tw85568194,高雄市,0pt
292,Friedrich,tw15171356,桃園市,0pt
293,HOME洋,tw77699656,高雄市,0pt
294,JHE,tw30419396,臺北市,0pt
295,JOKE,tw68209178,新北市,0pt
296,Justin,tw16280450,臺北市,0pt
297,Lalabear,tw55319617,高雄市,0pt
298,Leona,tw09225948,新竹縣,0pt
299,Mareep,tw88521370,臺中市,0pt
300,OGP_Tim,tw80527710,高雄市,0pt
301,Sean666,tw46437830,臺中市,0pt
302,WangLin,tw50680843,高雄市,0pt
303,YoyoYang,tw57062134,新北市,0pt
304,hihilifestyle,tw67604361,新北市,0pt
305,house,tw75352342,新北市,0pt
306,kojiloo,tw38671111,新北市,0pt
307,rober,tw88843922,桃園市,0pt
308,Misutirara,tw07211448,臺北市,0pt
309,Aden,tw52162016,新北市,0pt
310,Bilitherubin,tw38743212,新北市,0pt
311,Bruce_Chen,tw23712439,新北市,0pt
312,Fi_ZhengYang,tw11047177,高雄市,0pt
313,LittleLin,tw13366339,臺中市,0pt
314,MW-pang,tw45178021,高雄市,0pt
315,Mugen,tw66907796,臺南市,0pt
316,Oops,tw95345106,桃園市,0pt
317,Xiaogotall,tw58532021,高雄市,0pt
318,1212wr,tw15533641,新北市,0pt
319,ChienTingYu,tw93020902,新北市,0pt
320,GOOSE,tw34536798,臺南市,0pt
321,Kuli,tw61785235,臺北市,0pt
322,Leegohome,tw35606425,新竹縣,0pt
323,MaxxC,tw91547922,臺南市,0pt
324,egghead,tw93105739,基隆市,0pt
325,AhShen,tw98688020,宜蘭縣,0pt
326,ChiaChe,tw30011078,臺中市,0pt
327,Eason,tw04870134,高雄市,0pt
328,John486Rem,tw33811608,新北市,0pt
329,Kai_,tw62599498,彰化縣,0pt
330,Nick,tw76371566,高雄市,0pt
331,Siang,tw75380665,臺中市,0pt
332,TiaoTiaoYeh,tw71730704,桃園市,0pt
333,TopCard_HAO,tw91720502,新竹市,0pt
334,WoXianGong,tw87500073,新北市,0pt
335,YP.JE,tw52663760,基隆市,0pt
336,Ytxx,tw60511158,桃園市,0pt
337,jun,tw29083759,高雄市,0pt
338,never3317,tw93786012,彰化縣,0pt
339,wy,tw38236579,新竹縣,0pt
340,xLamit,tw36677953,臺南市,0pt
341,Danny,tw78866457,新北市,0pt
342,AC,tw90806836,高雄市,0pt
343,Aragari,tw92466220,新竹縣,0pt
344,DOGE,tw65741542,新北市,0pt
345,Ertai,tw29372557,新北市,0pt
346,Jia,tw84991038,雲林縣,0pt
347,LeeKai,tw26670105,臺北市,0pt
348,LukaLuka,tw27556466,臺北市,0pt
349,MurphySCF,tw78144908,臺北市,0pt
350,Osborn,tw07020662,臺北市,0pt
351,Pan-Jui-Yen,tw11121423,新北市,0pt
352,Shooting,tw66459371,臺北市,0pt
353,SkySky,tw92250919,新北市,0pt
354,Sugar,tw70942920,臺北市,0pt
355,TuTuLin,tw69425578,高雄市,0pt
356,Will,tw95120042,臺中市,0pt
357,jacku,tw79434198,新竹市,0pt
358,johyan,tw27308734,臺北市,0pt
359,kay,tw48927744,基隆市,0pt
360,JJIBB_uglyfish,tw69221566,高雄市,0pt
361,Leon,tw27395288,新北市,0pt
362,Ying,tw24311735,彰化縣,0pt
363,jeremychen,tw71550438,花蓮縣,0pt
364,David,tw42979297,新北市,0pt
365,Dennis,tw75820315,臺北市,0pt
366,Laisun,tw74963860,高雄市,0pt
367,Tsaiuu,tw68492472,臺中市,0pt
368,WEI,tw50453642,澎湖縣,0pt
369,YI,tw20362825,臺南市,0pt
370,ninja._.wa,tw89548879,南投縣,0pt
371,omi,tw96801156,高雄市,0pt
372,ArJay,tw26080590,臺南市,0pt
373,Blue2Mo,tw90564971,臺北市,0pt
374,CHIU HSIN WEI,tw09904717,彰化縣,0pt
375,KAZMA,tw76994845,桃園市,0pt
376,Mine_Uncle,tw01124210,臺南市,0pt
377,WeiJay,tw94687968,彰化縣,0pt
378,BST-NonSama,tw97857197,臺中市,0pt
379,Bala,tw51108451,新竹市,0pt
380,Chi7,tw15456300,臺北市,0pt
381,Cloud,tw55484477,高雄市,0pt
382,Eugenie,tw58781969,臺北市,0pt
383,Jayce,tw69576075,臺北市,0pt
384,Juangken,tw23249034,臺北市,0pt
385,Orange,tw77589256,臺中市,0pt
386,ShaArRK,tw51496473,桃園市,0pt
387,Smallku2782,tw28510545,新北市,0pt
388,SnorLAX,tw08457807,苗栗縣,0pt
389,Spawn,tw42740359,高雄市,0pt
390,Terry,tw32020032,高雄市,0pt
391,Wilson168,tw45684530,臺北市,0pt
392,Wucom,tw52723058,高雄市,0pt
393,mark,tw12494287,高雄市,0pt
394,Awei,tw89407764,新北市,0pt
395,DDawn,tw17748447,屏東縣,0pt
396,Godkiller,tw79723871,苗栗縣,0pt
397,Langgam571,tw24570904,臺北市,0pt
398,Lisalu,tw43007249,臺中市,0pt
399,OGBB,tw06225308,臺中市,0pt
400,Shark,tw62820523,基隆市,0pt
401,walker188,tw54077721,新北市,0pt
402,Bobocat,tw42571684,臺中市,0pt
403,Chickenskin,tw32364107,臺北市,0pt
404,Hiro,tw52274144,高雄市,0pt
405,Jannun,tw79154733,桃園市,0pt
406,Keng,tw86152305,臺中市,0pt
407,Michael,tw71470461,新北市,0pt
408,Stayko,tw88117485,臺北市,0pt
409,ThatWenYen,tw33742727,高雄市,0pt
410,Ubry,tw56240698,新北市,0pt
411,Yeh,tw56972035,新竹市,0pt
412,Yuan,tw27453523,臺中市,0pt
413,BonusLeeRyan,tw46483831,臺南市,0pt
414,Jerry,tw05433925,臺南市,0pt
415,RRY,tw27821583,臺北市,0pt
416,YENWEITING,tw68090720,臺北市,0pt
417,Fddy30,tw20368538,桃園市,0pt
418,JOJO,tw14505717,高雄市,0pt
419,Loren,tw26953449,新北市,0pt
420,PADDY,tw09432546,桃園市,0pt
421,Renny,tw09066488,高雄市,0pt
422,SmallOK,tw63054410,臺南市,0pt
423,YiYu,tw95674193,高雄市,0pt
424,james,tw67348652,新北市,0pt
425,kaijuwoodo,tw86329593,臺南市,0pt
426,nehcyar_,tw51284044,桃園市,0pt
427,sin7n,tw40191085,高雄市,0pt
428,小昱,tw82566333,臺北市,0pt
429,黑獸傭兵團長,tw68856891,新北市,0pt
430,Dora,tw30001370,新竹市,0pt
431,LeonChen,tw26870425,高雄市,0pt
432,Tray,tw04119157,桃園市,0pt
433,Zihao,tw29437004,新北市,0pt
434,wei,tw51251163,臺南市,0pt
435,Ave,tw64209062,新北市,0pt
436,CH,tw44874553,高雄市,0pt
437,GHG-MXK,tw51046647,新北市,0pt
438,Girox,tw07615948,臺北市,0pt
439,HONG,tw93754264,新北市,0pt
440,Hollow,tw96093664,新北市,0pt
441,Ino,tw57907773,臺中市,0pt
442,Kevin,tw64436261,桃園市,0pt
443,Kinako,tw05040970,新北市,0pt
444,MoodyGUY,tw56619873,高雄市,0pt
445,SHAWN,tw27017315,臺北市,0pt
446,Sejong,tw83905127,宜蘭縣,0pt
447,Serendipity,tw74676901,臺南市,0pt
448,Sugar,tw32893143,臺北市,0pt
449,Tim,tw95566595,新北市,0pt
450,a1phaki,tw70378594,桃園市,0pt
451,hower,tw91106608,高雄市,0pt
452,島主,tw75863784,高雄市,0pt
453,Bruce,tw13298067,桃園市,0pt
454,HuiJungCheng,tw18429175,臺中市,0pt
455,Jonathan,tw24928885,臺北市,0pt
456,KT,tw64220350,嘉義市,0pt
457,SHEN,tw65991509,新北市,0pt
458,cycla,tw09152496,臺南市,0pt
459,weichenghuang,tw37274871,彰化縣,0pt
460,Bacon,tw25275319,臺北市,0pt
461,Ian,tw92891852,新北市,0pt
462,LAI-BO-KAI,tw23930741,宜蘭縣,0pt
463,Leo,tw98129328,新竹縣,0pt
464,MorganTsai,tw68822994,新竹市,0pt
465,Raymond,tw49082254,臺中市,0pt
466,Wu,tw97442996,臺南市,0pt
467,Zhongchengen,tw62958507,臺中市,0pt
468,hungry_to_eat,tw05346170,雲林縣,0pt
469,israining,tw93660736,高雄市,0pt
470,jim,tw72244502,苗栗縣,0pt
471,kobee,tw79925801,嘉義縣,0pt
472,BNC_Blast,tw89606971,高雄市,0pt
473,Caspar,tw40870196,臺中市,0pt
474,HF_wei,tw15800518,桃園市,0pt
475,LCC..,tw32722359,雲林縣,0pt
476,SD,tw05197795,新北市,0pt
477,StoneMin,tw36240497,臺中市,0pt
478,Ting,tw76312809,新北市,0pt
479,callyshih,tw54739989,新北市,0pt
480,john1029,tw04057117,臺北市,0pt
481,張育銓,tw26157252,高雄市,0pt
482,AJin,tw18584107,臺中市,0pt
483,BNC-翔寶,tw09704151,高雄市,0pt
484,James,tw87713934,臺北市,0pt
485,Jun,tw27673402,桃園市,0pt
486,LSS,tw54378013,新北市,0pt
487,MAX,tw50797911,新北市,0pt
488,Nanaya,tw03168456,宜蘭縣,0pt
489,OP_FAN,tw63573774,臺中市,0pt
490,PJ,tw70654328,高雄市,0pt
491,RE,tw59037293,新北市,0pt
492,Ray,tw61690221,高雄市,0pt
493,Rayop,tw12619457,彰化縣,0pt
494,Rex,tw21941780,高雄市,0pt
495,SHIAO,tw23540064,桃園市,0pt
496,ShaoWeiChang,tw44744070,桃園市,0pt
497,Wowowo,tw06400208,臺中市,0pt
498,murphy0827,tw58776465,新北市,0pt
499,GZT-00,tw65824965,臺中市,0pt
500,Jeff,tw12134806,臺中市,0pt
501,Yen,tw81218142,新竹縣,0pt
502,asus,tw25961863,嘉義縣,0pt
503,A9_Weberlolz,tw00531440,桃園市,0pt
504,AddEgg0717,tw86324740,臺北市,0pt
505,BestDogeEver,tw84828731,新北市,0pt
506,Long,tw57612114,新北市,0pt
507,Maomao,tw79180495,新北市,0pt
508,MickLiau,tw98649601,苗栗縣,0pt
509,Mr.O,tw90147793,高雄市,0pt
510,NPUST_Huaba,tw91797530,屏東縣,0pt
511,R52,tw03478711,臺中市,0pt
512,Rachel,tw73237577,新北市,0pt
513,Rookie,tw04564553,臺中市,0pt
514,SidLin,tw69346217,臺北市,0pt
515,Sky,tw49826410,臺北市,0pt
516,UNAHAN,tw16526802,彰化縣,0pt
517,WANG-WEI-SHENG,tw03459753,臺南市,0pt
518,YHC,tw37950627,新北市,0pt
519,cheyu,tw24111275,新北市,0pt
520,chuyuan,tw49868105,新竹市,0pt
521,dented-Dusknoir,tw32830944,彰化縣,0pt
522,jk,tw87621292,高雄市,0pt
523,kiwi,tw17248165,桃園市,0pt
524,oa,tw79100139,高雄市,0pt
525,黑貓,tw43932173,彰化縣,0pt
526,BonBon,tw33785925,新竹市,0pt
527,Sora,tw35214784,臺中市,0pt
528,A-HAO,tw46541506,高雄市,0pt
529,BerryLee,tw50202065,高雄市,0pt
530,Hsinru,tw70529064,新北市,0pt
531,JerryChiang,tw28785208,基隆市,0pt
532,KJ,tw82289672,桃園市,0pt
533,Laby,tw81066465,新北市,0pt
534,Lee1196,tw39062068,臺北市,0pt
535,Long-N1ARK,tw34101256,高雄市,0pt
536,Mick,tw93739401,新北市,0pt
537,Ming,tw58028303,臺中市,0pt
538,PENG,tw41852657,臺中市,0pt
539,Pho1nix33,tw17729963,臺中市,0pt
540,Sho,tw04057494,基隆市,0pt
541,TCGSTORE_HoSu,tw14327392,臺中市,0pt
542,Tzuyi,tw09261132,高雄市,0pt
543,Wangtinglun,tw22611326,桃園市,0pt
544,YONSUN,tw36869316,基隆市,0pt
545,ZEO,tw41160256,南投縣,0pt
546,ZhangXuan,tw99229780,南投縣,0pt
547,castle116,tw51710380,桃園市,0pt
548,daGG,tw21954605,臺北市,0pt
549,vilian,tw94156469,高雄市,0pt
550,walkaway,tw09982553,新北市,0pt
551,yuchen0810,tw92224806,新北市,0pt
552,Alex-Jack,tw84834842,臺南市,0pt
553,ChuChiHsiang,tw37727633,臺北市,0pt
554,Ferdielee,tw99801052,臺中市,0pt
555,Godusopp,tw10449295,高雄市,0pt
556,Jerry,tw88288372,新北市,0pt
557,RONG,tw62217615,高雄市,0pt
558,Alex,tw64729411,臺北市,0pt
559,Andrew,tw49959381,臺北市,0pt
560,Avocado,tw59137487,新北市,0pt
561,Bunbear,tw97046858,桃園市,0pt
562,Henry,tw35659148,雲林縣,0pt
563,J,tw58490962,高雄市,0pt
564,Killden,tw97275186,新北市,0pt
565,Lucas,tw95547681,宜蘭縣,0pt
566,Msapiens,tw61792938,臺中市,0pt
567,OGSHIH,tw27714746,新北市,0pt
568,Panda,tw79476009,臺北市,0pt
569,Sam,tw87970697,桃園市,0pt
570,SuHua,tw02191971,臺中市,0pt
571,TAKOTIM,tw64656626,基隆市,0pt
572,Wally0714,tw33091415,高雄市,0pt
573,YINGCHIHCHIU,tw31401549,新竹市,0pt
574,boychen,tw23209128,臺北市,0pt
575,cat0924,tw50239297,臺南市,0pt
576,gavin-N1ARK,tw98858591,高雄市,0pt
577,pingping,tw37361150,高雄市,0pt
578,pokemonvsch1,tw15392207,新北市,0pt
579,ryanwu,tw08856107,臺中市,0pt
580,shirofox,tw24164090,桃園市,0pt
581,BumpyJumpy,tw97370246,桃園市,0pt
582,Monkeyz,tw36173804,彰化縣,0pt
583,Sean,tw66588143,臺南市,0pt
584,andreee,tw85823053,新北市,0pt
585,A_kai,tw63008541,南投縣,0pt
586,BST_Ethan,tw86219919,臺中市,0pt
587,BST_ROB,tw73762496,臺中市,0pt
588,Blues,tw41682200,臺北市,0pt
589,Bryant,tw40682117,新竹縣,0pt
590,CLG_HoHo,tw53198253,臺中市,0pt
591,Camus,tw66520026,新竹縣,0pt
592,ChenLi_Kibana,tw69538820,高雄市,0pt
593,DCG_tsa1,tw58859352,新北市,0pt
594,Depp,tw41643160,桃園市,0pt
595,Foty,tw63569554,臺北市,0pt
596,Kevinkod,tw81021249,其它地區,0pt
597,KiD,tw15667547,臺南市,0pt
598,Qttsix&hennie_IC,tw10136616,臺中市,0pt
599,Rehorn,tw58835877,基隆市,0pt
600,SeverusGuo,tw38140274,基隆市,0pt
601,Sony,tw64598660,高雄市,0pt
602,TC_Brian,tw08055670,新竹縣,0pt
603,Taco,tw63205160,新北市,0pt
604,TiM-N1ARK,tw19291467,高雄市,0pt
605,Tyrunt_ED,tw24479626,桃園市,0pt
606,flybear132,tw02172047,臺北市,0pt
607,ksfantasy,tw33097520,新竹縣,0pt
608,ocean7024,tw28285341,新竹縣,0pt
609,roger606,tw09188186,臺南市,0pt
610,rweiwei,tw32921509,基隆市,0pt
611,tsaikobe,tw42052335,彰化縣,0pt
612,胡在天,tw80138989,新北市,0pt
613,Chenjuin1123,tw82001299,新北市,0pt
614,Haruka,tw46362217,臺南市,0pt
615,Krisinc,tw67306893,新北市,0pt
616,hhh17653,tw69804633,宜蘭縣,0pt
617,Bubble,tw65156718,桃園市,0pt
618,Carl,tw39114696,南投縣,0pt
619,"Cheng-Yang,Hsiao",tw62960654,臺北市,0pt
620,Claws_Cosmos,tw82878504,桃園市,0pt
621,GMS-IY,tw50960483,臺南市,0pt
622,Gary,tw40194303,桃園市,0pt
623,HSUHSIOUHAO,tw75922385,高雄市,0pt
624,HandBreaker,tw48471470,新北市,0pt
625,Hill,tw79037446,桃園市,0pt
626,HuangShengTze,tw75139643,雲林縣,0pt
627,Jerry,tw84382822,高雄市,0pt
628,Ken,tw96097470,苗栗縣,0pt
629,Kevin_Liu,tw90897983,彰化縣,0pt
630,Koi,tw79611944,桃園市,0pt
631,MR,tw30129413,高雄市,0pt
632,Pan,tw89902913,基隆市,0pt
633,RODY,tw22214011,臺北市,0pt
634,RexChen,tw85026999,臺中市,0pt
635,RyanChen,tw04012120,臺北市,0pt
636,Shuoger,tw71328379,新北市,0pt
637,Tim,tw85233211,臺北市,0pt
638,YaYa,tw37823321,新北市,0pt
639,Zonsor,tw02633794,高雄市,0pt
640,moon0616,tw34108269,嘉義縣,0pt
641,starhand,tw30773684,新北市,0pt
642,sunking,tw64652700,苗栗縣,0pt
643,xiao,tw78681290,新北市,0pt
644,yexing0013,tw11440026,高雄市,0pt
645,yodada30,tw41731352,新北市,0pt
646,安茲烏爾恭,tw18468179,新北市,0pt
647,工藤葉,tw84529084,苗栗縣,0pt
648,蜂,tw99603494,雲林縣,0pt
649,Jimmy0628,tw95746707,彰化縣,0pt
650,Lshifu,tw74196817,桃園市,0pt
651,OTK_Miso,tw19804425,新北市,0pt
652,TCGSTORE_YingLa,tw71861265,新北市,0pt
653,Adrian5151,tw85067465,新北市,0pt
654,Aron,tw31553605,臺中市,0pt
655,As,tw13174665,新北市,0pt
656,BTR_魚干,tw08855722,臺北市,0pt
657,Bryan,tw27943796,臺北市,0pt
658,CHENIWEI,tw42246097,桃園市,0pt
659,Der,tw11499785,新北市,0pt
660,Eric,tw26323677,新北市,0pt
661,FaGao,tw61617346,新竹縣,0pt
662,Hao,tw91555335,桃園市,0pt
663,Happy,tw80853920,新北市,0pt
664,Joy0730,tw84105600,新北市,0pt
665,Lantern,tw34938257,新竹市,0pt
666,Luson,tw37870020,桃園市,0pt
667,MING,tw22462552,臺中市,0pt
668,Max,tw00060640,桃園市,0pt
669,Michael,tw96366677,高雄市,0pt
670,Ming-Kuen,tw99573771,苗栗縣,0pt
671,N,tw88322119,臺中市,0pt
672,NONO,tw96941906,新北市,0pt
673,PENG,tw54249298,臺中市,0pt
674,Richard,tw95806947,新北市,0pt
675,RightHandWinner,tw82799687,屏東縣,0pt
676,YUN,tw60256639,臺中市,0pt
677,Zhanc,tw73488056,桃園市,0pt
678,jimmy,tw48908053,苗栗縣,0pt
679,soulmasseur,tw38574290,高雄市,0pt
680,tuclub0723,tw86299187,新北市,0pt
681,wow7838,tw08028986,桃園市,0pt
682,我去不了 退坑,tw81071655,臺南市,0pt
683,水產,tw38775901,臺中市,0pt
684,陽月爸,tw32240000,新北市,0pt
685,TiSSUE,tw61778918,臺中市,0pt
686,Yuzuna,tw80392170,新北市,0pt
687,mark,tw90514043,桃園市,0pt
688,max78610,tw19482629,新竹縣,0pt
689,+c,tw50702174,臺南市,0pt
690,Arthur,tw91803326,宜蘭縣,0pt
691,Ben-Liao,tw35716523,桃園市,0pt
692,ChangChiaHao,tw03226408,新北市,0pt
693,Dragon867,tw40997683,高雄市,0pt
694,Elly,tw25494945,高雄市,0pt
695,EricXie,tw61110668,苗栗縣,0pt
696,Hunter21,tw18676231,臺中市,0pt
697,IKUTJC,tw69283378,臺北市,0pt
698,Image,tw58621187,高雄市,0pt
699,KK,tw10700633,新北市,0pt
700,KOKO,tw18641143,臺北市,0pt
701,Kevin,tw70406948,臺中市,0pt
702,LunarWolf,tw90872926,臺中市,0pt
703,MaMaHappy,tw01014532,臺北市,0pt
704,Mel,tw22468825,花蓮縣,0pt
705,MeowSheng,tw99174620,臺中市,0pt
706,NS-Michael,tw59488563,臺中市,0pt
707,NanQuan,tw87844149,新北市,0pt
708,Nobi,tw50758839,臺中市,0pt
709,Peter92,tw01929720,桃園市,0pt
710,RAY,tw43952229,新北市,0pt
711,RayHo,tw54738757,新竹市,0pt
712,Sander,tw35184308,桃園市,0pt
713,Shen,tw01478107,臺南市,0pt
714,Sid,tw48715949,桃園市,0pt
715,WG_Keilo,tw13871558,宜蘭縣,0pt
716,X,tw94114875,桃園市,0pt
717,Xiu,tw40861211,高雄市,0pt
718,Yoyo,tw30847325,臺南市,0pt
719,Yujie,tw04061481,桃園市,0pt
720,Z,tw49198811,臺南市,0pt
721,fang1314,tw59644148,高雄市,0pt
722,fox,tw05399034,新北市,0pt
723,fuchi,tw35829419,高雄市,0pt
724,hokoRi0909099,tw50038905,臺南市,0pt
725,seadragon00768,tw14555102,彰化縣,0pt
726,timmyking,tw52666172,臺北市,0pt
727,wiishindra,tw05980017,彰化縣,0pt
728,綠豆還有綠豆糕,tw75665084,彰化縣,0pt
729,GAMEBRAY,tw39536527,臺北市,0pt
730,GYQ,tw00612644,臺南市,0pt
731,Halliday,tw75951147,臺北市,0pt
732,JonathanCHU,tw40445988,臺北市,0pt
733,Marco,tw48766940,新北市,0pt
734,MiraidonThreeGun,tw65388478,澎湖縣,0pt
735,PANYOUCHEN,tw27347873,新北市,0pt
736,Wenhov,tw91627311,桃園市,0pt
737,Yu,tw44853577,宜蘭縣,0pt
738,Yuweipromax,tw04494170,臺南市,0pt
739,007,tw19396392,臺中市,0pt
740,0501,tw83055994,高雄市,0pt
741,Arzi,tw87316906,桃園市,0pt
742,BeiX2,tw35603412,高雄市,0pt
743,CBB,tw98771490,新北市,0pt
744,Chia,tw24745286,新竹縣,0pt
745,Daniel,tw29377361,臺北市,0pt
746,DerHan,tw18844404,高雄市,0pt
747,Dto,tw62020476,彰化縣,0pt
748,G050D004,tw95277659,臺南市,0pt
749,Hihhh,tw31985939,臺南市,0pt
750,HiroNano,tw07054500,新北市,0pt
751,ILOOK,tw00572856,桃園市,0pt
752,Jay,tw07410887,桃園市,0pt
753,Jengyou,tw07763902,高雄市,0pt
754,Johnhu,tw11570874,臺北市,0pt
755,K/FC-Linn,tw43141282,臺中市,0pt
756,LeoLiao,tw16179659,基隆市,0pt
757,Lorna,tw88178510,雲林縣,0pt
758,Louis,tw47415187,桃園市,0pt
759,Lucy,tw41238636,彰化縣,0pt
760,Nick,tw02054385,臺中市,0pt
761,Poi,tw47674399,桃園市,0pt
762,Shenqi,tw54572893,臺中市,0pt
763,Sky,tw18237771,新北市,0pt
764,SkyHuang,tw07768129,新北市,0pt
765,TSAI-SHIN-RUEI,tw92194364,新北市,0pt
766,Waterboy,tw08999228,桃園市,0pt
767,Watermonster,tw20773634,臺北市,0pt
768,Xepher,tw47440588,臺北市,0pt
769,bobo,tw62806099,臺中市,0pt
770,lavnliou0515,tw48714042,高雄市,0pt
771,ppmonster,tw18458528,臺北市,0pt
772,tianji,tw63089732,臺南市,0pt
773,xoupun,tw35863951,屏東縣,0pt
774,ymmm0113,tw95395898,基隆市,0pt
775,yuki,tw34557355,臺中市,0pt
776,太陽,tw41563340,臺中市,0pt
777,Jarvis,tw63296265,臺南市,0pt
778,Lion,tw42723639,臺北市,0pt
779,PiJie,tw81599190,新竹市,0pt
780,TCGSTORE_崇崇,tw50055061,基隆市,0pt
781,UBER,tw86186781,高雄市,0pt
782,crobat359,tw64047064,臺北市,0pt
783,sushimi,tw88204185,新竹縣,0pt
784,ALO,tw18218174,高雄市,0pt
785,Ah Mai,tw72951680,臺中市,0pt
786,Albertsd,tw64375765,臺南市,0pt
787,Amy,tw52990027,彰化縣,0pt
788,Bebehow,tw05806145,彰化縣,0pt
789,BlackHappy,tw10674601,雲林縣,0pt
790,BoTing,tw51727174,臺南市,0pt
791,Boluomao,tw28412822,新北市,0pt
792,CDC,tw53974581,臺南市,0pt
793,Catzilla,tw90301662,基隆市,0pt
794,CyZ,tw69602779,桃園市,0pt
795,DaiDai,tw73358187,臺北市,0pt
796,De,tw22480109,基隆市,0pt
797,FIF,tw18818862,新北市,0pt
798,Feefyfee,tw20170614,臺北市,0pt
799,Fubuking,tw72342436,桃園市,0pt
800,Hsien,tw97072641,臺南市,0pt
801,ICE,tw83071268,新竹縣,0pt
802,Ian,tw91024018,高雄市,0pt
803,Jay0615,tw20156409,新北市,0pt
804,Jie,tw39618603,桃園市,0pt
805,Jonathan,tw50805195,桃園市,0pt
806,Jorrne,tw64366688,高雄市,0pt
807,JsHong,tw25015513,新竹縣,0pt
808,Kidtony,tw00976968,臺北市,0pt
809,LINYUSIANG,tw81402936,雲林縣,0pt
810,LIU-YI-FU,tw63263628,桃園市,0pt
811,LT,tw51144227,高雄市,0pt
812,LuoWenMing,tw41247572,桃園市,0pt
813,MinYoung,tw74775364,彰化縣,0pt
814,Moon-Shadow,tw99271821,雲林縣,0pt
815,Ne.Uan,tw07961243,屏東縣,0pt
816,R_sung,tw13732364,桃園市,0pt
817,Richard,tw19377792,新北市,0pt
818,Ruby,tw47551870,臺中市,0pt
819,Shawn,tw69663505,臺北市,0pt
820,TsengBa,tw35187586,新北市,0pt
821,Uma,tw85563070,新北市,0pt
822,Wei,tw12977491,彰化縣,0pt
823,WhiteWang,tw11470208,桃園市,0pt
824,Xian,tw86878630,臺南市,0pt
825,YM,tw48806459,高雄市,0pt
826,Yanki,tw00181149,臺北市,0pt
827,Yeeee,tw94023232,彰化縣,0pt
828,Yeh,tw73321602,臺南市,0pt
829,Yuhuang,tw93517915,桃園市,0pt
830,llin,tw67984683,臺南市,0pt
831,louis,tw22591277,南投縣,0pt
832,poweilee,tw52951111,臺北市,0pt
833,yrl_li,tw91594481,臺北市,0pt
834,シュウ,tw66692489,臺北市,0pt
835,Ashaiii,tw48501459,臺南市,0pt
836,ChuNay,tw47230122,臺北市,0pt
837,PP_SiJiDou,tw63823732,臺中市,0pt
838,alolachouchouni.,tw18939410,高雄市,0pt
839,umeya,tw45713741,新竹市,0pt
840,000,tw36904012,新北市,0pt
841,Archer,tw02747010,新北市,0pt
842,Asta,tw92308772,臺中市,0pt
843,Austin,tw93956444,屏東縣,0pt
844,Charlie,tw08321351,高雄市,0pt
845,Chen Chin Han,tw11968406,臺中市,0pt
846,DC_CHANG,tw48596346,桃園市,0pt
847,DavisKao,tw46705939,雲林縣,0pt
848,Davison,tw96937074,桃園市,0pt
849,Eggs,tw03775572,桃園市,0pt
850,Ereki,tw60473996,新北市,0pt
851,FishTom,tw97546030,臺中市,0pt
852,Frogboy69,tw66160398,南投縣,0pt
853,FrostNova,tw22093071,臺北市,0pt
854,GoJo,tw95717112,臺北市,0pt
855,HCL_Chopper,tw32620229,澎湖縣,0pt
856,Han,tw87263527,高雄市,0pt
857,HaoJun,tw11795582,高雄市,0pt
858,Hermes,tw91472376,桃園市,0pt
859,Hong,tw52706662,臺北市,0pt
860,JYUN,tw64200712,嘉義縣,0pt
861,JeffYang,tw51209816,臺北市,0pt
862,Jie,tw40555668,臺北市,0pt
863,Jimmy,tw81643428,新北市,0pt
864,Kabuto,tw65235703,新竹市,0pt
865,KoKo,tw47146388,高雄市,0pt
866,Kung006,tw21922568,臺北市,0pt
867,LinPing,tw81421636,桃園市,0pt
868,Luxin,tw54581197,臺南市,0pt
869,Mr.Gu,tw13462937,臺北市,0pt
870,NiRay,tw27736985,基隆市,0pt
871,OuNijiang,tw88418491,新竹縣,0pt
872,PENGUIN,tw81650395,苗栗縣,0pt
873,Pai,tw66806102,新北市,0pt
874,Paul,tw63371149,宜蘭縣,0pt
875,Paul,tw77622245,高雄市,0pt
876,Ray,tw18674498,彰化縣,0pt
877,Rick,tw35628241,臺中市,0pt
878,Rmin,tw60567990,新北市,0pt
879,RobinOuO,tw87080433,新竹縣,0pt
880,Ryan,tw00346362,臺中市,0pt
881,Sam879879,tw38520904,新北市,0pt
882,Semaj54,tw76132946,新北市,0pt
883,Sora,tw58556933,臺南市,0pt
884,Stan,tw99958274,新北市,0pt
885,TW-WANG_YI_WEN,tw12008699,高雄市,0pt
886,Toby,tw02002019,新北市,0pt
887,TsaiHsiangAn,tw42920911,新北市,0pt
888,WYH,tw17091053,臺北市,0pt
889,Wang,tw09772052,新北市,0pt
890,YJ,tw58652014,高雄市,0pt
891,Yian,tw17401165,新北市,0pt
892,YouRenDing,tw66327435,臺中市,0pt
893,akero,tw64773010,臺北市,0pt
894,carapaceflower,tw18412271,桃園市,0pt
895,ohReal,tw63334587,臺北市,0pt
896,sean,tw93510293,新北市,0pt
897,ter246810,tw51817794,彰化縣,0pt
898,tienyuch,tw14152067,新北市,0pt
899,旺達,tw34660312,雲林縣,0pt
900,白銀,tw74682364,新北市,0pt
901,13Yu,tw46377157,桃園市,0pt
902,2Ha,tw37791299,臺北市,0pt
903,AlanMa,tw22029588,臺北市,0pt
904,Calvin,tw55416545,臺北市,0pt
905,HansCheng,tw93054506,新北市,0pt
906,Imthebox,tw28284849,臺北市,0pt
907,Jimmy,tw22696694,彰化縣,0pt
908,Pocheng,tw26683172,臺中市,0pt
909,Wei,tw45328187,新北市,0pt
910,XXI,tw46002856,新北市,0pt
911,Yudi3,tw42676808,彰化縣,0pt
912,aaaaa,tw25740901,彰化縣,0pt
913,hopeili,tw60462915,新北市,0pt
914,nolan,tw24207778,宜蘭縣,0pt
915,sweetfish0625,tw89992958,新北市,0pt
916,AllenC,tw84386196,新北市,0pt
917,AllenhsuA32,tw49441410,桃園市,0pt
918,Andy,tw48898091,臺中市,0pt
919,CTSJason,tw29023076,嘉義市,0pt
920,Chaewonmywife,tw63282468,高雄市,0pt
921,CharChang,tw52974697,新北市,0pt
922,Cindy,tw41834294,高雄市,0pt
923,D.D.Vanson,tw43768909,臺南市,0pt
924,DGene,tw48509542,嘉義市,0pt
925,DaZhong,tw45609612,高雄市,0pt
926,Devil,tw37587087,新竹市,0pt
927,EasonHsieh,tw99276276,高雄市,0pt
928,EatingLee,tw38414541,彰化縣,0pt
929,Edgar,tw93551526,臺中市,0pt
930,Edward,tw52712451,高雄市,0pt
931,Eileen,tw48890271,新北市,0pt
932,Elsa,tw62594682,臺南市,0pt
933,Eric,tw95261451,新北市,0pt
934,Eric1207,tw57984326,臺北市,0pt
935,Galahad,tw92179905,新北市,0pt
936,GusChuang,tw53028908,桃園市,0pt
937,HeMay,tw50956493,新竹縣,0pt
938,Huang,tw18621192,臺南市,0pt
939,Jack,tw74568091,新北市,0pt
940,JacksonC,tw04457744,新北市,0pt
941,Jeremysunn,tw46030050,高雄市,0pt
942,Jerry,tw72753058,臺北市,0pt
943,JianAn,tw79066099,臺中市,0pt
944,Jie0115,tw75091640,臺北市,0pt
945,Jim,tw30106428,新竹市,0pt
946,JunSHENGxu,tw70810386,臺南市,0pt
947,KaKa,tw38131123,臺南市,0pt
948,Ken,tw24581109,新北市,0pt
949,Kevin,tw50195756,臺南市,0pt
950,Knockout9527,tw93144488,臺中市,0pt
951,Kris,tw25312189,苗栗縣,0pt
952,Kyle,tw94570965,高雄市,0pt
953,LCK,tw66712435,澎湖縣,0pt
954,Leo,tw35219557,臺南市,0pt
955,Leooo,tw25433295,桃園市,0pt
956,Lin,tw74542521,新北市,0pt
957,Litchi0622,tw76269898,彰化縣,0pt
958,Lsivmdz,tw71598135,新北市,0pt
959,NiHao,tw79923618,臺北市,0pt
960,OP-Sugar,tw22232191,臺中市,0pt
961,Onepunch04,tw82868100,南投縣,0pt
962,POMIN,tw40504902,新北市,0pt
963,PPT_Inyuan,tw88775820,臺中市,0pt
964,PinkMaple,tw06535464,新北市,0pt
965,QQQ,tw52484577,桃園市,0pt
966,ROBIN,tw48459554,臺南市,0pt
967,RPing,tw28763087,高雄市,0pt
968,Ren,tw74811997,高雄市,0pt
969,Rocker,tw08389183,新北市,0pt
970,SINYO,tw03376553,新北市,0pt
971,Sam,tw37158463,花蓮縣,0pt
972,Shadow,tw15808133,臺南市,0pt
973,Smiley,tw80974800,臺南市,0pt
974,TG_UN,tw55392327,臺北市,0pt
975,TR_LIAO,tw15126644,臺中市,0pt
976,Taka-Hsu,tw79350785,高雄市,0pt
977,Thomas,tw04945340,臺北市,0pt
978,Tim,tw63249679,臺南市,0pt
979,Trash0314,tw19917506,臺中市,0pt
980,Uz,tw33590907,臺中市,0pt
981,Wei,tw88506955,臺南市,0pt
982,XiaoJun,tw16645990,臺中市,0pt
983,Yen,tw98857642,臺中市,0pt
984,heiwuyah,tw00128608,新北市,0pt
985,kai,tw33461826,新北市,0pt
986,kyon,tw35496510,新北市,0pt
987,laughtwice,tw51487613,臺中市,0pt
988,mark,tw88422294,高雄市,0pt
989,peterwwc,tw40897250,臺南市,0pt
990,sa101ass,tw57872065,高雄市,0pt
991,wei,tw41751464,彰化縣,0pt
992,youfong,tw39837548,南投縣,0pt
993,yuhsun,tw99035193,高雄市,0pt
994,zjayyyyy,tw22462226,臺中市,0pt
995,不信你問李清照,tw29362866,新北市,0pt
996,鋼鐵朱粉,tw14535364,新北市,0pt
997,陳大熊,tw37453841,宜蘭縣,0pt
998,Kevin_Yu,tw57531941,新北市,0pt
999,LEEPAPA,tw28672728,臺北市,0pt
1000,LILIW,tw24845900,臺北市,0pt
1001,Linlin,tw37645555,臺中市,0pt
1002,Schwi,tw70892972,臺北市,0pt
1003,Ted,tw26528058,桃園市,0pt
1004,leeyan,tw22807189,臺北市,0pt
1005,7owo7,tw59679568,嘉義縣,0pt
1006,82heineken,tw97854006,雲林縣,0pt
1007,AH,tw89921613,高雄市,0pt
1008,AIDE,tw32562085,高雄市,0pt
1009,Afu,tw21654272,新北市,0pt
1010,Alex,tw05932500,彰化縣,0pt
1011,Alex,tw66528297,臺南市,0pt
1012,Ali,tw73929558,桃園市,0pt
1013,Asaku,tw33669058,新竹縣,0pt
1014,AutumnStar,tw26969220,新北市,0pt
1015,Barry,tw18945085,高雄市,0pt
1016,Bear,tw56550093,新北市,0pt
1017,Birbirds,tw47218279,臺北市,0pt
1018,Black-king,tw49128584,臺南市,0pt
1019,Blue,tw79969223,臺北市,0pt
1020,Bruce,tw89119204,桃園市,0pt
1021,C7Glacial,tw22699669,新北市,0pt
1022,"CHEN,PO-AN",tw48962901,基隆市,0pt
1023,CHING,tw08260040,雲林縣,0pt
1024,CL,tw03821579,新北市,0pt
1025,CTS_亭姨,tw79984877,臺南市,0pt
1026,Cary,tw06024614,臺北市,0pt
1027,Cash,tw50066127,臺中市,0pt
1028,Chun,tw98237426,雲林縣,0pt
1029,CoCoAce,tw91502257,臺中市,0pt
1030,CobraChen,tw79688113,臺中市,0pt
1031,Couchmare,tw29864178,彰化縣,0pt
1032,Dracula,tw56659196,桃園市,0pt
1033,ET-333,tw55765174,臺北市,0pt
1034,Eric,tw32312046,臺中市,0pt
1035,Fcvghy,tw15330807,苗栗縣,0pt
1036,Fengbai,tw63735317,基隆市,0pt
1037,Frank,tw41104694,臺北市,0pt
1038,Froog,tw68994135,高雄市,0pt
1039,Gary,tw40237043,桃園市,0pt
1040,Halka,tw08769154,臺北市,0pt
1041,HappyIsAGooodDog,tw16105206,宜蘭縣,0pt
1042,Hsu,tw21327393,彰化縣,0pt
1043,Hsun,tw62459529,臺南市,0pt
1044,J_K,tw21162041,高雄市,0pt
1045,Jacky24,tw13927259,桃園市,0pt
1046,James,tw40701121,臺中市,0pt
1047,James023,tw76165059,臺南市,0pt
1048,Jan,tw99256533,新竹縣,0pt
1049,Jay0606666,tw80945107,臺北市,0pt
1050,Je,tw63675639,臺中市,0pt
1051,Jimmyyangyang,tw33881781,新北市,0pt
1052,Jko,tw71261324,臺南市,0pt
1053,Js,tw94904091,新北市,0pt
1054,K,tw17603871,新北市,0pt
1055,KT,tw60227953,高雄市,0pt
1056,KWK,tw89091618,新北市,0pt
1057,Ken,tw59339894,臺北市,0pt
1058,LKF,tw88633827,桃園市,0pt
1059,Larry,tw62525194,新北市,0pt
1060,Laud,tw47478387,臺北市,0pt
1061,Leo,tw13323593,宜蘭縣,0pt
1062,Lionel,tw45289252,新北市,0pt
1063,Lokman,tw57912649,臺北市,0pt
1064,Louis,tw79504132,新竹縣,0pt
1065,LukeChiu,tw48941505,高雄市,0pt
1066,Marin0814,tw13090534,臺北市,0pt
1067,MasterLuyi,tw98985840,臺北市,0pt
1068,Monki,tw50571963,高雄市,0pt
1069,OP_Goldmao,tw57948434,臺中市,0pt
1070,Otter,tw47162546,臺南市,0pt
1071,PP,tw62212450,高雄市,0pt
1072,Petyui,tw27794433,高雄市,0pt
1073,Potato008,tw11670647,高雄市,0pt
1074,Qeisvapp,tw78285825,新竹縣,0pt
1075,RED,tw04566463,新北市,0pt
1076,Rong,tw75501461,新北市,0pt
1077,SHAO,tw30379002,臺中市,0pt
1078,SJin0213,tw31422118,高雄市,0pt
1079,Sciuridae,tw76878917,宜蘭縣,0pt
1080,ShawnLiao,tw87664667,基隆市,0pt
1081,Soltar,tw54317131,高雄市,0pt
1082,Souten,tw73034465,新北市,0pt
1083,Sparrow,tw44207012,基隆市,0pt
1084,Stanley,tw88847292,新北市,0pt
1085,TCGSTORE_SINYAN,tw21420926,新北市,0pt
1086,TDG_Sz,tw62300636,臺中市,0pt
1087,TTBanBan,tw86031810,臺中市,0pt
1088,Tim,tw34396906,基隆市,0pt
1089,Tony,tw13452682,臺中市,0pt
1090,Toshi,tw87901293,新竹縣,0pt
1091,TseHaoTso,tw01655869,臺北市,0pt
1092,Tsun,tw48603516,臺南市,0pt
1093,Vic,tw15461102,臺中市,0pt
1094,Wangshiba,tw77735898,高雄市,0pt
1095,Will,tw86700066,高雄市,0pt
1096,Xiaodo,tw77924229,臺中市,0pt
1097,"YING-CHI,LEE",tw41616492,新北市,0pt
1098,YUCHAN,tw04647150,苗栗縣,0pt
1099,Yang,tw18105158,高雄市,0pt
1100,YoYoYao,tw56082998,臺北市,0pt
1101,Yoruyuki,tw71737394,臺南市,0pt
1102,Yu,tw08905481,高雄市,0pt
1103,Yuan,tw16089959,屏東縣,0pt
1104,bin01010,tw53899355,桃園市,0pt
1105,blackfat,tw46648783,基隆市,0pt
1106,bubblegum,tw99453048,新北市,0pt
1107,chi,tw62683074,新竹縣,0pt
1108,conan113065,tw05914722,新北市,0pt
1109,han,tw27368718,新北市,0pt
1110,hebe1208,tw08080954,高雄市,0pt
1111,hung,tw24554695,桃園市,0pt
1112,icewindsnow,tw80660081,臺南市,0pt
1113,just6566,tw69237355,高雄市,0pt
1114,liki-shiao,tw70948483,南投縣,0pt
1115,need2268,tw57352754,新北市,0pt
1116,popo,tw94133669,高雄市,0pt
1117,robertliao,tw91997638,新北市,0pt
1118,sw,tw77464471,嘉義縣,0pt
1119,tewyliu0120,tw69206206,新北市,0pt
1120,vv6967850,tw39605007,高雄市,0pt
1121,wangwang,tw17943675,新北市,0pt
1122,weiwei,tw65927608,基隆市,0pt
1123,whale,tw03066835,高雄市,0pt
1124,大雞是一隻雞,tw51677666,新北市,0pt
1125,無限魂JEFF,tw45732743,臺中市,0pt
1126,579,tw35119266,臺中市,0pt
1127,Dibo,tw90485112,臺北市,0pt
1128,FrogHand,tw96622574,臺北市,0pt
1129,Ting,tw00004081,高雄市,0pt
1130,arser223,tw07237919,彰化縣,0pt
1131,+#,tw97703685,新北市,0pt
1132,0727@jiatang,tw51141179,高雄市,0pt
1133,111100009999,tw62984443,臺北市,0pt
1134,1x,tw95656910,苗栗縣,0pt
1135,7Hao,tw72829984,臺北市,0pt
1136,AFei,tw46542597,高雄市,0pt
1137,Akey0315,tw15025111,高雄市,0pt
1138,Andy,tw08098241,高雄市,0pt
1139,Baral,tw72464013,新北市,0pt
1140,BiggestPenisPower,tw27715406,高雄市,0pt
1141,Bimo,tw76880392,高雄市,0pt
1142,Blue Daze,tw14183229,臺中市,0pt
1143,Bobibonk,tw43492313,新北市,0pt
1144,"CHEN,YI-HAO",tw98640261,苗栗縣,0pt
1145,CHSHCGM,tw52487494,彰化縣,0pt
1146,CYH,tw62112048,臺中市,0pt
1147,CaesarLin,tw13746363,臺中市,0pt
1148,ChrisTsai,tw69925275,新北市,0pt
1149,Chuck,tw58233293,彰化縣,0pt
1150,Chun-Hao,tw25345098,臺中市,0pt
1151,DAI-LI-CHENG,tw40709297,臺南市,0pt
1152,DC,tw57636408,新竹市,0pt
1153,DD,tw66462642,桃園市,0pt
1154,Danny,tw65063095,新竹縣,0pt
1155,Dawn,tw58114468,桃園市,0pt
1156,Dawuwu,tw26744014,苗栗縣,0pt
1157,Derek,tw55296032,臺南市,0pt
1158,Duke,tw18999005,臺中市,0pt
1159,ET,tw86135374,桃園市,0pt
1160,Elderpic,tw77339468,高雄市,0pt
1161,Eternal,tw02597386,新北市,0pt
1162,Frank,tw47815793,桃園市,0pt
1163,GHG_RG,tw32106031,新北市,0pt
1164,Gemini,tw74998985,臺南市,0pt
1165,Gino,tw18419161,臺北市,0pt
1166,Gnat,tw16176784,新北市,0pt
1167,Haoooooo,tw18295643,屏東縣,0pt
1168,HiyoriTCG,tw41119128,嘉義市,0pt
1169,Hubery,tw68954029,嘉義縣,0pt
1170,IOIO,tw36234493,臺南市,0pt
1171,JF,tw86896463,臺南市,0pt
1172,JL,tw07105477,高雄市,0pt
1173,JY,tw47326639,臺中市,0pt
1174,Jaylee,tw69643850,臺中市,0pt
1175,Jhanwawa,tw46716936,新北市,0pt
1176,Jimmyzxd,tw46646319,新北市,0pt
1177,Junchen,tw07795835,雲林縣,0pt
1178,JungleHuang,tw55291467,新北市,0pt
1179,KM,tw07276526,臺東縣,0pt
1180,KaiserChang,tw49988063,臺北市,0pt
1181,Katt,tw93787639,新竹縣,0pt
1182,Kyrie,tw53540804,新北市,0pt
1183,Lastdaymeet,tw55210501,苗栗縣,0pt
1184,Lauren779,tw12369534,桃園市,0pt
1185,Lechi,tw14811809,宜蘭縣,0pt
1186,Leo,tw99854074,高雄市,0pt
1187,LinYuHsi,tw78165440,新北市,0pt
1188,Luoyandun,tw06783073,新北市,0pt
1189,Max,tw81532125,桃園市,0pt
1190,Meiying070425,tw93062100,臺南市,0pt
1191,Min,tw01008424,花蓮縣,0pt
1192,N,tw51730650,基隆市,0pt
1193,Nick,tw48981445,新北市,0pt
1194,Orange2000,tw30921787,高雄市,0pt
1195,Owen,tw91896146,嘉義縣,0pt
1196,Peterwang,tw63493594,新北市,0pt
1197,PokemonMaster,tw41283932,桃園市,0pt
1198,Pupuman,tw83653424,高雄市,0pt
1199,RFT_Sander,tw61995452,新北市,0pt
1200,ROROCHI,tw29929750,臺南市,0pt
1201,RaulJun,tw95401245,新竹市,0pt
1202,Red,tw82370377,新北市,0pt
1203,Rurimiya,tw69376751,臺中市,0pt
1204,Ryan,tw61740511,臺南市,0pt
1205,SKANA,tw78089778,臺中市,0pt
1206,SOWA,tw28193746,臺北市,0pt
1207,Sky,tw61053938,高雄市,0pt
1208,Smallghosthead,tw88506619,新北市,0pt
1209,SnowRabbit,tw00251299,桃園市,0pt
1210,TG_Ray,tw67064414,基隆市,0pt
1211,TainanIronBoy,tw15363665,臺南市,0pt
1212,Tony,tw72776789,臺北市,0pt
1213,Tycbe,tw40470404,臺北市,0pt
1214,Wei,tw65847048,高雄市,0pt
1215,Willy,tw66123718,新北市,0pt
1216,WuPaoYuan-N1ARK,tw72878494,高雄市,0pt
1217,XBlue4Sky,tw87508780,臺南市,0pt
1218,XJH_SIAO,tw13830995,新北市,0pt
1219,YU,tw09638604,新北市,0pt
1220,Yang,tw88209015,南投縣,0pt
1221,YingAn,tw73835031,臺北市,0pt
1222,Zihao,tw02249222,臺中市,0pt
1223,akira,tw41570999,新竹縣,0pt
1224,andyyou,tw74724265,臺北市,0pt
1225,as9631230,tw09450330,屏東縣,0pt
1226,chiahua,tw04342464,高雄市,0pt
1227,daniel,tw86056382,新北市,0pt
1228,fuegolu,tw49388371,新北市,0pt
1229,houyuanlin,tw15115105,新北市,0pt
1230,hui,tw06080149,高雄市,0pt
1231,j199302,tw93786634,新北市,0pt
1232,jerryxjerry,tw46640816,臺南市,0pt
1233,johnnycoolya,tw51751102,臺南市,0pt
1234,lzhen,tw09847216,新北市,0pt
1235,match,tw60413195,臺南市,0pt
1236,matt.chuang,tw27039000,臺北市,0pt
1237,ouo._.hihi,tw58835086,新北市,0pt
1238,pikazunzun,tw21035579,新北市,0pt
1239,sam791130,tw90538208,臺北市,0pt
1240,shiihh,tw72120300,新竹市,0pt
1241,sillymon,tw47191812,臺南市,0pt
1242,tim,tw98533526,臺北市,0pt
1243,xujunwei,tw71572559,臺南市,0pt
1244,yc14359,tw06393443,新北市,0pt
1245,Allen,tw56391135,臺北市,0pt
1246,EricChen,tw25870422,新竹縣,0pt
1247,JKR,tw89941209,臺北市,0pt
1248,Linmomo,tw61183916,臺中市,0pt
1249,Maobin,tw90211397,臺北市,0pt
1250,NagisA,tw24376984,臺北市,0pt
1251,The_Chosen_One,tw71780504,臺中市,0pt
1252,TonyYeh,tw11612248,新北市,0pt
1253,Your_u,tw52785513,新北市,0pt
1254,chica098610,tw03293838,新北市,0pt
1255,mac,tw54679199,臺北市,0pt
1256,tama,tw97453086,臺北市,0pt
1257,8620,tw44797497,雲林縣,0pt
1258,0645124010615,tw59914357,桃園市,0pt
1259,ADA/SUMISA,tw38990522,臺南市,0pt
1260,Aaakira33,tw63061413,臺北市,0pt
1261,Acedia,tw88803840,新竹縣,0pt
1262,AllenWards,tw39745294,新北市,0pt
1263,Anderson,tw21473522,新北市,0pt
1264,Andy,tw13997688,臺中市,0pt
1265,BST_WinterSoldier,tw36349844,臺中市,0pt
1266,Bacon,tw81701283,臺北市,0pt
1267,Bamboo11win,tw49565300,南投縣,0pt
1268,BigGG,tw04552155,臺北市,0pt
1269,BrianC88,tw53671851,臺北市,0pt
1270,Bryant,tw76309421,新北市,0pt
1271,Bunny,tw27613479,新竹縣,0pt
1272,CFBill,tw14221473,基隆市,0pt
1273,CHENGFUYUNG,tw89040038,彰化縣,0pt
1274,CHENJUNLUN,tw17035172,臺北市,0pt
1275,CHIEN,tw22861541,新竹市,0pt
1276,Campagnolo,tw78188727,南投縣,0pt
1277,CharlesPeng0821,tw55867811,苗栗縣,0pt
1278,Code9527,tw32568378,彰化縣,0pt
1279,Daniel1221,tw18276049,新北市,0pt
1280,EESS,tw96571895,臺中市,0pt
1281,Edwin,tw43268758,臺北市,0pt
1282,EeVeeeeeee,tw79372573,高雄市,0pt
1283,En-Wang,tw23475905,高雄市,0pt
1284,Fish,tw32907703,新北市,0pt
1285,Fozed,tw93674487,新北市,0pt
1286,GF_Wep,tw08870778,臺北市,0pt
1287,GMS_PaulWu,tw23228412,宜蘭縣,0pt
1288,GaffeyZeng,tw79066133,新竹縣,0pt
1289,Good-people-card,tw67295326,臺北市,0pt
1290,Hero,tw58274186,南投縣,0pt
1291,Hiro9983,tw95382727,高雄市,0pt
1292,Hotwavedog,tw13487252,新北市,0pt
1293,Huang,tw12365380,高雄市,0pt
1294,Issac,tw61129928,臺中市,0pt
1295,JLWeng,tw44342704,新竹縣,0pt
1296,Jason,tw91397490,新北市,0pt
1297,Jialin,tw46645690,雲林縣,0pt
1298,KOHAKU,tw78568296,臺中市,0pt
1299,Kai,tw39554922,彰化縣,0pt
1300,Kai,tw04215857,苗栗縣,0pt
1301,KaijinWu,tw13204688,高雄市,0pt
1302,Kakku,tw22738437,宜蘭縣,0pt
1303,Kong,tw46014815,花蓮縣,0pt
1304,Krl,tw46143358,臺中市,0pt
1305,Kw,tw82907444,臺中市,0pt
1306,LEO,tw86031814,高雄市,0pt
1307,Lacmike,tw73555702,新北市,0pt
1308,Lastshot,tw84249252,臺中市,0pt
1309,Lee,tw84044064,彰化縣,0pt
1310,Leegohome,tw13454619,新竹縣,0pt
1311,Liir,tw08747647,高雄市,0pt
1312,Lin-Yi,tw25721123,宜蘭縣,0pt
1313,LinYenChe,tw24261570,高雄市,0pt
1314,MiZhao,tw41529939,新北市,0pt
1315,Michael,tw72539094,臺南市,0pt
1316,Mike,tw94370058,臺中市,0pt
1317,Ming,tw02106832,臺中市,0pt
1318,NarukamiAkizuki,tw16898739,臺北市,0pt
1319,Nick,tw07419602,高雄市,0pt
1320,OP_HABOW,tw43322316,苗栗縣,0pt
1321,OakenPaIl,tw89318004,臺北市,0pt
1322,Ochako,tw28825690,高雄市,0pt
1323,Owen,tw29162132,高雄市,0pt
1324,Psyduck,tw60741186,高雄市,0pt
1325,Reddo,tw53055306,高雄市,0pt
1326,RenYi,tw05359683,基隆市,0pt
1327,RipLin-RRRRRR,tw76630599,臺中市,0pt
1328,Rohto,tw02018335,臺南市,0pt
1329,RosonShiba,tw16276326,新北市,0pt
1330,Rwei0613,tw26428604,臺中市,0pt
1331,Ryze,tw08876514,新北市,0pt
1332,SHIN,tw24245113,臺南市,0pt
1333,SRV,tw42421898,臺北市,0pt
1334,Sendtreepay,tw15127284,基隆市,0pt
1335,Shark,tw00282764,新竹市,0pt
1336,Spencer,tw81191547,新北市,0pt
1337,Spicore,tw79666767,臺北市,0pt
1338,Steve,tw08809647,新北市,0pt
1339,Sullyoon,tw63635828,新北市,0pt
1340,SuperGengar,tw74954637,基隆市,0pt
1341,TCGSTORE_淳淞,tw85659399,苗栗縣,0pt
1342,Ted,tw17356132,臺北市,0pt
1343,Tony9453,tw04849646,臺中市,0pt
1344,Tsai,tw10304280,臺南市,0pt
1345,Unknown,tw87192218,臺北市,0pt
1346,W58021058,tw49018676,臺南市,0pt
1347,Wataru16,tw86827817,臺中市,0pt
1348,Wayne_zz,tw54022963,臺南市,0pt
1349,WeiWei,tw06408366,臺南市,0pt
1350,Wenby,tw94523408,臺北市,0pt
1351,Woody0920,tw11739209,臺中市,0pt
1352,Xeno039906,tw24758463,新北市,0pt
1353,Xiagying,tw43513565,桃園市,0pt
1354,YC,tw09034808,嘉義市,0pt
1355,YangHuanI,tw21740022,臺中市,0pt
1356,Yen,tw67124067,新北市,0pt
1357,Yu.,tw47555853,臺中市,0pt
1358,Yuiloveyui,tw85738894,臺北市,0pt
1359,Yuuna,tw31348624,臺中市,0pt
1360,ZIHHENG,tw35300463,臺南市,0pt
1361,Za,tw47060918,臺北市,0pt
1362,Zekrom,tw63031373,基隆市,0pt
1363,Zheng,tw22734116,臺南市,0pt
1364,Zhiyunwu,tw09751736,嘉義市,0pt
1365,ZoroPain,tw62559638,臺北市,0pt
1366,Zuuuu,tw48897816,屏東縣,0pt
1367,bacon,tw29518941,桃園市,0pt
1368,benson31312,tw45458321,新北市,0pt
1369,c.c,tw79975327,臺南市,0pt
1370,didiao1226,tw62324389,新竹市,0pt
1371,doooooooog____,tw94814763,臺中市,0pt
1372,fly,tw00651092,新北市,0pt
1373,fred60216,tw14942902,臺中市,0pt
1374,gary,tw31618355,彰化縣,0pt
1375,guozee0323,tw55032510,新北市,0pt
1376,han,tw78077476,新北市,0pt
1377,hsun,tw33435094,新竹縣,0pt
1378,i._.an,tw17320018,臺北市,0pt
1379,jerry32034,tw59149870,彰化縣,0pt
1380,jianyiqi,tw29965202,臺東縣,0pt
1381,jimmy0912,tw46367193,新北市,0pt
1382,kira1471,tw94034367,臺北市,0pt
1383,likelung02,tw43897373,臺北市,0pt
1384,lwq_simon,tw11485810,臺中市,0pt
1385,sheng,tw22741873,高雄市,0pt
1386,siao,tw26089798,新北市,0pt
1387,wilcetim,tw57256764,新北市,0pt
1388,wuleo0416,tw54804642,高雄市,0pt
1389,xxuan,tw51314897,新北市,0pt
1390,yusean,tw29601255,南投縣,0pt
1391,zEEEEE,tw15849812,雲林縣,0pt
1392,祐是你,tw32167594,桃園市,0pt
1393,阿東,tw13713835,高雄市,0pt
1394,默雨,tw52971857,彰化縣,0pt
1395,Minyou,tw64203769,新竹縣,0pt
1396,TING,tw10365198,新竹縣,0pt
1397,28,tw56737942,桃園市,0pt
1398,3Dlong2,tw18480972,南投縣,0pt
1399,662928jiaren,tw49411929,臺北市,0pt
1400,787,tw99393778,臺東縣,0pt
1401,666869,tw05270520,新北市,0pt
1402,886_Alvin,tw55099971,新北市,0pt
1403,8JJ8,tw79409852,新竹縣,0pt
1404,9527XTTK9527,tw19801631,基隆市,0pt
1405,9958214,tw11753964,宜蘭縣,0pt
1406,@sgazn,tw18968008,臺中市,0pt
1407,@w@b,tw24694859,高雄市,0pt
1408,ABT,tw49898032,臺北市,0pt
1409,Abel,tw29036233,新北市,0pt
1410,Abulasan,tw51961580,新北市,0pt
1411,Alano,tw39152711,新北市,0pt
1412,Anakinyen,tw96612258,臺北市,0pt
1413,Andy,tw46586917,臺北市,0pt
1414,Angtsangpaopao,tw81736494,新北市,0pt
1415,Artsdoge,tw57886322,新竹市,0pt
1416,Asuraxoxo,tw56630753,臺中市,0pt
1417,AustinC,tw37785920,高雄市,0pt
1418,BC_honey_dew,tw33002183,新北市,0pt
1419,BST_Chiii,tw49677469,臺中市,0pt
1420,BST_KaiKai,tw96177581,臺中市,0pt
1421,BTK,tw46519517,桃園市,0pt
1422,BaiXiao,tw23875590,新竹市,0pt
1423,Banli,tw93658672,新竹市,0pt
1424,Battleblue2,tw92768752,新竹市,0pt
1425,Boboprofessor,tw79096507,臺北市,0pt
1426,Book,tw36587655,新竹縣,0pt
1427,Boyou,tw92940301,嘉義縣,0pt
1428,Brian,tw28558909,宜蘭縣,0pt
1429,CHORD,tw68209544,臺北市,0pt
1430,CLAWS_TY_Nat,tw20934788,桃園市,0pt
1431,CLZ,tw60311204,臺北市,0pt
1432,CTSZc,tw60714452,嘉義縣,0pt
1433,CY,tw50438996,新竹市,0pt
1434,CarddoNo1,tw39642469,臺中市,0pt
1435,CardnuLai,tw95412390,臺北市,0pt
1436,Cedric,tw19956474,新北市,0pt
1437,Chantel,tw07910724,桃園市,0pt
1438,ChenYiChan,tw88191710,臺北市,0pt
1439,ChiaHsinLi,tw90640850,高雄市,0pt
1440,Chialen,tw35419333,新北市,0pt
1441,Choco,tw32902575,臺北市,0pt
1442,Chrisss,tw82502332,新北市,0pt
1443,Chu,tw51405069,臺北市,0pt
1444,Chuck,tw86918032,高雄市,0pt
1445,Chuckbai,tw01635921,新竹市,0pt
1446,Cliff,tw27632184,苗栗縣,0pt
1447,Cody,tw80917498,臺南市,0pt
1448,Crow,tw16619875,高雄市,0pt
1449,DARCYPAPA,tw19719372,桃園市,0pt
1450,DMW8,tw93417681,新北市,0pt
1451,DUCK,tw05738753,臺北市,0pt
1452,DaJiaDouHenGuai,tw54951597,彰化縣,0pt
1453,Daniel,tw45271887,臺中市,0pt
1454,Daniel0118,tw22979539,新北市,0pt
1455,Deasty,tw96412582,新竹縣,0pt
1456,Deven,tw66943412,基隆市,0pt
1457,Dr.K,tw56111018,臺北市,0pt
1458,Dufenshus,tw36954151,基隆市,0pt
1459,Duncan,tw74368816,臺中市,0pt
1460,Dynames,tw25940715,彰化縣,0pt
1461,EKun,tw57812813,嘉義縣,0pt
1462,EarthLegacy,tw58507816,臺北市,0pt
1463,Eddie,tw08927689,新北市,0pt
1464,Elfuun.Team.Ben,tw41000299,臺南市,0pt
1465,Eric,tw04973353,新北市,0pt
1466,FEI,tw21568002,雲林縣,0pt
1467,Fangqi,tw62689889,高雄市,0pt
1468,Forky,tw03953320,嘉義市,0pt
1469,Frank,tw60406611,臺南市,0pt
1470,GHG_Louis,tw12796514,新北市,0pt
1471,Gareth,tw77166361,澎湖縣,0pt
1472,Gary880311,tw49955591,新北市,0pt
1473,GinoYang,tw88525560,新北市,0pt
1474,Glen,tw50077750,嘉義市,0pt
1475,Gming,tw39298189,臺中市,0pt
1476,GreyToy,tw28187058,臺中市,0pt
1477,HARUKIYO,tw05779731,臺北市,0pt
1478,HSJ,tw39312462,宜蘭縣,0pt
1479,HUNG,tw96648029,臺南市,0pt
1480,Hank,tw92986536,臺中市,0pt
1481,Hao,tw38376216,臺中市,0pt
1482,Hao,tw35469084,高雄市,0pt
1483,Henry,tw66335356,臺北市,0pt
1484,Hispe,tw49648105,臺北市,0pt
1485,Hori,tw27263187,新竹市,0pt
1486,Hsiangi,tw56741579,臺中市,0pt
1487,Hsiyuchan,tw27967723,基隆市,0pt
1488,Hsu429,tw36256363,新北市,0pt
1489,Hsueh,tw60162032,新竹縣,0pt
1490,Hua,tw10550790,高雄市,0pt
1491,Huala,tw13266676,花蓮縣,0pt
1492,Huei,tw53871478,臺中市,0pt
1493,Humungousaur,tw55661217,新北市,0pt
1494,IAN0717,tw55886211,新北市,0pt
1495,IKASAN,tw51970133,高雄市,0pt
1496,IMBZ,tw33258507,臺北市,0pt
1497,Iamkingoftheworld,tw26378264,臺南市,0pt
1498,Imperium,tw52618602,新北市,0pt
1499,JC,tw55205528,臺北市,0pt
1500,JIA JUN,tw56491281,高雄市,0pt
1501,JOKER,tw51157567,臺南市,0pt
1502,James,tw51901001,宜蘭縣,0pt
1503,Jason,tw92897694,高雄市,0pt
1504,JerryRex,tw73690046,臺北市,0pt
1505,Jeter,tw59085251,新北市,0pt
1506,Jiang,tw86603093,臺北市,0pt
1507,Jimmy.K,tw18358112,雲林縣,0pt
1508,JinHao,tw77123317,臺中市,0pt
1509,Jing,tw00968448,臺北市,0pt
1510,Jiun,tw37925416,花蓮縣,0pt
1511,JoJo,tw86926569,南投縣,0pt
1512,Joe,tw03539566,臺北市,0pt
1513,Johnson,tw52595264,雲林縣,0pt
1514,Joseph,tw44701159,臺中市,0pt
1515,KAI,tw63898784,新北市,0pt
1516,KF.kuo,tw59042564,高雄市,0pt
1517,KHLee,tw99258808,高雄市,0pt
1518,KHOO777,tw73316908,苗栗縣,0pt
1519,KJ,tw50795757,新北市,0pt
1520,Kai,tw81919319,新北市,0pt
1521,Kai,tw06215923,臺北市,0pt
1522,KaiMay,tw31941216,新北市,0pt
1523,Kashou,tw76925363,臺北市,0pt
1524,Kernel,tw12365683,高雄市,0pt
1525,Kevin,tw09663536,花蓮縣,0pt
1526,KidTony,tw53900884,臺北市,0pt
1527,Kioto,tw15173588,臺北市,0pt
1528,Kk,tw83841115,臺中市,0pt
1529,Klee,tw38153478,基隆市,0pt
1530,Komorebi,tw17013968,新竹市,0pt
1531,Kong,tw02211815,桃園市,0pt
1532,Ku,tw48646529,臺北市,0pt
1533,Kuan,tw81389651,彰化縣,0pt
1534,Kuo,tw76077427,臺南市,0pt
1535,Kura,tw39650791,新北市,0pt
1536,L,tw82419568,嘉義縣,0pt
1537,LAI-JIAN-HONG,tw80377169,臺北市,0pt
1538,LAya,tw98400564,高雄市,0pt
1539,LINITE,tw99888650,新竹市,0pt
1540,LI_GT,tw35296983,臺南市,0pt
1541,Lan,tw28719438,彰化縣,0pt
1542,Lemoon,tw03970640,臺北市,0pt
1543,LeonardH,tw36648556,新竹縣,0pt
1544,LesserEvil,tw55098015,新竹縣,0pt
1545,Lieh,tw93163561,臺北市,0pt
1546,Limoncool,tw90733991,臺北市,0pt
1547,LinHongJhou,tw75712938,臺東縣,0pt
1548,LinTingZe,tw80237219,高雄市,0pt
1549,LittleStar,tw65781127,基隆市,0pt
1550,Loap733,tw06389857,臺南市,0pt
1551,Long,tw44468313,新北市,0pt
1552,Lorenzo,tw90601321,高雄市,0pt
1553,Loveyou3000,tw31563466,新北市,0pt
1554,Luke,tw95386841,新竹市,0pt
1555,MINEEN,tw61418165,高雄市,0pt
1556,MR-Turtle,tw62946281,新北市,0pt
1557,MR5,tw60032814,新北市,0pt
1558,MS_Huang,tw44133543,臺中市,0pt
1559,MaiCha,tw03917271,雲林縣,0pt
1560,Mans,tw15023289,桃園市,0pt
1561,MapleRave,tw77606471,桃園市,0pt
1562,Matable,tw48615631,高雄市,0pt
1563,Mi-Mi_Daddy,tw66133045,臺北市,0pt
1564,Mi11eNeige,tw19483827,桃園市,0pt
1565,Micky052,tw54469748,臺北市,0pt
1566,MillerBoy,tw48294785,新北市,0pt
1567,Ming,tw97442393,高雄市,0pt
1568,Moj,tw93085105,雲林縣,0pt
1569,Momo,tw40506432,臺北市,0pt
1570,Monkey,tw85290079,新北市,0pt
1571,Morris.Cheng,tw24708906,新北市,0pt
1572,Muyin,tw05336017,桃園市,0pt
1573,NN,tw18019527,新北市,0pt
1574,NightMonkey,tw63395911,新北市,0pt
1575,Noah,tw48217135,新北市,0pt
1576,NoahNo.17,tw78685671,臺中市,0pt
1577,OP-DaGeGe,tw03261426,臺中市,0pt
1578,OP-Rabbit,tw91755365,臺中市,0pt
1579,OldFox,tw43331901,新北市,0pt
1580,OldTwo,tw94370408,新北市,0pt
1581,OlisPaPa,tw82560565,桃園市,0pt
1582,Oshawott,tw84927475,新北市,0pt
1583,P2,tw41898265,高雄市,0pt
1584,PaPa,tw51346667,臺中市,0pt
1585,PanWeiHan,tw96921737,臺中市,0pt
1586,PatricksLin,tw81831013,高雄市,0pt
1587,Phoebe,tw78299715,新北市,0pt
1588,PikaChiu,tw87828620,桃園市,0pt
1589,Pikazhuang,tw86331373,高雄市,0pt
1590,PinHao,tw74508077,彰化縣,0pt
1591,Ping,tw28241172,宜蘭縣,0pt
1592,Po-Hung,tw77225204,高雄市,0pt
1593,Ray,tw19209864,新北市,0pt
1594,Ray,tw01732860,臺北市,0pt
1595,Ren,tw67540519,桃園市,0pt
1596,Roger2486547,tw69672623,高雄市,0pt
1597,Ryu,tw10879923,新竹縣,0pt
1598,SCCM,tw56177670,新北市,0pt
1599,SONG,tw77436563,高雄市,0pt
1600,Samuel,tw36053247,臺北市,0pt
1601,Samuel,tw49161753,高雄市,0pt
1602,Saseme,tw89951788,臺中市,0pt
1603,SeafoodButcher,tw78058958,新北市,0pt
1604,Sean,tw31117805,桃園市,0pt
1605,Shiba,tw27534326,新北市,0pt
1606,Shihhan,tw72227547,臺南市,0pt
1607,Shiro6435,tw28864777,桃園市,0pt
1608,Shishimaru,tw93999361,嘉義縣,0pt
1609,Silhon,tw28562107,屏東縣,0pt
1610,SilverBlade,tw05207217,臺北市,0pt
1611,Simi,tw31973458,南投縣,0pt
1612,Sky,tw26529339,彰化縣,0pt
1613,SmallHand,tw62977877,新北市,0pt
1614,Sore,tw13234120,嘉義市,0pt
1615,Sou,tw21527773,新北市,0pt
1616,Sss,tw58636828,新北市,0pt
1617,Sticky,tw92784997,臺中市,0pt
1618,Strange,tw02351984,新北市,0pt
1619,T7xiaozhi,tw66555509,高雄市,0pt
1620,TR_Boss,tw15255073,臺中市,0pt
1621,Taco,tw67252720,新北市,0pt
1622,Taco,tw19028585,臺北市,0pt
1623,Tai,tw59713184,臺中市,0pt
1624,Takara,tw13477580,新北市,0pt
1625,Talesweaver,tw64517135,新北市,0pt
1626,Tama,tw82263693,臺南市,0pt
1627,Tangovo,tw96310928,臺北市,0pt
1628,Terence,tw55768313,高雄市,0pt
1629,Tim,tw51489284,新北市,0pt
1630,Tim,tw69628359,臺中市,0pt
1631,Tingg,tw08969542,新北市,0pt
1632,TiredET,tw44751488,基隆市,0pt
1633,Toast,tw69724493,新北市,0pt
1634,Toast1211,tw91922047,臺中市,0pt
1635,Toby,tw95867541,宜蘭縣,0pt
1636,Tomo,tw39274802,桃園市,0pt
1637,Trittri,tw40394069,臺中市,0pt
1638,TyphlosionV,tw65539990,臺北市,0pt
1639,Uncle,tw10372860,新竹縣,0pt
1640,Usagi,tw82233720,新竹縣,0pt
1641,Uzking,tw92252047,高雄市,0pt
1642,Vic,tw31526971,高雄市,0pt
1643,Victorlien,tw27025240,臺北市,0pt
1644,Vincent,tw21211042,臺南市,0pt
1645,WANHAO,tw24436381,桃園市,0pt
1646,WEI,tw43324748,臺中市,0pt
1647,WUBOWEI,tw05284386,彰化縣,0pt
1648,Wang,tw72699030,臺中市,0pt
1649,Water,tw30022814,桃園市,0pt
1650,WeiWenSean,tw10335690,新北市,0pt
1651,Weii1i,tw05565006,高雄市,0pt
1652,Weiken,tw35691360,南投縣,0pt
1653,Will,tw98443005,新北市,0pt
1654,Wythe4018,tw14918376,高雄市,0pt
1655,XiangFei,tw33164006,宜蘭縣,0pt
1656,Xm,tw21048025,桃園市,0pt
1657,Y.Wang,tw34799198,臺中市,0pt
1658,YC,tw00606531,嘉義市,0pt
1659,YKen,tw49851293,屏東縣,0pt
1660,Yang-S,tw57635887,新北市,0pt
1661,Yaru,tw22606232,臺南市,0pt
1662,YuRnn,tw89635520,臺中市,0pt
1663,YuTcal,tw49679932,花蓮縣,0pt
1664,Yuko,tw79317972,宜蘭縣,0pt
1665,Yuu,tw45430170,彰化縣,0pt
1666,Yuyu,tw45390198,臺北市,0pt
1667,ZephyrLei,tw49350886,臺北市,0pt
1668,Zhun1013,tw17849691,桃園市,0pt
1669,Zxcvb,tw29307008,彰化縣,0pt
1670,aaaaa,tw60579567,高雄市,0pt
1671,angooo,tw53479876,臺北市,0pt
1672,anmimon,tw86289572,臺中市,0pt
1673,arjin,tw42148523,雲林縣,0pt
1674,asdf3456,tw13871276,南投縣,0pt
1675,blackwind,tw70636675,新北市,0pt
1676,bluewind,tw07171010,宜蘭縣,0pt
1677,cfegn,tw23807479,新竹市,0pt
1678,chillGO,tw85249575,高雄市,0pt
1679,cncn,tw81566515,屏東縣,0pt
1680,eingflower,tw26567324,苗栗縣,0pt
1681,flash,tw75061155,桃園市,0pt
1682,gaoguima?!,tw36074458,臺北市,0pt
1683,hankwu92,tw62529006,新北市,0pt
1684,insect,tw68663124,澎湖縣,0pt
1685,jeff,tw20516273,屏東縣,0pt
1686,jerry06,tw87681795,嘉義縣,0pt
1687,jia,tw34325665,屏東縣,0pt
1688,jiacheng,tw15946908,彰化縣,0pt
1689,kabi,tw61262759,臺中市,0pt
1690,kanctasia,tw03094722,臺北市,0pt
1691,koda70478,tw52595130,新北市,0pt
1692,lanfone,tw17852306,臺北市,0pt
1693,lanfong,tw46367043,臺南市,0pt
1694,lifish,tw58685307,臺北市,0pt
1695,linli,tw42735830,宜蘭縣,0pt
1696,linniki,tw16903663,桃園市,0pt
1697,ma328,tw98524107,屏東縣,0pt
1698,maobeean,tw74173615,高雄市,0pt
1699,masaratown/satoshi,tw14005529,高雄市,0pt
1700,min,tw22447532,臺中市,0pt
1701,missense,tw41459830,彰化縣,0pt
1702,mokuro,tw75909002,新竹市,0pt
1703,mushzho,tw43633449,新北市,0pt
1704,neko,tw96995730,高雄市,0pt
1705,omgitsdikenkou,tw74912733,臺北市,0pt
1706,party,tw08544175,新北市,0pt
1707,pieooo,tw86683243,新北市,0pt
1708,pome1o,tw29246609,臺中市,0pt
1709,purin,tw28687950,高雄市,0pt
1710,ray,tw54128847,彰化縣,0pt
1711,revengejack,tw13588930,新北市,0pt
1712,rock,tw09194772,臺北市,0pt
1713,ruxia,tw38336435,高雄市,0pt
1714,shane,tw03183737,雲林縣,0pt
1715,should,tw26367666,臺北市,0pt
1716,sinpo,tw91823318,新北市,0pt
1717,snailmeow,tw83224274,臺南市,0pt
1718,snake3665,tw28495767,新北市,0pt
1719,spongebobaabb,tw79352727,臺中市,0pt
1720,srr77624,tw66382521,宜蘭縣,0pt
1721,taroda,tw83206375,臺中市,0pt
1722,today459,tw43982441,臺北市,0pt
1723,ttyoyo,tw65624032,嘉義縣,0pt
1724,tudou_yujiro,tw99499337,臺北市,0pt
1725,tuitionfee,tw91087660,新北市,0pt
1726,ucs,tw56263584,高雄市,0pt
1727,vul3x06,tw54681331,新北市,0pt
1728,wtt,tw84338791,彰化縣,0pt
1729,yakisoba,tw75498826,彰化縣,0pt
1730,yamazaki,tw85166852,臺中市,0pt
1731,zihou0522,tw77610992,臺北市,0pt
1732,凱凱,tw25103940,高雄市,0pt
1733,卡庫桌遊店的大叔店長,tw85899831,高雄市,0pt
1734,大胖,tw18707805,臺北市,0pt
1735,拓夢,tw34922315,桃園市,0pt
1736,狗醬爺爺,tw89193938,嘉義市,0pt
1737,風林,tw17108307,桃園市,0pt
1738,黑獸傭兵負責抽卡的傢伙,tw45370157,新北市,0pt
1739,CCT_CNW,tw26626315,臺南市,0pt
1740,CY,tw19134716,桃園市,0pt
1741,Cago,tw32240127,臺北市,0pt
1742,Huan,tw01927896,新竹市,0pt
1743,Hulk,tw17488993,臺北市,0pt
1744,Ink,tw41822925,新竹市,0pt
1745,Jack,tw75709371,臺中市,0pt
1746,Jeremy,tw08615728,臺北市,0pt
1747,Kai,tw66155737,桃園市,0pt
1748,Ke3inH,tw28614416,新北市,0pt
1749,Linyize,tw94183594,新竹市,0pt
1750,MegaMonarch,tw40135779,新竹市,0pt
1751,Michael,tw89054620,臺北市,0pt
1752,Numen,tw69542701,彰化縣,0pt
1753,Ramenking47,tw58072187,新北市,0pt
1754,Rick,tw35332280,臺北市,0pt
1755,Rmiu,tw08869700,臺南市,0pt
1756,Shuiping0127,tw36167036,新北市,0pt
1757,big-headed-monster,tw74468297,新北市,0pt
1758,chang,tw86670651,臺北市,0pt
1759,openkai,tw04362293,新竹縣,0pt
1760,umeya,tw75795301,臺北市,0pt
1761,wei,tw35549135,新竹縣,0pt
1762,55638,tw04207428,臺中市,0pt
1763,8eggegg7,tw37954826,雲林縣,0pt
1764,A-Da,tw74309413,新竹縣,0pt
1765,AKA,tw69033087,臺南市,0pt
1766,Ahweee,tw56084175,桃園市,0pt
1767,AlanHung,tw11089211,臺北市,0pt
1768,AllanCat,tw02644224,新北市,0pt
1769,Allen1987,tw66556579,新北市,0pt
1770,Arcadia,tw57116010,臺南市,0pt
1771,Aslan Sala,tw36421093,新北市,0pt
1772,Aya,tw49739743,臺中市,0pt
1773,B.S.T Tim,tw39137201,臺中市,0pt
1774,BB,tw77928028,新北市,0pt
1775,BO4,tw93451715,臺南市,0pt
1776,Baobaby,tw89381203,臺北市,0pt
1777,Baoyu,tw28695700,新北市,0pt
1778,Bettysam,tw28543426,高雄市,0pt
1779,BomBombini>>Gusini,tw93624549,臺中市,0pt
1780,CHIN-N1ARK,tw91641503,高雄市,0pt
1781,CWTsai,tw17830710,桃園市,0pt
1782,Caesarsauce,tw73498341,新北市,0pt
1783,ChenYiCong,tw88308349,臺南市,0pt
1784,Chris,tw24969266,彰化縣,0pt
1785,Chu,tw47144906,臺中市,0pt
1786,Crucial067,tw39964970,臺南市,0pt
1787,Dao,tw29514214,新北市,0pt
1788,Dechan,tw88190845,新北市,0pt
1789,Don,tw00114747,臺北市,0pt
1790,FNFN,tw88007904,嘉義縣,0pt
1791,Fluoxetine,tw72411805,臺北市,0pt
1792,Frankie,tw63693077,高雄市,0pt
1793,GHG_Nero,tw97045516,新北市,0pt
1794,Gengar,tw77606795,臺北市,0pt
1795,Guava,tw18480773,臺南市,0pt
1796,HULU,tw90770697,臺中市,0pt
1797,Hanami,tw99072428,高雄市,0pt
1798,Hank,tw76570746,高雄市,0pt
1799,Henry,tw14815194,新北市,0pt
1800,Hobbyrabbit,tw77997756,臺北市,0pt
1801,Hua,tw49327411,臺北市,0pt
1802,Iceman,tw45607898,屏東縣,0pt
1803,James,tw55516711,新北市,0pt
1804,JamesLee47,tw05782621,新竹市,0pt
1805,Jane,tw85960705,新北市,0pt
1806,JayShaYu,tw04487281,新竹縣,0pt
1807,Jeff,tw65233698,臺中市,0pt
1808,Jeffrey,tw31567677,苗栗縣,0pt
1809,Jimmyhsu,tw61687517,桃園市,0pt
1810,Jmi,tw44806541,新北市,0pt
1811,Johnjoohn,tw28379139,高雄市,0pt
1812,Jon,tw75664776,臺中市,0pt
1813,Junior,tw51517661,彰化縣,0pt
1814,KK,tw69659737,高雄市,0pt
1815,Kevin,tw33410362,臺北市,0pt
1816,Klay,tw98294508,臺北市,0pt
1817,Kroi,tw82798565,新竹縣,0pt
1818,LOjerry,tw29610611,新北市,0pt
1819,LeeJay,tw95882368,基隆市,0pt
1820,Lien,tw30030485,新北市,0pt
1821,Lin,tw09478865,高雄市,0pt
1822,Linya,tw00953153,高雄市,0pt
1823,Louis,tw64044579,臺南市,0pt
1824,Macliang,tw02539949,臺北市,0pt
1825,Maousama,tw32252793,臺中市,0pt
1826,Martin,tw68952278,臺南市,0pt
1827,Matenrou,tw97020673,臺北市,0pt
1828,Meeting,tw59801162,新北市,0pt
1829,Ming,tw62569079,彰化縣,0pt
1830,Moses,tw17327468,臺中市,0pt
1831,Muojing,tw89429024,高雄市,0pt
1832,Neil,tw12139732,桃園市,0pt
1833,Noah,tw95167196,高雄市,0pt
1834,NzCat,tw21992163,臺北市,0pt
1835,Oscar,tw27433076,新竹縣,0pt
1836,PH,tw89286299,臺北市,0pt
1837,Philip,tw31823305,新北市,0pt
1838,Poka,tw50551413,高雄市,0pt
1839,QED,tw24439016,桃園市,0pt
1840,Ray,tw47481435,臺北市,0pt
1841,Rich,tw62288501,高雄市,0pt
1842,Robert77,tw48091306,新北市,0pt
1843,Robertabout,tw27817384,新北市,0pt
1844,Rui,tw34687379,臺南市,0pt
1845,RyWaterdeer,tw52149734,臺南市,0pt
1846,Ryan850524,tw75697576,新竹縣,0pt
1847,Sai,tw35331227,臺北市,0pt
1848,Seafoodking,tw82818959,桃園市,0pt
1849,Seal,tw73485003,新竹縣,0pt
1850,Sean.Hsiao,tw43511296,臺南市,0pt
1851,Shando,tw68242169,新北市,0pt
1852,Shaochien,tw44120710,新竹市,0pt
1853,Shi-Xun,tw99814098,臺中市,0pt
1854,Shiori*,tw37953680,桃園市,0pt
1855,Shorty,tw39179779,彰化縣,0pt
1856,Snivy,tw54979065,新北市,0pt
1857,SnorlaxDoDo,tw27726507,新北市,0pt
1858,Summer,tw64139040,臺中市,0pt
1859,Szluba_020227,tw68545600,臺中市,0pt
1860,TCGSTORE_JoJoe,tw51213471,臺北市,0pt
1861,TKJoey,tw20613723,臺中市,0pt
1862,TMT,tw15033148,新竹市,0pt
1863,TP,tw50994209,苗栗縣,0pt
1864,TR_WuSung,tw91495669,臺中市,0pt
1865,Terry,tw88733561,臺北市,0pt
1866,Terry,tw31657323,臺南市,0pt
1867,Thor,tw20386733,新北市,0pt
1868,Ting,tw07927124,新北市,0pt
1869,Tinyan,tw28470728,澎湖縣,0pt
1870,Tsai,tw06954014,臺南市,0pt
1871,VVA1V9,tw05373669,臺中市,0pt
1872,WANN,tw00745427,新北市,0pt
1873,Winwei,tw33884578,新北市,0pt
1874,YanLin,tw55585776,臺中市,0pt
1875,Yanyan,tw38529754,臺中市,0pt
1876,Yeeting,tw75037148,高雄市,0pt
1877,Yoway,tw57014438,高雄市,0pt
1878,Yu,tw01328212,臺北市,0pt
1879,Yuan20070116,tw69428559,臺南市,0pt
1880,YukiTsuki,tw33852575,新北市,0pt
1881,ZeroKnight,tw95864472,新竹市,0pt
1882,boxuan,tw16071002,新北市,0pt
1883,chuanchuan030,tw23602882,臺南市,0pt
1884,elphy,tw63631827,桃園市,0pt
1885,freedom,tw87041836,高雄市,0pt
1886,goat5373,tw12087695,高雄市,0pt
1887,gonsakon,tw22513278,高雄市,0pt
1888,henrylee1000hh,tw75455473,臺北市,0pt
1889,honggg,tw70209772,臺中市,0pt
1890,jun,tw77403726,桃園市,0pt
1891,kel10473,tw09946774,雲林縣,0pt
1892,maxlulu,tw74865748,臺南市,0pt
1893,mixmaxmao,tw12354126,新竹市,0pt
1894,pocoluba,tw60400986,臺北市,0pt
1895,tcu,tw56592817,高雄市,0pt
1896,varus,tw97556310,高雄市,0pt
1897,water,tw04959889,高雄市,0pt
1898,大安卡比獸,tw32980664,臺北市,0pt
1899,甭竹,tw21543308,新北市,0pt
1900,阿堃,tw47077924,臺北市,0pt
1901,Bird,tw51144525,臺南市,0pt
1902,ChingYang,tw20118339,臺南市,0pt
1903,FayFay,tw73859823,高雄市,0pt
1904,HOSHINO927,tw12843438,苗栗縣,0pt
1905,HoshinoAyara,tw44981913,新北市,0pt
1906,Jun,tw21677034,嘉義市,0pt
1907,LSY,tw70247290,臺南市,0pt
1908,Lalamelon,tw65503645,新竹縣,0pt
1909,Minoz,tw94253182,新竹市,0pt
1910,Rayvmp,tw39941788,新竹市,0pt
1911,ShenXu,tw24260907,臺北市,0pt
1912,Sho-time,tw46598498,臺南市,0pt
1913,Stone,tw88087979,臺南市,0pt
1914,Ted,tw30944033,臺北市,0pt
1915,Wayne,tw60873734,臺中市,0pt
1916,Xian,tw60514766,臺南市,0pt
1917,YangDoge,tw67036456,高雄市,0pt
1918,Yuchan,tw62794486,新竹縣,0pt
1919,i0327,tw71115970,臺北市,0pt
1920,issei,tw42126524,嘉義市,0pt
1921,jim550405,tw01150243,彰化縣,0pt
1922,picril,tw63175199,花蓮縣,0pt
1923,(QwQ),tw01383069,屏東縣,0pt
1924,********************,tw58055677,基隆市,0pt
1925,********************,tw50531237,新北市,0pt
1926,********************,tw51828614,新北市,0pt
1927,********************,tw78763965,新北市,0pt
1928,********************,tw23651285,桃園市,0pt
1929,********************,tw33446134,桃園市,0pt
1930,********************,tw20054935,臺中市,0pt
1931,********************,tw61400777,臺中市,0pt
1932,********************,tw72050117,臺中市,0pt
1933,********************,tw68344513,臺北市,0pt
1934,********************,tw70153920,臺南市,0pt
1935,********************,tw55127614,花蓮縣,0pt
1936,********************,tw17822153,高雄市,0pt
1937,********************,tw91607422,高雄市,0pt
1938,*zzeng*,tw92735633,臺北市,0pt
1939,+Bin,tw77447505,澎湖縣,0pt
1940,/chi/,tw95380807,新北市,0pt
1941,007,tw70903147,新北市,0pt
1942,01x,tw03619937,新北市,0pt
1943,031,tw94050377,臺中市,0pt
1944,0708_hong_,tw23565350,高雄市,0pt
1945,07SHIAN,tw03043128,新北市,0pt
1946,11_01_1001,tw58926435,新北市,0pt
1947,1236h,tw25428429,臺南市,0pt
1948,168168tom,tw87903680,嘉義縣,0pt
1949,16yaaa,tw63833068,新北市,0pt
1950,1b,tw62275938,臺南市,0pt
1951,1innnnn,tw34212183,臺中市,0pt
1952,21212jey,tw56895238,臺北市,0pt
1953,24meeting,tw86653890,新北市,0pt
1954,3.14,tw04928859,臺北市,0pt
1955,35p,tw98283029,臺北市,0pt
1956,404 not found,tw18469412,新北市,0pt
1957,41,tw27678011,臺南市,0pt
1958,41,tw31427989,高雄市,0pt
1959,75,tw40188987,雲林縣,0pt
1960,99,tw14121432,臺北市,0pt
1961,114,tw85270712,新北市,0pt
1962,123,tw34837231,新北市,0pt
1963,123,tw93429711,臺北市,0pt
1964,1111,tw79216291,臺北市,0pt
1965,1187,tw20491274,彰化縣,0pt
1966,1957,tw56733246,新北市,0pt
1967,2684,tw53870806,彰化縣,0pt
1968,3217,tw82315037,彰化縣,0pt
1969,3265,tw99097253,新北市,0pt
1970,5566,tw66681948,新北市,0pt
1971,123321,tw97774674,新北市,0pt
1972,198964,tw58025473,新北市,0pt
1973,339433,tw14726618,彰化縣,0pt
1974,4M0NG.U5,tw06681107,新北市,0pt
1975,569brianwu,tw21874955,臺北市,0pt
1976,666666,tw87911853,臺北市,0pt
1977,679031,tw11754768,高雄市,0pt
1978,1326983,tw96931649,臺北市,0pt
1979,10930126,tw04569307,臺北市,0pt
1980,29254257,tw31755050,新竹市,0pt
1981,707古大師,tw69529924,桃園市,0pt
1982,8+9=2486,tw65565901,宜蘭縣,0pt
1983,88888888,tw21821046,臺中市,0pt
1984,9009spheal,tw80037643,臺北市,0pt
1985,9898lu,tw31062136,臺中市,0pt
1986,A-Gu,tw46367111,新竹市,0pt
1987,A-Wei,tw81060661,新北市,0pt
1988,A0973373235,tw75219008,高雄市,0pt
1989,A9_Lorens,tw24261609,臺北市,0pt
1990,AAA,tw56924650,新北市,0pt
1991,AB,tw62207660,宜蘭縣,0pt
1992,ABB,tw01538397,新北市,0pt
1993,ACE117,tw24928957,新竹市,0pt
1994,ADD,tw71978960,臺北市,0pt
1995,AFQC,tw88712227,宜蘭縣,0pt
1996,AG8984,tw95275036,屏東縣,0pt
1997,AHO,tw78896873,臺中市,0pt
1998,AKA-Linemanking,tw38555787,臺北市,0pt
1999,ALFYZACE,tw11819251,南投縣,0pt
2000,ALLElite,tw29576910,基隆市,0pt
2001,ALun,tw61692211,新北市,0pt
2002,AMANO,tw48746760,花蓮縣,0pt
2003,AMIYA,tw22261784,新北市,0pt
2004,AN,tw59163499,新北市,0pt
2005,ANNIE,tw36845590,桃園市,0pt
2006,APEXROBOT,tw10227968,新北市,0pt
2007,APG,tw37884923,臺中市,0pt
2008,ARECC,tw91404897,基隆市,0pt
2009,ARRVX,tw04263260,臺北市,0pt
2010,AVAAVA_0622,tw42420456,臺東縣,0pt
2011,AXiang,tw46085831,新北市,0pt
2012,AZ,tw87216059,新北市,0pt
2013,A_A,tw17056429,花蓮縣,0pt
2014,A_Vampy,tw70053745,苗栗縣,0pt
2015,A_Yuan,tw40247214,臺北市,0pt
2016,Aaron,tw72124121,嘉義市,0pt
2017,Aaron,tw45882673,新北市,0pt
2018,Abei,tw64665552,新北市,0pt
2019,Abi,tw57892529,臺北市,0pt
2020,Abing,tw06622720,桃園市,0pt
2021,Ablicegaga,tw02537457,高雄市,0pt
2022,Adam,tw04934273,新北市,0pt
2023,Adenocarcinoma,tw97734335,新北市,0pt
2024,Aegis,tw67220769,臺北市,0pt
2025,Ahren,tw18925684,新北市,0pt
2026,AiAJu,tw31778062,新北市,0pt
2027,AiroftheKing,tw51610329,高雄市,0pt
2028,Aixiaoling,tw44412968,新北市,0pt
2029,Ak4ne,tw41055288,新北市,0pt
2030,AkWu,tw95133857,臺北市,0pt
2031,Aki,tw25540185,臺南市,0pt
2032,Akineko,tw73224394,嘉義市,0pt
2033,Akizuki,tw93058880,新北市,0pt
2034,Ako,tw26868285,臺中市,0pt
2035,Akon,tw47330996,臺北市,0pt
2036,Akong0216,tw98997278,新北市,0pt
2037,AlanLin,tw80735744,新竹縣,0pt
2038,Alanxx,tw91516143,桃園市,0pt
2039,Alengj,tw19426682,新北市,0pt
2040,Alex,tw78896313,臺北市,0pt
2041,Alex,tw36930036,高雄市,0pt
2042,Alex11,tw72698737,新北市,0pt
2043,AlexKao,tw82377260,臺北市,0pt
2044,AlexLu,tw99459189,桃園市,0pt
2045,AlexPao,tw27060642,高雄市,0pt
2046,AlexYuan,tw80051704,高雄市,0pt
2047,Alfred,tw97640961,臺北市,0pt
2048,Aliciaaa,tw40616680,高雄市,0pt
2049,Alina,tw47851131,桃園市,0pt
2050,Alingo,tw26890230,新北市,0pt
2051,Alison,tw33733530,臺中市,0pt
2052,Alista,tw09569750,新竹縣,0pt
2053,Allan,tw20149320,桃園市,0pt
2054,Allan,tw91443349,臺北市,0pt
2055,Allan.ouo,tw93344936,新北市,0pt
2056,Allen,tw47989174,臺北市,0pt
2057,AllenYu,tw71122215,新北市,0pt
2058,Alpha,tw15199940,新北市,0pt
2059,Alvan,tw95615335,新竹市,0pt
2060,Alvin,tw10359178,臺北市,0pt
2061,Amadeus,tw29141515,新北市,0pt
2062,AmamaJazz,tw94752563,臺南市,0pt
2063,Amber,tw42698299,臺北市,0pt
2064,Amier,tw69023602,新北市,0pt
2065,An,tw37862633,宜蘭縣,0pt
2066,An,tw84374990,桃園市,0pt
2067,An,tw11230800,苗栗縣,0pt
2068,An,tw83992222,高雄市,0pt
2069,Anchen06449,tw67389540,新北市,0pt
2070,Anderson.Chang,tw28543127,新北市,0pt
2071,Andre,tw69685808,桃園市,0pt
2072,Andrew,tw90556916,臺北市,0pt
2073,Andrew,tw13969900,臺南市,0pt
2074,Andrewwww,tw77598098,高雄市,0pt
2075,Andriod69,tw57095850,臺中市,0pt
2076,Andy,tw21574328,新北市,0pt
2077,Andy,tw28321640,新北市,0pt
2078,Andy,tw40043151,新北市,0pt
2079,Andy,tw94469570,新北市,0pt
2080,Andy,tw40570118,桃園市,0pt
2081,Andy,tw53391571,桃園市,0pt
2082,Andy0707,tw79678007,臺北市,0pt
2083,AndyYen,tw37153671,臺北市,0pt
2084,AndyYo,tw52997756,新北市,0pt
2085,Andyjhh,tw51810422,嘉義市,0pt
2086,Angel20739,tw88436817,臺北市,0pt
2087,Aniki,tw51802902,臺南市,0pt
2088,Anitalin,tw23862085,新北市,0pt
2089,Ann,tw01958357,新北市,0pt
2090,Ann,tw95345241,高雄市,0pt
2091,AnnAnnyo,tw72832495,臺中市,0pt
2092,Anna,tw44791230,新北市,0pt
2093,Anomaly,tw36834412,基隆市,0pt
2094,Ansel,tw30347264,新北市,0pt
2095,Ansely,tw00106184,新北市,0pt
2096,AntelopE,tw20537188,臺北市,0pt
2097,Anthony11,tw56476656,新竹縣,0pt
2098,Antony,tw04797990,臺北市,0pt
2099,Ap_wakd,tw74909345,臺北市,0pt
2100,Ape,tw10524441,新北市,0pt
2101,Applepickaxe,tw96396194,臺北市,0pt
2102,Arashi,tw56047934,新北市,0pt
2103,Ares,tw84170284,新北市,0pt
2104,AriaHayate,tw11465868,高雄市,0pt
2105,Arms0320,tw52493073,新北市,0pt
2106,Arnold,tw75682148,臺北市,0pt
2107,Arthur,tw27068101,臺中市,0pt
2108,Arzomon,tw00510962,臺中市,0pt
2109,Asdshdhdjdkdkdkdkd,tw18580372,新竹縣,0pt
2110,Ashe,tw45936537,新北市,0pt
2111,Ashsu88,tw71186799,高雄市,0pt
2112,Ashubelu,tw19142795,新北市,0pt
2113,Ashy,tw52320952,臺北市,0pt
2114,AsiaMomo,tw97310182,桃園市,0pt
2115,Atea,tw20625161,宜蘭縣,0pt
2116,Ating,tw64980786,高雄市,0pt
2117,Atom,tw95536874,新北市,0pt
2118,Austin,tw93021424,宜蘭縣,0pt
2119,Austin,tw36692537,新北市,0pt
2120,Auston,tw15060556,臺北市,0pt
2121,Awei,tw43185329,新北市,0pt
2122,Awolf,tw16101765,臺南市,0pt
2123,Axidaka,tw61898879,新北市,0pt
2124,Ayen,tw26754625,新北市,0pt
2125,Ayn,tw61708307,臺北市,0pt
2126,Az,tw70897596,新竹市,0pt
2127,Azusa,tw85704831,臺中市,0pt
2128,Azusa521,tw70003288,高雄市,0pt
2129,Azy0020,tw65349296,南投縣,0pt
2130,B,tw84675080,新北市,0pt
2131,B.S.T_Anderow,tw12190750,臺中市,0pt
2132,BBB,tw93218331,桃園市,0pt
2133,BBc,tw08384242,臺北市,0pt
2134,BC,tw46969620,新北市,0pt
2135,BEN,tw91566512,桃園市,0pt
2136,BJ,tw22679962,高雄市,0pt
2137,BJCN,tw48752040,桃園市,0pt
2138,BJJ,tw48431407,新竹市,0pt
2139,BM,tw61455070,桃園市,0pt
2140,BOYU,tw56556345,桃園市,0pt
2141,BP,tw95722479,新北市,0pt
2142,BST Charles,tw57247655,臺中市,0pt
2143,BST Sun,tw66953119,南投縣,0pt
2144,BST-Albern,tw88350847,臺中市,0pt
2145,BST.Weni,tw17505073,臺中市,0pt
2146,BSTChangcat,tw03684388,臺中市,0pt
2147,BST_Ken,tw36733766,臺中市,0pt
2148,BST_Miles,tw49117790,臺中市,0pt
2149,BST_Pin,tw31993323,臺中市,0pt
2150,BST_Xian,tw87979157,臺中市,0pt
2151,BST_big_snail,tw49158370,臺中市,0pt
2152,BSThhhhh,tw50232914,臺中市,0pt
2153,BUILD,tw80536677,高雄市,0pt
2154,BUSCH,tw49982857,新北市,0pt
2155,BaRoN,tw77101544,苗栗縣,0pt
2156,Babbit,tw73671388,臺北市,0pt
2157,Bai_Ling,tw18663202,臺北市,0pt
2158,Baolu,tw76235101,新竹縣,0pt
2159,Barry,tw26319522,臺北市,0pt
2160,Baymax,tw10838920,高雄市,0pt
2161,Bean,tw97331813,臺中市,0pt
2162,Bear,tw42424211,臺北市,0pt
2163,Bear0413,tw28094331,新北市,0pt
2164,Bear416,tw58627145,臺北市,0pt
2165,Bearty,tw34946799,高雄市,0pt
2166,Bee,tw13177480,臺北市,0pt
2167,Ben,tw21996140,新北市,0pt
2168,Ben,tw23887569,新北市,0pt
2169,Ben,tw87328200,新北市,0pt
2170,Ben,tw92058766,雲林縣,0pt
2171,Benjamin,tw80544304,臺北市,0pt
2172,Benson,tw46591400,臺北市,0pt
2173,BerryTea,tw17863669,新北市,0pt
2174,Berserker226,tw27689844,臺北市,0pt
2175,BestGreninja,tw61463095,新北市,0pt
2176,Bettychen,tw02714561,臺北市,0pt
2177,BigC,tw00587002,臺南市,0pt
2178,BigD,tw86808139,臺中市,0pt
2179,BigKao,tw68603791,桃園市,0pt
2180,BigPJackWei,tw53698784,臺中市,0pt
2181,BigWhite,tw65882158,臺南市,0pt
2182,BigYa,tw50236483,臺北市,0pt
2183,Bigboifai,tw18633103,高雄市,0pt
2184,Billy*,tw15399598,臺中市,0pt
2185,Bing,tw80146748,彰化縣,0pt
2186,Bishop,tw85098932,臺中市,0pt
2187,BlackHawk,tw92460559,新北市,0pt
2188,BlackPlume,tw42563834,新北市,0pt
2189,Blackwink,tw30410327,臺北市,0pt
2190,Blackyay,tw09270387,新北市,0pt
2191,Blastyunzhang,tw71290353,高雄市,0pt
2192,BloodChen,tw60617645,新竹市,0pt
2193,Bloodymoon,tw39803458,新北市,0pt
2194,Bo,tw97375355,臺北市,0pt
2195,Bo,tw66762557,高雄市,0pt
2196,Bob,tw83232026,新北市,0pt
2197,Bobby,tw02752748,臺中市,0pt
2198,Bogation,tw74600298,新竹縣,0pt
2199,Boji,tw51769075,臺北市,0pt
2200,Bokai,tw83428185,臺北市,0pt
2201,Bonbon,tw98988500,嘉義縣,0pt
2202,Bonnie,tw40670453,嘉義市,0pt
2203,Boru,tw16534363,高雄市,0pt
2204,BossLiao,tw19197302,臺中市,0pt
2205,Bossp,tw01135691,高雄市,0pt
2206,Box,tw67068763,臺中市,0pt
2207,Box23857104,tw07176664,雲林縣,0pt
2208,Boy,tw88965764,臺北市,0pt
2209,Boyi,tw44711953,臺中市,0pt
2210,Brady,tw40990178,彰化縣,0pt
2211,Bran,tw82303975,臺北市,0pt
2212,Brian,tw95034551,新北市,0pt
2213,Brian,tw03156683,新北市,0pt
2214,Brian,tw95716595,新北市,0pt
2215,Brian,tw23954927,臺北市,0pt
2216,Brian,tw83408103,苗栗縣,0pt
2217,Briannn02,tw33657637,高雄市,0pt
2218,Brown1001,tw11692924,新北市,0pt
2219,Bruce,tw25693414,新北市,0pt
2220,Bruce,tw84916149,新北市,0pt
2221,Bruce,tw50849384,臺中市,0pt
2222,BruceLiao,tw41261409,新北市,0pt
2223,Bryan,tw26839664,臺北市,0pt
2224,Bryson,tw03392852,臺北市,0pt
2225,BuXiangShangBan,tw14724293,臺北市,0pt
2226,Bubbleice,tw51632399,新竹市,0pt
2227,Budding,tw53822923,臺中市,0pt
2228,BugCatCapoo,tw32137727,高雄市,0pt
2229,BuraiARP,tw54609251,臺中市,0pt
2230,Buzz,tw99472554,新北市,0pt
2231,BwJAM,tw01803020,新北市,0pt
2232,C0MeT,tw82109498,新北市,0pt
2233,C8,tw95015058,新北市,0pt
2234,CA,tw75022184,臺北市,0pt
2235,CCCCCCCCCCCCCCCCCCCC,tw56927765,臺北市,0pt
2236,CH,tw12543260,臺中市,0pt
2237,CHANG,tw66127982,新北市,0pt
2238,"CHANG,CHEN-HSUN",tw15653353,臺中市,0pt
2239,CHEN,tw53434088,新竹市,0pt
2240,CHEN-MJ,tw25669437,桃園市,0pt
2241,CHENG,tw13183047,雲林縣,0pt
2242,CHENJUISHIANG,tw04237407,新北市,0pt
2243,CHENYUREN,tw03059419,新北市,0pt
2244,CHI-AN,tw37402193,臺中市,0pt
2245,CHIACHUAN,tw42255553,新北市,0pt
2246,CHII,tw86325245,彰化縣,0pt
2247,CHINBO,tw71099653,新北市,0pt
2248,CHOU-YU-TING,tw69852106,彰化縣,0pt
2249,CHU0830,tw29121826,臺中市,0pt
2250,CIOUGUANJIE,tw38672703,新北市,0pt
2251,CJhung,tw31162467,臺南市,0pt
2252,CLK,tw13399973,臺中市,0pt
2253,CM_魚丸,tw34192455,臺北市,0pt
2254,CTA,tw61821032,新北市,0pt
2255,CTS-MingYu,tw09964738,臺北市,0pt
2256,CTS_Col,tw05074368,高雄市,0pt
2257,CTS_龍龍,tw48633494,嘉義縣,0pt
2258,CTSin8,tw04473697,嘉義市,0pt
2259,CTT,tw62244327,新北市,0pt
2260,CURSE_阿霈,tw73508956,臺中市,0pt
2261,CYAN,tw58773478,臺南市,0pt
2262,CYL,tw53806573,臺北市,0pt
2263,CYO,tw87297973,臺中市,0pt
2264,CaBa,tw94442021,新北市,0pt
2265,Caelus,tw63238788,臺北市,0pt
2266,CallRicky,tw12573104,新北市,0pt
2267,Calvin,tw53674767,臺北市,0pt
2268,Calvin,tw70588343,臺南市,0pt
2269,Can,tw85587666,新北市,0pt
2270,Candice,tw16267084,彰化縣,0pt
2271,CappuccinoAssassino,tw59872698,嘉義市,0pt
2272,CarCar,tw17568327,新北市,0pt
2273,Carlchen,tw02006940,新北市,0pt
2274,CarolChu760,tw71976921,臺北市,0pt
2275,Carte,tw88149939,雲林縣,0pt
2276,Carter,tw40184814,彰化縣,0pt
2277,Casper,tw03580419,新北市,0pt
2278,Casper,tw59535829,臺北市,0pt
2279,Castorice,tw63062500,新北市,0pt
2280,Cchien,tw74088159,新北市,0pt
2281,Ccyy,tw23295415,桃園市,0pt
2282,Ch1uW318,tw24459657,新北市,0pt
2283,Chaewon,tw42210389,宜蘭縣,0pt
2284,Chance,tw78671586,高雄市,0pt
2285,Chang,tw73704006,臺北市,0pt
2286,Chang-Chien,tw22775249,高雄市,0pt
2287,Changchaichen,tw77497192,臺中市,0pt
2288,Chani's_dog,tw19454990,高雄市,0pt
2289,Charles,tw17044113,臺中市,0pt
2290,Charlie,tw90239169,臺北市,0pt
2291,Charlie,tw26188159,高雄市,0pt
2292,Che,tw40046858,臺中市,0pt
2293,Chen,tw86112580,新北市,0pt
2294,ChenJeffery,tw74417409,高雄市,0pt
2295,Chenbone,tw82298693,臺北市,0pt
2296,Cheng,tw04150698,新北市,0pt
2297,Cheng,tw61755902,桃園市,0pt
2298,Cheng,tw45019886,高雄市,0pt
2299,ChengLiKai,tw94157056,臺北市,0pt
2300,Chengcheng,tw98718924,臺北市,0pt
2301,Chengning,tw54685801,新竹縣,0pt
2302,Chengxun,tw76821396,新北市,0pt
2303,Chenjing,tw93524726,臺南市,0pt
2304,Chenlele,tw01862233,高雄市,0pt
2305,Chester,tw94745540,新北市,0pt
2306,Chi,tw80323677,桃園市,0pt
2307,Chi7,tw65407364,臺北市,0pt
2308,ChiChi,tw04777213,新北市,0pt
2309,ChiWei,tw97326239,新北市,0pt
2310,Chia,tw37439558,新北市,0pt
2311,Chia-Hsiang,tw67629454,宜蘭縣,0pt
2312,Chiang,tw37216567,新北市,0pt
2313,Chianlin,tw43501171,臺北市,0pt
2314,Chieh,tw06654484,新北市,0pt
2315,Chien,tw30251033,臺北市,0pt
2316,ChiffonSky,tw01965627,臺北市,0pt
2317,Chihua,tw60727272,彰化縣,0pt
2318,Chiiyi621,tw81010850,臺北市,0pt
2319,Chinchin,tw32172391,新北市,0pt
2320,Chiu,tw49366104,臺南市,0pt
2321,Chiyuri,tw78028510,新北市,0pt
2322,Chloe,tw14593412,新北市,0pt
2323,Chris,tw99747326,新北市,0pt
2324,Chris,tw28923463,新北市,0pt
2325,Chris,tw75050830,臺北市,0pt
2326,Chrisss,tw66394912,新北市,0pt
2327,Christa,tw53631761,臺北市,0pt
2328,Christian,tw36694163,高雄市,0pt
2329,ChristmasLin,tw64258184,臺南市,0pt
2330,Chu-Ze,tw96420409,新北市,0pt
2331,Chu-en,tw27851848,新竹縣,0pt
2332,ChuDaoBao,tw73666172,臺北市,0pt
2333,Chuang605,tw60888189,臺中市,0pt
2334,Chun,tw56513589,屏東縣,0pt
2335,Chun,tw15566743,新竹市,0pt
2336,Chun,tw91764650,桃園市,0pt
2337,Chung,tw60937564,高雄市,0pt
2338,ChunkIt,tw81593612,其它地區,0pt
2339,Chunmander,tw03389371,臺北市,0pt
2340,Churuhana94092,tw09586247,臺中市,0pt
2341,Chuuuuuu,tw70391471,臺中市,0pt
2342,Chuxin,tw52204175,臺北市,0pt
2343,Cider,tw56671589,新竹市,0pt
2344,Cincin,tw86193760,新北市,0pt
2345,Cindy,tw38507572,高雄市,0pt
2346,Cinnie,tw88109066,臺北市,0pt
2347,CityShower,tw81806985,新北市,0pt
2348,Clara,tw54142450,臺北市,0pt
2349,Clef,tw57899850,桃園市,0pt
2350,Cloudless,tw77269464,桃園市,0pt
2351,Cnnn,tw12215448,雲林縣,0pt
2352,Coco,tw94490217,新北市,0pt
2353,Cocoa,tw92980553,新北市,0pt
2354,Coffee,tw91522380,宜蘭縣,0pt
2355,ColDIcE,tw37477215,桃園市,0pt
2356,Cola,tw96830881,臺北市,0pt
2357,Coliery,tw70061764,臺中市,0pt
2358,Collector,tw73501644,新北市,0pt
2359,Cong_Yun,tw36861208,桃園市,0pt
2360,Conxun,tw87532780,高雄市,0pt
2361,Cookie,tw78195912,新北市,0pt
2362,CoolArcher,tw44797869,新北市,0pt
2363,Corgi,tw34029631,臺北市,0pt
2364,CornXDD,tw01598830,新北市,0pt
2365,CowWu,tw40794738,臺北市,0pt
2366,CrazyWolf,tw69307901,臺北市,0pt
2367,Crescent,tw97939302,臺中市,0pt
2368,Crimson,tw83686423,新北市,0pt
2369,Crixus,tw13244443,新北市,0pt
2370,Crystal,tw17935528,桃園市,0pt
2371,Cube,tw13147112,基隆市,0pt
2372,CurtisChen,tw92975484,新北市,0pt
2373,Cuss,tw69109856,新北市,0pt
2374,CutePin,tw36220664,臺北市,0pt
2375,Cyrilyao,tw60751700,新北市,0pt
2376,D,tw35780178,新竹市,0pt
2377,DAMON,tw29793950,新北市,0pt
2378,DC,tw76326799,新北市,0pt
2379,DC,tw72029068,桃園市,0pt
2380,DCNo.1,tw51277909,桃園市,0pt
2381,DD,tw92800431,臺北市,0pt
2382,DDR,tw07655470,新竹市,0pt
2383,DDomg,tw71618785,新北市,0pt
2384,DDwhale,tw50434082,臺南市,0pt
2385,DENNIS,tw62837063,新北市,0pt
2386,DG,tw03628114,高雄市,0pt
2387,DK,tw77692063,宜蘭縣,0pt
2388,DKxMonster,tw90089952,新北市,0pt
2389,DODONG,tw71493841,桃園市,0pt
2390,DT,tw82068943,新北市,0pt
2391,"DU,JUN,LIANG",tw60490031,臺中市,0pt
2392,DUKE,tw11790290,新北市,0pt
2393,DV,tw75994771,臺中市,0pt
2394,DZW,tw61878437,新竹市,0pt
2395,Da,tw55849483,新北市,0pt
2396,Da,tw82294820,新北市,0pt
2397,Daihu,tw16370693,臺南市,0pt
2398,Daiki,tw68414131,高雄市,0pt
2399,Daitung69,tw17453360,臺南市,0pt
2400,Daniel,tw31039299,新竹市,0pt
2401,Daniel.L,tw27404860,新北市,0pt
2402,Daniml,tw37612022,基隆市,0pt
2403,Danis,tw14301199,新竹縣,0pt
2404,Danny,tw04451960,新北市,0pt
2405,Danny,tw87970453,新竹縣,0pt
2406,DannyMendoza,tw10437081,臺北市,0pt
2407,Dante,tw81010565,臺南市,0pt
2408,Dantime,tw69807733,臺北市,0pt
2409,Daren,tw41807266,新北市,0pt
2410,Darenlly,tw49170787,臺中市,0pt
2411,Dark,tw66980750,臺南市,0pt
2412,Darker,tw88297278,新北市,0pt
2413,Darkshadow,tw41579058,臺中市,0pt
2414,Darky:3,tw41320634,臺中市,0pt
2415,Darrn,tw28361654,高雄市,0pt
2416,Data,tw35468962,臺北市,0pt
2417,Dave,tw58282540,新北市,0pt
2418,David,tw04156058,新北市,0pt
2419,David,tw87034195,新北市,0pt
2420,David,tw03798176,臺北市,0pt
2421,David,tw08451687,臺北市,0pt
2422,David,tw40786209,臺北市,0pt
2423,David,tw95288058,高雄市,0pt
2424,David123456789,tw37123816,桃園市,0pt
2425,DavidLiou,tw96861282,新北市,0pt
2426,Daybreak,tw48204949,新北市,0pt
2427,Deadpool40448,tw86769937,臺中市,0pt
2428,Dean,tw16612986,臺北市,0pt
2429,Dearus,tw48250347,臺中市,0pt
2430,Decade,tw82232172,宜蘭縣,0pt
2431,Delete_No.13,tw46706280,臺中市,0pt
2432,Delver,tw11923657,臺北市,0pt
2433,Demon0713,tw99812642,新北市,0pt
2434,Denny,tw80797938,新竹市,0pt
2435,Derio,tw76051677,臺北市,0pt
2436,Dermo,tw07030198,新北市,0pt
2437,Desfora,tw14730505,臺北市,0pt
2438,Dfg,tw45034328,高雄市,0pt
2439,DiDiLong,tw12836084,苗栗縣,0pt
2440,Ding,tw40001100,新北市,0pt
2441,Ding,tw16442131,臺北市,0pt
2442,Dingding,tw52268618,桃園市,0pt
2443,Dingding0108,tw77246209,臺北市,0pt
2444,Dino,tw85460921,高雄市,0pt
2445,Dinxian,tw26460940,新北市,0pt
2446,Dio,tw21044260,臺北市,0pt
2447,Dipped,tw24975940,彰化縣,0pt
2448,Ditto,tw70761465,臺中市,0pt
2449,DoctorX,tw15184854,臺北市,0pt
2450,Doda,tw25540080,臺北市,0pt
2451,Doff,tw16919638,新北市,0pt
2452,DogGameDogPlay,tw07182365,新北市,0pt
2453,Dohua,tw14770717,新北市,0pt
2454,Dolong,tw06476226,臺北市,0pt
2455,Dolu,tw17137276,臺中市,0pt
2456,DonDon,tw03683406,新北市,0pt
2457,DongDong,tw02541679,新北市,0pt
2458,DongDong,tw93248419,新北市,0pt
2459,DongLian,tw63351903,臺南市,0pt
2460,Dongdingdong,tw73206042,桃園市,0pt
2461,Dongyu,tw02812396,高雄市,0pt
2462,DoomCrows,tw54802178,臺中市,0pt
2463,DouDouGe(0v0),tw56796567,高雄市,0pt
2464,DoubleQuotationMark,tw90844603,臺北市,0pt
2465,DoubleStandardsBear,tw23649439,新北市,0pt
2466,Doug,tw03129244,臺北市,0pt
2467,DrMilker,tw44512701,臺北市,0pt
2468,Dragapult,tw09139790,高雄市,0pt
2469,Dreamcat,tw51725698,屏東縣,0pt
2470,DuDu030,tw59014571,高雄市,0pt
2471,Duajd,tw53367475,新北市,0pt
2472,Duck,tw38464185,新北市,0pt
2473,Duffy,tw60053997,新北市,0pt
2474,DukeJudas,tw52565794,桃園市,0pt
2475,Dy,tw23520333,高雄市,0pt
2476,E.Z,tw64494394,桃園市,0pt
2477,E1ton,tw44721945,花蓮縣,0pt
2478,EAuu,tw96454695,新北市,0pt
2479,EIZAX,tw04667144,新北市,0pt
2480,EL,tw00918141,新北市,0pt
2481,ELIAS,tw84289067,宜蘭縣,0pt
2482,ENENEN,tw17763984,新北市,0pt
2483,EYPYen,tw02721842,新北市,0pt
2484,Eason,tw11103778,嘉義市,0pt
2485,Eason,tw21898917,新北市,0pt
2486,Eason,tw16416129,新竹縣,0pt
2487,Eason,tw20151809,桃園市,0pt
2488,Eason,tw61391431,臺南市,0pt
2489,Eason270494,tw25449113,新竹縣,0pt
2490,Eatingwww,tw53619485,臺北市,0pt
2491,Echo,tw10479051,臺中市,0pt
2492,Eckes,tw07327311,新北市,0pt
2493,Edden,tw99583032,高雄市,0pt
2494,Eden,tw03628438,臺北市,0pt
2495,Edenfox,tw17255018,新北市,0pt
2496,Edison,tw60440420,宜蘭縣,0pt
2497,Edward,tw30500137,新北市,0pt
2498,Edward,tw66961355,新北市,0pt
2499,Edward,tw57251399,臺中市,0pt
2500,Edward,tw44806487,花蓮縣,0pt
2501,Edwards,tw17883013,屏東縣,0pt
2502,EeEe-Lee,tw14423244,基隆市,0pt
2503,Eiji,tw08187374,其它地區,0pt
2504,Ejehyssh,tw77637602,臺北市,0pt
2505,Elaina,tw69298144,臺中市,0pt
2506,Ellismotocross,tw02791820,新北市,0pt
2507,Elly,tw59405542,新北市,0pt
2508,Elmo,tw76575482,高雄市,0pt
2509,Emrys,tw31114296,新北市,0pt
2510,Enya,tw03955079,高雄市,0pt
2511,Enzo,tw25251502,高雄市,0pt
2512,Eraintattoo,tw45026885,高雄市,0pt
2513,Eric,tw35670106,新北市,0pt
2514,Eric,tw87052338,新北市,0pt
2515,Eric,tw43231258,新竹縣,0pt
2516,Eric,tw08344688,臺北市,0pt
2517,Eric,tw21936189,臺北市,0pt
2518,Eric0804,tw46041497,新竹市,0pt
2519,Eric906180,tw28003917,臺中市,0pt
2520,EricChiang,tw25395971,高雄市,0pt
2521,EricJu,tw92858474,臺中市,0pt
2522,Erica,tw47612491,臺北市,0pt
2523,Ericzzz,tw81157414,臺北市,0pt
2524,Erida,tw08762709,新北市,0pt
2525,Erika,tw25764930,彰化縣,0pt
2526,Erin,tw93099595,新北市,0pt
2527,Ernie,tw50030501,新北市,0pt
2528,Error,tw64956851,臺北市,0pt
2529,Eternal,tw99611234,新北市,0pt
2530,Eternal,tw13115560,臺中市,0pt
2531,Ethan,tw18703209,新竹市,0pt
2532,Ethan,tw82782838,新竹縣,0pt
2533,Ethan,tw00938675,臺北市,0pt
2534,EthiopiaGu,tw25481775,新北市,0pt
2535,Eva,tw55957559,新北市,0pt
2536,Evan42227,tw69572482,臺中市,0pt
2537,EvanWeee,tw16795973,新北市,0pt
2538,Evanna0730,tw55735032,苗栗縣,0pt
2539,Evvvva,tw71920630,臺北市,0pt
2540,Exctkro,tw77277507,屏東縣,0pt
2541,Expelliarmus,tw04547239,新北市,0pt
2542,Ezio,tw55734361,臺北市,0pt
2543,FELIX,tw01006957,臺北市,0pt
2544,FISH,tw66992460,新北市,0pt
2545,FK,tw61302767,桃園市,0pt
2546,FMgoogle,tw55715183,臺北市,0pt
2547,FONG,tw63732641,新北市,0pt
2548,FUN,tw22670530,新北市,0pt
2549,FZXH,tw65608113,苗栗縣,0pt
2550,F_.bch,tw98903852,臺北市,0pt
2551,Fa,tw76560776,臺北市,0pt
2552,Fabio20,tw96716125,臺南市,0pt
2553,Faci,tw38893297,高雄市,0pt
2554,Fai,tw40449668,桃園市,0pt
2555,Fairyrabbit,tw09877875,臺中市,0pt
2556,Farabbit,tw54789849,臺中市,0pt
2557,FatCat,tw14031184,南投縣,0pt
2558,Fatcat1286,tw01919513,臺北市,0pt
2559,Fatpig,tw61376142,桃園市,0pt
2560,Fdf,tw80788382,高雄市,0pt
2561,Fed,tw79563218,新北市,0pt
2562,Fei,tw05331566,新北市,0pt
2563,Fei,tw37239017,臺南市,0pt
2564,Fei,tw03834517,高雄市,0pt
2565,Fei,tw51478521,高雄市,0pt
2566,FelixChen,tw69557512,臺中市,0pt
2567,Feng,tw12168242,高雄市,0pt
2568,FengChi,tw67375770,新北市,0pt
2569,Feng_bai,tw87249890,基隆市,0pt
2570,Fengyuyu,tw48772711,臺北市,0pt
2571,Fff,tw05968456,新竹市,0pt
2572,Fideo,tw64609097,新北市,0pt
2573,Fidough,tw12119695,新北市,0pt
2574,FinalRuler,tw66369316,臺北市,0pt
2575,Fiona,tw49084019,臺南市,0pt
2576,Fire,tw09000827,南投縣,0pt
2577,Fire,tw69664019,新北市,0pt
2578,Fish,tw21270129,嘉義縣,0pt
2579,Fish,tw31259305,臺北市,0pt
2580,Fishray,tw37263134,新北市,0pt
2581,FiveCookie,tw03380459,臺北市,0pt
2582,Flyer,tw38199554,臺南市,0pt
2583,Fmoon,tw09642902,桃園市,0pt
2584,FonFon,tw40313826,高雄市,0pt
2585,Fox1025,tw17643552,苗栗縣,0pt
2586,Foxiezxx,tw56416986,桃園市,0pt
2587,Fq,tw53562571,臺北市,0pt
2588,Frank,tw23702945,新北市,0pt
2589,Frank,tw51660301,臺北市,0pt
2590,Frank,tw88842388,臺北市,0pt
2591,Frank,tw97836002,臺北市,0pt
2592,FreeDon,tw84410483,新北市,0pt
2593,Freedom,tw78878725,臺北市,0pt
2594,Froppy,tw52488439,新北市,0pt
2595,Funky,tw16510970,新北市,0pt
2596,Funny,tw74205074,新北市,0pt
2597,FurrengSheng,tw90301935,臺南市,0pt
2598,G-NISAMAN,tw31407319,臺北市,0pt
2599,G0,tw41371419,臺北市,0pt
2600,G012345,tw04733811,臺中市,0pt
2601,G9,tw33146969,臺北市,0pt
2602,GB,tw65251867,嘉義縣,0pt
2603,GBR,tw91218207,新北市,0pt
2604,GE,tw47563643,新北市,0pt
2605,GGenga,tw44505387,臺北市,0pt
2606,GHG_Jason,tw85730955,新北市,0pt
2607,GHG_Nen,tw63277034,新北市,0pt
2608,GHG_dogdog,tw74191462,新北市,0pt
2609,GJ,tw20707479,新北市,0pt
2610,GLABA_Master,tw99732460,臺中市,0pt
2611,GMS_coffee,tw61254273,新竹縣,0pt
2612,GMS_leaf.is.gay,tw82756336,新北市,0pt
2613,GP,tw82294390,桃園市,0pt
2614,GP520,tw15647526,桃園市,0pt
2615,GRFViper,tw09350304,新北市,0pt
2616,G_Kai,tw84877375,臺南市,0pt
2617,GaU,tw54351682,臺中市,0pt
2618,GabrielKeigo,tw38822696,新北市,0pt
2619,Gaffey,tw27406388,新竹縣,0pt
2620,Gakki,tw27934473,臺北市,0pt
2621,Gameboy,tw00390275,臺北市,0pt
2622,GaminBlackSen,tw25926454,臺北市,0pt
2623,GanbatteJain,tw30914095,臺北市,0pt
2624,Gaobing,tw75162744,臺北市,0pt
2625,Gardevoir,tw10613788,桃園市,0pt
2626,Gary,tw30399570,臺北市,0pt
2627,Gary,tw81749749,臺北市,0pt
2628,Gary,tw59135727,高雄市,0pt
2629,Geats,tw64218545,高雄市,0pt
2630,Gelatoni,tw06554451,新北市,0pt
2631,Gen,tw78566521,新北市,0pt
2632,Gene,tw93613594,臺中市,0pt
2633,Genster,tw76937193,臺北市,0pt
2634,George,tw01268445,高雄市,0pt
2635,GeraltOfRivia,tw10166694,臺北市,0pt
2636,Gerry,tw43487757,臺北市,0pt
2637,Gginin,tw26935289,新竹縣,0pt
2638,Gin,tw26623642,新北市,0pt
2639,Gin,tw82030081,新竹縣,0pt
2640,Gina,tw66789230,高雄市,0pt
2641,Ginkaze,tw87510596,臺北市,0pt
2642,Giotto,tw59735925,基隆市,0pt
2643,Glat,tw28234025,臺北市,0pt
2644,God-hand,tw72139385,臺北市,0pt
2645,Goelang,tw22918759,高雄市,0pt
2646,Gold,tw04793580,高雄市,0pt
2647,Gordan,tw83160193,新北市,0pt
2648,Gorden,tw09358402,臺北市,0pt
2649,Gr,tw89694718,臺南市,0pt
2650,Gray,tw45137312,臺中市,0pt
2651,Green,tw48077566,高雄市,0pt
2652,GreenleafCat,tw36533370,桃園市,0pt
2653,Greg,tw64584955,臺北市,0pt
2654,Grey,tw38556612,臺中市,0pt
2655,Grief,tw02920125,新北市,0pt
2656,GuGuBear,tw84604915,臺北市,0pt
2657,GuUing,tw94081003,臺南市,0pt
2658,Gua,tw50255396,臺北市,0pt
2659,Guaga,tw99086788,臺北市,0pt
2660,Guang,tw10255119,新北市,0pt
2661,Guavakiller3310,tw46147897,新竹市,0pt
2662,Gumayoshi,tw25439887,新北市,0pt
2663,Gundamwar,tw44505832,臺南市,0pt
2664,Guo,tw87417788,彰化縣,0pt
2665,GuoGuoCat,tw55180213,新北市,0pt
2666,H,tw07286366,新北市,0pt
2667,HAKU,tw74422701,臺北市,0pt
2668,HANJI,tw25529713,臺中市,0pt
2669,HANYIN,tw05130167,新北市,0pt
2670,HAO,tw41148001,臺中市,0pt
2671,HAO,tw48830831,臺中市,0pt
2672,HAOHAO0815,tw14171698,臺北市,0pt
2673,HEDGEHOG,tw31076309,高雄市,0pt
2674,HERO,tw32107640,新北市,0pt
2675,HETARu,tw28605165,臺北市,0pt
2676,HIKOHIRO,tw90671632,臺北市,0pt
2677,HSIEH_CHIN,tw17745432,新北市,0pt
2678,HSUAN,tw59747760,臺北市,0pt
2679,HSUPUHAO,tw86002728,新北市,0pt
2680,HUA,tw09239240,臺北市,0pt
2681,HUA,tw02676259,高雄市,0pt
2682,HUANG,tw15028008,臺北市,0pt
2683,HUNG,tw41687744,新北市,0pt
2684,HUNG,tw49948301,雲林縣,0pt
2685,HW,tw65539259,嘉義縣,0pt
2686,HYK369,tw12605141,臺北市,0pt
2687,HaHa,tw50841430,新北市,0pt
2688,Hachamachama,tw46024308,臺北市,0pt
2689,Hachi,tw34674698,臺中市,0pt
2690,Hachiken,tw40797554,臺北市,0pt
2691,Hadessss,tw16620659,新北市,0pt
2692,HahahaUCCU,tw62049060,桃園市,0pt
2693,HamNEgg,tw91401345,臺南市,0pt
2694,Han,tw16809008,新北市,0pt
2695,Han,tw58136529,高雄市,0pt
2696,HanBo,tw60989463,臺中市,0pt
2697,HanK,tw90562985,新北市,0pt
2698,Hanasaki0717,tw36936147,臺北市,0pt
2699,HandsUp,tw29482945,高雄市,0pt
2700,HandsomeBoy,tw72306145,臺北市,0pt
2701,HandsomePig,tw60269507,新北市,0pt
2702,Hank,tw06683478,新北市,0pt
2703,Hank,tw66754298,新北市,0pt
2704,Hank,tw82231090,新北市,0pt
2705,Hank,tw16648201,桃園市,0pt
2706,Hank,tw88111381,高雄市,0pt
2707,HankTwinkle,tw19292968,臺北市,0pt
2708,Hankcong,tw36448872,桃園市,0pt
2709,Hans,tw75604705,宜蘭縣,0pt
2710,Hans,tw35967803,新北市,0pt
2711,Hanzhong,tw88009114,臺南市,0pt
2712,Hao,tw20185960,宜蘭縣,0pt
2713,Hao,tw70677586,新北市,0pt
2714,Hao,tw63518115,新北市,0pt
2715,Hao,tw65554336,臺北市,0pt
2716,Hao,tw49729412,臺南市,0pt
2717,Hao,tw94430133,高雄市,0pt
2718,Hao0322,tw49810288,新北市,0pt
2719,Hao0517,tw33127173,新北市,0pt
2720,Haohao,tw97494603,臺北市,0pt
2721,Haoto,tw12168216,高雄市,0pt
2722,Happy74527,tw19201742,新北市,0pt
2723,HappySeal,tw19879640,新北市,0pt
2724,Harold,tw80424567,臺北市,0pt
2725,Haruhi,tw66096970,臺南市,0pt
2726,Harvey,tw35693064,新北市,0pt
2727,Hats,tw97135541,新北市,0pt
2728,Hatsuki,tw85022152,新北市,0pt
2729,HauLiHi,tw34867738,高雄市,0pt
2730,Hayden,tw63190942,臺南市,0pt
2731,HeHe,tw48487071,新北市,0pt
2732,Hechen,tw84399770,臺北市,0pt
2733,Hehe,tw56911919,新北市,0pt
2734,Heng,tw45054133,臺北市,0pt
2735,Henry,tw91010411,新北市,0pt
2736,Henry,tw33502296,臺中市,0pt
2737,Henry,tw46988798,臺北市,0pt
2738,Henry,tw71144761,臺北市,0pt
2739,Henry,tw15004326,花蓮縣,0pt
2740,Hermes,tw77029532,新北市,0pt
2741,Hero,tw41677454,臺中市,0pt
2742,Herz,tw64796373,臺北市,0pt
2743,Hey_Carryonwithu,tw11481352,彰化縣,0pt
2744,Hi-Trista,tw07964195,高雄市,0pt
2745,HiHiHO,tw75200521,臺南市,0pt
2746,Hian,tw57884083,桃園市,0pt
2747,Hikaru,tw66532409,高雄市,0pt
2748,Hill3320,tw37100379,高雄市,0pt
2749,Hino,tw13956718,基隆市,0pt
2750,Hiroko,tw97155025,新北市,0pt
2751,Ho22bye,tw02731789,新北市,0pt
2752,HollowWin,tw49778723,桃園市,0pt
2753,HoneyLemonade,tw22764955,臺北市,0pt
2754,Hong,tw92857630,臺中市,0pt
2755,"Hong-li,Yuan",tw14610096,臺北市,0pt
2756,HoooooootJ,tw14283344,新竹市,0pt
2757,Hoostie,tw72346101,臺南市,0pt
2758,Hopeful,tw12156281,新北市,0pt
2759,HorseHeadH,tw52665946,高雄市,0pt
2760,Hotaru,tw24994414,新北市,0pt
2761,HouyaTsuki,tw98689484,新北市,0pt
2762,Howard,tw89950272,彰化縣,0pt
2763,Howard,tw85105820,桃園市,0pt
2764,Howard,tw75273670,高雄市,0pt
2765,Howard0921,tw39025591,桃園市,0pt
2766,Howard1217,tw59649267,新北市,0pt
2767,Howard_uncle,tw78460830,桃園市,0pt
2768,Hower,tw26657514,新北市,0pt
2769,Howyunyu,tw42938387,臺北市,0pt
2770,Hsan,tw74692579,雲林縣,0pt
2771,Hsiang,tw29042634,臺中市,0pt
2772,Hsiang6666,tw97918724,新北市,0pt
2773,Hsien,tw11729203,臺北市,0pt
2774,Hsin,tw22338524,基隆市,0pt
2775,Hsin,tw34083466,新北市,0pt
2776,Hsin,tw16139862,新竹縣,0pt
2777,Hsu5211,tw99582035,臺北市,0pt
2778,HsuNingWei,tw96759414,彰化縣,0pt
2779,Hsuan,tw56855486,新北市,0pt
2780,Hsun,tw07853734,臺中市,0pt
2781,Hu,tw47920747,臺北市,0pt
2782,HuaLiuLiuHuaHua,tw30570837,臺北市,0pt
2783,Huai,tw48298566,桃園市,0pt
2784,Huan,tw07294707,澎湖縣,0pt
2785,HuangQinzhe,tw28758087,臺南市,0pt
2786,Huei,tw30671189,新竹縣,0pt
2787,Hugh,tw61543293,基隆市,0pt
2788,Hugh,tw04175214,新北市,0pt
2789,HuginXue,tw21225588,臺南市,0pt
2790,Huhu,tw32490198,苗栗縣,0pt
2791,HungYiTeng,tw77347629,臺北市,0pt
2792,Husky,tw34635989,宜蘭縣,0pt
2793,HuskyH,tw82346692,新竹縣,0pt
2794,Huu,tw09900505,臺北市,0pt
2795,Huyue0611,tw78339294,臺北市,0pt
2796,Huyuhao,tw72275547,桃園市,0pt
2797,Hyder,tw65072216,屏東縣,0pt
2798,Hydra,tw18490872,新北市,0pt
2799,Hydra,tw52962314,臺北市,0pt
2800,Hyx047,tw57226331,苗栗縣,0pt
2801,IANO,tw42036268,高雄市,0pt
2802,ICE_dice,tw54972642,高雄市,0pt
2803,ICHUNGYU,tw33171961,彰化縣,0pt
2804,ICU,tw41434515,新北市,0pt
2805,IE,tw20157134,新北市,0pt
2806,IJohn,tw70114023,臺南市,0pt
2807,IKEA,tw81372614,新北市,0pt
2808,INoRi,tw17519285,臺北市,0pt
2809,ITACHI,tw66933981,臺中市,0pt
2810,Ian,tw39700335,宜蘭縣,0pt
2811,Ian,tw61167133,新竹縣,0pt
2812,Ianchen,tw99108766,雲林縣,0pt
2813,Iavn5566,tw47149683,新北市,0pt
2814,Ibarakiz,tw09738779,新北市,0pt
2815,Ice,tw45423273,高雄市,0pt
2816,IceTia,tw16163867,臺中市,0pt
2817,Icelan,tw19306879,臺北市,0pt
2818,IchiKa,tw54097599,臺中市,0pt
2819,Ika,tw32778273,新北市,0pt
2820,IsaacHuang,tw55471298,臺北市,0pt
2821,Itsuki618,tw76756661,臺北市,0pt
2822,J,tw46718447,臺北市,0pt
2823,J0,tw51012524,臺北市,0pt
2824,JA,tw18856668,新北市,0pt
2825,JACK,tw27715674,桃園市,0pt
2826,JACK,tw02110034,臺北市,0pt
2827,JACK,tw86615777,臺南市,0pt
2828,JACKTERRA,tw01906504,臺北市,0pt
2829,JC,tw76870999,臺北市,0pt
2830,JDM_WRX19,tw57080446,臺南市,0pt
2831,JDON,tw09713596,桃園市,0pt
2832,JHGFDS,tw31138283,高雄市,0pt
2833,JIA,tw83983042,桃園市,0pt
2834,JIAJUN64,tw06616759,苗栗縣,0pt
2835,"JIAN,WEI-ZHE",tw45967748,新北市,0pt
2836,JIAWEI,tw44797636,臺北市,0pt
2837,JIN,tw95985784,新北市,0pt
2838,JIN,tw68503491,桃園市,0pt
2839,JIN,tw81901482,桃園市,0pt
2840,JJ-Hsu,tw84146773,桃園市,0pt
2841,JJ.SHEN,tw97497767,新北市,0pt
2842,JKRolling,tw76368277,新竹縣,0pt
2843,JM2,tw00558803,雲林縣,0pt
2844,JOEY,tw04624907,新北市,0pt
2845,JOJO,tw82104896,花蓮縣,0pt
2846,JS,tw80824959,新北市,0pt
2847,JT,tw03701440,嘉義市,0pt
2848,JTR,tw36733825,臺北市,0pt
2849,JYD,tw93746877,新竹市,0pt
2850,JYHSU,tw49759795,新北市,0pt
2851,JYN,tw57999790,高雄市,0pt
2852,Jack,tw41589480,新北市,0pt
2853,Jack,tw87892507,臺中市,0pt
2854,Jack,tw05498557,臺北市,0pt
2855,Jack,tw14191493,臺北市,0pt
2856,Jack,tw41590413,臺北市,0pt
2857,Jack,tw24259788,臺南市,0pt
2858,Jack9904,tw40542376,新北市,0pt
2859,Jackal,tw89827176,桃園市,0pt
2860,Jackie,tw96928095,桃園市,0pt
2861,Jackson,tw65159079,新竹縣,0pt
2862,Jacky,tw64593665,新北市,0pt
2863,Jacky,tw65755346,新北市,0pt
2864,Jacky,tw02514063,新北市,0pt
2865,Jacky,tw78628290,新北市,0pt
2866,Jacky,tw82751826,新北市,0pt
2867,Jacky,tw55556459,桃園市,0pt
2868,Jacky,tw70924903,臺中市,0pt
2869,Jacky,tw76377702,臺北市,0pt
2870,Jacky,tw65373620,臺南市,0pt
2871,Jacky_Lin,tw49321312,基隆市,0pt
2872,Jaguapia,tw87564873,臺北市,0pt
2873,Jaime,tw84374397,臺南市,0pt
2874,Jake,tw07638868,臺北市,0pt
2875,James,tw58359240,彰化縣,0pt
2876,James,tw38409630,臺北市,0pt
2877,James,tw55356176,臺北市,0pt
2878,James00789012,tw30268610,新北市,0pt
2879,James10516,tw02284151,宜蘭縣,0pt
2880,James701224,tw53981223,新竹縣,0pt
2881,Jamesbomb,tw42926927,新北市,0pt
2882,JamieChen,tw05908621,臺北市,0pt
2883,JanTan,tw83391840,新竹縣,0pt
2884,Jane,tw42764539,臺北市,0pt
2885,Jared,tw19153339,臺中市,0pt
2886,Jasheng,tw90636054,新竹市,0pt
2887,Jason,tw72114925,屏東縣,0pt
2888,Jason,tw40581185,新北市,0pt
2889,Jason,tw62709339,新北市,0pt
2890,Jason,tw75883201,臺中市,0pt
2891,Jason,tw74685122,臺北市,0pt
2892,Jason,tw77721211,臺北市,0pt
2893,Jason,tw38151105,高雄市,0pt
2894,Jason1029,tw07596765,臺北市,0pt
2895,JasonHSU,tw84507742,苗栗縣,0pt
2896,JasonHsiao,tw04014044,新北市,0pt
2897,JasonT,tw24120065,高雄市,0pt
2898,Jasoncat168,tw24647235,宜蘭縣,0pt
2899,Jasonkidd,tw41291723,臺南市,0pt
2900,JasperHuang,tw97488014,彰化縣,0pt
2901,JasynKean,tw85970570,臺北市,0pt
2902,Jay,tw70309205,新北市,0pt
2903,Jay,tw93106233,臺中市,0pt
2904,Jaymomotea,tw72933933,臺北市,0pt
2905,Jc,tw24882698,新北市,0pt
2906,Jcmaxmax,tw72318939,臺北市,0pt
2907,Jedilin,tw38697785,桃園市,0pt
2908,Jeff,tw48312378,彰化縣,0pt
2909,Jeff,tw62731964,彰化縣,0pt
2910,Jeff,tw24610691,新北市,0pt
2911,Jeff,tw29628916,新北市,0pt
2912,Jeff,tw95533931,桃園市,0pt
2913,Jenny,tw72370662,新北市,0pt
2914,JeremyLing1111,tw62068987,臺北市,0pt
2915,Jerry,tw54458999,新北市,0pt
2916,Jerry,tw65807668,桃園市,0pt
2917,Jerry1007,tw56403821,臺中市,0pt
2918,Jerry1022,tw30979916,嘉義縣,0pt
2919,JerryLin,tw58295578,新北市,0pt
2920,JerrySC,tw04969115,高雄市,0pt
2921,JerryTo,tw14120018,臺中市,0pt
2922,JerryWang,tw11877179,新竹縣,0pt
2923,Jerry_Hsu,tw54271804,基隆市,0pt
2924,Jerrylin,tw71131892,新北市,0pt
2925,Jess,tw12529691,桃園市,0pt
2926,Jesse,tw05539026,臺北市,0pt
2927,Jessica,tw43617816,桃園市,0pt
2928,JessieYAN,tw06359994,臺北市,0pt
2929,Jia,tw10495514,高雄市,0pt
2930,Jiaguegue,tw26974389,臺北市,0pt
2931,JiangZemin,tw31938358,嘉義市,0pt
2932,Jiazhen,tw06467152,臺北市,0pt
2933,Jim,tw77951431,新竹市,0pt
2934,Jimibao,tw65839282,臺中市,0pt
2935,Jimmy,tw93051490,新竹市,0pt
2936,Jimmy,tw58480238,臺北市,0pt
2937,JimmyLee,tw02411618,臺北市,0pt
2938,Jimmy_Li,tw80559433,新北市,0pt
2939,Jimmylin,tw87798331,彰化縣,0pt
2940,Jimmyshih,tw00557355,新竹市,0pt
2941,Jimmywang,tw41527731,臺北市,0pt
2942,Jin.,tw53727035,高雄市,0pt
2943,JinchiOuOb,tw52749672,臺北市,0pt
2944,Jituei,tw17155235,臺北市,0pt
2945,Jlee,tw56800119,臺北市,0pt
2946,JoJo,tw92446125,新北市,0pt
2947,JoMitchell,tw67998778,新北市,0pt
2948,Joan,tw20737045,新竹市,0pt
2949,Joanna,tw68317029,臺北市,0pt
2950,Jocedream,tw60757708,苗栗縣,0pt
2951,Joestar,tw94772753,新北市,0pt
2952,John,tw37442681,新北市,0pt
2953,John,tw76274877,桃園市,0pt
2954,John,tw77628281,臺中市,0pt
2955,John,tw26118929,臺南市,0pt
2956,Johnny,tw16354367,臺北市,0pt
2957,JohnnyBo,tw81460855,臺北市,0pt
2958,Johnnygod,tw56992818,苗栗縣,0pt
2959,Johnson,tw76350895,臺北市,0pt
2960,JohnsonLee,tw72561463,新北市,0pt
2961,Jonathan,tw55487368,基隆市,0pt
2962,Jordan,tw19234786,臺北市,0pt
2963,Joseph1688,tw69390482,臺中市,0pt
2964,Josh,tw93655192,新北市,0pt
2965,Josh,tw33712616,桃園市,0pt
2966,Josh,tw97663303,臺北市,0pt
2967,Joyce,tw58661443,臺中市,0pt
2968,Js1229,tw49245008,新竹市,0pt
2969,Juju,tw21095575,臺北市,0pt
2970,Jumar,tw40574079,新北市,0pt
2971,Juming,tw98394922,新北市,0pt
2972,Jun,tw71003592,高雄市,0pt
2973,Jun,tw56910583,高雄市,0pt
2974,JunRongLai,tw37996968,苗栗縣,0pt
2975,Junior,tw63340298,臺南市,0pt
2976,Justin0423,tw99794134,臺北市,0pt
2977,Jwest,tw65858087,桃園市,0pt
2978,Jyannko,tw15351270,基隆市,0pt
2979,Jychen,tw67278964,雲林縣,0pt
2980,Jyun,tw71016622,新北市,0pt
2981,JyunYou,tw22975472,高雄市,0pt
2982,Jz,tw72222890,南投縣,0pt
2983,K,tw36504194,新北市,0pt
2984,K,tw92179234,臺南市,0pt
2985,K.,tw27848221,新北市,0pt
2986,K.O.Y,tw53252765,臺北市,0pt
2987,K2,tw09592855,臺中市,0pt
2988,K3,tw63663852,臺北市,0pt
2989,K97997,tw34568963,臺中市,0pt
2990,KA,tw48612089,高雄市,0pt
2991,KAI,tw28906572,嘉義市,0pt
2992,KAI,tw16001141,新北市,0pt
2993,KAI,tw63716643,臺中市,0pt
2994,KAI,tw96265583,臺中市,0pt
2995,KAISO,tw52882886,花蓮縣,0pt
2996,KAI_YU,tw44695653,新北市,0pt
2997,KAKAKUO,tw46652328,臺北市,0pt
2998,KB,tw29624132,高雄市,0pt
2999,KC-SEI,tw70591612,臺中市,0pt
3000,KC-Shawn,tw46437805,臺中市,0pt
3001,KDHR,tw79477719,新北市,0pt
3002,KE,tw73995217,新北市,0pt
3003,KEI770526,tw58824943,臺北市,0pt
3004,KEVIN,tw94210529,臺中市,0pt
3005,KIRA,tw92208067,臺南市,0pt
3006,KK,tw14651059,苗栗縣,0pt
3007,KR,tw27563265,彰化縣,0pt
3008,KRR,tw21175278,新北市,0pt
3009,KSSickest,tw14405387,新北市,0pt
3010,Kabuto123,tw23879993,臺南市,0pt
3011,Kagi,tw42221635,桃園市,0pt
3012,Kai,tw43849332,嘉義市,0pt
3013,Kai,tw71161066,新北市,0pt
3014,Kai,tw96445797,新北市,0pt
3015,Kai,tw16621728,臺北市,0pt
3016,Kai,tw60903893,雲林縣,0pt
3017,Kai2001,tw94135256,臺北市,0pt
3018,KaiToshiki,tw48785560,新北市,0pt
3019,Kaikai,tw88462606,宜蘭縣,0pt
3020,Kaisley,tw72148746,臺北市,0pt
3021,Kaito,tw98538330,新北市,0pt
3022,Kaka,tw13534933,臺北市,0pt
3023,Kakeru,tw87246145,臺南市,0pt
3024,KamenRideryezz,tw61986785,新北市,0pt
3025,Kamishiro,tw58235151,桃園市,0pt
3026,KampferP,tw30209886,臺中市,0pt
3027,Kan-Ta,tw76030013,新北市,0pt
3028,Kana,tw45617934,臺北市,0pt
3029,Kanda,tw25481565,桃園市,0pt
3030,Kang,tw98082590,臺北市,0pt
3031,Kanna,tw43555518,彰化縣,0pt
3032,Kanzaki,tw37144181,高雄市,0pt
3033,Kao,tw83096058,臺北市,0pt
3034,Kao,tw36624161,高雄市,0pt
3035,KaoShengYung,tw69928840,臺北市,0pt
3036,Kaoru,tw36841411,新竹縣,0pt
3037,Kaser,tw14514425,高雄市,0pt
3038,Katsu,tw67695139,臺中市,0pt
3039,Kawa,tw85406652,新北市,0pt
3040,KawaguchiSeiya,tw71197347,新北市,0pt
3041,Kawaguchipon,tw31291620,臺中市,0pt
3042,Keij,tw81657373,高雄市,0pt
3043,Kelly,tw66222534,新北市,0pt
3044,Ken,tw14542336,新北市,0pt
3045,Ken,tw67546474,新北市,0pt
3046,Ken,tw06314615,新北市,0pt
3047,Ken,tw48421034,新北市,0pt
3048,Ken,tw90875911,桃園市,0pt
3049,Ken,tw00313572,高雄市,0pt
3050,Kendamen,tw01839437,臺北市,0pt
3051,Kenny-_-,tw24865561,臺北市,0pt
3052,Kent,tw60953101,臺南市,0pt
3053,Kevin,tw32299459,基隆市,0pt
3054,Kevin,tw58158742,臺北市,0pt
3055,Kevin,tw36623170,臺南市,0pt
3056,Kevin,tw05725623,高雄市,0pt
3057,Kevin,tw86873005,高雄市,0pt
3058,Kevin0123,tw55206555,桃園市,0pt
3059,Kevin89207,tw05623283,高雄市,0pt
3060,KevinChiu,tw12344388,臺北市,0pt
3061,KevinJ,tw05867331,臺中市,0pt
3062,KevinLin,tw61176742,新北市,0pt
3063,Kevinash,tw56727789,宜蘭縣,0pt
3064,Kevinhunter,tw90636839,臺北市,0pt
3065,Kevinwu,tw94061022,臺中市,0pt
3066,Kevinwu,tw28566073,臺北市,0pt
3067,Kevinyun,tw97700285,新竹市,0pt
3068,Keylan,tw15610138,桃園市,0pt
3069,Keypupu,tw67665108,新北市,0pt
3070,Kian,tw82501703,彰化縣,0pt
3071,Kido,tw06484335,新北市,0pt
3072,Killua,tw91292744,臺中市,0pt
3073,KimChaeWonDuDu,tw06293603,桃園市,0pt
3074,Kimi,tw02338308,臺中市,0pt
3075,Kin,tw47383513,新北市,0pt
3076,KingWu,tw12922730,桃園市,0pt
3077,Kioto,tw77776937,臺北市,0pt
3078,Kirito,tw76356957,臺中市,0pt
3079,Kirito,tw72046940,高雄市,0pt
3080,Kitty,tw40551410,臺南市,0pt
3081,Kiwidue,tw36382033,臺南市,0pt
3082,Kiyo,tw48507542,高雄市,0pt
3083,Kk1788178kK,tw55031950,臺中市,0pt
3084,KoC7,tw29191465,新北市,0pt
3085,Koala,tw10629416,新北市,0pt
3086,Koala,tw86577874,高雄市,0pt
3087,Koala6401,tw66609745,臺中市,0pt
3088,Kobayashi,tw82631899,宜蘭縣,0pt
3089,Kobe,tw07181425,新北市,0pt
3090,Kobe,tw83995143,新北市,0pt
3091,Kobelai,tw94402080,臺中市,0pt
3092,Koko,tw44948257,彰化縣,0pt
3093,Kong,tw59889341,臺北市,0pt
3094,Kong817,tw63389282,桃園市,0pt
3095,Kony,tw55684858,臺北市,0pt
3096,Kopo,tw69842991,新北市,0pt
3097,Kota,tw83705860,臺北市,0pt
3098,Kourk,tw68046375,新北市,0pt
3099,KrotasYu,tw85877831,臺中市,0pt
3100,Krutz,tw83106296,臺北市,0pt
3101,Kso,tw43210969,臺北市,0pt
3102,Ku,tw95328304,新竹縣,0pt
3103,KuanTW,tw28431329,臺北市,0pt
3104,Kuang,tw77756177,宜蘭縣,0pt
3105,Kudou,tw01503031,臺北市,0pt
3106,Kuitsuku,tw48792016,新北市,0pt
3107,Kumo,tw40545139,新竹縣,0pt
3108,Kun,tw65753780,臺中市,0pt
3109,Kung,tw65279014,新北市,0pt
3110,Kunyi,tw13946012,新北市,0pt
3111,Kuo,tw64149224,桃園市,0pt
3112,KuroNeko,tw75683121,臺北市,0pt
3113,Kuroi62,tw65352604,宜蘭縣,0pt
3114,Kuwacha,tw62134147,臺北市,0pt
3115,Kw,tw18758356,桃園市,0pt
3116,Kwan1015,tw26021385,新北市,0pt
3117,Kyle,tw11207112,新北市,0pt
3118,Kyo,tw45627755,新北市,0pt
3119,Kyuu,tw89786854,新北市,0pt
3120,L,tw39424523,新北市,0pt
3121,L,tw16012962,高雄市,0pt
3122,L30N,tw76227887,臺北市,0pt
3123,LAI-LY-POTER,tw12859952,臺中市,0pt
3124,LAIWEICHIH,tw60849486,桃園市,0pt
3125,LAIYUNGHUNG,tw76694148,新北市,0pt
3126,LC,tw13017031,新北市,0pt
3127,LCW,tw01447024,屏東縣,0pt
3128,LCW,tw27477704,桃園市,0pt
3129,LEE,tw90018469,新北市,0pt
3130,LEO,tw38294261,高雄市,0pt
3131,LEO,tw76373168,高雄市,0pt
3132,LEON,tw22339696,桃園市,0pt
3133,LIN08LIN,tw68491210,苗栗縣,0pt
3134,LINAN,tw47180248,新北市,0pt
3135,LINGENG,tw10123564,臺南市,0pt
3136,LO,tw92616365,新竹縣,0pt
3137,LSJ,tw54156392,新北市,0pt
3138,LSZ1230,tw23054917,新竹縣,0pt
3139,LUNG,tw11258598,臺北市,0pt
3140,LYC,tw79829435,臺南市,0pt
3141,LYH_Peter,tw50069957,新竹縣,0pt
3142,LYU,tw22432974,臺中市,0pt
3143,LaLa~,tw68492624,臺中市,0pt
3144,Lab_rat718,tw96360409,臺中市,0pt
3145,Labjer,tw97384556,桃園市,0pt
3146,LaiLai,tw28061219,新北市,0pt
3147,LainaBear,tw17095405,新北市,0pt
3148,Laion,tw57545041,高雄市,0pt
3149,Lance,tw11797119,高雄市,0pt
3150,Lance.LAN,tw03423241,新竹市,0pt
3151,Lanch,tw17989049,雲林縣,0pt
3152,LaoWang,tw42155560,新北市,0pt
3153,Larry,tw20375005,新北市,0pt
3154,Larson,tw61053905,臺北市,0pt
3155,Latte,tw55045686,高雄市,0pt
3156,Layman,tw45264305,新竹縣,0pt
3157,LazySheep,tw42355783,臺南市,0pt
3158,LeBigChicken,tw35723164,苗栗縣,0pt
3159,LeChark,tw47858905,臺北市,0pt
3160,Lee,tw84079120,臺南市,0pt
3161,LegendMMM,tw20069162,臺北市,0pt
3162,Lego,tw55745988,高雄市,0pt
3163,Leming,tw09163502,臺北市,0pt
3164,Lemon,tw85907452,新北市,0pt
3165,Lemon,tw12341574,桃園市,0pt
3166,LemonAiyuJelly,tw76607683,新竹市,0pt
3167,Len,tw61443214,新北市,0pt
3168,Leo,tw53090983,新北市,0pt
3169,Leo,tw92522682,桃園市,0pt
3170,Leo,tw62763210,臺中市,0pt
3171,Leo,tw43141043,臺北市,0pt
3172,Leo,tw07205013,臺北市,0pt
3173,LeoFLzzly,tw38934977,臺北市,0pt
3174,Leon,tw00389449,新北市,0pt
3175,Leon0831,tw13191066,臺北市,0pt
3176,Leon9917,tw64272442,臺北市,0pt
3177,Lester,tw60963719,基隆市,0pt
3178,Lewis,tw32034904,臺中市,0pt
3179,Li Shi Zhe,tw18210224,苗栗縣,0pt
3180,Li_Yuzhen,tw78803505,桃園市,0pt
3181,Lian,tw11101920,臺南市,0pt
3182,Liang,tw84589047,新竹市,0pt
3183,Liang,tw51385207,臺北市,0pt
3184,LiangYouren,tw35670746,臺中市,0pt
3185,LiaoCW,tw21246264,臺中市,0pt
3186,LiaoChienYu,tw75775153,雲林縣,0pt
3187,Licha,tw78247994,桃園市,0pt
3188,Liemen939,tw38134918,新北市,0pt
3189,Lilhammer,tw33613763,臺中市,0pt
3190,Lili,tw55024077,高雄市,0pt
3191,Limin,tw31298748,新竹縣,0pt
3192,Lin,tw34926652,宜蘭縣,0pt
3193,Lin,tw08003842,新北市,0pt
3194,Lin,tw40439065,新北市,0pt
3195,"Lin,Yu-hung",tw28611857,宜蘭縣,0pt
3196,LinDuck,tw55346788,高雄市,0pt
3197,LinJunZhe,tw43700622,雲林縣,0pt
3198,LinSJ,tw04873748,新北市,0pt
3199,LinYao,tw59053805,臺北市,0pt
3200,LinZhang,tw86653917,嘉義縣,0pt
3201,Lina,tw57692330,雲林縣,0pt
3202,Linax777,tw09845232,桃園市,0pt
3203,Linchibobo,tw27555803,基隆市,0pt
3204,Link,tw82556653,新北市,0pt
3205,Linkii,tw87290888,新竹縣,0pt
3206,Linus,tw91086241,臺南市,0pt
3207,Lion,tw52430008,雲林縣,0pt
3208,Lisean1212,tw58281401,臺北市,0pt
3209,LittleOu,tw27704774,宜蘭縣,0pt
3210,Liu,tw69183192,新北市,0pt
3211,Liu,tw28044584,臺北市,0pt
3212,Liu,tw27775309,高雄市,0pt
3213,Lius11459,tw21118173,新北市,0pt
3214,Livaza,tw23513096,臺北市,0pt
3215,Liyrc,tw91504673,臺南市,0pt
3216,Liyumin850811,tw05028535,新北市,0pt
3217,Liz,tw66899705,臺北市,0pt
3218,LoewesHase,tw61711039,新北市,0pt
3219,Lonewing,tw11841145,宜蘭縣,0pt
3220,Louis,tw12122270,基隆市,0pt
3221,Louis,tw49160488,彰化縣,0pt
3222,Louis,tw79562377,臺北市,0pt
3223,Louis,tw23832054,臺南市,0pt
3224,Louis3130,tw58196499,新北市,0pt
3225,Louis623,tw41902542,彰化縣,0pt
3226,LouisOUO,tw87514656,臺中市,0pt
3227,Loyuli,tw91528991,屏東縣,0pt
3228,LuChengYen,tw03223588,新北市,0pt
3229,LuLuChoong,tw04713199,新北市,0pt
3230,LuYiChi,tw36697522,臺中市,0pt
3231,Lubee,tw47539481,臺南市,0pt
3232,LucienJason,tw58856799,臺北市,0pt
3233,LuckyJ1234,tw96887599,新北市,0pt
3234,Ludasei,tw92829959,臺南市,0pt
3235,Luis8071,tw09801312,臺中市,0pt
3236,Luka,tw15968109,新北市,0pt
3237,Luka,tw65539606,桃園市,0pt
3238,Lukas,tw12352471,桃園市,0pt
3239,Luke,tw18497971,新北市,0pt
3240,Luke,tw57688296,臺北市,0pt
3241,LukeKo,tw93072734,臺南市,0pt
3242,Lumi,tw61567851,臺北市,0pt
3243,Lun,tw68400907,高雄市,0pt
3244,Lunlun,tw70101819,南投縣,0pt
3245,LuoYun,tw15382094,新北市,0pt
3246,Lyme,tw85137308,臺中市,0pt
3247,M8-Curry,tw85118010,臺南市,0pt
3248,M850131,tw21867367,臺北市,0pt
3249,MACLIANG,tw45940202,臺北市,0pt
3250,MAKAI,tw72792943,臺中市,0pt
3251,MASK,tw99008736,臺北市,0pt
3252,MC-Frog,tw44082173,新北市,0pt
3253,MCGL,tw07788669,新北市,0pt
3254,MCHH,tw50937670,高雄市,0pt
3255,MCMM,tw34823430,新竹縣,0pt
3256,MCZZ,tw14433600,新北市,0pt
3257,MD,tw56899176,新北市,0pt
3258,MEGABOSS,tw35816796,彰化縣,0pt
3259,MIBO,tw11084097,臺南市,0pt
3260,MIMI,tw86302180,新北市,0pt
3261,MIMIKYU,tw90293741,新北市,0pt
3262,MIN,tw69085527,高雄市,0pt
3263,MITT,tw36992630,臺中市,0pt
3264,MLMI,tw79003239,新北市,0pt
3265,MM,tw32463883,臺南市,0pt
3266,MMPP,tw92045782,臺南市,0pt
3267,MOJO,tw22825320,臺北市,0pt
3268,MONEY,tw06753489,桃園市,0pt
3269,MP6,tw59575612,高雄市,0pt
3270,MSD_CHIH-WEI,tw44100028,臺中市,0pt
3271,MYGO10,tw15602746,新竹縣,0pt
3272,Mac,tw33912004,臺北市,0pt
3273,Machi,tw60672908,新北市,0pt
3274,Madao,tw87436270,新北市,0pt
3275,Makafka,tw66591589,臺北市,0pt
3276,Malymo,tw08072729,桃園市,0pt
3277,Mands,tw95522882,嘉義市,0pt
3278,Mandyy,tw18850000,新北市,0pt
3279,Mantis08shrimp,tw87638859,高雄市,0pt
3280,MaoEyu,tw92014747,新北市,0pt
3281,MarC,tw22511528,新北市,0pt
3282,Marcus,tw17567381,彰化縣,0pt
3283,Marginal,tw85908080,新北市,0pt
3284,Mario,tw89212231,桃園市,0pt
3285,Mark,tw24993208,新北市,0pt
3286,Mark,tw80624344,桃園市,0pt
3287,MarkChen,tw69971650,新北市,0pt
3288,MarkLiao,tw94005893,桃園市,0pt
3289,Marroww,tw64800613,臺南市,0pt
3290,Mars,tw16370834,南投縣,0pt
3291,Mars,tw35870063,臺北市,0pt
3292,Marshtomp,tw05582312,宜蘭縣,0pt
3293,Martin,tw16453724,高雄市,0pt
3294,Maruukyo,tw42914694,高雄市,0pt
3295,MarycatChi,tw25634182,桃園市,0pt
3296,Mason,tw21935049,新北市,0pt
3297,Mason,tw27802821,新竹縣,0pt
3298,Mason,tw54373489,臺北市,0pt
3299,Mason.Cai,tw03277090,高雄市,0pt
3300,Master23,tw25100404,高雄市,0pt
3301,MasterLiu,tw21407528,新北市,0pt
3302,Mathliu,tw74095009,高雄市,0pt
3303,Mattox,tw32007889,臺南市,0pt
3304,Max,tw72729042,桃園市,0pt
3305,Max_peng831111,tw98650752,臺北市,0pt
3306,Maxming,tw83282504,高雄市,0pt
3307,Maxwell,tw83520677,臺南市,0pt
3308,Megumi,tw73771260,彰化縣,0pt
3309,Megumi,tw68709275,臺北市,0pt
3310,Mei,tw34716685,桃園市,0pt
3311,Melody,tw87711142,臺中市,0pt
3312,Melody030b,tw74124774,臺中市,0pt
3313,Melonnn.,tw66943756,彰化縣,0pt
3314,Melvin,tw79452201,高雄市,0pt
3315,Meng,tw85415961,新北市,0pt
3316,Mental,tw83457557,臺東縣,0pt
3317,Meowth,tw37411401,新北市,0pt
3318,Merlin,tw76039147,臺北市,0pt
3319,Metamon,tw93033850,新北市,0pt
3320,Meteor,tw84984556,新北市,0pt
3321,Meteor,tw17552788,臺北市,0pt
3322,Mew_Rock,tw78598719,新北市,0pt
3323,Miao,tw20730540,新竹市,0pt
3324,Miao,tw48221601,臺北市,0pt
3325,Michael,tw08997988,臺北市,0pt
3326,Michael,tw53540955,臺北市,0pt
3327,Michael,tw13804562,高雄市,0pt
3328,Micheal,tw03147587,高雄市,0pt
3329,Mick,tw28574228,臺北市,0pt
3330,Mickey,tw80521031,臺北市,0pt
3331,Microcanthus,tw26374506,臺南市,0pt
3332,Middy,tw74212977,桃園市,0pt
3333,Midgard,tw99110809,嘉義市,0pt
3334,Miffy,tw33394768,臺南市,0pt
3335,Mika,tw08789855,嘉義市,0pt
3336,Mike,tw12598757,臺北市,0pt
3337,Mike_art,tw25571112,新北市,0pt
3338,Mikey,tw12359591,金門縣,0pt
3339,Mild,tw68209409,新北市,0pt
3340,MilkFish,tw90550670,臺南市,0pt
3341,MinHoo,tw52867089,臺南市,0pt
3342,Ming,tw00301537,新竹縣,0pt
3343,Ming0w0,tw14290186,臺北市,0pt
3344,Ming1130,tw07554575,新北市,0pt
3345,MingHong,tw21984638,臺中市,0pt
3346,MingXU,tw98877347,新竹縣,0pt
3347,Minibooks,tw85211267,桃園市,0pt
3348,Minou,tw21596324,高雄市,0pt
3349,Minson,tw11608088,其它地區,0pt
3350,Mio,tw06759642,新竹縣,0pt
3351,Mio,tw67496482,臺北市,0pt
3352,Miru,tw81344769,臺北市,0pt
3353,Misaki,tw74937202,臺南市,0pt
3354,Miso,tw79152528,臺中市,0pt
3355,Mix,tw46001735,宜蘭縣,0pt
3356,Mizuki,tw13601356,新北市,0pt
3357,MoMoMing,tw35586840,臺中市,0pt
3358,Mocha,tw44832092,新北市,0pt
3359,Moen,tw76868942,臺南市,0pt
3360,MolkoLiu,tw68056286,新竹市,0pt
3361,Momo,tw29894996,臺中市,0pt
3362,Mon21,tw51144872,臺北市,0pt
3363,Monkey,tw74033297,臺北市,0pt
3364,MonkeyX,tw72034700,基隆市,0pt
3365,Mono,tw36716491,新北市,0pt
3366,Moon,tw42866257,新北市,0pt
3367,Moon845200,tw80035403,桃園市,0pt
3368,MoonKnight,tw76729874,新北市,0pt
3369,MoonRain,tw59408573,基隆市,0pt
3370,Moonbird,tw40696414,新北市,0pt
3371,Moony,tw89144343,新北市,0pt
3372,Moose226,tw66571602,臺北市,0pt
3373,Mora,tw12229939,嘉義市,0pt
3374,Morier,tw91393135,雲林縣,0pt
3375,Morpeko,tw51192178,新北市,0pt
3376,Mouse,tw24293805,新北市,0pt
3377,Moyan,tw84052266,屏東縣,0pt
3378,Mpdodotw,tw90548214,新北市,0pt
3379,Mr.Bug,tw12329863,臺中市,0pt
3380,Mr.Chu,tw48106332,桃園市,0pt
3381,Mr.Lemon,tw77815457,新北市,0pt
3382,Mr.Liao,tw77662396,臺北市,0pt
3383,Mr.six,tw98294477,嘉義市,0pt
3384,Mr900,tw14295814,臺北市,0pt
3385,Mrdjay,tw04595897,新北市,0pt
3386,MuMu,tw09877254,高雄市,0pt
3387,Mumu,tw54121264,新北市,0pt
3388,Mung,tw41479406,臺北市,0pt
3389,Muomuo247,tw88190029,臺北市,0pt
3390,Musai,tw13826057,屏東縣,0pt
3391,N26,tw91440469,新北市,0pt
3392,N3M60414,tw25439297,高雄市,0pt
3393,NANA,tw74606190,高雄市,0pt
3394,NAsoUL,tw81438116,新北市,0pt
3395,NAvIgatOR,tw14491775,高雄市,0pt
3396,NEIL,tw22385298,臺北市,0pt
3397,NEO,tw56850857,桃園市,0pt
3398,NFDJ,tw99471011,彰化縣,0pt
3399,NIMO,tw79062358,新北市,0pt
3400,NJsandwich,tw14798227,臺北市,0pt
3401,NT,tw52105514,新北市,0pt
3402,Nado,tw02414807,雲林縣,0pt
3403,Nana,tw70397102,新北市,0pt
3404,Nanani,tw34443095,新北市,0pt
3405,Naomi,tw06531177,宜蘭縣,0pt
3406,Natsume,tw03813601,桃園市,0pt
3407,Nay,tw71614737,臺北市,0pt
3408,Nayu,tw64057059,新北市,0pt
3409,Neik,tw76977109,桃園市,0pt
3410,Neika,tw48004349,臺中市,0pt
3411,Nekroz777,tw64288677,新北市,0pt
3412,Neo,tw13779097,臺中市,0pt
3413,Nicholas1218,tw03288250,臺北市,0pt
3414,Nick,tw72931895,基隆市,0pt
3415,Nick,tw99249850,新北市,0pt
3416,Nick,tw32913104,桃園市,0pt
3417,Nick,tw63303710,臺北市,0pt
3418,Nick0900009996,tw93599812,高雄市,0pt
3419,NickT,tw28860216,臺北市,0pt
3420,Nick_Fu,tw00393750,新竹縣,0pt
3421,Nickthechang,tw60649884,新北市,0pt
3422,Niel,tw66906640,新北市,0pt
3423,Nien,tw71596965,臺北市,0pt
3424,Niess,tw91769931,新北市,0pt
3425,Nieve,tw06178748,臺北市,0pt
3426,NightKing93061,tw64455401,高雄市,0pt
3427,NightStar,tw26213572,高雄市,0pt
3428,Night_Smoke,tw48029664,新北市,0pt
3429,Ning,tw16958901,新北市,0pt
3430,Ningbaobao,tw85366009,宜蘭縣,0pt
3431,Nini,tw81298324,高雄市,0pt
3432,NinjaPi,tw19378881,桃園市,0pt
3433,Ninodaisuki,tw34706413,臺北市,0pt
3434,Ninym,tw96531731,臺中市,0pt
3435,Nishikino0124,tw21609704,臺南市,0pt
3436,No.,tw25462497,臺中市,0pt
3437,Noah,tw98809406,新北市,0pt
3438,Nochu,tw29927284,新北市,0pt
3439,Nono8155,tw95556633,高雄市,0pt
3440,Nor,tw19149578,宜蘭縣,0pt
3441,Nougat655043,tw46416423,臺北市,0pt
3442,Nowitzway,tw45489617,臺南市,0pt
3443,Nugget-at-night,tw05986635,新北市,0pt
3444,OAo,tw53348402,新竹市,0pt
3445,OLDLIU,tw05450797,高雄市,0pt
3446,OP_BEN,tw87745948,苗栗縣,0pt
3447,OP_YOUZUN,tw28114749,彰化縣,0pt
3448,OPcheng,tw89058962,臺南市,0pt
3449,OTK_SHUEI-TUN,tw22873247,臺北市,0pt
3450,OTK_WaTer,tw82044338,基隆市,0pt
3451,OgeeTaku0219,tw44380087,臺中市,0pt
3452,Ohwho,tw97352081,新北市,0pt
3453,Okra,tw50328610,新北市,0pt
3454,OldHO,tw52394955,臺中市,0pt
3455,OldTsai,tw09269537,臺北市,0pt
3456,Oldbanban,tw20174957,臺南市,0pt
3457,Oldox,tw22014950,臺南市,0pt
3458,Olorin,tw49427822,桃園市,0pt
3459,Omgg,tw24314827,新北市,0pt
3460,OoMine,tw00178757,臺北市,0pt
3461,OolongQ,tw38962597,高雄市,0pt
3462,OooReeOoo,tw08440084,高雄市,0pt
3463,Opsg,tw75873560,桃園市,0pt
3464,Orange,tw26020639,桃園市,0pt
3465,Oreo,tw54886723,臺中市,0pt
3466,Oscar,tw70390034,新北市,0pt
3467,Oscar,tw94883171,臺北市,0pt
3468,Oscar3622,tw37261414,彰化縣,0pt
3469,OscarGreen,tw68958926,新北市,0pt
3470,OtisWang,tw83040180,新北市,0pt
3471,Otwen,tw19540008,新北市,0pt
3472,OuO,tw74188379,彰化縣,0pt
3473,OuO,tw98585036,臺北市,0pt
3474,OuyehPapa,tw31546259,臺中市,0pt
3475,OwO,tw56307746,新北市,0pt
3476,Owsalt,tw86439881,高雄市,0pt
3477,Oyande,tw89676276,臺北市,0pt
3478,Oz,tw63971530,高雄市,0pt
3479,P90,tw03714974,桃園市,0pt
3480,PAPAYAPAN,tw60807131,臺北市,0pt
3481,PCC_1012,tw07396920,高雄市,0pt
3482,PEACEMINUSONE,tw41126097,新北市,0pt
3483,PEAK,tw50588937,臺中市,0pt
3484,PEI,tw53333452,新北市,0pt
3485,PH,tw06197662,臺北市,0pt
3486,PING,tw79487495,桃園市,0pt
3487,PK,tw98919851,臺北市,0pt
3488,PKO,tw60772578,新北市,0pt
3489,POWEI,tw44419115,臺南市,0pt
3490,PP,tw30599075,新北市,0pt
3491,PPTHewei,tw41451460,南投縣,0pt
3492,PTCG-samurai,tw46411826,屏東縣,0pt
3493,PZ5,tw08847552,臺中市,0pt
3494,PaPaS,tw43798869,新北市,0pt
3495,Pachi,tw66974062,臺中市,0pt
3496,Pact,tw46738666,臺北市,0pt
3497,Paczhi21,tw09957848,臺中市,0pt
3498,Paipaizhanboss,tw68276069,臺中市,0pt
3499,Palpatine,tw76717827,臺北市,0pt
3500,Pan,tw14618138,桃園市,0pt
3501,Pan,tw09738353,臺南市,0pt
3502,Panda,tw34628644,臺北市,0pt
3503,Panpan1995,tw60470132,臺北市,0pt
3504,Parker,tw45823404,臺南市,0pt
3505,ParkerLiu,tw75552623,新北市,0pt
3506,Partypotata,tw56944550,屏東縣,0pt
3507,Patrick,tw50965064,新竹市,0pt
3508,Paul,tw93139559,臺中市,0pt
3509,Paul,tw56578897,臺中市,0pt
3510,Paul,tw06323216,臺北市,0pt
3511,Pawa,tw53309417,新北市,0pt
3512,PcWang,tw11066114,桃園市,0pt
3513,Pd,tw40222557,宜蘭縣,0pt
3514,Peggy,tw00162182,新北市,0pt
3515,Peggy,tw76188587,高雄市,0pt
3516,Pei,tw97351630,臺南市,0pt
3517,Peibo,tw54014923,高雄市,0pt
3518,Perry,tw13939824,臺北市,0pt
3519,Perryhuang,tw94202287,臺北市,0pt
3520,Peter,tw45343846,彰化縣,0pt
3521,Peter,tw06934529,新北市,0pt
3522,Peter,tw25633555,新北市,0pt
3523,Peter,tw80691602,新北市,0pt
3524,Peter,tw09208272,臺北市,0pt
3525,Peter,tw80535410,臺北市,0pt
3526,Peter,tw26371584,高雄市,0pt
3527,PeterPan,tw00831574,新北市,0pt
3528,Peterlin57,tw28312564,臺南市,0pt
3529,Philip,tw22301558,新北市,0pt
3530,Phoenix,tw13426893,苗栗縣,0pt
3531,Pi,tw82817109,臺北市,0pt
3532,PiPlus,tw49056585,彰化縣,0pt
3533,Pichant,tw00579049,新北市,0pt
3534,PieLun,tw50848874,新北市,0pt
3535,Pikachu,tw47615181,臺中市,0pt
3536,Pikachutell,tw41749789,宜蘭縣,0pt
3537,Pikameow,tw50402325,臺中市,0pt
3538,Pimiya,tw61631686,高雄市,0pt
3539,Pin,tw21318270,臺北市,0pt
3540,Ping,tw86441489,新北市,0pt
3541,Pinkdaddy,tw98707657,新北市,0pt
3542,Pinran0202,tw98020395,桃園市,0pt
3543,Pioneer,tw22429729,臺北市,0pt
3544,Piper666,tw50663067,臺中市,0pt
3545,Pipigan,tw34663481,高雄市,0pt
3546,Play,tw12913477,臺北市,0pt
3547,Pleonnigs,tw86165168,新北市,0pt
3548,Plover,tw86423061,新北市,0pt
3549,Po-Tang,tw71357206,高雄市,0pt
3550,PoShiung,tw76418087,臺南市,0pt
3551,Poem,tw03499502,臺南市,0pt
3552,PokaGoSky,tw34882212,南投縣,0pt
3553,Pokemon,tw47655520,臺北市,0pt
3554,Pokemon60229,tw52526834,臺南市,0pt
3555,Pokemonceo,tw59458291,苗栗縣,0pt
3556,PolarisDi,tw10658996,新北市,0pt
3557,PolkaORUKA,tw45486731,臺南市,0pt
3558,Pomelo,tw19928634,新北市,0pt
3559,Pon,tw51662644,桃園市,0pt
3560,Pony,tw59825236,臺北市,0pt
3561,Potato,tw09441089,桃園市,0pt
3562,Potato-Ling,tw13715737,臺北市,0pt
3563,Potato0710,tw30185037,新北市,0pt
3564,Potato1723,tw67748917,臺中市,0pt
3565,Ppo,tw75990704,臺北市,0pt
3566,Preston,tw24992163,新北市,0pt
3567,Pro,tw91672772,臺北市,0pt
3568,Ptcg_Ray_520,tw72908156,花蓮縣,0pt
3569,Pu,tw52860030,新北市,0pt
3570,PuPu,tw95578211,新北市,0pt
3571,Pulumo,tw03327377,新北市,0pt
3572,Puni,tw06486528,臺北市,0pt
3573,Putera-AK,tw10716679,新竹市,0pt
3574,QAQ430,tw87842005,臺南市,0pt
3575,QEE,tw04143281,高雄市,0pt
3576,QKai,tw59997187,新北市,0pt
3577,QQne*2tea,tw37114917,新北市,0pt
3578,QUELLER,tw15847840,新北市,0pt
3579,Qaz4566251,tw99208703,苗栗縣,0pt
3580,Qooqpp,tw99565294,臺中市,0pt
3581,Qooxy001,tw51891548,臺北市,0pt
3582,Quannn..,tw84056125,新北市,0pt
3583,QwQ,tw55529862,新北市,0pt
3584,QwQ_Cheng,tw67396950,臺北市,0pt
3585,Qwe,tw76411101,新北市,0pt
3586,R,tw45404381,新北市,0pt
3587,R,tw52578543,新北市,0pt
3588,R,tw76820441,新北市,0pt
3589,R,tw65389901,臺中市,0pt
3590,R,tw46663554,臺北市,0pt
3591,RD,tw06703802,高雄市,0pt
3592,RFLcwp,tw89713560,彰化縣,0pt
3593,RN,tw89366188,桃園市,0pt
3594,RS_ZY,tw17300563,新竹市,0pt
3595,RT-3675,tw46834708,高雄市,0pt
3596,RTen,tw94005160,新北市,0pt
3597,RY,tw90834648,臺北市,0pt
3598,RainC,tw81562455,桃園市,0pt
3599,RainYang,tw35736737,新北市,0pt
3600,Rainstar,tw91880030,臺中市,0pt
3601,Rainstar,tw05169900,臺北市,0pt
3602,Randa,tw67702056,新北市,0pt
3603,Rani,tw39899085,新北市,0pt
3604,Ray,tw06390361,新北市,0pt
3605,Ray,tw22896560,新北市,0pt
3606,Ray,tw31821709,新北市,0pt
3607,Ray,tw55230082,新北市,0pt
3608,Ray,tw11048909,新北市,0pt
3609,Ray,tw93450535,新北市,0pt
3610,Ray,tw01761789,新竹縣,0pt
3611,Ray,tw48461001,臺北市,0pt
3612,Ray,tw77736713,臺北市,0pt
3613,Ray060977,tw10088392,臺北市,0pt
3614,Raymond,tw88162893,臺北市,0pt
3615,Rayno60229,tw12012646,臺南市,0pt
3616,Realyasun,tw91390570,新北市,0pt
3617,Red,tw26187541,基隆市,0pt
3618,Red,tw06188667,臺南市,0pt
3619,Red2204751,tw89695712,新北市,0pt
3620,RedAnndy,tw78893022,新北市,0pt
3621,RedSnow,tw75006268,宜蘭縣,0pt
3622,RedSparrow,tw46521324,桃園市,0pt
3623,Red_CZX,tw59996056,臺南市,0pt
3624,Red_Noah,tw64986728,臺北市,0pt
3625,Redhung,tw79672710,臺北市,0pt
3626,Reikomo,tw07996621,臺北市,0pt
3627,Ren,tw72520398,南投縣,0pt
3628,Ren,tw48759867,臺北市,0pt
3629,Rensheng,tw58435518,新北市,0pt
3630,Republic_XF,tw44344122,臺南市,0pt
3631,Rere,tw03063725,臺中市,0pt
3632,Rex,tw27930340,臺北市,0pt
3633,Rex,tw30337219,高雄市,0pt
3634,RexKao,tw63232299,新北市,0pt
3635,RexOAO,tw62082378,臺中市,0pt
3636,Ri,tw29313164,桃園市,0pt
3637,Rice,tw87592120,臺北市,0pt
3638,Ricebug,tw37137708,新竹市,0pt
3639,Rich,tw67237781,彰化縣,0pt
3640,RichBadGuy,tw94737903,臺東縣,0pt
3641,Richard,tw00887214,宜蘭縣,0pt
3642,Richard,tw73359977,宜蘭縣,0pt
3643,Richard,tw78500467,新北市,0pt
3644,RichardWu,tw67999156,新北市,0pt
3645,Rick,tw46719795,新北市,0pt
3646,Rick,tw68011923,新北市,0pt
3647,Rick,tw26567843,臺中市,0pt
3648,Rick,tw51269286,高雄市,0pt
3649,Ricky,tw26734862,新北市,0pt
3650,Rinka,tw88048933,新北市,0pt
3651,Rise,tw00794816,新北市,0pt
3652,RisingStars_Magic,tw18725719,新竹縣,0pt
3653,River,tw46585191,新北市,0pt
3654,Robert,tw26450830,新北市,0pt
3655,Robin,tw12054615,桃園市,0pt
3656,RockyGo,tw41812663,臺北市,0pt
3657,Roger,tw10040490,南投縣,0pt
3658,Roger,tw66852677,桃園市,0pt
3659,Roger,tw81675672,臺中市,0pt
3660,Roger,tw13124345,高雄市,0pt
3661,Roger55688,tw15857681,臺中市,0pt
3662,Roger9527,tw36270105,新北市,0pt
3663,Ronaldlin,tw81144072,新北市,0pt
3664,Ronnie,tw48223906,桃園市,0pt
3665,Roy,tw77866564,桃園市,0pt
3666,Roy,tw06272983,高雄市,0pt
3667,RoyKuo,tw73351531,桃園市,0pt
3668,Rru,tw55885310,臺中市,0pt
3669,Ru,tw61897937,臺北市,0pt
3670,RubyHsiao,tw01687965,桃園市,0pt
3671,Rubyyy,tw11750912,新北市,0pt
3672,Ruei0509,tw01409207,臺北市,0pt
3673,Rui,tw58998339,宜蘭縣,0pt
3674,Rui,tw75562825,新北市,0pt
3675,Rurika,tw11444197,新北市,0pt
3676,Ruy,tw95811364,臺北市,0pt
3677,Ryan,tw46067097,新竹市,0pt
3678,Ryan,tw32948930,臺中市,0pt
3679,Ryan,tw70592057,臺中市,0pt
3680,Ryan,tw70357468,花蓮縣,0pt
3681,RyanVash,tw36277692,彰化縣,0pt
3682,Ryannn_515151,tw46642325,臺北市,0pt
3683,Ryo,tw55410403,屏東縣,0pt
3684,Ryo,tw12239149,桃園市,0pt
3685,Ryoma,tw04986407,屏東縣,0pt
3686,Ryuki,tw34613760,臺南市,0pt
3687,Ryuu,tw98870995,新北市,0pt
3688,SAEKI,tw01377484,臺北市,0pt
3689,SAIGO,tw45944766,新北市,0pt
3690,SC,tw26669199,臺中市,0pt
3691,SDA,tw44090937,高雄市,0pt
3692,SEPHIEL,tw94994171,臺中市,0pt
3693,SHIHDE,tw32912660,高雄市,0pt
3694,SJRoger,tw78860536,臺北市,0pt
3695,SK2,tw72233448,臺中市,0pt
3696,SKY,tw01672689,屏東縣,0pt
3697,SKY葛格,tw67165091,高雄市,0pt
3698,SS_Curry,tw83490638,臺北市,0pt
3699,STaRMy,tw35804007,桃園市,0pt
3700,SUNN!E,tw21583571,新北市,0pt
3701,Sa57125712,tw54098203,桃園市,0pt
3702,Sadamec,tw12687997,宜蘭縣,0pt
3703,Saika,tw16230052,南投縣,0pt
3704,Saio,tw16241497,高雄市,0pt
3705,Sakamoto,tw66077167,新北市,0pt
3706,Saki,tw04343789,新北市,0pt
3707,Sam,tw69347947,新北市,0pt
3708,Sam,tw66059189,新北市,0pt
3709,Sam,tw40434415,桃園市,0pt
3710,Sam,tw35988660,臺北市,0pt
3711,Sam,tw91836229,臺北市,0pt
3712,Sam,tw31328731,高雄市,0pt
3713,Sam0403,tw16021936,桃園市,0pt
3714,SamChu,tw68065850,桃園市,0pt
3715,SamZhang,tw42775341,高雄市,0pt
3716,Samoyedddd,tw81056195,臺北市,0pt
3717,San7crayon,tw38332953,臺北市,0pt
3718,Sandy,tw68258142,新竹市,0pt
3719,SanxiaJhihJiou,tw54379114,新北市,0pt
3720,Sardine,tw13160424,高雄市,0pt
3721,Sashimi,tw33431988,新北市,0pt
3722,Sasuki,tw73260178,臺中市,0pt
3723,Sauce626,tw27997871,臺北市,0pt
3724,Sausagebro,tw90975912,新北市,0pt
3725,Scar0075,tw54028667,新北市,0pt
3726,Scm,tw43470367,彰化縣,0pt
3727,Scott,tw11388254,宜蘭縣,0pt
3728,SeaBreeze,tw62558168,新北市,0pt
3729,Sean,tw52203688,新竹市,0pt
3730,Sean,tw56181762,高雄市,0pt
3731,Sean1216,tw04133484,臺中市,0pt
3732,SeanLee,tw35133002,臺北市,0pt
3733,Seanliza,tw48397572,新北市,0pt
3734,Sebibi,tw97821395,高雄市,0pt
3735,Sela,tw10540724,彰化縣,0pt
3736,SemiHasBand,tw95262669,臺北市,0pt
3737,Sendtreepay,tw40909349,基隆市,0pt
3738,Sernate,tw88089442,高雄市,0pt
3739,Seven-key,tw68165427,桃園市,0pt
3740,SeverHQ,tw54133581,新竹縣,0pt
3741,Shadow,tw94748975,嘉義市,0pt
3742,ShadowBB,tw62628743,高雄市,0pt
3743,ShadowPorygon,tw58088231,新北市,0pt
3744,Shane,tw81958115,桃園市,0pt
3745,Shao,tw69479889,新北市,0pt
3746,ShaoWei,tw66066508,臺北市,0pt
3747,Shark,tw78859380,桃園市,0pt
3748,Sharon,tw00787146,苗栗縣,0pt
3749,Shawn,tw26987981,新北市,0pt
3750,Shawn,tw09303042,臺中市,0pt
3751,SheeP,tw30918734,新北市,0pt
3752,Sheepherders,tw09936425,臺南市,0pt
3753,Shelly,tw37293361,新北市,0pt
3754,Shen,tw36930244,屏東縣,0pt
3755,ShenLin,tw62557636,新北市,0pt
3756,Shen_L,tw80038509,高雄市,0pt
3757,Shenchihchen,tw06932100,臺北市,0pt
3758,Sheng,tw06169660,其它地區,0pt
3759,Sheng,tw74895557,桃園市,0pt
3760,Shepherd,tw90368874,新北市,0pt
3761,Sherry,tw69614881,基隆市,0pt
3762,ShiMinHong,tw25336636,新北市,0pt
3763,Shiang,tw01788632,新北市,0pt
3764,Shin,tw78431282,新北市,0pt
3765,Shiro,tw84139439,臺北市,0pt
3766,Shiwei,tw21811906,屏東縣,0pt
3767,Shix,tw47570937,高雄市,0pt
3768,ShoShoDaddy,tw17587114,新竹縣,0pt
3769,Shoney,tw51899312,新竹縣,0pt
3770,ShouFan,tw52517280,臺中市,0pt
3771,Showingtry39,tw14882048,彰化縣,0pt
3772,Shunyu,tw93214844,臺南市,0pt
3773,Shuo.,tw75722340,臺北市,0pt
3774,Shuoye,tw26564853,宜蘭縣,0pt
3775,Shyan,tw44966177,宜蘭縣,0pt
3776,SiaoKing,tw94334860,臺中市,0pt
3777,Siaomo,tw41514636,臺北市,0pt
3778,Silent,tw41198436,臺北市,0pt
3779,Silver,tw11133029,新北市,0pt
3780,Silver,tw03003230,臺中市,0pt
3781,SilverTsukiyo,tw28193886,苗栗縣,0pt
3782,Simon,tw29608580,高雄市,0pt
3783,Sinny,tw17052330,臺北市,0pt
3784,Siunaus,tw34991932,屏東縣,0pt
3785,Skoleir,tw44463894,新北市,0pt
3786,Sky,tw03704318,新竹市,0pt
3787,SkyLine,tw49994297,臺南市,0pt
3788,Skye,tw13014881,臺北市,0pt
3789,Skyyq4848,tw74048208,臺北市,0pt
3790,Smallone,tw21332567,桃園市,0pt
3791,SmileHugo666,tw20933345,新北市,0pt
3792,SmileNick,tw63332760,新北市,0pt
3793,SmilingLin,tw96564886,高雄市,0pt
3794,Smilodon,tw00473069,新竹市,0pt
3795,Smith,tw42640630,臺北市,0pt
3796,Snorlax,tw08690830,宜蘭縣,0pt
3797,Snorlax,tw90367089,新北市,0pt
3798,SnorlaxPaPa,tw17648576,新北市,0pt
3799,SnorlaxWu,tw66578994,臺北市,0pt
3800,SnowMan,tw18292732,新北市,0pt
3801,Soda,tw06699272,桃園市,0pt
3802,Soda,tw96223328,臺北市,0pt
3803,Sofy,tw82861786,桃園市,0pt
3804,Sogoods,tw99279911,臺中市,0pt
3805,Somebo,tw32141014,新竹市,0pt
3806,Somesomeone,tw63323811,新北市,0pt
3807,Song,tw97258834,彰化縣,0pt
3808,SongEn0329,tw96697072,桃園市,0pt
3809,SoonGa,tw66400803,新北市,0pt
3810,Sophieee_:3,tw90173825,臺北市,0pt
3811,Sora,tw07026326,臺中市,0pt
3812,Sora0615,tw31236249,桃園市,0pt
3813,Soso,tw51494032,桃園市,0pt
3814,Soysauce,tw40248714,彰化縣,0pt
3815,Sozo,tw89050758,桃園市,0pt
3816,Spike,tw27965581,新北市,0pt
3817,Spike,tw67664499,臺北市,0pt
3818,Stan,tw10462838,新北市,0pt
3819,Stanley,tw30521407,新北市,0pt
3820,Star,tw41698923,新北市,0pt
3821,Star,tw77837824,新北市,0pt
3822,Star7G,tw73387892,臺中市,0pt
3823,StarHank,tw12709271,新北市,0pt
3824,StarScar,tw70701673,臺北市,0pt
3825,Stella,tw17818157,高雄市,0pt
3826,Stephen,tw31556414,宜蘭縣,0pt
3827,Steve,tw47356092,高雄市,0pt
3828,Steven,tw36814456,新北市,0pt
3829,Steven,tw24731670,臺北市,0pt
3830,Steven,tw55861628,臺北市,0pt
3831,Steven,tw76176136,臺北市,0pt
3832,Stevennnn,tw62046633,新北市,0pt
3833,Stewart,tw74796217,臺中市,0pt
3834,StoneBon,tw73993828,臺南市,0pt
3835,Su,tw04255506,苗栗縣,0pt
3836,Subaru,tw16584579,新北市,0pt
3837,Sugoi97169,tw43564143,臺中市,0pt
3838,Sukai,tw98375975,臺中市,0pt
3839,SumikkoPusheen,tw02616757,臺中市,0pt
3840,Sundayc,tw59335766,臺北市,0pt
3841,SuperBokkan,tw42693578,臺南市,0pt
3842,SuperKen,tw58754172,臺南市,0pt
3843,SuperSandwich,tw03486214,高雄市,0pt
3844,Superhugbear,tw18243923,桃園市,0pt
3845,SurAlice,tw49397751,臺中市,0pt
3846,SushiAndy,tw85454658,新竹市,0pt
3847,Susic,tw59243718,臺北市,0pt
3848,Suzuki,tw20305103,新北市,0pt
3849,Swerty,tw02442169,臺中市,0pt
3850,Swhy,tw49882529,高雄市,0pt
3851,Syuan,tw62222265,屏東縣,0pt
3852,Syuan,tw66561029,臺北市,0pt
3853,Syue,tw71891270,新北市,0pt
3854,Syue9106,tw72889797,新北市,0pt
3855,T0DD789,tw87930530,宜蘭縣,0pt
3856,TAC_KT,tw82121432,高雄市,0pt
3857,TAC_Yee,tw93412698,新北市,0pt
3858,TAC_marphling,tw21438060,新北市,0pt
3859,TANG,tw65770031,新北市,0pt
3860,TCGSTORE_J0,tw72930337,臺北市,0pt
3861,TCGSTORE_乃文,tw31984908,臺中市,0pt
3862,TCG_yangmeimei,tw45523478,臺北市,0pt
3863,TC_Weng,tw95673119,新北市,0pt
3864,TDG_58K,tw19471947,臺中市,0pt
3865,TGFBEN,tw53915183,臺中市,0pt
3866,TG_Brandon,tw72313605,新北市,0pt
3867,TING,tw24939741,桃園市,0pt
3868,TLUni,tw37762444,臺北市,0pt
3869,TOFU84,tw49735887,臺北市,0pt
3870,TONG,tw95210388,高雄市,0pt
3871,TONG,tw99848978,高雄市,0pt
3872,TP,tw28988843,臺北市,0pt
3873,TREE,tw24623594,桃園市,0pt
3874,TR_Ming,tw12520773,臺中市,0pt
3875,TR_YEH,tw28822403,臺中市,0pt
3876,TSAI-TSAI,tw70886090,臺中市,0pt
3877,TSUNGWEI,tw16515864,臺南市,0pt
3878,TTjoshOuO,tw87778522,臺北市,0pt
3879,TWJacky,tw77112630,新北市,0pt
3880,TZANG-YING-HUNG,tw53205005,新北市,0pt
3881,Taiang,tw90338660,屏東縣,0pt
3882,Taiwan-Ninja,tw53090100,宜蘭縣,0pt
3883,Takeshi,tw20842785,新北市,0pt
3884,Talmy,tw68144647,彰化縣,0pt
3885,Tama,tw49669748,臺中市,0pt
3886,Tamers,tw82780085,臺中市,0pt
3887,Tanigawa,tw81232157,高雄市,0pt
3888,Tanubak,tw42843614,屏東縣,0pt
3889,Taran,tw65468659,臺北市,0pt
3890,Taro,tw21206685,桃園市,0pt
3891,Taro,tw19490570,臺中市,0pt
3892,Taru,tw51560893,新北市,0pt
3893,Tatsu,tw07288611,新北市,0pt
3894,TayaSun,tw96179165,新竹縣,0pt
3895,TeRiK,tw36278895,高雄市,0pt
3896,Ted,tw30625219,臺北市,0pt
3897,TedNi,tw07416659,臺南市,0pt
3898,Teddy,tw84248853,屏東縣,0pt
3899,Teddy,tw55961337,苗栗縣,0pt
3900,TenSEAN,tw50784132,桃園市,0pt
3901,Ter,tw32743518,新北市,0pt
3902,Terry,tw96438031,桃園市,0pt
3903,Terry,tw05956505,臺南市,0pt
3904,Terry_Chiu,tw23730146,新北市,0pt
3905,Theforthconjurer,tw04865888,嘉義市,0pt
3906,Theme.of.over.on,tw33356494,臺北市,0pt
3907,Theworldwill,tw31552272,臺中市,0pt
3908,Thierry,tw99564975,臺北市,0pt
3909,Thieves,tw90389852,臺北市,0pt
3910,Thomas,tw77930593,高雄市,0pt
3911,ThunderMi,tw44475314,新北市,0pt
3912,Tian0224,tw90703618,嘉義縣,0pt
3913,Tiffany,tw14598547,新北市,0pt
3914,Tigerliu,tw59094956,高雄市,0pt
3915,Tim,tw59798866,基隆市,0pt
3916,Tim,tw70058511,宜蘭縣,0pt
3917,Tim,tw91928855,彰化縣,0pt
3918,Tim,tw06952912,新北市,0pt
3919,Tim,tw38331561,新北市,0pt
3920,Tim,tw71488520,新北市,0pt
3921,Tim,tw92126311,臺中市,0pt
3922,Tim,tw93147498,臺中市,0pt
3923,Tim,tw52853127,雲林縣,0pt
3924,Tim,tw83259271,高雄市,0pt
3925,TimChou_13,tw46808255,桃園市,0pt
3926,Timber,tw91100873,新北市,0pt
3927,TimeofRoar,tw11136221,新北市,0pt
3928,Timpy,tw92905671,高雄市,0pt
3929,Tim韋,tw97379261,新北市,0pt
3930,Ting,tw97329432,宜蘭縣,0pt
3931,Ting,tw69899543,臺北市,0pt
3932,Ting,tw92283389,苗栗縣,0pt
3933,Ting,tw01762865,高雄市,0pt
3934,TingChan,tw22647506,新北市,0pt
3935,TingWu,tw23138611,臺中市,0pt
3936,Tkijes,tw49519100,花蓮縣,0pt
3937,TmT,tw15757093,新北市,0pt
3938,Tmax,tw80664262,臺北市,0pt
3939,Toast7687,tw38697377,桃園市,0pt
3940,Tob,tw20669758,新北市,0pt
3941,Tom,tw89816593,新北市,0pt
3942,Tom,tw01731098,新北市,0pt
3943,Tom,tw11251093,桃園市,0pt
3944,TomBCM,tw53826806,臺中市,0pt
3945,TomLee,tw00110588,新北市,0pt
3946,Tomato,tw98541971,高雄市,0pt
3947,Tombow,tw93153306,桃園市,0pt
3948,Tommy,tw69575811,宜蘭縣,0pt
3949,Tommy1994,tw08270549,高雄市,0pt
3950,Tong,tw21362628,桃園市,0pt
3951,Tony,tw36998021,新北市,0pt
3952,Tony,tw88338713,新北市,0pt
3953,Tony,tw76094797,新竹縣,0pt
3954,Tony,tw52591724,花蓮縣,0pt
3955,Tony,tw39773805,高雄市,0pt
3956,Tony,tw59781754,高雄市,0pt
3957,Tonyisaboy,tw73730122,新竹縣,0pt
3958,Toth,tw28101734,臺中市,0pt
3959,Totoro,tw70535662,臺中市,0pt
3960,Tottori,tw81666140,新北市,0pt
3961,Tousaku,tw86559690,桃園市,0pt
3962,Travele'sFall,tw38946425,嘉義市,0pt
3963,Tree,tw47117803,臺北市,0pt
3964,TripleD,tw75854782,新北市,0pt
3965,TripleG,tw37432871,新北市,0pt
3966,Trouble-maker,tw16782553,新竹縣,0pt
3967,TsaiXiaoZe,tw79960012,新竹縣,0pt
3968,TsengSungWen,tw23263214,臺中市,0pt
3969,Tsoen,tw67759826,臺北市,0pt
3970,Tsubakiryu,tw14636033,新北市,0pt
3971,TsukiSho,tw89001634,臺北市,0pt
3972,Tu,tw02201595,新北市,0pt
3973,Tuanyuan,tw59632621,新北市,0pt
3974,Turtle,tw00564273,桃園市,0pt
3975,TwRyan8,tw01399445,臺中市,0pt
3976,Twolight,tw13434296,新竹市,0pt
3977,Tyranitar,tw03329060,新北市,0pt
3978,Tyrone,tw88679404,高雄市,0pt
3979,U.G.,tw06761746,新竹市,0pt
3980,UB757211Bening,tw06773001,臺中市,0pt
3981,UBER_RONG,tw67940713,臺北市,0pt
3982,UC,tw56026821,臺北市,0pt
3983,UIIA_Rex,tw13239963,高雄市,0pt
3984,UMAUMA,tw12405535,臺北市,0pt
3985,UNSN,tw32959047,臺中市,0pt
3986,UPL,tw99402404,新北市,0pt
3987,Unabelle,tw58620366,臺北市,0pt
3988,Uni,tw51794428,新北市,0pt
3989,UnsUoD,tw32624144,新竹市,0pt
3990,Usagi,tw44917576,新北市,0pt
3991,Usagisan,tw01084148,新北市,0pt
3992,Uujjiyy,tw74867285,臺北市,0pt
3993,Uzumi,tw99855684,新北市,0pt
3994,V,tw76234425,高雄市,0pt
3995,VORUS,tw86301175,桃園市,0pt
3996,Vampy,tw20794487,苗栗縣,0pt
3997,Vanish,tw00004214,臺北市,0pt
3998,Vanvangao,tw35787864,臺中市,0pt
3999,Vaundy,tw24939910,桃園市,0pt
4000,Vex,tw48399540,新北市,0pt
4001,Vfptsit,tw24673346,桃園市,0pt
4002,Vibrastring,tw24250486,新北市,0pt
4003,Vic,tw67998850,新北市,0pt
4004,Vick,tw51021443,臺中市,0pt
4005,Vickey,tw84004633,高雄市,0pt
4006,Victor,tw52761106,新北市,0pt
4007,Victor,tw90943122,桃園市,0pt
4008,Victor,tw22998453,臺北市,0pt
4009,VictorLai,tw84890521,臺南市,0pt
4010,VileplumeBernard,tw95533657,臺北市,0pt
4011,Vince,tw06923161,彰化縣,0pt
4012,VinceFA,tw58523618,臺北市,0pt
4013,Vincent,tw82151262,臺中市,0pt
4014,Vivian,tw91035613,基隆市,0pt
4015,Vivian,tw46870994,新北市,0pt
4016,Vivian,tw04313550,臺中市,0pt
4017,VivianPeng,tw51280364,臺中市,0pt
4018,Vokanfarghus,tw43692869,臺北市,0pt
4019,VolvoC,tw32226416,臺中市,0pt
4020,W,tw25120899,新竹市,0pt
4021,W.Eason,tw31482431,臺中市,0pt
4022,WALK,tw43343491,臺南市,0pt
4023,WANG-RUEI-HONG,tw88948410,臺中市,0pt
4024,WANG-YU-XIANG,tw71134975,彰化縣,0pt
4025,WEI0918,tw55117166,高雄市,0pt
4026,WEN,tw25466417,嘉義縣,0pt
4027,WENG,tw39063588,屏東縣,0pt
4028,WJay,tw41609662,新北市,0pt
4029,WLKang,tw35970076,高雄市,0pt
4030,WTMwarukunaiyone,tw52652948,臺北市,0pt
4031,WU-MENG-TZU,tw03193944,新北市,0pt
4032,WUJIAYOU,tw85227119,高雄市,0pt
4033,WYS,tw36891792,臺北市,0pt
4034,Wailmer,tw90549718,新北市,0pt
4035,Waiting,tw91902256,臺北市,0pt
4036,Wallis,tw46562550,臺北市,0pt
4037,Walt,tw00333583,高雄市,0pt
4038,Wang,tw37737423,宜蘭縣,0pt
4039,Wang0630,tw70987757,桃園市,0pt
4040,WangChiaTien,tw57038772,新北市,0pt
4041,WangWang,tw40069256,新北市,0pt
4042,Water,tw89593571,臺中市,0pt
4043,Waterlee,tw62564673,臺南市,0pt
4044,Way4,tw01407526,臺北市,0pt
4045,Wayne,tw23080545,桃園市,0pt
4046,Wayne,tw76529055,臺北市,0pt
4047,WayneKW,tw45371614,臺北市,0pt
4048,WayneLee,tw46726773,新北市,0pt
4049,Wayne_Lin,tw39492637,臺北市,0pt
4050,Wech,tw11593061,桃園市,0pt
4051,Wei,tw43834632,新北市,0pt
4052,Wei,tw78134525,新竹市,0pt
4053,Wei,tw80714573,新竹縣,0pt
4054,Wei,tw28719974,臺中市,0pt
4055,Wei,tw22580602,臺北市,0pt
4056,Wei,tw51008315,臺北市,0pt
4057,Wei,tw78310159,臺北市,0pt
4058,Wei,tw94008869,臺北市,0pt
4059,Wei,tw72511275,臺南市,0pt
4060,Wei-Te8012,tw34265905,臺北市,0pt
4061,Wei-Z,tw73398226,高雄市,0pt
4062,Wei1999,tw39707022,桃園市,0pt
4063,Weipig,tw99748711,新北市,0pt
4064,Weiwei,tw91301591,臺南市,0pt
4065,Weiweichen,tw21841112,臺北市,0pt
4066,WeizzC,tw38141120,新竹縣,0pt
4067,Well,tw89623212,桃園市,0pt
4068,Wellshuang,tw47345998,新北市,0pt
4069,Wen,tw03829510,新北市,0pt
4070,Wen,tw80429093,高雄市,0pt
4071,Wendy,tw39540560,南投縣,0pt
4072,Wendy,tw39541138,臺北市,0pt
4073,Wendy,tw79830077,臺北市,0pt
4074,Wenson,tw95955380,桃園市,0pt
4075,Wenyue,tw53782031,宜蘭縣,0pt
4076,Wenyujaing,tw03898034,桃園市,0pt
4077,WesHuang,tw18170999,桃園市,0pt
4078,Whein,tw88407488,高雄市,0pt
4079,WhiteTuna,tw34185751,桃園市,0pt
4080,Whitedragon,tw05326370,桃園市,0pt
4081,WhosYourDaddy,tw26447356,新北市,0pt
4082,Will,tw32900324,基隆市,0pt
4083,Will,tw35010470,桃園市,0pt
4084,Will506,tw19419943,桃園市,0pt
4085,William,tw42827153,新北市,0pt
4086,WilliamFang,tw30469869,新北市,0pt
4087,WilliamKung,tw41652367,臺北市,0pt
4088,WillieChen,tw16404038,新竹市,0pt
4089,Willy,tw90016937,桃園市,0pt
4090,Willy,tw44047226,臺北市,0pt
4091,Willygood,tw13298204,新竹縣,0pt
4092,Wilson,tw93830981,臺北市,0pt
4093,Wilson_L,tw43063068,新北市,0pt
4094,WinM,tw84380026,新北市,0pt
4095,Windguys,tw75777478,臺北市,0pt
4096,Winnie,tw99714386,新北市,0pt
4097,Winny,tw09782511,臺南市,0pt
4098,Wish,tw19249370,新北市,0pt
4099,WoDeeMaYa,tw27948966,新北市,0pt
4100,WoShiTsaiJi,tw37432006,彰化縣,0pt
4101,WolFTW,tw86365994,臺中市,0pt
4102,Women,tw32380954,宜蘭縣,0pt
4103,Woo,tw72452427,新北市,0pt
4104,Wu,tw27103317,臺中市,0pt
4105,Wu,tw55769948,臺南市,0pt
4106,WuHuaGuo,tw09917326,高雄市,0pt
4107,WuKen,tw35609497,桃園市,0pt
4108,WuPP,tw41082653,臺北市,0pt
4109,WuTungChi,tw17083324,臺北市,0pt
4110,Wumamamua,tw45989288,新北市,0pt
4111,Wuying,tw33061839,臺南市,0pt
4112,Ww,tw49843526,新北市,0pt
4113,XIAOYULUN,tw34470519,新北市,0pt
4114,XIN,tw08941568,臺北市,0pt
4115,XINXIN,tw15173114,臺北市,0pt
4116,XY,tw08886795,臺南市,0pt
4117,Xaivier,tw53878324,臺北市,0pt
4118,Xavier,tw15798702,臺中市,0pt
4119,Xavier,tw31738493,臺中市,0pt
4120,Xavier_Fan,tw62974337,新北市,0pt
4121,Xervou,tw77216641,新北市,0pt
4122,Xi,tw10173792,桃園市,0pt
4123,XiXi,tw67071727,臺北市,0pt
4124,Xiabar,tw40201711,新北市,0pt
4125,Xian,tw85155159,臺中市,0pt
4126,Xian,tw13977373,高雄市,0pt
4127,Xiang,tw16050910,新北市,0pt
4128,Xiang,tw93612878,新竹縣,0pt
4129,Xiang,tw08085618,臺中市,0pt
4130,Xiang,tw32563452,臺北市,0pt
4131,XiangDog1237,tw77295390,新竹縣,0pt
4132,Xianyou,tw84972327,新北市,0pt
4133,XiaoC_PTCG,tw11655254,苗栗縣,0pt
4134,XiaoLeon,tw58985321,高雄市,0pt
4135,XiaoSheng,tw82098720,彰化縣,0pt
4136,XiaoSheng,tw58340824,桃園市,0pt
4137,Xiaolo_TW,tw80659997,新北市,0pt
4138,Xin,tw18734218,新竹縣,0pt
4139,Xinlan2,tw02004996,新北市,0pt
4140,Xiu,tw96113132,臺北市,0pt
4141,Xiu,tw54830226,臺北市,0pt
4142,Xu,tw20043672,桃園市,0pt
4143,Xu,tw93141926,臺中市,0pt
4144,XuChaoshuang,tw12521094,高雄市,0pt
4145,Xuan,tw07212144,新北市,0pt
4146,Xuan,tw29965279,澎湖縣,0pt
4147,Xuan,tw96378542,臺中市,0pt
4148,Xue,tw20978811,高雄市,0pt
4149,Xuehu,tw30538289,臺中市,0pt
4150,YAN,tw69836103,臺中市,0pt
4151,"YAN,RUI-YING",tw85262760,新竹市,0pt
4152,YAO,tw60805037,新北市,0pt
4153,YAO,tw83566257,高雄市,0pt
4154,YAOWEN,tw04086904,新北市,0pt
4155,YAOYAO,tw63881085,新北市,0pt
4156,YC,tw30048806,新北市,0pt
4157,YC,tw90322670,新北市,0pt
4158,YC,tw94280513,臺北市,0pt
4159,YEN,tw98233113,高雄市,0pt
4160,YES,tw43118125,桃園市,0pt
4161,YFT,tw18710589,高雄市,0pt
4162,YMF,tw62818520,臺南市,0pt
4163,YO,tw11978505,彰化縣,0pt
4164,YOYO,tw29254880,臺北市,0pt
4165,YPE0321,tw10768735,新北市,0pt
4166,YR,tw32575817,雲林縣,0pt
4167,YU,tw48828788,臺北市,0pt
4168,YUHO,tw60224981,新竹縣,0pt
4169,YUYU,tw22007891,新北市,0pt
4170,YW,tw20117595,新北市,0pt
4171,YY,tw67485864,臺中市,0pt
4172,Yakult,tw53101420,桃園市,0pt
4173,Yalang,tw65760535,桃園市,0pt
4174,Yan,tw26744706,屏東縣,0pt
4175,YanYan,tw26008848,新北市,0pt
4176,Yang,tw78831009,桃園市,0pt
4177,Yang,tw53169091,臺北市,0pt
4178,Yang,tw08187806,臺北市,0pt
4179,Yang,tw26814269,臺北市,0pt
4180,YangLiKai,tw92443004,臺北市,0pt
4181,Yao,tw42076089,新北市,0pt
4182,Yao,tw07577770,臺北市,0pt
4183,Yao,tw04531100,高雄市,0pt
4184,YaoNian,tw86675559,臺北市,0pt
4185,Yasuda,tw64772920,彰化縣,0pt
4186,Yato,tw73831583,新北市,0pt
4187,Yayasky,tw65908156,臺北市,0pt
4188,Year,tw77045302,新北市,0pt
4189,Yeastybeing,tw53937685,彰化縣,0pt
4190,Yee,tw48131569,新北市,0pt
4191,Yeeeee,tw12501244,高雄市,0pt
4192,YeeeeeHua,tw85622277,新北市,0pt
4193,Yeene,tw12828106,高雄市,0pt
4194,Yehchiayuan,tw41976077,高雄市,0pt
4195,Yetta,tw69743569,新北市,0pt
4196,Yh,tw34953027,臺北市,0pt
4197,Yi,tw02834384,基隆市,0pt
4198,Yi-snow,tw92578397,高雄市,0pt
4199,YiFan,tw03173145,高雄市,0pt
4200,YiHsiang,tw25679200,臺中市,0pt
4201,Yi_Wei,tw89340663,新北市,0pt
4202,Yichen,tw01711597,彰化縣,0pt
4203,Yikai,tw58373255,新北市,0pt
4204,Yilay,tw35817617,臺北市,0pt
4205,YinSueiSi,tw69597675,花蓮縣,0pt
4206,Ying,tw76488641,彰化縣,0pt
4207,Ying,tw38482720,桃園市,0pt
4208,Yizen,tw40173024,臺南市,0pt
4209,Yo,tw66899749,新北市,0pt
4210,Yo,tw46003698,新北市,0pt
4211,YoDaYoIn,tw10358474,宜蘭縣,0pt
4212,YoYo,tw50527016,桃園市,0pt
4213,Yoh,tw06780975,高雄市,0pt
4214,Yongsen,tw45540680,高雄市,0pt
4215,York,tw63556270,高雄市,0pt
4216,York,tw73868426,高雄市,0pt
4217,YotabiNoNami,tw99386256,新北市,0pt
4218,YouNi,tw96974133,臺中市,0pt
4219,Young,tw14920198,桃園市,0pt
4220,Youren,tw69746347,新北市,0pt
4221,Yoyo,tw55628308,嘉義市,0pt
4222,Yoyo,tw59792275,臺北市,0pt
4223,Yoz,tw63171506,臺北市,0pt
4224,Yu,tw50580268,宜蘭縣,0pt
4225,Yu,tw35729420,新北市,0pt
4226,Yu,tw35425144,新北市,0pt
4227,Yu,tw79685646,新北市,0pt
4228,Yu,tw84986736,新北市,0pt
4229,Yu,tw90450179,新竹市,0pt
4230,Yu,tw21565922,桃園市,0pt
4231,Yu,tw41313309,桃園市,0pt
4232,Yu,tw87489766,臺北市,0pt
4233,Yu,tw31004758,臺北市,0pt
4234,Yu-Sheng,tw82219653,屏東縣,0pt
4235,Yu00,tw26127405,高雄市,0pt
4236,YuChi,tw53772295,臺北市,0pt
4237,YuHoNg,tw80638856,高雄市,0pt
4238,YuMing,tw22767325,新北市,0pt
4239,YuWei,tw92773199,高雄市,0pt
4240,YuYun,tw34085084,臺北市,0pt
4241,Yuan,tw78065719,屏東縣,0pt
4242,Yuan,tw64037556,臺北市,0pt
4243,Yubao,tw22480993,彰化縣,0pt
4244,Yuchi,tw16207920,臺南市,0pt
4245,Yuhan,tw91572499,高雄市,0pt
4246,Yuhao,tw17334001,新北市,0pt
4247,Yuhuai,tw55069236,臺中市,0pt
4248,YuiHui,tw07812601,高雄市,0pt
4249,Yuijk,tw62745908,臺中市,0pt
4250,Yuki,tw12889475,桃園市,0pt
4251,Yuki,tw23832677,高雄市,0pt
4252,Yuki0221,tw57767899,桃園市,0pt
4253,YukiUta,tw61372489,高雄市,0pt
4254,Yukikusari,tw16878600,臺南市,0pt
4255,Yuliana,tw84336583,新北市,0pt
4256,Yume,tw81020026,新北市,0pt
4257,Yumming,tw26682811,南投縣,0pt
4258,Yumming,tw92258926,高雄市,0pt
4259,Yun,tw86831721,新北市,0pt
4260,Yun,tw69395031,高雄市,0pt
4261,Yun,tw91826898,高雄市,0pt
4262,YunChi,tw82247539,高雄市,0pt
4263,Yung,tw71237353,臺北市,0pt
4264,Yuta,tw28147830,宜蘭縣,0pt
4265,Yutse,tw79402782,高雄市,0pt
4266,Yuuki,tw13790675,嘉義市,0pt
4267,Yuyu,tw36375745,臺北市,0pt
4268,Yuzi,tw35494783,嘉義市,0pt
4269,Yuzu,tw40790618,臺北市,0pt
4270,YvesLi,tw72673320,新北市,0pt
4271,ZAI,tw09092827,新北市,0pt
4272,ZETA,tw40917812,桃園市,0pt
4273,ZICIAN,tw48742212,宜蘭縣,0pt
4274,ZOU,tw90045916,桃園市,0pt
4275,ZYSUN,tw66784725,桃園市,0pt
4276,ZZZ,tw31578486,新北市,0pt
4277,Zachary,tw30323767,基隆市,0pt
4278,ZackLin,tw48408173,新北市,0pt
4279,Zafkiel,tw63127850,臺北市,0pt
4280,Zakie0422,tw38746147,高雄市,0pt
4281,ZazaAnna,tw64919003,高雄市,0pt
4282,ZeBanded,tw78965793,臺北市,0pt
4283,Zeke,tw34844336,新北市,0pt
4284,Zelad,tw42505350,新北市,0pt
4285,Zengmin,tw66024438,臺中市,0pt
4286,Zern,tw55513622,新北市,0pt
4287,Zero,tw66177982,新北市,0pt
4288,Zeru,tw44335986,新北市,0pt
4289,Zerzer773,tw45497640,雲林縣,0pt
4290,ZetZero,tw42905608,新北市,0pt
4291,Zhang,tw53937342,新北市,0pt
4292,Zhen,tw72786083,高雄市,0pt
4293,Zheng-Cheng-Liang,tw20346997,新北市,0pt
4294,ZhengWeicheng,tw95373493,嘉義縣,0pt
4295,ZhengYuan_victor,tw41995598,桃園市,0pt
4296,Zhong,tw67737837,高雄市,0pt
4297,ZidaneCH,tw03804655,臺北市,0pt
4298,Zien,tw53017412,彰化縣,0pt
4299,Ziwei,tw10878500,新北市,0pt
4300,Zoe,tw59311894,新竹市,0pt
4301,Zoe,tw14468417,新竹縣,0pt
4302,Zoe0601,tw34133531,臺中市,0pt
4303,Zone,tw61306214,新北市,0pt
4304,Zongjie,tw09326996,桃園市,0pt
4305,ZuoWei,tw47508323,臺北市,0pt
4306,Zwubber,tw25537042,臺中市,0pt
4307,Zzang,tw63943617,彰化縣,0pt
4308,Zzz,tw02704531,臺北市,0pt
4309,_maple leaf_,tw40403825,新竹縣,0pt
4310,a0056001,tw06896264,臺北市,0pt
4311,a02063133,tw95288725,臺中市,0pt
4312,a2002081509,tw41938271,桃園市,0pt
4313,a2233992,tw01250730,高雄市,0pt
4314,a4848460,tw01098008,臺中市,0pt
4315,a6863868,tw32898171,雲林縣,0pt
4316,a80728072,tw62802568,新北市,0pt
4317,abc0108,tw09425500,新北市,0pt
4318,agu0820,tw43287257,臺中市,0pt
4319,ahsienyu,tw72135278,新北市,0pt
4320,alan,tw95653360,桃園市,0pt
4321,albert,tw24368419,臺北市,0pt
4322,alen,tw85573348,桃園市,0pt
4323,alex,tw82569844,新北市,0pt
4324,alice,tw13057058,高雄市,0pt
4325,allen,tw94091949,宜蘭縣,0pt
4326,allen_1001,tw47269797,新北市,0pt
4327,allenchao406,tw34941192,臺北市,0pt
4328,andrewch1021,tw19084080,新北市,0pt
4329,andy960119,tw10804567,新北市,0pt
4330,andyliao0906,tw14939507,臺北市,0pt
4331,anker,tw79546494,新北市,0pt
4332,annasu,tw04815729,彰化縣,0pt
4333,annds,tw26849058,新北市,0pt
4334,apple1313,tw10883219,臺北市,0pt
4335,asdy33110,tw53705574,桃園市,0pt
4336,ash,tw30328149,臺北市,0pt
4337,asiagodfizz,tw89720374,新北市,0pt
4338,astrotech,tw05999185,新北市,0pt
4339,atsu,tw21529429,臺北市,0pt
4340,aurona,tw49682954,新北市,0pt
4341,autoanalysis,tw34195060,新北市,0pt
4342,azctor,tw87480332,臺北市,0pt
4343,baby94258,tw09650353,桃園市,0pt
4344,baek41,tw79848564,臺中市,0pt
4345,baobao,tw90882079,新北市,0pt
4346,basske,tw22975602,高雄市,0pt
4347,bbaustin,tw93514236,桃園市,0pt
4348,bbb,tw22961867,高雄市,0pt
4349,bbxx,tw20791358,新北市,0pt
4350,bean,tw80109890,臺北市,0pt
4351,beato,tw98509126,臺北市,0pt
4352,beaverking,tw85711876,雲林縣,0pt
4353,benandy3213,tw01314378,彰化縣,0pt
4354,bibo_1111,tw19702930,臺中市,0pt
4355,bigburger,tw94931770,新北市,0pt
4356,bigleaf,tw93784234,臺北市,0pt
4357,bill0310,tw24166290,臺中市,0pt
4358,birdy,tw03610134,臺北市,0pt
4359,black,tw27177736,高雄市,0pt
4360,blackm3,tw90421791,新北市,0pt
4361,blacksnow,tw66178932,新北市,0pt
4362,bobowiki,tw46072700,臺北市,0pt
4363,bokey0210,tw38983342,高雄市,0pt
4364,booset76,tw16935948,臺中市,0pt
4365,boshchang,tw70479384,高雄市,0pt
4366,bossun,tw46375063,新北市,0pt
4367,bowlbrother,tw46944757,臺中市,0pt
4368,brian,tw02739345,臺北市,0pt
4369,brian123222,tw91694131,新竹市,0pt
4370,bubu,tw48137068,臺北市,0pt
4371,bujijia1105,tw99981270,新竹市,0pt
4372,bulkuso,tw39307195,臺北市,0pt
4373,buyu,tw17220354,嘉義市,0pt
4374,c.t,tw74412925,高雄市,0pt
4375,carabapy,tw31292430,臺北市,0pt
4376,castiel,tw38419480,臺北市,0pt
4377,cat501219,tw78576381,新北市,0pt
4378,catpig,tw75017262,臺北市,0pt
4379,ccoo56ddyyg,tw13982066,高雄市,0pt
4380,char0831,tw67507523,新竹市,0pt
4381,chen,tw19198094,新北市,0pt
4382,chen,tw35366363,新竹市,0pt
4383,chenghan,tw73520518,新北市,0pt
4384,chengyu,tw05786429,臺中市,0pt
4385,chenn,tw72714477,苗栗縣,0pt
4386,chenya,tw75947825,臺中市,0pt
4387,chenyuming1222,tw35577763,臺北市,0pt
4388,chenyuuu,tw30326771,新北市,0pt
4389,cherry,tw94504488,新北市,0pt
4390,cheshenhong,tw35818525,新北市,0pt
4391,chi,tw89908818,高雄市,0pt
4392,chichi,tw77710233,臺北市,0pt
4393,chichibaby,tw04696543,新北市,0pt
4394,chicutegirl,tw84248842,臺中市,0pt
4395,chieh,tw89337342,臺北市,0pt
4396,chienhao,tw95727312,新竹市,0pt
4397,chill,tw31555063,臺中市,0pt
4398,chiu,tw79992941,臺北市,0pt
4399,cho,tw27485662,高雄市,0pt
4400,choubighead,tw57375557,臺南市,0pt
4401,chris,tw09071101,臺北市,0pt
4402,cid512,tw90989359,臺北市,0pt
4403,circus,tw96883102,新竹市,0pt
4404,ckiouoowo,tw90360942,桃園市,0pt
4405,clontropic,tw63713812,新竹市,0pt
4406,coco,tw46417125,新北市,0pt
4407,conradwang,tw25500981,新北市,0pt
4408,cookies,tw71518293,桃園市,0pt
4409,coolmahny,tw34331791,高雄市,0pt
4410,cs61503,tw65369731,新北市,0pt
4411,cyxk5201,tw15886815,高雄市,0pt
4412,czw0826,tw52106807,新北市,0pt
4413,d40726,tw43738399,臺中市,0pt
4414,danny,tw85174889,臺中市,0pt
4415,david1030,tw41398048,臺中市,0pt
4416,deef,tw32207949,高雄市,0pt
4417,despair951016,tw44736495,新北市,0pt
4418,dinosaur,tw08009566,臺中市,0pt
4419,diwei,tw96760757,新北市,0pt
4420,dm4,tw28453210,新北市,0pt
4421,dodo,tw84640476,臺北市,0pt
4422,dogdog,tw46516868,宜蘭縣,0pt
4423,doge,tw16329083,彰化縣,0pt
4424,dogeeeee,tw46258331,新北市,0pt
4425,dragonart,tw11176208,彰化縣,0pt
4426,dragoonyuki,tw31867651,臺北市,0pt
4427,dtt1682,tw79742199,桃園市,0pt
4428,dva8777,tw18694537,彰化縣,0pt
4429,dynastinae,tw97253900,桃園市,0pt
4430,dzjones,tw39726493,新北市,0pt
4431,easonc11,tw16703966,新北市,0pt
4432,ed1975,tw62226420,臺北市,0pt
4433,edd,tw89906091,高雄市,0pt
4434,edfg,tw32166844,新北市,0pt
4435,eigetsu,tw99775946,臺北市,0pt
4436,eleuen87,tw29291132,臺中市,0pt
4437,ellalovegn1314,tw83089072,臺北市,0pt
4438,en._0108,tw80242889,臺中市,0pt
4439,eric,tw14799494,桃園市,0pt
4440,eric,tw18369536,桃園市,0pt
4441,erirft,tw45677529,臺北市,0pt
4442,ethan,tw31757937,高雄市,0pt
4443,eugene,tw28384071,花蓮縣,0pt
4444,evan255004,tw82685825,新北市,0pt
4445,fallen,tw63608063,彰化縣,0pt
4446,far1montain,tw70914852,雲林縣,0pt
4447,fatcapoo,tw74733363,高雄市,0pt
4448,feng,tw38155826,臺中市,0pt
4449,ferk3319,tw93345155,新北市,0pt
4450,firefox,tw76299724,高雄市,0pt
4451,franksong,tw54516915,臺北市,0pt
4452,fred,tw61053948,臺北市,0pt
4453,freerider,tw97882377,新北市,0pt
4454,frogman,tw19493420,新竹縣,0pt
4455,fusonglin,tw60516778,高雄市,0pt
4456,gamdam23,tw87404714,臺北市,0pt
4457,gaoguima?!,tw56969159,臺北市,0pt
4458,gary,tw88653314,桃園市,0pt
4459,gary52,tw81250238,新北市,0pt
4460,ggname,tw72313811,新北市,0pt
4461,ginmy,tw62742613,高雄市,0pt
4462,gjk58,tw15959462,新北市,0pt
4463,gnkgfh12,tw90431366,臺中市,0pt
4464,guan-ting,tw77459128,臺南市,0pt
4465,guava6666,tw72742844,新北市,0pt
4466,guessjo,tw06246208,宜蘭縣,0pt
4467,hades,tw19969061,新北市,0pt
4468,hahaabc123,tw90907677,基隆市,0pt
4469,hahabimo,tw66373595,雲林縣,0pt
4470,hahaku,tw29715544,新北市,0pt
4471,hakunamatata,tw95842676,新北市,0pt
4472,han,tw16197809,新北市,0pt
4473,han,tw32409142,臺北市,0pt
4474,hank,tw30597040,新北市,0pt
4475,hao,tw50794492,新北市,0pt
4476,happysong,tw64545937,高雄市,0pt
4477,hare0516,tw20979093,新北市,0pt
4478,haruka,tw26900469,臺北市,0pt
4479,hat0906,tw14489518,新北市,0pt
4480,hemo,tw30363253,桃園市,0pt
4481,herry,tw73375867,新北市,0pt
4482,hidexwish,tw50493651,臺中市,0pt
4483,homezoo,tw00995784,高雄市,0pt
4484,honda,tw71768773,臺南市,0pt
4485,hoshinosuke,tw17970367,新北市,0pt
4486,hou1998,tw02205457,新竹市,0pt
4487,hs60124,tw40960140,新北市,0pt
4488,hua,tw32066010,臺中市,0pt
4489,hun,tw95389288,臺北市,0pt
4490,ian,tw94142249,桃園市,0pt
4491,ice,tw45021283,臺北市,0pt
4492,icebean13,tw94338344,臺北市,0pt
4493,iceicegood,tw52358182,嘉義市,0pt
4494,ichihatsuhane,tw03093508,宜蘭縣,0pt
4495,ichinose,tw98201756,桃園市,0pt
4496,isiah,tw53619660,高雄市,0pt
4497,ives6174,tw49762054,臺北市,0pt
4498,izayoi,tw86534977,臺南市,0pt
4499,jQ,tw54306443,高雄市,0pt
4500,jack,tw64434381,桃園市,0pt
4501,jacky,tw91357028,雲林縣,0pt
4502,james860316,tw77634820,桃園市,0pt
4503,jason,tw20682904,高雄市,0pt
4504,jason12xie,tw29423186,臺北市,0pt
4505,jay127,tw89619564,臺北市,0pt
4506,jeffgash,tw76177315,臺中市,0pt
4507,jejeallen,tw33077938,臺中市,0pt
4508,jelly,tw15963112,新北市,0pt
4509,jeremy,tw77649380,臺北市,0pt
4510,jerry401634,tw54226049,臺北市,0pt
4511,jerry5412,tw46532350,臺北市,0pt
4512,jerrychuang,tw74035128,臺北市,0pt
4513,jieh0712,tw71811768,新北市,0pt
4514,jilaknight,tw57021394,新北市,0pt
4515,jimmy,tw50206946,臺中市,0pt
4516,jj10129,tw19119194,臺北市,0pt
4517,jj9990253,tw41805810,新北市,0pt
4518,jkl123ouo,tw82063410,新北市,0pt
4519,johnny1206,tw97577926,臺南市,0pt
4520,jonjon,tw58277019,新北市,0pt
4521,js,tw44493090,臺南市,0pt
4522,jst7n,tw48874823,臺北市,0pt
4523,jun681223,tw31778050,臺南市,0pt
4524,justinfat,tw01319020,高雄市,0pt
4525,justintime.1204,tw62309096,臺北市,0pt
4526,justziv7930,tw55655725,彰化縣,0pt
4527,kabegon,tw07335368,新北市,0pt
4528,kai,tw54845041,臺中市,0pt
4529,kaikat,tw92947560,新北市,0pt
4530,kc-trent,tw93438193,臺中市,0pt
4531,kelly,tw19310070,新北市,0pt
4532,ken,tw93797115,高雄市,0pt
4533,kennykei,tw98311496,高雄市,0pt
4534,kensannin,tw07393133,臺北市,0pt
4535,kevinsu,tw34731082,臺北市,0pt
4536,kg,tw56924663,臺北市,0pt
4537,kh,tw14752191,高雄市,0pt
4538,kim,tw09678342,桃園市,0pt
4539,kino,tw09472918,高雄市,0pt
4540,kite,tw56491338,高雄市,0pt
4541,kiviki,tw72378175,桃園市,0pt
4542,kk0746,tw62359701,新北市,0pt
4543,kk940042,tw56411934,南投縣,0pt
4544,kodakkkkkkkkkku,tw10591384,高雄市,0pt
4545,kokocat0705,tw02461987,高雄市,0pt
4546,kuo835211,tw88856714,新北市,0pt
4547,kuresu,tw61964558,基隆市,0pt
4548,kuromaru,tw09730181,臺北市,0pt
4549,kusalagi,tw68518328,臺北市,0pt
4550,l1w1c10,tw51903756,臺北市,0pt
4551,laichihyung,tw49392914,新北市,0pt
4552,lan,tw47121916,苗栗縣,0pt
4553,lang,tw17078050,桃園市,0pt
4554,lanmonth,tw33152834,嘉義縣,0pt
4555,lanweitai,tw60824137,新北市,0pt
4556,larpcan,tw05540492,臺北市,0pt
4557,lbster,tw67709460,高雄市,0pt
4558,leesinging,tw82752621,桃園市,0pt
4559,leo,tw40706258,臺北市,0pt
4560,lester,tw41966141,臺中市,0pt
4561,lieyan,tw06485035,宜蘭縣,0pt
4562,lin,tw22214921,新北市,0pt
4563,lin,tw93871609,新北市,0pt
4564,lin312969,tw04851289,南投縣,0pt
4565,lingyi,tw45367321,臺中市,0pt
4566,linlan,tw67389040,臺北市,0pt
4567,littleissei,tw84325064,新北市,0pt
4568,liu_warriors,tw34236232,新北市,0pt
4569,lnger,tw93529525,新北市,0pt
4570,lonce239768,tw32795338,臺中市,0pt
4571,louislin77,tw58607171,臺中市,0pt
4572,lsongzhe,tw06291470,新竹縣,0pt
4573,luckymad,tw11368073,新竹縣,0pt
4574,luvie0926,tw82480504,臺北市,0pt
4575,lwei87,tw75642248,臺中市,0pt
4576,maoball,tw32020440,彰化縣,0pt
4577,maomi,tw24694611,臺北市,0pt
4578,maxwell,tw79660904,臺中市,0pt
4579,megan,tw68441793,基隆市,0pt
4580,meta_myeon,tw61065045,桃園市,0pt
4581,mi-N1ARK,tw30252609,高雄市,0pt
4582,michael_river,tw56997212,臺北市,0pt
4583,miffyju,tw56443673,新北市,0pt
4584,mikeyeh,tw99853156,臺北市,0pt
4585,miku,tw39590773,高雄市,0pt
4586,mileswu,tw07993716,基隆市,0pt
4587,ming2024,tw91373217,彰化縣,0pt
4588,ming720516,tw59856064,宜蘭縣,0pt
4589,mirrorwine,tw13696454,臺北市,0pt
4590,mj23232323232323,tw38167676,新北市,0pt
4591,momo,tw32042055,臺北市,0pt
4592,monicakung,tw51468059,高雄市,0pt
4593,monkey,tw16577111,桃園市,0pt
4594,moon,tw52486334,新北市,0pt
4595,moremore_0104,tw01466025,新北市,0pt
4596,msshenx,tw08436579,臺北市,0pt
4597,my750215,tw97191587,苗栗縣,0pt
4598,nicemaker,tw16987274,臺北市,0pt
4599,nicky,tw66497121,臺北市,0pt
4600,ning,tw23347872,臺北市,0pt
4601,ninjalala,tw72414157,臺北市,0pt
4602,niten0426,tw36604607,桃園市,0pt
4603,nnho,tw07575165,新北市,0pt
4604,noihs,tw68020974,彰化縣,0pt
4605,northmrtkiller,tw57540645,臺北市,0pt
4606,nosidenus,tw16153532,新北市,0pt
4607,nowzen,tw61134372,基隆市,0pt
4608,oRange,tw37494925,臺北市,0pt
4609,obbo0309,tw04231671,新竹縣,0pt
4610,oco,tw52551485,新北市,0pt
4611,ollie,tw76175007,臺中市,0pt
4612,omega124563,tw81720302,基隆市,0pt
4613,oneday,tw75636661,高雄市,0pt
4614,only,tw50779434,新北市,0pt
4615,onslz,tw60751515,新竹市,0pt
4616,oolong0326,tw48298004,新北市,0pt
4617,orange-ni,tw98243062,新北市,0pt
4618,ot,tw37239645,新北市,0pt
4619,otakuvillage707,tw25411966,新北市,0pt
4620,outrsses,tw51606628,臺中市,0pt
4621,ozma,tw48706845,新北市,0pt
4622,ozwv,tw81925593,臺北市,0pt
4623,paco,tw61881438,基隆市,0pt
4624,paddy,tw94931781,臺中市,0pt
4625,paipai,tw78228318,桃園市,0pt
4626,path,tw25617046,臺北市,0pt
4627,paulin,tw08649376,臺中市,0pt
4628,pbugbug,tw13292860,臺北市,0pt
4629,pe996821,tw40332857,高雄市,0pt
4630,penny808,tw38011413,宜蘭縣,0pt
4631,peonyc,tw38073465,桃園市,0pt
4632,peter,tw14550284,嘉義市,0pt
4633,petercracker,tw30880209,高雄市,0pt
4634,phantomXjack,tw27136964,臺南市,0pt
4635,pi,tw10164834,新北市,0pt
4636,piea0926,tw60143783,新北市,0pt
4637,pm3141503,tw59572633,桃園市,0pt
4638,poguy01,tw97245020,臺中市,0pt
4639,pretender,tw12775424,新北市,0pt
4640,psyduck0221,tw61324378,屏東縣,0pt
4641,ptcgTurtle,tw44716255,臺北市,0pt
4642,pudding,tw21381909,新北市,0pt
4643,puliniRX,tw82559799,桃園市,0pt
4644,puyopuyo,tw10011644,新北市,0pt
4645,quinlan,tw85840402,新竹縣,0pt
4646,qwert,tw55574214,高雄市,0pt
4647,qweryou1234,tw04803827,臺北市,0pt
4648,r-ray,tw14766029,臺中市,0pt
4649,rabbit50day,tw77581061,嘉義市,0pt
4650,raining1016,tw86514169,臺東縣,0pt
4651,ray,tw22782125,臺北市,0pt
4652,ray0358,tw65585056,高雄市,0pt
4653,raylex,tw40616018,高雄市,0pt
4654,raymond,tw55632611,桃園市,0pt
4655,redbrother,tw05478141,宜蘭縣,0pt
4656,reddoted0620,tw36824056,新北市,0pt
4657,redplus,tw22265219,嘉義縣,0pt
4658,redwatercool,tw09473922,新北市,0pt
4659,rei,tw91882919,高雄市,0pt
4660,rela.x.xy,tw92168083,彰化縣,0pt
4661,relaxing234,tw08047585,新北市,0pt
4662,ren,tw75272956,新北市,0pt
4663,rex0746,tw53263936,新北市,0pt
4664,rockman932,tw37173180,高雄市,0pt
4665,rookieDrew,tw79394728,臺南市,0pt
4666,rui,tw70026738,高雄市,0pt
4667,ruiruiccchang,tw23318408,臺北市,0pt
4668,s902810,tw01455874,高雄市,0pt
4669,safetyno1,tw84778568,臺南市,0pt
4670,sai,tw82725132,新北市,0pt
4671,sai,tw83256073,臺中市,0pt
4672,sai,tw36712780,臺北市,0pt
4673,saito,tw65408957,彰化縣,0pt
4674,saiyaRay,tw36233159,臺中市,0pt
4675,salar123,tw10506016,高雄市,0pt
4676,saxon,tw26094968,桃園市,0pt
4677,scorpius17,tw79739550,桃園市,0pt
4678,scott,tw36418774,新北市,0pt
4679,sdf,tw09373581,苗栗縣,0pt
4680,sean881222,tw25412093,新北市,0pt
4681,seexm,tw71249055,高雄市,0pt
4682,seki,tw00791522,新北市,0pt
4683,seraphim,tw35400743,桃園市,0pt
4684,shadow,tw06217868,臺北市,0pt
4685,shaoan,tw31640949,桃園市,0pt
4686,shark887,tw54293962,屏東縣,0pt
4687,sheep1207,tw69398496,新北市,0pt
4688,sheep_uwu,tw88706128,新北市,0pt
4689,shen17,tw53473673,新北市,0pt
4690,shenghong,tw10557560,新北市,0pt
4691,shichen,tw97773688,新北市,0pt
4692,shine,tw34358536,新北市,0pt
4693,shineeee,tw61332670,新北市,0pt
4694,shiroshiro,tw54471048,臺中市,0pt
4695,shuffelin,tw00942836,桃園市,0pt
4696,shung7812,tw64485582,桃園市,0pt
4697,shuyun,tw57080249,臺北市,0pt
4698,skyblue,tw82349076,新北市,0pt
4699,skytsai,tw08364398,新北市,0pt
4700,sleepiggg,tw99905744,臺北市,0pt
4701,slimetueee,tw26035295,南投縣,0pt
4702,smile23447,tw59959178,新竹市,0pt
4703,snowball,tw34882110,新北市,0pt
4704,snwpud,tw33529762,臺中市,0pt
4705,so,tw82979348,高雄市,0pt
4706,soumu1227,tw30572682,臺中市,0pt
4707,spenser168,tw08922462,新北市,0pt
4708,sposnny,tw94604216,宜蘭縣,0pt
4709,st0213,tw19895160,臺北市,0pt
4710,steelwill,tw02884710,新北市,0pt
4711,steven,tw76517279,宜蘭縣,0pt
4712,steven,tw33135746,臺北市,0pt
4713,stone431145,tw10175566,高雄市,0pt
4714,stussy9092,tw85705851,基隆市,0pt
4715,sula,tw23011174,臺中市,0pt
4716,summer,tw17647409,臺中市,0pt
4717,sunder,tw54507017,桃園市,0pt
4718,sundream,tw79420213,臺中市,0pt
4719,sxl,tw99890645,臺南市,0pt
4720,tacotaco,tw63432602,新北市,0pt
4721,taiwaneseheadache,tw27051062,南投縣,0pt
4722,teddy940126,tw74343825,桃園市,0pt
4723,thesun,tw25801057,臺中市,0pt
4724,tiantyong,tw15667939,新北市,0pt
4725,timhuang0913,tw91314628,臺北市,0pt
4726,timmy,tw45597485,臺中市,0pt
4727,timrep,tw30999844,新北市,0pt
4728,ting,tw06934755,新北市,0pt
4729,ting,tw48557484,新北市,0pt
4730,ting0105,tw67117888,新北市,0pt
4731,tony,tw41440453,新北市,0pt
4732,tooler116,tw96651592,桃園市,0pt
4733,toro,tw50812188,新北市,0pt
4734,toshimiller,tw58337201,新北市,0pt
4735,trevor1129,tw61190400,臺北市,0pt
4736,trikcymonkey,tw07673554,臺南市,0pt
4737,tsunugi,tw69909046,臺北市,0pt
4738,tung1101,tw21025631,臺北市,0pt
4739,twgo,tw11179021,臺南市,0pt
4740,twh,tw47402742,臺北市,0pt
4741,umineko,tw36500607,高雄市,0pt
4742,uu,tw66035170,臺北市,0pt
4743,uwe,tw37131934,新北市,0pt
4744,virb,tw32558850,新竹縣,0pt
4745,w0266w,tw38141890,新北市,0pt
4746,w443719,tw78372085,金門縣,0pt
4747,wafan,tw32921148,新北市,0pt
4748,waterbaby,tw41070355,新北市,0pt
4749,wax,tw17320371,臺北市,0pt
4750,weber,tw95364634,臺北市,0pt
4751,wednes46,tw28964635,桃園市,0pt
4752,wei,tw60683742,新北市,0pt
4753,wei,tw33709328,臺北市,0pt
4754,weiii,tw49607119,彰化縣,0pt
4755,weiwei,tw31888140,彰化縣,0pt
4756,wendy,tw12797187,新北市,0pt
4757,wenkang,tw33918985,高雄市,0pt
4758,whiteins0409,tw52240838,臺中市,0pt
4759,whs410376,tw60445483,臺中市,0pt
4760,willchen,tw07753694,臺南市,0pt
4761,willy,tw97726318,彰化縣,0pt
4762,willy,tw17712093,臺北市,0pt
4763,wine,tw31279242,新北市,0pt
4764,winhuang,tw01292779,桃園市,0pt
4765,wizii,tw05991950,新北市,0pt
4766,woohoowasay,tw80599038,高雄市,0pt
4767,wper202,tw70812150,高雄市,0pt
4768,wpizza,tw12356663,新竹縣,0pt
4769,writer847,tw53022291,臺中市,0pt
4770,wsx2348,tw90896278,新北市,0pt
4771,wunmin,tw90188682,屏東縣,0pt
4772,wuyan,tw44136398,臺中市,0pt
4773,wy,tw10456232,臺中市,0pt
4774,xeroxdd,tw04780608,新北市,0pt
4775,xiang,tw58278997,南投縣,0pt
4776,xiaodro,tw84462905,臺南市,0pt
4777,ximen,tw72487431,宜蘭縣,0pt
4778,xin,tw11206528,新北市,0pt
4779,xiouyi,tw64041902,高雄市,0pt
4780,xixi,tw82806960,新北市,0pt
4781,xttk,tw45133180,新北市,0pt
4782,xue09870987,tw43025906,屏東縣,0pt
4783,xzw,tw89440874,新竹縣,0pt
4784,yang,tw20352899,桃園市,0pt
4785,yang,tw95551448,桃園市,0pt
4786,yangshan,tw12393056,嘉義市,0pt
4787,yangyang,tw00026251,新北市,0pt
4788,yarima,tw38400660,新北市,0pt
4789,yaya,tw90337772,桃園市,0pt
4790,yaya5566,tw76228961,新北市,0pt
4791,yc_hao,tw61746043,高雄市,0pt
4792,ycu9658721,tw36464957,新北市,0pt
4793,ye_ptcg,tw12807447,宜蘭縣,0pt
4794,yeeee,tw16733519,臺北市,0pt
4795,yehwch,tw03969015,新北市,0pt
4796,yen,tw21586850,新北市,0pt
4797,yhlou,tw36620429,臺北市,0pt
4798,yiai,tw35175803,桃園市,0pt
4799,yichia,tw92076138,臺北市,0pt
4800,ying.shijieh,tw40185782,新北市,0pt
4801,ymca,tw73169074,桃園市,0pt
4802,yoho,tw91119905,臺中市,0pt
4803,yonari,tw36819766,宜蘭縣,0pt
4804,yooo,tw16237500,宜蘭縣,0pt
4805,youlan,tw29828585,新北市,0pt
4806,your_best_brother_Ns,tw05999417,新竹市,0pt
4807,yourback,tw46652543,新北市,0pt
4808,yoyo,tw52553065,臺北市,0pt
4809,yoyo!ya,tw22374781,高雄市,0pt
4810,yu,tw18697766,臺北市,0pt
4811,yu611273,tw38454337,宜蘭縣,0pt
4812,yuDic,tw53522133,桃園市,0pt
4813,yueh220,tw64054412,新北市,0pt
4814,yukionna,tw11019793,新竹縣,0pt
4815,yun._del,tw08094389,新北市,0pt
4816,yuu,tw04468864,彰化縣,0pt
4817,yuuna,tw80863041,臺中市,0pt
4818,yuzuhari,tw97643344,臺中市,0pt
4819,yzai,tw54660748,臺北市,0pt
4820,z0789654,tw24179179,臺南市,0pt
4821,zabauu,tw47749326,新北市,0pt
4822,zack,tw01667695,臺中市,0pt
4823,zero,tw48621091,桃園市,0pt
4824,zeroqwer,tw52870596,新竹市,0pt
4825,zhangyongzhi,tw92097716,彰化縣,0pt
4826,zhekai,tw28460345,新北市,0pt
4827,zhi,tw32603431,新北市,0pt
4828,zin35,tw46069771,臺南市,0pt
4829,zwen,tw38739331,高雄市,0pt
4830,zxc987zxc999,tw51066551,高雄市,0pt
4831,zzz,tw16802318,新北市,0pt
4832,zzzheng,tw29953189,臺南市,0pt
4833,~.~,tw39397843,桃園市,0pt
4834,丁丁,tw25145671,臺北市,0pt
4835,不敗傳說,tw56193071,臺北市,0pt
4836,二弟,tw25601177,新竹市,0pt
4837,亞次圓,tw73215185,新北市,0pt
4838,享玩_魯諾,tw12776865,桃園市,0pt
4839,信義阿肥,tw75845877,臺北市,0pt
4840,允,tw09158831,臺北市,0pt
4841,冬瓜,tw21008477,高雄市,0pt
4842,凱心,tw71507730,新北市,0pt
4843,卡布Kabu,tw41542167,新北市,0pt
4844,卡比爸爸,tw60460291,臺南市,0pt
4845,吃飽了,tw92050156,桃園市,0pt
4846,坦寶寶,tw39280306,新北市,0pt
4847,塔普卡同好會_JosephPu,tw77331934,新竹縣,0pt
4848,大力丸,tw85060196,新北市,0pt
4849,大鋁鋼笨蛋,tw24451996,新北市,0pt
4850,好食g赤山店雞排50不切不辣,tw27761176,高雄市,0pt
4851,宇翔,tw94073966,新北市,0pt
4852,安安,tw35887197,嘉義縣,0pt
4853,小海豹,tw53915467,臺北市,0pt
4854,小貓mo,tw79353243,南投縣,0pt
4855,小黃Akira,tw99383451,臺中市,0pt
4856,布丁,tw91086889,臺北市,0pt
4857,我是ZJ,tw60812541,臺北市,0pt
4858,捌捌溜_EncoreLee,tw64046128,新北市,0pt
4859,捲,tw74356695,臺北市,0pt
4860,早安,tw78930739,澎湖縣,0pt
4861,星龍SDron,tw33796974,高雄市,0pt
4862,晟安,tw41660489,基隆市,0pt
4863,曾俊達,tw14237925,臺南市,0pt
4864,曾曾曾,tw35859702,臺北市,0pt
4865,木守宮,tw31647005,臺北市,0pt
4866,朱柏睿,tw89431822,臺北市,0pt
4867,李阿志,tw58844697,基隆市,0pt
4868,榮海,tw66816512,臺北市,0pt
4869,歐窩的天啊太爽了我的名字可以取二十個字ㄟ,tw63927870,臺中市,0pt
4870,沼王,tw01563582,花蓮縣,0pt
4871,流水纏花 花隨風走,tw25411458,新北市,0pt
4872,海豹,tw97031537,臺北市,0pt
4873,牛肉麵,tw35477925,新竹市,0pt
4874,瓜仔,tw61598490,苗栗縣,0pt
4875,睡不飽,tw47693930,臺北市,0pt
4876,翰弟,tw77798178,宜蘭縣,0pt
4877,臭泥葉,tw02568150,新北市,0pt
4878,谷安,tw55886221,臺中市,0pt
4879,軒汶,tw27303700,桃園市,0pt
4880,達克萊伊訓練家,tw85165329,嘉義市,0pt
4881,邱B,tw92363566,新北市,0pt
4882,醜醜余,tw21142224,臺中市,0pt
4883,開放賽好好玩,tw00753115,臺北市,0pt
4884,阿嚕咪,tw79957434,高雄市,0pt
4885,阿芸,tw57006873,桃園市,0pt
4886,陳維彬,tw26381393,臺北市,0pt
4887,陶阿達雷尼卡布奇諾香蕉泥巴 小黃瓜三世,tw95570205,新北市,0pt
4888,霜月,tw14726815,高雄市,0pt
4889,駱建廷,tw24905766,新竹市,0pt
4890,高雄8包中出克拉拉SRx2,tw25265233,高雄市,0pt
4891,鯊魚,tw24374388,桃園市,0pt
4892,龍音,tw11110118,新北市,0pt
