record_type,round,page_index,table_no,player_no,player_id,player_name,player_score,opponent_id,opponent_name,opponent_score,rank,total_score,omw_pct,wo_score,avomw_pct
round_pairing,Round 1,1,155,1,tw00026251,,,tw78866457,,,,,,,
round_pairing,Round 1,1,393,2,tw00106184,,,tw36747145,,,,,,,
round_pairing,Round 1,1,126,3,tw00114747,,,tw90996252,,,,,,,
round_pairing,Round 1,1,292,4,tw00162182,,,tw88117485,,,,,,,
round_pairing,Round 1,1,411,5,tw00181149,,,tw02597386,,,,,,,
round_pairing,Round 1,1,43,6,tw00387540,,,tw17003070,,,,,,,
round_pairing,Round 1,1,32,7,tw00531440,,,tw77606795,,,,,,,
round_pairing,Round 1,1,31,8,tw00572856,,,tw48294785,,,,,,,
round_pairing,Round 1,1,469,10,tw00787146,,,tw41523616,,,,,,,
round_pairing,Round 1,1,314,11,tw00831574,,,tw42455002,,,,,,,
round_pairing,Round 1,1,293,12,tw00918141,,,tw45371614,,,,,,,
round_pairing,Round 1,1,364,13,tw00968448,,,tw97370246,,,,,,,
round_pairing,Round 1,1,87,14,tw00976968,,,tw42204590,,,,,,,
round_pairing,Round 1,1,318,15,tw01014532,,,tw99241716,,,,,,,
round_pairing,Round 1,1,288,16,tw01024875,,,tw92986536,,,,,,,
round_pairing,Round 1,1,428,17,tw01150243,,,tw85060196,,,,,,,
round_pairing,Round 1,1,351,18,tw01478107,,,tw66588143,,,,,,,
round_pairing,Round 1,1,310,19,tw01909140,,,tw46002856,,,,,,,
round_pairing,Round 1,1,101,20,tw02002019,,,tw29121960,,,,,,,
round_pairing,Round 1,1,184,21,tw02105248,,,tw13624938,,,,,,,
round_pairing,Round 1,1,1,22,tw02172047,,,tw80521031,,,,,,,
round_pairing,Round 1,1,230,23,tw02211815,,,tw92466220,,,,,,,
round_pairing,Round 1,1,165,24,tw02559687,,,tw17401165,,,,,,,
round_pairing,Round 1,1,411,25,tw02597386,,,tw00181149,,,,,,,
round_pairing,Round 1,1,241,26,tw02826499,,,tw77877383,,,,,,,
round_pairing,Round 1,1,394,27,tw02856732,,,tw51147332,,,,,,,
round_pairing,Round 1,1,28,28,tw02920125,,,tw62529006,,,,,,,
round_pairing,Round 1,1,299,29,tw02991787,,,tw75091640,,,,,,,
round_pairing,Round 1,1,262,30,tw03094722,,,tw20835300,,,,,,,
round_pairing,Round 1,1,25,31,tw03168456,,,tw38703886,,,,,,,
round_pairing,Round 1,1,450,32,tw03193944,,,tw27419844,,,,,,,
round_pairing,Round 1,1,470,33,tw03226408,,,tw66992460,,,,,,,
round_pairing,Round 1,1,357,34,tw03376553,,,tw97807535,,,,,,,
round_pairing,Round 1,1,404,35,tw03469638,,,tw21922568,,,,,,,
round_pairing,Round 1,1,66,36,tw03472100,,,tw39185310,,,,,,,
round_pairing,Round 1,1,424,37,tw03539566,,,tw72174151,,,,,,,
round_pairing,Round 1,1,59,39,tw03610134,,,tw24261609,,,,,,,
round_pairing,Round 1,1,395,40,tw04057117,,,tw67759215,,,,,,,
round_pairing,Round 1,1,254,41,tw04057494,,,tw04156058,,,,,,,
round_pairing,Round 1,1,89,42,tw04061481,,,tw32240000,,,,,,,
round_pairing,Round 1,1,488,43,tw04086904,,,tw93529525,,,,,,,
round_pairing,Round 1,1,98,44,tw04119157,,,tw79411276,,,,,,,
round_pairing,Round 1,1,254,45,tw04156058,,,tw04057494,,,,,,,
round_pairing,Round 1,1,240,46,tw04255506,,,tw29731640,,,,,,,
round_pairing,Round 1,1,383,47,tw04457744,,,tw33785925,,,,,,,
round_pairing,Round 1,1,436,48,tw04461037,,,tw86700066,,,,,,,
round_pairing,Round 1,1,448,49,tw04552155,,,tw22529091,,,,,,,
round_pairing,Round 1,1,425,50,tw04566463,,,tw61986785,,,,,,,
round_pairing,Round 1,1,34,51,tw04713199,,,tw19393681,,,,,,,
round_pairing,Round 1,1,177,52,tw04797990,,,tw99008736,,,,,,,
round_pairing,Round 1,2,397,53,tw04959593,,,tw67665108,,,,,,,
round_pairing,Round 1,2,400,54,tw05130167,,,tw59548820,,,,,,,
round_pairing,Round 1,2,145,55,tw05182930,,,tw77928028,,,,,,,
round_pairing,Round 1,2,432,56,tw05197795,,,tw93076075,,,,,,,
round_pairing,Round 1,2,275,57,tw05207217,,,tw48889969,,,,,,,
round_pairing,Round 1,2,8,58,tw05246772,,,tw25411458,,,,,,,
round_pairing,Round 1,2,151,59,tw05270520,,,tw18468179,,,,,,,
round_pairing,Round 1,2,182,60,tw05399034,,,tw55359182,,,,,,,
round_pairing,Round 1,2,236,61,tw05908621,,,tw97138451,,,,,,,
round_pairing,Round 1,2,269,62,tw05914722,,,tw57196950,,,,,,,
round_pairing,Round 1,2,323,63,tw05980017,,,tw25201840,,,,,,,
round_pairing,Round 1,2,290,64,tw06072288,,,tw78965793,,,,,,,
round_pairing,Round 1,2,285,65,tw06147611,,,tw25684532,,,,,,,
round_pairing,Round 1,2,245,66,tw06225308,,,tw84386196,,,,,,,
round_pairing,Round 1,2,499,67,tw06393443,,,tw47077924,,,,,,,
round_pairing,Round 1,2,401,68,tw06441088,,,tw68135684,,,,,,,
round_pairing,Round 1,2,246,69,tw06554451,,,tw77206748,,,,,,,
round_pairing,Round 1,2,119,70,tw06911704,,,tw38153478,,,,,,,
round_pairing,Round 1,2,107,71,tw06996284,,,tw12331692,,,,,,,
round_pairing,Round 1,2,336,72,tw07020662,,,tw35995465,,,,,,,
round_pairing,Round 1,2,11,73,tw07182365,,,tw87901293,,,,,,,
round_pairing,Round 1,2,320,74,tw07329342,,,tw42186430,,,,,,,
round_pairing,Round 1,2,276,75,tw07410887,,,tw10467123,,,,,,,
round_pairing,Round 1,2,255,76,tw07460167,,,tw22007891,,,,,,,
round_pairing,Round 1,2,46,77,tw07615948,,,tw20707479,,,,,,,
round_pairing,Round 1,2,492,78,tw07927124,,,tw70892972,,,,,,,
round_pairing,Round 1,2,440,80,tw08615728,,,tw37870020,,,,,,,
round_pairing,Round 1,2,132,81,tw08740331,,,tw51610329,,,,,,,
round_pairing,Round 1,2,422,82,tw08814300,,,tw78077476,,,,,,,
round_pairing,Round 1,2,118,83,tw08876514,,,tw30267620,,,,,,,
round_pairing,Round 1,2,379,84,tw08969542,,,tw96387195,,,,,,,
round_pairing,Round 1,2,302,85,tw09194772,,,tw24845900,,,,,,,
round_pairing,Round 1,2,423,86,tw09225948,,,tw58781969,,,,,,,
round_pairing,Round 1,2,185,87,tw09239240,,,tw16569141,,,,,,,
round_pairing,Round 1,2,317,89,tw09468385,,,tw28510545,,,,,,,
round_pairing,Round 1,2,392,90,tw09480115,,,tw24694611,,,,,,,
round_pairing,Round 1,2,303,91,tw09490592,,,tw84048586,,,,,,,
round_pairing,Round 1,2,235,92,tw09503218,,,tw17543456,,,,,,,
round_pairing,Round 1,2,443,93,tw09574160,,,tw18850000,,,,,,,
round_pairing,Round 1,2,418,94,tw09704151,,,tw59471628,,,,,,,
round_pairing,Round 1,2,431,95,tw09772052,,,tw93020902,,,,,,,
round_pairing,Round 1,2,382,96,tw09914156,,,tw69848771,,,,,,,
round_pairing,Round 1,2,70,97,tw09964738,,,tw51405069,,,,,,,
round_pairing,Round 1,2,326,98,tw10304280,,,tw96909333,,,,,,,
round_pairing,Round 1,2,368,99,tw10410998,,,tw86056382,,,,,,,
round_pairing,Round 1,2,276,100,tw10467123,,,tw07410887,,,,,,,
round_pairing,Round 1,2,479,101,tw10700633,,,tw77798178,,,,,,,
round_pairing,Round 1,2,42,102,tw11015212,,,tw18237771,,,,,,,
round_pairing,Round 1,2,193,104,tw11292760,,,tw65741542,,,,,,,
round_pairing,Round 1,2,105,105,tw11498239,,,tw27568465,,,,,,,
round_pairing,Round 1,3,183,106,tw11499785,,,tw24423291,,,,,,,
round_pairing,Round 1,3,37,107,tw11570874,,,tw18906406,,,,,,,
round_pairing,Round 1,3,206,108,tw11612248,,,tw64656626,,,,,,,
round_pairing,Round 1,3,330,109,tw11642031,,,tw89343025,,,,,,,
round_pairing,Round 1,3,412,110,tw11739209,,,tw32364107,,,,,,,
round_pairing,Round 1,3,90,111,tw12035691,,,tw95198982,,,,,,,
round_pairing,Round 1,3,166,114,tw12363623,,,tw26839664,,,,,,,
round_pairing,Round 1,3,280,115,tw12573104,,,tw33820039,,,,,,,
round_pairing,Round 1,3,229,116,tw12769027,,,tw53540804,,,,,,,
round_pairing,Round 1,3,456,118,tw13090534,,,tw18458528,,,,,,,
round_pairing,Round 1,3,250,119,tw13120137,,,tw23209128,,,,,,,
round_pairing,Round 1,3,231,120,tw13174665,,,tw81291690,,,,,,,
round_pairing,Round 1,3,464,121,tw13224458,,,tw53446977,,,,,,,
round_pairing,Round 1,3,270,122,tw13229345,,,tw52595130,,,,,,,
round_pairing,Round 1,3,333,123,tw13298067,,,tw38080173,,,,,,,
round_pairing,Round 1,3,334,124,tw13312253,,,tw81060661,,,,,,,
round_pairing,Round 1,3,181,125,tw13434296,,,tw47117803,,,,,,,
round_pairing,Round 1,3,205,126,tw13454619,,,tw63395911,,,,,,,
round_pairing,Round 1,3,321,127,tw13462937,,,tw27758570,,,,,,,
round_pairing,Round 1,3,129,128,tw13569448,,,tw56416986,,,,,,,
round_pairing,Round 1,3,184,129,tw13624938,,,tw02105248,,,,,,,
round_pairing,Round 1,3,304,130,tw13638158,,,tw29821490,,,,,,,
round_pairing,Round 1,3,446,131,tw13779097,,,tw49045992,,,,,,,
round_pairing,Round 1,3,203,132,tw13786805,,,tw18844404,,,,,,,
round_pairing,Round 1,3,459,133,tw13830995,,,tw37173355,,,,,,,
round_pairing,Round 1,3,429,134,tw13965222,,,tw76309421,,,,,,,
round_pairing,Round 1,3,86,135,tw14005529,,,tw95261451,,,,,,,
round_pairing,Round 1,3,384,136,tw14152067,,,tw23249034,,,,,,,
round_pairing,Round 1,3,378,137,tw14181070,,,tw62984443,,,,,,,
round_pairing,Round 1,3,100,138,tw14489518,,,tw93858918,,,,,,,
round_pairing,Round 1,3,242,139,tw14618138,,,tw73911906,,,,,,,
round_pairing,Round 1,3,65,140,tw14651059,,,tw93829445,,,,,,,
round_pairing,Round 1,3,501,141,tw14710630,,,,,,,,,,
round_pairing,Round 1,3,257,142,tw14788730,,,tw99373374,,,,,,,
round_pairing,Round 1,3,427,143,tw14910247,,,tw72464013,,,,,,,
round_pairing,Round 1,3,380,144,tw15023289,,,tw65483922,,,,,,,
round_pairing,Round 1,3,162,145,tw15026318,,,tw52301948,,,,,,,
round_pairing,Round 1,3,33,146,tw15028008,,,tw48357143,,,,,,,
round_pairing,Round 1,3,447,147,tw15173588,,,tw49388371,,,,,,,
round_pairing,Round 1,3,373,148,tw15392207,,,tw83905127,,,,,,,
round_pairing,Round 1,3,467,149,tw15435377,,,tw56240698,,,,,,,
round_pairing,Round 1,3,474,150,tw15475553,,,tw25634182,,,,,,,
round_pairing,Round 1,3,457,151,tw15533641,,,tw24570904,,,,,,,
round_pairing,Round 1,3,381,152,tw15712728,,,tw95566595,,,,,,,
round_pairing,Round 1,3,468,155,tw16132632,,,tw47478004,,,,,,,
round_pairing,Round 1,3,346,156,tw16152234,,,tw72776789,,,,,,,
round_pairing,Round 1,3,4,157,tw16276326,,,tw92891852,,,,,,,
round_pairing,Round 1,3,2,158,tw16526802,,,tw62315993,,,,,,,
round_pairing,Round 1,3,185,159,tw16569141,,,tw09239240,,,,,,,
round_pairing,Round 1,3,328,160,tw16621728,,,tw66961355,,,,,,,
round_pairing,Round 1,4,286,161,tw16728082,,,tw09152496,,,,,,,
round_pairing,Round 1,4,149,162,tw16903663,,,tw69628359,,,,,,,
round_pairing,Round 1,4,99,163,tw16965198,,,tw59096586,,,,,,,
round_pairing,Round 1,4,43,164,tw17003070,,,tw00387540,,,,,,,
round_pairing,Round 1,4,345,165,tw17095405,,,tw08457807,,,,,,,
round_pairing,Round 1,4,253,166,tw17108307,,,tw56336073,,,,,,,
round_pairing,Round 1,4,223,167,tw17203659,,,tw28179733,,,,,,,
round_pairing,Round 1,4,38,169,tw17453360,,,tw22699669,,,,,,,
round_pairing,Round 1,4,352,170,tw17488993,,,tw70891974,,,,,,,
round_pairing,Round 1,4,235,171,tw17543456,,,tw09503218,,,,,,,
round_pairing,Round 1,4,215,172,tw17745432,,,tw93999361,,,,,,,
round_pairing,Round 1,4,227,173,tw17748447,,,tw70903147,,,,,,,
round_pairing,Round 1,4,221,174,tw17830710,,,tw30898169,,,,,,,
round_pairing,Round 1,4,311,175,tw18243923,,,tw76039193,,,,,,,
round_pairing,Round 1,4,194,176,tw18276049,,,tw69848864,,,,,,,
round_pairing,Round 1,4,385,177,tw18412271,,,tw31401549,,,,,,,
round_pairing,Round 1,4,157,178,tw18429175,,,tw74033297,,,,,,,
round_pairing,Round 1,4,151,179,tw18468179,,,tw05270520,,,,,,,
round_pairing,Round 1,4,435,180,tw18638755,,,tw40682117,,,,,,,
round_pairing,Round 1,4,82,181,tw18641143,,,tw70591612,,,,,,,
round_pairing,Round 1,4,256,182,tw18676231,,,tw66134077,,,,,,,
round_pairing,Round 1,4,203,183,tw18844404,,,tw13786805,,,,,,,
round_pairing,Round 1,4,443,184,tw18850000,,,tw09574160,,,,,,,
round_pairing,Round 1,4,37,185,tw18906406,,,tw11570874,,,,,,,
round_pairing,Round 1,4,125,186,tw19234685,,,tw40135779,,,,,,,
round_pairing,Round 1,4,167,187,tw19291467,,,tw22969264,,,,,,,
round_pairing,Round 1,4,284,188,tw19377792,,,tw77699656,,,,,,,
round_pairing,Round 1,4,34,189,tw19393681,,,tw04713199,,,,,,,
round_pairing,Round 1,4,402,190,tw19640601,,,tw43700622,,,,,,,
round_pairing,Round 1,4,127,192,tw20156409,,,tw44127879,,,,,,,
round_pairing,Round 1,4,342,193,tw20368538,,,tw76925363,,,,,,,
round_pairing,Round 1,4,265,194,tw20375005,,,tw33985444,,,,,,,
round_pairing,Round 1,4,46,195,tw20707479,,,tw07615948,,,,,,,
round_pairing,Round 1,4,139,196,tw20730540,,,tw25571112,,,,,,,
round_pairing,Round 1,4,262,197,tw20835300,,,tw03094722,,,,,,,
round_pairing,Round 1,4,186,199,tw21543308,,,tw51489284,,,,,,,
round_pairing,Round 1,4,76,200,tw21820105,,,tw57531941,,,,,,,
round_pairing,Round 1,4,404,201,tw21922568,,,tw03469638,,,,,,,
round_pairing,Round 1,4,255,202,tw22007891,,,tw07460167,,,,,,,
round_pairing,Round 1,4,417,203,tw22183935,,,tw93786634,,,,,,,
round_pairing,Round 1,4,158,204,tw22214921,,,tw41013727,,,,,,,
round_pairing,Round 1,4,375,205,tw22261784,,,tw36167036,,,,,,,
round_pairing,Round 1,4,300,206,tw22301558,,,tw38743212,,,,,,,
round_pairing,Round 1,4,448,207,tw22529091,,,tw04552155,,,,,,,
round_pairing,Round 1,4,174,208,tw22611326,,,tw86681382,,,,,,,
round_pairing,Round 1,4,38,209,tw22699669,,,tw17453360,,,,,,,
round_pairing,Round 1,4,478,210,tw22807189,,,tw33544977,,,,,,,
round_pairing,Round 1,4,167,211,tw22969264,,,tw19291467,,,,,,,
round_pairing,Round 1,4,195,212,tw22979539,,,tw46798799,,,,,,,
round_pairing,Round 1,4,250,213,tw23209128,,,tw13120137,,,,,,,
round_pairing,Round 1,5,200,214,tw23226571,,,tw33002183,,,,,,,
round_pairing,Round 1,5,384,215,tw23249034,,,tw14152067,,,,,,,
round_pairing,Round 1,5,408,216,tw23540064,,,tw26528058,,,,,,,
round_pairing,Round 1,5,224,217,tw23649439,,,tw91627311,,,,,,,
round_pairing,Round 1,5,482,218,tw23712439,,,tw81389651,,,,,,,
round_pairing,Round 1,5,180,219,tw23730146,,,tw82756336,,,,,,,
round_pairing,Round 1,5,237,220,tw23764220,,,tw83606083,,,,,,,
round_pairing,Round 1,5,399,221,tw24144676,,,tw27395288,,,,,,,
round_pairing,Round 1,5,305,222,tw24207778,,,tw41609662,,,,,,,
round_pairing,Round 1,5,396,223,tw24266071,,,tw88521370,,,,,,,
round_pairing,Round 1,5,183,225,tw24423291,,,tw11499785,,,,,,,
round_pairing,Round 1,5,144,226,tw24459657,,,tw66740844,,,,,,,
round_pairing,Round 1,5,457,227,tw24570904,,,tw15533641,,,,,,,
round_pairing,Round 1,5,252,228,tw24708906,,,tw66459371,,,,,,,
round_pairing,Round 1,5,77,229,tw24742864,,,tw82263693,,,,,,,
round_pairing,Round 1,5,222,230,tw24854365,,,tw44207012,,,,,,,
round_pairing,Round 1,5,154,231,tw24928885,,,tw74641243,,,,,,,
round_pairing,Round 1,5,104,232,tw25000553,,,tw87745948,,,,,,,
round_pairing,Round 1,5,102,234,tw25188472,,,tw35707148,,,,,,,
round_pairing,Round 1,5,323,235,tw25201840,,,tw05980017,,,,,,,
round_pairing,Round 1,5,204,236,tw25336636,,,tw27017315,,,,,,,
round_pairing,Round 1,5,8,237,tw25411458,,,tw05246772,,,,,,,
round_pairing,Round 1,5,187,238,tw25488947,,,tw69219642,,,,,,,
round_pairing,Round 1,5,274,239,tw25559677,,,tw69971650,,,,,,,
round_pairing,Round 1,5,139,240,tw25571112,,,tw20730540,,,,,,,
round_pairing,Round 1,5,474,241,tw25634182,,,tw15475553,,,,,,,
round_pairing,Round 1,5,285,242,tw25684532,,,tw06147611,,,,,,,
round_pairing,Round 1,5,141,243,tw25974925,,,tw63343435,,,,,,,
round_pairing,Round 1,5,97,244,tw26020639,,,tw71559250,,,,,,,
round_pairing,Round 1,5,408,246,tw26528058,,,tw23540064,,,,,,,
round_pairing,Round 1,5,502,247,tw26529339,,,,,,,,,,
round_pairing,Round 1,5,445,248,tw26670105,,,tw48962901,,,,,,,
round_pairing,Round 1,5,166,249,tw26839664,,,tw12363623,,,,,,,
round_pairing,Round 1,5,315,250,tw26953449,,,tw67716132,,,,,,,
round_pairing,Round 1,5,204,251,tw27017315,,,tw25336636,,,,,,,
round_pairing,Round 1,5,168,252,tw27308734,,,tw66943412,,,,,,,
round_pairing,Round 1,5,360,253,tw27347873,,,tw89811739,,,,,,,
round_pairing,Round 1,5,399,254,tw27395288,,,tw24144676,,,,,,,
round_pairing,Round 1,5,450,255,tw27419844,,,tw03193944,,,,,,,
round_pairing,Round 1,5,30,256,tw27495272,,,tw46423373,,,,,,,
round_pairing,Round 1,5,105,257,tw27568465,,,tw11498239,,,,,,,
round_pairing,Round 1,5,220,258,tw27673402,,,tw46738666,,,,,,,
round_pairing,Round 1,5,140,260,tw27736985,,,tw48512422,,,,,,,
round_pairing,Round 1,5,272,261,tw27802821,,,tw60794190,,,,,,,
round_pairing,Round 1,5,153,262,tw27817384,,,tw83751916,,,,,,,
round_pairing,Round 1,5,78,263,tw27943796,,,tw88706430,,,,,,,
round_pairing,Round 1,5,117,265,tw28101734,,,tw50858481,,,,,,,
round_pairing,Round 1,5,223,266,tw28179733,,,tw17203659,,,,,,,
round_pairing,Round 1,5,347,267,tw28193746,,,tw91594481,,,,,,,
round_pairing,Round 1,5,239,268,tw28285341,,,tw80267696,,,,,,,
round_pairing,Round 1,6,442,269,tw28495767,,,tw85067465,,,,,,,
round_pairing,Round 1,6,317,270,tw28510545,,,tw09468385,,,,,,,
round_pairing,Round 1,6,409,271,tw28672728,,,tw37158463,,,,,,,
round_pairing,Round 1,6,49,272,tw28728192,,,tw69663505,,,,,,,
round_pairing,Round 1,6,95,273,tw28750216,,,tw36782228,,,,,,,
round_pairing,Round 1,6,106,274,tw28988843,,,tw55570972,,,,,,,
round_pairing,Round 1,6,101,275,tw29121960,,,tw02002019,,,,,,,
round_pairing,Round 1,6,115,276,tw29372557,,,tw45404381,,,,,,,
round_pairing,Round 1,6,56,277,tw29377361,,,tw29518941,,,,,,,
round_pairing,Round 1,6,138,278,tw29404493,,,tw88178510,,,,,,,
round_pairing,Round 1,6,56,279,tw29518941,,,tw29377361,,,,,,,
round_pairing,Round 1,6,489,280,tw29536370,,,tw61895092,,,,,,,
round_pairing,Round 1,6,240,281,tw29731640,,,tw04255506,,,,,,,
round_pairing,Round 1,6,304,282,tw29821490,,,tw13638158,,,,,,,
round_pairing,Round 1,6,281,283,tw30236831,,,tw61600644,,,,,,,
round_pairing,Round 1,6,92,284,tw30379002,,,tw51756189,,,,,,,
round_pairing,Round 1,6,415,285,tw30419396,,,tw62599498,,,,,,,
round_pairing,Round 1,6,221,287,tw30898169,,,tw17830710,,,,,,,
round_pairing,Round 1,6,39,288,tw30959627,,,tw98129328,,,,,,,
round_pairing,Round 1,6,148,289,tw30976792,,,tw68822994,,,,,,,
round_pairing,Round 1,6,120,290,tw30998847,,,tw85855405,,,,,,,
round_pairing,Round 1,6,57,291,tw31279242,,,tw59649267,,,,,,,
round_pairing,Round 1,6,68,292,tw31422118,,,tw44344603,,,,,,,
round_pairing,Round 1,6,484,294,tw31941216,,,tw69576075,,,,,,,
round_pairing,Round 1,6,217,295,tw31949622,,,tw82751826,,,,,,,
round_pairing,Round 1,6,213,296,tw32141014,,,tw73106123,,,,,,,
round_pairing,Round 1,6,191,297,tw32167594,,,tw52951111,,,,,,,
round_pairing,Round 1,6,63,298,tw32214798,,,tw98649601,,,,,,,
round_pairing,Round 1,6,89,299,tw32240000,,,tw04061481,,,,,,,
round_pairing,Round 1,6,412,300,tw32364107,,,tw11739209,,,,,,,
round_pairing,Round 1,6,110,301,tw32647589,,,tw50239297,,,,,,,
round_pairing,Round 1,6,369,302,tw32722359,,,tw97135519,,,,,,,
round_pairing,Round 1,6,196,303,tw32893143,,,tw48927744,,,,,,,
round_pairing,Round 1,6,19,304,tw32907703,,,tw46020620,,,,,,,
round_pairing,Round 1,6,454,305,tw32921509,,,tw55098015,,,,,,,
round_pairing,Round 1,6,114,306,tw32950344,,,tw69685808,,,,,,,
round_pairing,Round 1,6,200,307,tw33002183,,,tw23226571,,,,,,,
round_pairing,Round 1,6,80,308,tw33005835,,,tw33881781,,,,,,,
round_pairing,Round 1,6,289,309,tw33097520,,,tw95954871,,,,,,,
round_pairing,Round 1,6,26,310,tw33274690,,,tw97546030,,,,,,,
round_pairing,Round 1,6,478,311,tw33544977,,,tw22807189,,,,,,,
round_pairing,Round 1,6,273,312,tw33742727,,,tw56605426,,,,,,,
round_pairing,Round 1,6,383,313,tw33785925,,,tw04457744,,,,,,,
round_pairing,Round 1,6,391,314,tw33811608,,,tw85516442,,,,,,,
round_pairing,Round 1,6,280,315,tw33820039,,,tw12573104,,,,,,,
round_pairing,Round 1,6,45,316,tw33852575,,,tw82559799,,,,,,,
round_pairing,Round 1,6,80,317,tw33881781,,,tw33005835,,,,,,,
round_pairing,Round 1,6,271,318,tw33884578,,,tw89040038,,,,,,,
round_pairing,Round 1,6,265,319,tw33985444,,,tw20375005,,,,,,,
round_pairing,Round 1,6,60,320,tw34396906,,,tw58835877,,,,,,,
round_pairing,Round 1,7,426,322,tw34953027,,,tw41731352,,,,,,,
round_pairing,Round 1,7,175,323,tw35187586,,,tw82556653,,,,,,,
round_pairing,Round 1,7,259,324,tw35246471,,,tw57612114,,,,,,,
round_pairing,Round 1,7,350,325,tw35360901,,,tw76258268,,,,,,,
round_pairing,Round 1,7,331,326,tw35416653,,,tw50702110,,,,,,,
round_pairing,Round 1,7,208,327,tw35684617,,,tw95656910,,,,,,,
round_pairing,Round 1,7,441,328,tw35693064,,,tw36810632,,,,,,,
round_pairing,Round 1,7,102,329,tw35707148,,,tw25188472,,,,,,,
round_pairing,Round 1,7,164,330,tw35735135,,,tw81250238,,,,,,,
round_pairing,Round 1,7,494,331,tw35839691,,,tw66555509,,,,,,,
round_pairing,Round 1,7,336,332,tw35995465,,,tw07020662,,,,,,,
round_pairing,Round 1,7,113,333,tw36074458,,,tw41822925,,,,,,,
round_pairing,Round 1,7,17,334,tw36138720,,,tw53090983,,,,,,,
round_pairing,Round 1,7,62,335,tw36648556,,,tw47612491,,,,,,,
round_pairing,Round 1,7,393,336,tw36747145,,,tw00106184,,,,,,,
round_pairing,Round 1,7,403,337,tw36759052,,,tw77295390,,,,,,,
round_pairing,Round 1,7,95,338,tw36782228,,,tw28750216,,,,,,,
round_pairing,Round 1,7,441,339,tw36810632,,,tw35693064,,,,,,,
round_pairing,Round 1,7,406,340,tw36904012,,,tw50567676,,,,,,,
round_pairing,Round 1,7,409,341,tw37158463,,,tw28672728,,,,,,,
round_pairing,Round 1,7,133,342,tw37453841,,,tw12796514,,,,,,,
round_pairing,Round 1,7,9,343,tw37823321,,,tw42527004,,,,,,,
round_pairing,Round 1,7,84,344,tw37855988,,,tw02578849,,,,,,,
round_pairing,Round 1,7,440,345,tw37870020,,,tw08615728,,,,,,,
round_pairing,Round 1,7,277,346,tw37918429,,,tw53723254,,,,,,,
round_pairing,Round 1,7,160,347,tw37950627,,,tw90556916,,,,,,,
round_pairing,Round 1,7,333,348,tw38080173,,,tw13298067,,,,,,,
round_pairing,Round 1,7,228,349,tw38086655,,,tw54988993,,,,,,,
round_pairing,Round 1,7,119,350,tw38153478,,,tw06911704,,,,,,,
round_pairing,Round 1,7,74,351,tw38236579,,,tw99256533,,,,,,,
round_pairing,Round 1,7,248,352,tw38671111,,,tw42979297,,,,,,,
round_pairing,Round 1,7,25,353,tw38703886,,,tw03168456,,,,,,,
round_pairing,Round 1,7,300,354,tw38743212,,,tw22301558,,,,,,,
round_pairing,Round 1,7,267,356,tw39192538,,,tw81886933,,,,,,,
round_pairing,Round 1,7,79,357,tw39290085,,,tw41286139,,,,,,,
round_pairing,Round 1,7,72,358,tw39492637,,,tw77550830,,,,,,,
round_pairing,Round 1,7,503,359,tw39697449,,,,,,,,,,
round_pairing,Round 1,7,103,360,tw39941788,,,tw60920600,,,,,,,
round_pairing,Round 1,7,58,361,tw40123518,,,tw44649735,,,,,,,
round_pairing,Round 1,7,125,362,tw40135779,,,tw19234685,,,,,,,
round_pairing,Round 1,7,453,363,tw40194303,,,tw78539182,,,,,,,
round_pairing,Round 1,7,7,364,tw40377456,,,tw70290277,,,,,,,
round_pairing,Round 1,7,490,365,tw40504902,,,tw67295326,,,,,,,
round_pairing,Round 1,7,486,366,tw40555668,,,tw82516603,,,,,,,
round_pairing,Round 1,7,435,367,tw40682117,,,tw18638755,,,,,,,
round_pairing,Round 1,7,341,368,tw40696414,,,tw92250919,,,,,,,
round_pairing,Round 1,7,108,369,tw40722297,,,tw94370408,,,,,,,
round_pairing,Round 1,7,85,370,tw40786209,,,tw68851170,,,,,,,
round_pairing,Round 1,7,158,371,tw41013727,,,tw22214921,,,,,,,
round_pairing,Round 1,7,420,372,tw41073870,,,tw99714386,,,,,,,
round_pairing,Round 1,8,473,373,tw41104694,,,tw74542521,,,,,,,
round_pairing,Round 1,8,413,374,tw41238636,,,tw71131892,,,,,,,
round_pairing,Round 1,8,366,375,tw41283932,,,tw48715949,,,,,,,
round_pairing,Round 1,8,79,376,tw41286139,,,tw39290085,,,,,,,
round_pairing,Round 1,8,349,377,tw41398048,,,tw75774280,,,,,,,
round_pairing,Round 1,8,16,378,tw41429367,,,tw66520026,,,,,,,
round_pairing,Round 1,8,152,379,tw41479406,,,tw88860465,,,,,,,
round_pairing,Round 1,8,469,380,tw41523616,,,tw00787146,,,,,,,
round_pairing,Round 1,8,305,381,tw41609662,,,tw24207778,,,,,,,
round_pairing,Round 1,8,433,382,tw41670381,,,tw73358187,,,,,,,
round_pairing,Round 1,8,426,383,tw41731352,,,tw34953027,,,,,,,
round_pairing,Round 1,8,50,384,tw41805810,,,tw19801631,,,,,,,
round_pairing,Round 1,8,113,385,tw41822925,,,tw36074458,,,,,,,
round_pairing,Round 1,8,320,386,tw42186430,,,tw07329342,,,,,,,
round_pairing,Round 1,8,451,387,tw42246097,,,tw65156718,,,,,,,
round_pairing,Round 1,8,355,388,tw42309306,,,tw45324854,,,,,,,
round_pairing,Round 1,8,314,389,tw42455002,,,tw00831574,,,,,,,
round_pairing,Round 1,8,340,390,tw42505350,,,tw10613788,,,,,,,
round_pairing,Round 1,8,9,391,tw42527004,,,tw37823321,,,,,,,
round_pairing,Round 1,8,322,392,tw42563834,,,tw99853156,,,,,,,
round_pairing,Round 1,8,372,393,tw42619935,,,tw42723639,,,,,,,
round_pairing,Round 1,8,372,394,tw42723639,,,tw42619935,,,,,,,
round_pairing,Round 1,8,219,395,tw42920911,,,tw92544749,,,,,,,
round_pairing,Round 1,8,339,396,tw42938387,,,tw48408173,,,,,,,
round_pairing,Round 1,8,248,397,tw42979297,,,tw38671111,,,,,,,
round_pairing,Round 1,8,358,398,tw43007249,,,tw61227623,,,,,,,
round_pairing,Round 1,8,121,399,tw43268758,,,tw56012620,,,,,,,
round_pairing,Round 1,8,463,400,tw43322316,,,tw59137487,,,,,,,
round_pairing,Round 1,8,122,401,tw43331901,,,tw46362217,,,,,,,
round_pairing,Round 1,8,41,402,tw43380150,,,tw81599190,,,,,,,
round_pairing,Round 1,8,298,403,tw43487757,,,tw69069593,,,,,,,
round_pairing,Round 1,8,268,404,tw43492313,,,tw95570205,,,,,,,
round_pairing,Round 1,8,370,405,tw43633449,,,tw89297350,,,,,,,
round_pairing,Round 1,8,73,406,tw43692869,,,tw59882595,,,,,,,
round_pairing,Round 1,8,402,407,tw43700622,,,tw19640601,,,,,,,
round_pairing,Round 1,8,389,408,tw44047226,,,tw86831721,,,,,,,
round_pairing,Round 1,8,127,411,tw44127879,,,tw20156409,,,,,,,
round_pairing,Round 1,8,199,412,tw44206611,,,tw68209544,,,,,,,
round_pairing,Round 1,8,222,413,tw44207012,,,tw24854365,,,,,,,
round_pairing,Round 1,8,179,414,tw44233591,,,tw85254693,,,,,,,
round_pairing,Round 1,8,47,415,tw44342704,,,tw68046375,,,,,,,
round_pairing,Round 1,8,68,416,tw44344603,,,tw31422118,,,,,,,
round_pairing,Round 1,8,324,417,tw44380087,,,tw87270242,,,,,,,
round_pairing,Round 1,8,64,418,tw44468313,,,tw90671632,,,,,,,
round_pairing,Round 1,8,439,419,tw44475314,,,tw99086788,,,,,,,
round_pairing,Round 1,8,58,420,tw44649735,,,tw40123518,,,,,,,
round_pairing,Round 1,8,471,421,tw44821842,,,tw47341841,,,,,,,
round_pairing,Round 1,8,207,422,tw44853577,,,tw68088789,,,,,,,
round_pairing,Round 1,8,476,423,tw44874553,,,tw62459529,,,,,,,
round_pairing,Round 1,8,295,424,tw45178021,,,tw94748404,,,,,,,
round_pairing,Round 1,9,226,425,tw45233917,,,tw51149657,,,,,,,
round_pairing,Round 1,9,355,426,tw45324854,,,tw42309306,,,,,,,
round_pairing,Round 1,9,293,427,tw45371614,,,tw00918141,,,,,,,
round_pairing,Round 1,9,261,428,tw45403885,,,tw47230122,,,,,,,
round_pairing,Round 1,9,115,429,tw45404381,,,tw29372557,,,,,,,
round_pairing,Round 1,9,243,430,tw45458321,,,tw71003592,,,,,,,
round_pairing,Round 1,9,361,431,tw45486731,,,tw61880666,,,,,,,
round_pairing,Round 1,9,137,432,tw45615575,,,tw79221888,,,,,,,
round_pairing,Round 1,9,363,433,tw45684530,,,tw62525194,,,,,,,
round_pairing,Round 1,9,136,434,tw45696531,,,tw40188987,,,,,,,
round_pairing,Round 1,9,6,435,tw45713741,,,tw57062134,,,,,,,
round_pairing,Round 1,9,374,436,tw45806310,,,tw95668915,,,,,,,
round_pairing,Round 1,9,310,437,tw46002856,,,tw01909140,,,,,,,
round_pairing,Round 1,9,19,438,tw46020620,,,tw32907703,,,,,,,
round_pairing,Round 1,9,343,439,tw46030050,,,tw65063095,,,,,,,
round_pairing,Round 1,9,296,440,tw46321576,,,tw57615176,,,,,,,
round_pairing,Round 1,9,122,441,tw46362217,,,tw43331901,,,,,,,
round_pairing,Round 1,9,437,442,tw46377157,,,tw96137948,,,,,,,
round_pairing,Round 1,9,30,443,tw46423373,,,tw27495272,,,,,,,
round_pairing,Round 1,9,390,444,tw46643692,,,tw07314439,,,,,,,
round_pairing,Round 1,9,279,445,tw46646319,,,tw97703685,,,,,,,
round_pairing,Round 1,9,135,446,tw46705939,,,tw60311204,,,,,,,
round_pairing,Round 1,9,249,447,tw46716936,,,tw50820470,,,,,,,
round_pairing,Round 1,9,220,448,tw46738666,,,tw27673402,,,,,,,
round_pairing,Round 1,9,188,449,tw46795660,,,tw65522783,,,,,,,
round_pairing,Round 1,9,195,450,tw46798799,,,tw22979539,,,,,,,
round_pairing,Round 1,9,266,451,tw46945068,,,tw48890271,,,,,,,
round_pairing,Round 1,9,477,452,tw46969620,,,tw58450010,,,,,,,
round_pairing,Round 1,9,499,453,tw47077924,,,tw06393443,,,,,,,
round_pairing,Round 1,9,461,454,tw47285094,,,tw26319522,,,,,,,
round_pairing,Round 1,9,471,455,tw47341841,,,tw44821842,,,,,,,
round_pairing,Round 1,9,232,456,tw47415187,,,tw50328610,,,,,,,
round_pairing,Round 1,9,93,457,tw47551870,,,tw68165427,,,,,,,
round_pairing,Round 1,9,62,458,tw47612491,,,tw36648556,,,,,,,
round_pairing,Round 1,9,172,459,tw47904340,,,tw75551324,,,,,,,
round_pairing,Round 1,9,371,460,tw47949585,,,tw73048413,,,,,,,
round_pairing,Round 1,9,485,461,tw48178410,,,tw83071268,,,,,,,
round_pairing,Round 1,9,31,462,tw48294785,,,tw00572856,,,,,,,
round_pairing,Round 1,9,33,463,tw48357143,,,tw15028008,,,,,,,
round_pairing,Round 1,9,339,464,tw48408173,,,tw42938387,,,,,,,
round_pairing,Round 1,9,140,465,tw48512422,,,tw27736985,,,,,,,
round_pairing,Round 1,9,202,466,tw48555786,,,tw62020476,,,,,,,
round_pairing,Round 1,9,210,467,tw48596346,,,tw55000893,,,,,,,
round_pairing,Round 1,9,156,468,tw48706845,,,tw82289672,,,,,,,
round_pairing,Round 1,9,366,469,tw48715949,,,tw41283932,,,,,,,
round_pairing,Round 1,9,316,471,tw48793078,,,tw74568091,,,,,,,
round_pairing,Round 1,9,275,472,tw48889969,,,tw05207217,,,,,,,
round_pairing,Round 1,9,266,473,tw48890271,,,tw46945068,,,,,,,
round_pairing,Round 1,9,196,474,tw48927744,,,tw32893143,,,,,,,
round_pairing,Round 1,9,445,475,tw48962901,,,tw26670105,,,,,,,
round_pairing,Round 1,10,446,476,tw49045992,,,tw13779097,,,,,,,
round_pairing,Round 1,10,14,477,tw49113528,,,tw96648029,,,,,,,
round_pairing,Round 1,10,91,478,tw49159270,,,tw88506619,,,,,,,
round_pairing,Round 1,10,354,479,tw49327411,,,tw61279434,,,,,,,
round_pairing,Round 1,10,447,480,tw49388371,,,tw15173588,,,,,,,
round_pairing,Round 1,10,466,481,tw49441410,,,tw53974581,,,,,,,
round_pairing,Round 1,10,170,482,tw49698910,,,tw32869182,,,,,,,
round_pairing,Round 1,10,130,483,tw49759795,,,tw59842400,,,,,,,
round_pairing,Round 1,10,54,484,tw49877892,,,tw29437004,,,,,,,
round_pairing,Round 1,10,110,485,tw50239297,,,tw32647589,,,,,,,
round_pairing,Round 1,10,10,486,tw50255396,,,tw53806573,,,,,,,
round_pairing,Round 1,10,189,487,tw50328610,,,tw62197981,,,,,,,
round_pairing,Round 1,10,434,488,tw50414993,,,tw71861265,,,,,,,
round_pairing,Round 1,10,406,490,tw50567676,,,tw36904012,,,,,,,
round_pairing,Round 1,10,331,491,tw50702110,,,tw35416653,,,,,,,
round_pairing,Round 1,10,146,492,tw50795757,,,tw91997638,,,,,,,
round_pairing,Round 1,10,249,493,tw50820470,,,tw46716936,,,,,,,
round_pairing,Round 1,10,117,495,tw50858481,,,tw28101734,,,,,,,
round_pairing,Round 1,10,394,496,tw51147332,,,tw02856732,,,,,,,
round_pairing,Round 1,10,226,497,tw51149657,,,tw45233917,,,,,,,
round_pairing,Round 1,10,70,499,tw51405069,,,tw09964738,,,,,,,
round_pairing,Round 1,10,186,500,tw51489284,,,tw21543308,,,,,,,
round_pairing,Round 1,10,132,501,tw51610329,,,tw08740331,,,,,,,
round_pairing,Round 1,10,92,502,tw51756189,,,tw30379002,,,,,,,
round_pairing,Round 1,10,377,503,tw51891548,,,tw95521825,,,,,,,
round_pairing,Round 1,10,150,504,tw52127289,,,tw99386256,,,,,,,
round_pairing,Round 1,10,218,505,tw52149734,,,tw92224806,,,,,,,
round_pairing,Round 1,10,162,506,tw52301948,,,tw15026318,,,,,,,
round_pairing,Round 1,10,192,507,tw52488439,,,tw79621968,,,,,,,
round_pairing,Round 1,10,131,509,tw52493073,,,tw93021016,,,,,,,
round_pairing,Round 1,10,306,510,tw52578543,,,tw75204861,,,,,,,
round_pairing,Round 1,10,27,511,tw52663760,,,tw85026999,,,,,,,
round_pairing,Round 1,10,23,512,tw52704576,,,tw66575998,,,,,,,
round_pairing,Round 1,10,455,513,tw52752742,,,tw68763677,,,,,,,
round_pairing,Round 1,10,75,514,tw52806758,,,tw63518115,,,,,,,
round_pairing,Round 1,10,260,515,tw53367475,,,tw72148746,,,,,,,
round_pairing,Round 1,10,464,516,tw53446977,,,tw13224458,,,,,,,
round_pairing,Round 1,10,229,517,tw53540804,,,tw12769027,,,,,,,
round_pairing,Round 1,10,277,518,tw53723254,,,tw37918429,,,,,,,
round_pairing,Round 1,10,36,519,tw53782031,,,tw90897983,,,,,,,
round_pairing,Round 1,10,10,520,tw53806573,,,tw50255396,,,,,,,
round_pairing,Round 1,10,398,522,tw54347311,,,tw63735317,,,,,,,
round_pairing,Round 1,10,472,523,tw54430001,,,tw78930739,,,,,,,
round_pairing,Round 1,10,71,524,tw54739989,,,tw93433450,,,,,,,
round_pairing,Round 1,10,228,526,tw54988993,,,tw38086655,,,,,,,
round_pairing,Round 1,10,210,527,tw55000893,,,tw48596346,,,,,,,
round_pairing,Round 1,10,454,528,tw55098015,,,tw32921509,,,,,,,
round_pairing,Round 1,10,247,529,tw55210501,,,tw99732460,,,,,,,
round_pairing,Round 1,10,83,530,tw55332465,,,tw77721211,,,,,,,
round_pairing,Round 1,10,182,531,tw55359182,,,tw05399034,,,,,,,
round_pairing,Round 1,11,106,532,tw55570972,,,tw28988843,,,,,,,
round_pairing,Round 1,11,12,533,tw55765174,,,tw72829984,,,,,,,
round_pairing,Round 1,11,121,534,tw56012620,,,tw43268758,,,,,,,
round_pairing,Round 1,11,467,535,tw56240698,,,tw15435377,,,,,,,
round_pairing,Round 1,11,253,536,tw56336073,,,tw17108307,,,,,,,
round_pairing,Round 1,11,365,537,tw56387935,,,tw94518932,,,,,,,
round_pairing,Round 1,11,129,538,tw56416986,,,tw13569448,,,,,,,
round_pairing,Round 1,11,307,539,tw56468849,,,tw97165922,,,,,,,
round_pairing,Round 1,11,24,540,tw56550093,,,tw66907796,,,,,,,
round_pairing,Round 1,11,273,541,tw56605426,,,tw33742727,,,,,,,
round_pairing,Round 1,11,53,542,tw57017359,,,tw71035218,,,,,,,
round_pairing,Round 1,11,6,543,tw57062134,,,tw45713741,,,,,,,
round_pairing,Round 1,11,76,545,tw57531941,,,tw21820105,,,,,,,
round_pairing,Round 1,11,259,546,tw57612114,,,tw35246471,,,,,,,
round_pairing,Round 1,11,296,547,tw57615176,,,tw46321576,,,,,,,
round_pairing,Round 1,11,69,548,tw57767899,,,tw97275186,,,,,,,
round_pairing,Round 1,11,462,549,tw58028303,,,tw92027316,,,,,,,
round_pairing,Round 1,11,3,550,tw58188995,,,tw97253900,,,,,,,
round_pairing,Round 1,11,477,551,tw58450010,,,tw46969620,,,,,,,
round_pairing,Round 1,11,407,553,tw58523618,,,tw71161066,,,,,,,
round_pairing,Round 1,11,423,555,tw58781969,,,tw09225948,,,,,,,
round_pairing,Round 1,11,29,556,tw58817602,,,tw67199394,,,,,,,
round_pairing,Round 1,11,60,557,tw58835877,,,tw34396906,,,,,,,
round_pairing,Round 1,11,463,558,tw59137487,,,tw43322316,,,,,,,
round_pairing,Round 1,11,337,560,tw59462193,,,tw89644458,,,,,,,
round_pairing,Round 1,11,418,561,tw59471628,,,tw09704151,,,,,,,
round_pairing,Round 1,11,400,562,tw59548820,,,tw05130167,,,,,,,
round_pairing,Round 1,11,359,563,tw59616959,,,tw62300636,,,,,,,
round_pairing,Round 1,11,130,564,tw59842400,,,tw49759795,,,,,,,
round_pairing,Round 1,11,73,565,tw59882595,,,tw43692869,,,,,,,
round_pairing,Round 1,11,388,567,tw60273793,,,tw79802506,,,,,,,
round_pairing,Round 1,11,135,568,tw60311204,,,tw46705939,,,,,,,
round_pairing,Round 1,11,416,569,tw60440420,,,tw87015354,,,,,,,
round_pairing,Round 1,11,88,570,tw60511158,,,tw21654272,,,,,,,
round_pairing,Round 1,11,142,571,tw60567990,,,tw88792767,,,,,,,
round_pairing,Round 1,11,272,572,tw60794190,,,tw27802821,,,,,,,
round_pairing,Round 1,11,103,573,tw60920600,,,tw39941788,,,,,,,
round_pairing,Round 1,11,109,574,tw61277104,,,tw02367054,,,,,,,
round_pairing,Round 1,11,354,575,tw61279434,,,tw49327411,,,,,,,
round_pairing,Round 1,11,338,577,tw61533794,,,tw90564971,,,,,,,
round_pairing,Round 1,11,405,578,tw61583819,,,tw39114696,,,,,,,
round_pairing,Round 1,11,281,579,tw61600644,,,tw30236831,,,,,,,
round_pairing,Round 1,11,112,580,tw61785235,,,tw70028105,,,,,,,
round_pairing,Round 1,11,15,581,tw61792938,,,tw44917576,,,,,,,
round_pairing,Round 1,11,361,582,tw61880666,,,tw45486731,,,,,,,
round_pairing,Round 1,11,489,583,tw61895092,,,tw29536370,,,,,,,
round_pairing,Round 1,11,425,584,tw61986785,,,tw04566463,,,,,,,
round_pairing,Round 1,11,202,585,tw62020476,,,tw48555786,,,,,,,
round_pairing,Round 1,11,496,586,tw62067344,,,tw83161210,,,,,,,
round_pairing,Round 1,11,189,587,tw62197981,,,tw50328610,,,,,,,
round_pairing,Round 1,12,2,588,tw62315993,,,tw16526802,,,,,,,
round_pairing,Round 1,12,263,589,tw62324389,,,tw82878504,,,,,,,
round_pairing,Round 1,12,134,590,tw62435012,,,tw80138989,,,,,,,
round_pairing,Round 1,12,476,591,tw62459529,,,tw44874553,,,,,,,
round_pairing,Round 1,12,363,592,tw62525194,,,tw45684530,,,,,,,
round_pairing,Round 1,12,483,593,tw62569500,,,tw69995586,,,,,,,
round_pairing,Round 1,12,251,594,tw62594682,,,tw79834153,,,,,,,
round_pairing,Round 1,12,415,595,tw62599498,,,tw30419396,,,,,,,
round_pairing,Round 1,12,410,597,tw62958507,,,tw71060818,,,,,,,
round_pairing,Round 1,12,378,598,tw62984443,,,tw14181070,,,,,,,
round_pairing,Round 1,12,171,599,tw63031373,,,tw69425578,,,,,,,
round_pairing,Round 1,12,348,600,tw63171506,,,tw73831583,,,,,,,
round_pairing,Round 1,12,61,601,tw63238788,,,tw72699030,,,,,,,
round_pairing,Round 1,12,141,602,tw63343435,,,tw25974925,,,,,,,
round_pairing,Round 1,12,205,603,tw63395911,,,tw13454619,,,,,,,
round_pairing,Round 1,12,282,604,tw63508480,,,tw81562455,,,,,,,
round_pairing,Round 1,12,75,605,tw63518115,,,tw52806758,,,,,,,
round_pairing,Round 1,12,398,606,tw63735317,,,tw54347311,,,,,,,
round_pairing,Round 1,12,481,607,tw63898784,,,tw97384556,,,,,,,
round_pairing,Round 1,12,197,608,tw64203769,,,tw22480109,,,,,,,
round_pairing,Round 1,12,206,609,tw64656626,,,tw11612248,,,,,,,
round_pairing,Round 1,12,312,611,tw64793736,,,tw70897596,,,,,,,
round_pairing,Round 1,12,278,612,tw64845965,,,tw01233994,,,,,,,
round_pairing,Round 1,12,343,613,tw65063095,,,tw46030050,,,,,,,
round_pairing,Round 1,12,451,614,tw65156718,,,tw42246097,,,,,,,
round_pairing,Round 1,12,335,615,tw65158876,,,tw91555335,,,,,,,
round_pairing,Round 1,12,190,616,tw65235703,,,tw84916149,,,,,,,
round_pairing,Round 1,12,380,617,tw65483922,,,tw15023289,,,,,,,
round_pairing,Round 1,12,188,618,tw65522783,,,tw46795660,,,,,,,
round_pairing,Round 1,12,193,619,tw65741542,,,tw11292760,,,,,,,
round_pairing,Round 1,12,344,620,tw65781127,,,tw98707657,,,,,,,
round_pairing,Round 1,12,256,621,tw66134077,,,tw18676231,,,,,,,
round_pairing,Round 1,12,252,622,tw66459371,,,tw24708906,,,,,,,
round_pairing,Round 1,12,16,623,tw66520026,,,tw41429367,,,,,,,
round_pairing,Round 1,12,494,624,tw66555509,,,tw35839691,,,,,,,
round_pairing,Round 1,12,23,625,tw66575998,,,tw52704576,,,,,,,
round_pairing,Round 1,12,351,626,tw66588143,,,tw01478107,,,,,,,
round_pairing,Round 1,12,144,627,tw66740844,,,tw24459657,,,,,,,
round_pairing,Round 1,12,367,628,tw66806102,,,tw69925275,,,,,,,
round_pairing,Round 1,12,48,629,tw66816512,,,tw70273656,,,,,,,
round_pairing,Round 1,12,24,630,tw66907796,,,tw56550093,,,,,,,
round_pairing,Round 1,12,168,631,tw66943412,,,tw27308734,,,,,,,
round_pairing,Round 1,12,328,632,tw66961355,,,tw16621728,,,,,,,
round_pairing,Round 1,12,470,633,tw66992460,,,tw03226408,,,,,,,
round_pairing,Round 1,12,29,634,tw67199394,,,tw58817602,,,,,,,
round_pairing,Round 1,12,44,635,tw67604361,,,tw79270381,,,,,,,
round_pairing,Round 1,12,397,636,tw67665108,,,tw04959593,,,,,,,
round_pairing,Round 1,12,225,637,tw67696706,,,tw79992941,,,,,,,
round_pairing,Round 1,12,315,638,tw67716132,,,tw26953449,,,,,,,
round_pairing,Round 1,12,395,639,tw67759215,,,tw04057117,,,,,,,
round_pairing,Round 1,13,22,640,tw67940713,,,tw89047117,,,,,,,
round_pairing,Round 1,13,414,641,tw67984683,,,tw93660736,,,,,,,
round_pairing,Round 1,13,47,642,tw68046375,,,tw44342704,,,,,,,
round_pairing,Round 1,13,207,643,tw68088789,,,tw44853577,,,,,,,
round_pairing,Round 1,13,401,644,tw68135684,,,tw06441088,,,,,,,
round_pairing,Round 1,13,308,645,tw68151227,,,tw96887599,,,,,,,
round_pairing,Round 1,13,93,646,tw68165427,,,tw47551870,,,,,,,
round_pairing,Round 1,13,199,647,tw68209544,,,tw44206611,,,,,,,
round_pairing,Round 1,13,455,649,tw68763677,,,tw52752742,,,,,,,
round_pairing,Round 1,13,148,650,tw68822994,,,tw30976792,,,,,,,
round_pairing,Round 1,13,85,651,tw68851170,,,tw40786209,,,,,,,
round_pairing,Round 1,13,94,652,tw68954029,,,tw97567728,,,,,,,
round_pairing,Round 1,13,298,653,tw69069593,,,tw43487757,,,,,,,
round_pairing,Round 1,13,187,654,tw69219642,,,tw25488947,,,,,,,
round_pairing,Round 1,13,171,655,tw69425578,,,tw63031373,,,,,,,
round_pairing,Round 1,13,484,656,tw69576075,,,tw31941216,,,,,,,
round_pairing,Round 1,13,161,657,tw69602779,,,tw72928053,,,,,,,
round_pairing,Round 1,13,149,658,tw69628359,,,tw16903663,,,,,,,
round_pairing,Round 1,13,49,659,tw69663505,,,tw28728192,,,,,,,
round_pairing,Round 1,13,114,660,tw69685808,,,tw32950344,,,,,,,
round_pairing,Round 1,13,211,662,tw69804633,,,tw98985840,,,,,,,
round_pairing,Round 1,13,382,663,tw69848771,,,tw09914156,,,,,,,
round_pairing,Round 1,13,367,664,tw69925275,,,tw66806102,,,,,,,
round_pairing,Round 1,13,274,665,tw69971650,,,tw25559677,,,,,,,
round_pairing,Round 1,13,483,666,tw69995586,,,tw62569500,,,,,,,
round_pairing,Round 1,13,112,667,tw70028105,,,tw61785235,,,,,,,
round_pairing,Round 1,13,48,668,tw70273656,,,tw66816512,,,,,,,
round_pairing,Round 1,13,7,669,tw70290277,,,tw40377456,,,,,,,
round_pairing,Round 1,13,82,670,tw70591612,,,tw18641143,,,,,,,
round_pairing,Round 1,13,492,671,tw70892972,,,tw07927124,,,,,,,
round_pairing,Round 1,13,312,672,tw70897596,,,tw64793736,,,,,,,
round_pairing,Round 1,13,227,673,tw70903147,,,tw17748447,,,,,,,
round_pairing,Round 1,13,53,674,tw71035218,,,tw57017359,,,,,,,
round_pairing,Round 1,13,410,675,tw71060818,,,tw62958507,,,,,,,
round_pairing,Round 1,13,413,676,tw71131892,,,tw41238636,,,,,,,
round_pairing,Round 1,13,407,677,tw71161066,,,tw58523618,,,,,,,
round_pairing,Round 1,13,201,678,tw71493841,,,tw88780324,,,,,,,
round_pairing,Round 1,13,329,679,tw71550438,,,tw89786854,,,,,,,
round_pairing,Round 1,13,97,680,tw71559250,,,tw26020639,,,,,,,
round_pairing,Round 1,13,163,681,tw71598135,,,tw64567116,,,,,,,
round_pairing,Round 1,13,387,682,tw71730704,,,tw91823318,,,,,,,
round_pairing,Round 1,13,444,683,tw71768773,,,tw76059026,,,,,,,
round_pairing,Round 1,13,260,684,tw72148746,,,tw53367475,,,,,,,
round_pairing,Round 1,13,424,685,tw72174151,,,tw03539566,,,,,,,
round_pairing,Round 1,13,35,686,tw72313605,,,tw90553997,,,,,,,
round_pairing,Round 1,13,353,687,tw72318939,,,tw96310928,,,,,,,
round_pairing,Round 1,13,216,688,tw72333956,,,tw90018469,,,,,,,
round_pairing,Round 1,13,427,689,tw72464013,,,tw14910247,,,,,,,
round_pairing,Round 1,13,13,690,tw72630270,,,tw82119121,,,,,,,
round_pairing,Round 1,13,61,691,tw72699030,,,tw63238788,,,,,,,
round_pairing,Round 1,14,291,692,tw72753058,,,tw84406921,,,,,,,
round_pairing,Round 1,14,346,693,tw72776789,,,tw16152234,,,,,,,
round_pairing,Round 1,14,12,694,tw72829984,,,tw55765174,,,,,,,
round_pairing,Round 1,14,480,695,tw72887037,,,tw21420926,,,,,,,
round_pairing,Round 1,14,161,696,tw72928053,,,tw69602779,,,,,,,
round_pairing,Round 1,14,52,697,tw73034465,,,tw17763984,,,,,,,
round_pairing,Round 1,14,371,698,tw73048413,,,tw47949585,,,,,,,
round_pairing,Round 1,14,213,699,tw73106123,,,tw32141014,,,,,,,
round_pairing,Round 1,14,433,700,tw73358187,,,tw41670381,,,,,,,
round_pairing,Round 1,14,319,701,tw73455744,,,tw78657682,,,,,,,
round_pairing,Round 1,14,242,702,tw73911906,,,tw14618138,,,,,,,
round_pairing,Round 1,14,362,703,tw73917548,,,tw26175828,,,,,,,
round_pairing,Round 1,14,233,704,tw73975912,,,tw76784634,,,,,,,
round_pairing,Round 1,14,143,705,tw74196817,,,tw98211582,,,,,,,
round_pairing,Round 1,14,473,706,tw74542521,,,tw41104694,,,,,,,
round_pairing,Round 1,14,316,707,tw74568091,,,tw48793078,,,,,,,
round_pairing,Round 1,14,449,708,tw74682364,,,tw75964030,,,,,,,
round_pairing,Round 1,14,299,710,tw75091640,,,tw02991787,,,,,,,
round_pairing,Round 1,14,306,711,tw75204861,,,tw52578543,,,,,,,
round_pairing,Round 1,14,376,712,tw75352342,,,tw79250738,,,,,,,
round_pairing,Round 1,14,172,713,tw75551324,,,tw47904340,,,,,,,
round_pairing,Round 1,14,169,714,tw75596823,,,tw79280986,,,,,,,
round_pairing,Round 1,14,349,715,tw75774280,,,tw41398048,,,,,,,
round_pairing,Round 1,14,178,716,tw75820315,,,tw85563070,,,,,,,
round_pairing,Round 1,14,449,718,tw75964030,,,tw74682364,,,,,,,
round_pairing,Round 1,14,444,719,tw76059026,,,tw71768773,,,,,,,
round_pairing,Round 1,14,460,720,tw76132946,,,tw76529055,,,,,,,
round_pairing,Round 1,14,350,721,tw76258268,,,tw35360901,,,,,,,
round_pairing,Round 1,14,429,722,tw76309421,,,tw13965222,,,,,,,
round_pairing,Round 1,14,460,723,tw76529055,,,tw76132946,,,,,,,
round_pairing,Round 1,14,233,725,tw76784634,,,tw73975912,,,,,,,
round_pairing,Round 1,14,342,726,tw76925363,,,tw20368538,,,,,,,
round_pairing,Round 1,14,487,727,tw76994845,,,tw83160193,,,,,,,
round_pairing,Round 1,14,246,728,tw77206748,,,tw06554451,,,,,,,
round_pairing,Round 1,14,403,729,tw77295390,,,tw36759052,,,,,,,
round_pairing,Round 1,14,72,731,tw77550830,,,tw39492637,,,,,,,
round_pairing,Round 1,14,32,732,tw77606795,,,tw00531440,,,,,,,
round_pairing,Round 1,14,284,733,tw77699656,,,tw19377792,,,,,,,
round_pairing,Round 1,14,83,734,tw77721211,,,tw55332465,,,,,,,
round_pairing,Round 1,14,241,735,tw77877383,,,tw02826499,,,,,,,
round_pairing,Round 1,14,145,736,tw77928028,,,tw05182930,,,,,,,
round_pairing,Round 1,14,422,737,tw78077476,,,tw08814300,,,,,,,
round_pairing,Round 1,14,325,738,tw78144908,,,tw82981600,,,,,,,
round_pairing,Round 1,14,458,739,tw78403870,,,tw81736494,,,,,,,
round_pairing,Round 1,14,453,740,tw78539182,,,tw40194303,,,,,,,
round_pairing,Round 1,14,319,742,tw78657682,,,tw73455744,,,,,,,
round_pairing,Round 1,14,212,743,tw78681290,,,tw99926791,,,,,,,
round_pairing,Round 1,14,155,744,tw78866457,,,tw00026251,,,,,,,
round_pairing,Round 1,14,472,745,tw78930739,,,tw54430001,,,,,,,
round_pairing,Round 1,14,18,746,tw79188375,,,tw40909349,,,,,,,
round_pairing,Round 1,15,137,747,tw79221888,,,tw45615575,,,,,,,
round_pairing,Round 1,15,376,748,tw79250738,,,tw75352342,,,,,,,
round_pairing,Round 1,15,44,749,tw79270381,,,tw67604361,,,,,,,
round_pairing,Round 1,15,169,750,tw79280986,,,tw75596823,,,,,,,
round_pairing,Round 1,15,98,751,tw79411276,,,tw04119157,,,,,,,
round_pairing,Round 1,15,124,752,tw79434198,,,tw99958274,,,,,,,
round_pairing,Round 1,15,419,753,tw79476009,,,tw93405316,,,,,,,
round_pairing,Round 1,15,173,754,tw79685646,,,tw84462905,,,,,,,
round_pairing,Round 1,15,258,755,tw79723871,,,tw89643656,,,,,,,
round_pairing,Round 1,15,251,756,tw79834153,,,tw62594682,,,,,,,
round_pairing,Round 1,15,225,757,tw79992941,,,tw67696706,,,,,,,
round_pairing,Round 1,15,294,758,tw80037643,,,tw82109498,,,,,,,
round_pairing,Round 1,15,134,759,tw80138989,,,tw62435012,,,,,,,
round_pairing,Round 1,15,239,760,tw80267696,,,tw28285341,,,,,,,
round_pairing,Round 1,15,264,761,tw80392170,,,tw87510571,,,,,,,
round_pairing,Round 1,15,1,762,tw80521031,,,tw02172047,,,,,,,
round_pairing,Round 1,15,334,763,tw81060661,,,tw13312253,,,,,,,
round_pairing,Round 1,15,244,764,tw81066465,,,tw39894258,,,,,,,
round_pairing,Round 1,15,164,765,tw81250238,,,tw35735135,,,,,,,
round_pairing,Round 1,15,20,766,tw81268957,,,tw36869316,,,,,,,
round_pairing,Round 1,15,231,767,tw81291690,,,tw13174665,,,,,,,
round_pairing,Round 1,15,482,768,tw81389651,,,tw23712439,,,,,,,
round_pairing,Round 1,15,282,769,tw81562455,,,tw63508480,,,,,,,
round_pairing,Round 1,15,41,770,tw81599190,,,tw43380150,,,,,,,
round_pairing,Round 1,15,458,771,tw81736494,,,tw78403870,,,,,,,
round_pairing,Round 1,15,116,772,tw82001299,,,tw95818310,,,,,,,
round_pairing,Round 1,15,294,773,tw82109498,,,tw80037643,,,,,,,
round_pairing,Round 1,15,13,774,tw82119121,,,tw72630270,,,,,,,
round_pairing,Round 1,15,77,775,tw82263693,,,tw24742864,,,,,,,
round_pairing,Round 1,15,386,776,tw82370377,,,tw98480968,,,,,,,
round_pairing,Round 1,15,486,777,tw82516603,,,tw40555668,,,,,,,
round_pairing,Round 1,15,175,778,tw82556653,,,tw35187586,,,,,,,
round_pairing,Round 1,15,45,779,tw82559799,,,tw33852575,,,,,,,
round_pairing,Round 1,15,159,780,tw82566333,,,tw99888650,,,,,,,
round_pairing,Round 1,15,217,781,tw82751826,,,tw31949622,,,,,,,
round_pairing,Round 1,15,263,783,tw82878504,,,tw62324389,,,,,,,
round_pairing,Round 1,15,325,784,tw82981600,,,tw78144908,,,,,,,
round_pairing,Round 1,15,485,785,tw83071268,,,tw48178410,,,,,,,
round_pairing,Round 1,15,487,786,tw83160193,,,tw76994845,,,,,,,
round_pairing,Round 1,15,496,787,tw83161210,,,tw62067344,,,,,,,
round_pairing,Round 1,15,237,788,tw83606083,,,tw23764220,,,,,,,
round_pairing,Round 1,15,153,789,tw83751916,,,tw27817384,,,,,,,
round_pairing,Round 1,15,373,790,tw83905127,,,tw15392207,,,,,,,
round_pairing,Round 1,15,297,791,tw84249252,,,tw86324740,,,,,,,
round_pairing,Round 1,15,291,792,tw84406921,,,tw72753058,,,,,,,
round_pairing,Round 1,15,173,793,tw84462905,,,tw79685646,,,,,,,
round_pairing,Round 1,15,498,794,tw84828731,,,,,,,,,,
round_pairing,Round 1,15,190,795,tw84916149,,,tw65235703,,,,,,,
round_pairing,Round 1,15,428,796,tw85060196,,,tw01150243,,,,,,,
round_pairing,Round 1,15,442,797,tw85067465,,,tw28495767,,,,,,,
round_pairing,Round 1,16,283,798,tw85147749,,,tw92969664,,,,,,,
round_pairing,Round 1,16,430,799,tw85233211,,,tw87844149,,,,,,,
round_pairing,Round 1,16,179,800,tw85254693,,,tw44233591,,,,,,,
round_pairing,Round 1,16,178,801,tw85563070,,,tw75820315,,,,,,,
round_pairing,Round 1,16,238,802,tw85823053,,,tw94156469,,,,,,,
round_pairing,Round 1,16,120,803,tw85855405,,,tw30998847,,,,,,,
round_pairing,Round 1,16,368,804,tw86056382,,,tw10410998,,,,,,,
round_pairing,Round 1,16,356,805,tw86328278,,,tw67036456,,,,,,,
round_pairing,Round 1,16,436,806,tw86700066,,,tw04461037,,,,,,,
round_pairing,Round 1,16,416,807,tw87015354,,,tw60440420,,,,,,,
round_pairing,Round 1,16,324,808,tw87270242,,,tw44380087,,,,,,,
round_pairing,Round 1,16,40,809,tw87316906,,,tw17356132,,,,,,,
round_pairing,Round 1,16,264,810,tw87510571,,,tw80392170,,,,,,,
round_pairing,Round 1,16,176,811,tw87713934,,,tw79504132,,,,,,,
round_pairing,Round 1,16,104,812,tw87745948,,,tw25000553,,,,,,,
round_pairing,Round 1,16,11,813,tw87901293,,,tw07182365,,,,,,,
round_pairing,Round 1,16,292,814,tw88117485,,,tw00162182,,,,,,,
round_pairing,Round 1,16,138,815,tw88178510,,,tw29404493,,,,,,,
round_pairing,Round 1,16,327,816,tw88407488,,,tw84991038,,,,,,,
round_pairing,Round 1,16,91,817,tw88506619,,,tw49159270,,,,,,,
round_pairing,Round 1,16,78,818,tw88706430,,,tw27943796,,,,,,,
round_pairing,Round 1,16,142,819,tw88792767,,,tw60567990,,,,,,,
round_pairing,Round 1,16,152,820,tw88860465,,,tw41479406,,,,,,,
round_pairing,Round 1,16,271,821,tw89040038,,,tw33884578,,,,,,,
round_pairing,Round 1,16,22,822,tw89047117,,,tw67940713,,,,,,,
round_pairing,Round 1,16,370,823,tw89297350,,,tw43633449,,,,,,,
round_pairing,Round 1,16,452,824,tw89407764,,,tw11608088,,,,,,,
round_pairing,Round 1,16,287,825,tw89449964,,,tw48526697,,,,,,,
round_pairing,Round 1,16,475,826,tw89609352,,,tw95547681,,,,,,,
round_pairing,Round 1,16,258,827,tw89643656,,,tw79723871,,,,,,,
round_pairing,Round 1,16,337,828,tw89644458,,,tw59462193,,,,,,,
round_pairing,Round 1,16,329,829,tw89786854,,,tw71550438,,,,,,,
round_pairing,Round 1,16,360,830,tw89811739,,,tw27347873,,,,,,,
round_pairing,Round 1,16,216,831,tw90018469,,,tw72333956,,,,,,,
round_pairing,Round 1,16,81,832,tw90183762,,,tw95401245,,,,,,,
round_pairing,Round 1,16,465,833,tw90337288,,,tw36712780,,,,,,,
round_pairing,Round 1,16,147,835,tw90485112,,,tw96947201,,,,,,,
round_pairing,Round 1,16,35,836,tw90553997,,,tw72313605,,,,,,,
round_pairing,Round 1,16,160,837,tw90556916,,,tw37950627,,,,,,,
round_pairing,Round 1,16,338,838,tw90564971,,,tw61533794,,,,,,,
round_pairing,Round 1,16,64,839,tw90671632,,,tw44468313,,,,,,,
round_pairing,Round 1,16,126,843,tw90996252,,,tw00114747,,,,,,,
round_pairing,Round 1,16,335,844,tw91555335,,,tw65158876,,,,,,,
round_pairing,Round 1,16,347,845,tw91594481,,,tw28193746,,,,,,,
round_pairing,Round 1,16,224,846,tw91627311,,,tw23649439,,,,,,,
round_pairing,Round 1,16,387,847,tw91823318,,,tw71730704,,,,,,,
round_pairing,Round 1,16,146,848,tw91997638,,,tw50795757,,,,,,,
round_pairing,Round 1,16,462,849,tw92027316,,,tw58028303,,,,,,,
round_pairing,Round 1,16,218,850,tw92224806,,,tw52149734,,,,,,,
round_pairing,Round 1,16,341,851,tw92250919,,,tw40696414,,,,,,,
round_pairing,Round 1,17,230,852,tw92466220,,,tw02211815,,,,,,,
round_pairing,Round 1,17,219,853,tw92544749,,,tw42920911,,,,,,,
round_pairing,Round 1,17,301,854,tw92680673,,,tw63175199,,,,,,,
round_pairing,Round 1,17,55,855,tw92814087,,,tw42912360,,,,,,,
round_pairing,Round 1,17,4,856,tw92891852,,,tw16276326,,,,,,,
round_pairing,Round 1,17,288,857,tw92986536,,,tw01024875,,,,,,,
round_pairing,Round 1,17,431,858,tw93020902,,,tw09772052,,,,,,,
round_pairing,Round 1,17,131,859,tw93021016,,,tw52493073,,,,,,,
round_pairing,Round 1,17,332,860,tw93054506,,,tw97135682,,,,,,,
round_pairing,Round 1,17,432,861,tw93076075,,,tw05197795,,,,,,,
round_pairing,Round 1,17,419,862,tw93405316,,,tw79476009,,,,,,,
round_pairing,Round 1,17,71,863,tw93433450,,,tw54739989,,,,,,,
round_pairing,Round 1,17,488,864,tw93529525,,,tw04086904,,,,,,,
round_pairing,Round 1,17,123,865,tw93754264,,,tw97931731,,,,,,,
round_pairing,Round 1,17,505,866,tw93786012,,,,,,,,,,
round_pairing,Round 1,17,417,867,tw93786634,,,tw22183935,,,,,,,
round_pairing,Round 1,17,100,868,tw93858918,,,tw14489518,,,,,,,
round_pairing,Round 1,17,491,869,tw93955100,,,,,,,,,,
round_pairing,Round 1,17,215,871,tw93999361,,,tw17745432,,,,,,,
round_pairing,Round 1,17,67,872,tw94142249,,,tw59648008,,,,,,,
round_pairing,Round 1,17,238,873,tw94156469,,,tw85823053,,,,,,,
round_pairing,Round 1,17,128,874,tw94173678,,,tw96093664,,,,,,,
round_pairing,Round 1,17,108,875,tw94370408,,,tw40722297,,,,,,,
round_pairing,Round 1,17,365,876,tw94518932,,,tw56387935,,,,,,,
round_pairing,Round 1,17,295,878,tw94748404,,,tw45178021,,,,,,,
round_pairing,Round 1,17,90,879,tw95198982,,,tw12035691,,,,,,,
round_pairing,Round 1,17,86,880,tw95261451,,,tw14005529,,,,,,,
round_pairing,Round 1,17,81,881,tw95401245,,,tw90183762,,,,,,,
round_pairing,Round 1,17,475,882,tw95547681,,,tw89609352,,,,,,,
round_pairing,Round 1,17,381,883,tw95566595,,,tw15712728,,,,,,,
round_pairing,Round 1,17,268,884,tw95570205,,,tw43492313,,,,,,,
round_pairing,Round 1,17,208,885,tw95656910,,,tw35684617,,,,,,,
round_pairing,Round 1,17,374,886,tw95668915,,,tw45806310,,,,,,,
round_pairing,Round 1,17,504,887,tw95746707,,,,,,,,,,
round_pairing,Round 1,17,116,888,tw95818310,,,tw82001299,,,,,,,
round_pairing,Round 1,17,289,889,tw95954871,,,tw33097520,,,,,,,
round_pairing,Round 1,17,128,890,tw96093664,,,tw94173678,,,,,,,
round_pairing,Round 1,17,437,891,tw96137948,,,tw46377157,,,,,,,
round_pairing,Round 1,17,353,892,tw96310928,,,tw72318939,,,,,,,
round_pairing,Round 1,17,379,893,tw96387195,,,tw08969542,,,,,,,
round_pairing,Round 1,17,14,894,tw96648029,,,tw49113528,,,,,,,
round_pairing,Round 1,17,21,895,tw96887599,,,tw97995384,,,,,,,
round_pairing,Round 1,17,147,896,tw96947201,,,tw90485112,,,,,,,
round_pairing,Round 1,17,369,897,tw97135519,,,tw32722359,,,,,,,
round_pairing,Round 1,17,236,898,tw97138451,,,tw05908621,,,,,,,
round_pairing,Round 1,17,307,899,tw97165922,,,tw56468849,,,,,,,
round_pairing,Round 1,17,69,900,tw97275186,,,tw57767899,,,,,,,
round_pairing,Round 1,17,364,901,tw97370246,,,tw00968448,,,,,,,
round_pairing,Round 1,17,481,902,tw97384556,,,tw63898784,,,,,,,
round_pairing,Round 1,17,26,903,tw97546030,,,tw33274690,,,,,,,
round_pairing,Round 1,18,94,904,tw97567728,,,tw68954029,,,,,,,
round_pairing,Round 1,18,506,905,tw97666473,,,,,,,,,,
round_pairing,Round 1,18,279,906,tw97703685,,,tw46646319,,,,,,,
round_pairing,Round 1,18,357,907,tw97807535,,,tw03376553,,,,,,,
round_pairing,Round 1,18,313,908,tw97885633,,,tw21394889,,,,,,,
round_pairing,Round 1,18,123,909,tw97931731,,,tw93754264,,,,,,,
round_pairing,Round 1,18,21,910,tw97995384,,,tw96887599,,,,,,,
round_pairing,Round 1,18,39,911,tw98129328,,,tw30959627,,,,,,,
round_pairing,Round 1,18,143,912,tw98211582,,,tw74196817,,,,,,,
round_pairing,Round 1,18,63,914,tw98649601,,,tw32214798,,,,,,,
round_pairing,Round 1,18,344,915,tw98707657,,,tw65781127,,,,,,,
round_pairing,Round 1,18,211,916,tw98985840,,,tw69804633,,,,,,,
round_pairing,Round 1,18,177,917,tw99008736,,,tw04797990,,,,,,,
round_pairing,Round 1,18,439,919,tw99086788,,,tw44475314,,,,,,,
round_pairing,Round 1,18,96,920,tw99140905,,,tw34649223,,,,,,,
round_pairing,Round 1,18,318,921,tw99241716,,,tw01014532,,,,,,,
round_pairing,Round 1,18,74,922,tw99256533,,,tw38236579,,,,,,,
round_pairing,Round 1,18,111,923,tw99346363,,,tw49826410,,,,,,,
round_pairing,Round 1,18,257,924,tw99373374,,,tw14788730,,,,,,,
round_pairing,Round 1,18,150,925,tw99386256,,,tw52127289,,,,,,,
round_pairing,Round 1,18,420,927,tw99714386,,,tw41073870,,,,,,,
round_pairing,Round 1,18,247,928,tw99732460,,,tw55210501,,,,,,,
round_pairing,Round 1,18,322,929,tw99853156,,,tw42563834,,,,,,,
round_pairing,Round 1,18,159,930,tw99888650,,,tw82566333,,,,,,,
round_pairing,Round 1,18,212,931,tw99926791,,,tw78681290,,,,,,,
round_pairing,Round 1,18,124,932,tw99958274,,,tw79434198,,,,,,,
round_pairing,Round 1,18,209,933,tw99968646,,,tw15115105,,,,,,,
round_pairing,Round 1,18,174,1016,tw86681382,,,tw22611326,,,,,,,
round_pairing,Round 1,18,157,1024,tw74033297,,,tw18429175,,,,,,,
round_pairing,Round 1,18,267,1042,tw81886933,,,tw39192538,,,,,,,
round_pairing,Round 1,18,243,1043,tw71003592,,,tw45458321,,,,,,,
round_pairing,Round 1,18,192,1044,tw79621968,,,tw52488439,,,,,,,
round_pairing,Round 1,18,109,1046,tw02367054,,,tw61277104,,,,,,,
round_pairing,Round 1,18,156,1059,tw82289672,,,tw48706845,,,,,,,
round_pairing,Round 1,18,345,1065,tw08457807,,,tw17095405,,,,,,,
round_pairing,Round 1,18,286,1090,tw09152496,,,tw16728082,,,,,,,
round_pairing,Round 1,18,87,1107,tw42204590,,,tw00976968,,,,,,,
round_pairing,Round 1,18,438,1111,tw15800518,,,tw63334587,,,,,,,
round_pairing,Round 1,18,111,1112,tw49826410,,,tw99346363,,,,,,,
round_pairing,Round 1,18,96,1114,tw34649223,,,tw99140905,,,,,,,
round_pairing,Round 1,18,201,1116,tw88780324,,,tw71493841,,,,,,,
round_pairing,Round 1,18,181,1122,tw47117803,,,tw13434296,,,,,,,
round_pairing,Round 1,18,356,1136,tw67036456,,,tw86328278,,,,,,,
round_pairing,Round 1,18,456,1150,tw18458528,,,tw13090534,,,,,,,
round_pairing,Round 1,18,5,1155,tw23875590,,,tw13487252,,,,,,,
round_pairing,Round 1,18,297,1164,tw86324740,,,tw84249252,,,,,,,
round_pairing,Round 1,18,54,1192,tw29437004,,,tw49877892,,,,,,,
round_pairing,Round 1,18,309,1194,tw77975837,,,tw50841430,,,,,,,
round_pairing,Round 1,18,165,1199,tw17401165,,,tw02559687,,,,,,,
round_pairing,Round 1,18,163,1200,tw64567116,,,tw71598135,,,,,,,
round_pairing,Round 1,19,326,1214,tw96909333,,,tw10304280,,,,,,,
round_pairing,Round 1,19,17,1216,tw53090983,,,tw36138720,,,,,,,
round_pairing,Round 1,19,358,1223,tw61227623,,,tw43007249,,,,,,,
round_pairing,Round 1,19,452,1225,tw11608088,,,tw89407764,,,,,,,
round_pairing,Round 1,19,52,1237,tw17763984,,,tw73034465,,,,,,,
round_pairing,Round 1,19,3,1238,tw97253900,,,tw58188995,,,,,,,
round_pairing,Round 1,19,405,1243,tw39114696,,,tw61583819,,,,,,,
round_pairing,Round 1,19,55,1249,tw42912360,,,tw92814087,,,,,,,
round_pairing,Round 1,19,430,1255,tw87844149,,,tw85233211,,,,,,,
round_pairing,Round 1,19,375,1274,tw36167036,,,tw22261784,,,,,,,
round_pairing,Round 1,19,88,1278,tw21654272,,,tw60511158,,,,,,,
round_pairing,Round 1,19,392,1291,tw24694611,,,tw09480115,,,,,,,
round_pairing,Round 1,19,385,1300,tw31401549,,,tw18412271,,,,,,,
round_pairing,Round 1,19,421,1302,tw66497121,,,tw77637602,,,,,,,
round_pairing,Round 1,19,287,1303,tw48526697,,,tw89449964,,,,,,,
round_pairing,Round 1,19,42,1308,tw18237771,,,tw11015212,,,,,,,
round_pairing,Round 1,19,20,1309,tw36869316,,,tw81268957,,,,,,,
round_pairing,Round 1,19,270,1310,tw52595130,,,tw13229345,,,,,,,
round_pairing,Round 1,19,118,1314,tw30267620,,,tw08876514,,,,,,,
round_pairing,Round 1,19,65,1330,tw93829445,,,tw14651059,,,,,,,
round_pairing,Round 1,19,214,1336,tw58776465,,,tw70378594,,,,,,,
round_pairing,Round 1,19,154,1338,tw74641243,,,tw24928885,,,,,,,
round_pairing,Round 1,19,36,1347,tw90897983,,,tw53782031,,,,,,,
round_pairing,Round 1,19,352,1387,tw70891974,,,tw17488993,,,,,,,
round_pairing,Round 1,19,330,1396,tw89343025,,,tw11642031,,,,,,,
round_pairing,Round 1,19,234,1405,tw88775820,,,tw68790007,,,,,,,
round_pairing,Round 1,19,332,1419,tw97135682,,,tw93054506,,,,,,,
round_pairing,Round 1,19,479,1433,tw77798178,,,tw10700633,,,,,,,
round_pairing,Round 1,19,40,1444,tw17356132,,,tw87316906,,,,,,,
round_pairing,Round 1,19,490,1445,tw67295326,,,tw40504902,,,,,,,
round_pairing,Round 1,19,136,1450,tw40188987,,,tw45696531,,,,,,,
round_pairing,Round 1,19,303,1456,tw84048586,,,tw09490592,,,,,,,
round_pairing,Round 1,19,321,1458,tw27758570,,,tw13462937,,,,,,,
round_pairing,Round 1,19,107,1459,tw12331692,,,tw06996284,,,,,,,
round_pairing,Round 1,19,283,1476,tw92969664,,,tw85147749,,,,,,,
round_pairing,Round 1,19,302,1495,tw24845900,,,tw09194772,,,,,,,
round_pairing,Round 1,19,362,1505,tw26175828,,,tw73917548,,,,,,,
round_pairing,Round 1,19,261,1515,tw47230122,,,tw45403885,,,,,,,
round_pairing,Round 1,19,388,1522,tw79802506,,,tw60273793,,,,,,,
round_pairing,Round 1,19,191,1533,tw52951111,,,tw32167594,,,,,,,
round_pairing,Round 1,19,245,1536,tw84386196,,,tw06225308,,,,,,,
round_pairing,Round 1,19,133,1555,tw12796514,,,tw37453841,,,,,,,
round_pairing,Round 1,19,438,1556,tw63334587,,,tw15800518,,,,,,,
round_pairing,Round 1,19,194,1583,tw69848864,,,tw18276049,,,,,,,
round_pairing,Round 1,19,59,1584,tw24261609,,,tw03610134,,,,,,,
round_pairing,Round 1,19,99,1606,tw59096586,,,tw16965198,,,,,,,
round_pairing,Round 1,19,414,1611,tw93660736,,,tw67984683,,,,,,,
round_pairing,Round 1,19,421,1617,tw77637602,,,tw66497121,,,,,,,
round_pairing,Round 1,19,313,1618,tw21394889,,,tw97885633,,,,,,,
round_pairing,Round 1,19,244,1625,tw39894258,,,tw81066465,,,,,,,
round_pairing,Round 1,20,340,1628,tw10613788,,,tw42505350,,,,,,,
round_pairing,Round 1,20,214,1663,tw70378594,,,tw58776465,,,,,,,
round_pairing,Round 1,20,176,1679,tw79504132,,,tw87713934,,,,,,,
round_pairing,Round 1,20,5,1683,tw13487252,,,tw23875590,,,,,,,
round_pairing,Round 1,20,66,1689,tw39185310,,,tw03472100,,,,,,,
round_pairing,Round 1,20,359,1694,tw62300636,,,tw59616959,,,,,,,
round_pairing,Round 1,20,57,1726,tw59649267,,,tw31279242,,,,,,,
round_pairing,Round 1,20,180,1729,tw82756336,,,tw23730146,,,,,,,
round_pairing,Round 1,20,459,1736,tw37173355,,,tw13830995,,,,,,,
round_pairing,Round 1,20,197,1738,tw22480109,,,tw64203769,,,,,,,
round_pairing,Round 1,20,468,1745,tw47478004,,,tw16132632,,,,,,,
round_pairing,Round 1,20,480,1752,tw21420926,,,tw72887037,,,,,,,
round_pairing,Round 1,20,434,1761,tw71861265,,,tw50414993,,,,,,,
round_pairing,Round 1,20,461,1765,tw26319522,,,tw47285094,,,,,,,
round_pairing,Round 1,20,170,1772,tw32869182,,,tw49698910,,,,,,,
round_pairing,Round 1,20,67,1792,tw59648008,,,tw94142249,,,,,,,
round_pairing,Round 1,20,51,1793,tw26089798,,,tw33433069,,,,,,,
round_pairing,Round 1,20,27,1795,tw85026999,,,tw52663760,,,,,,,
round_pairing,Round 1,20,396,1803,tw88521370,,,tw24266071,,,,,,,
round_pairing,Round 1,20,234,1805,tw68790007,,,tw88775820,,,,,,,
round_pairing,Round 1,20,269,1815,tw57196950,,,tw05914722,,,,,,,
round_pairing,Round 1,20,84,1828,tw02578849,,,tw37855988,,,,,,,
round_pairing,Round 1,20,377,1831,tw95521825,,,tw51891548,,,,,,,
round_pairing,Round 1,20,278,1847,tw01233994,,,tw64845965,,,,,,,
round_pairing,Round 1,20,327,1852,tw84991038,,,tw88407488,,,,,,,
round_pairing,Round 1,20,311,1859,tw76039193,,,tw18243923,,,,,,,
round_pairing,Round 1,20,198,1869,tw32830944,,,tw52974697,,,,,,,
round_pairing,Round 1,20,290,1874,tw78965793,,,tw06072288,,,,,,,
round_pairing,Round 1,20,389,1886,tw86831721,,,tw44047226,,,,,,,
round_pairing,Round 1,20,390,1899,tw07314439,,,tw46643692,,,,,,,
round_pairing,Round 1,20,51,1913,tw33433069,,,tw26089798,,,,,,,
round_pairing,Round 1,20,301,1915,tw63175199,,,tw92680673,,,,,,,
round_pairing,Round 1,20,386,1922,tw98480968,,,tw82370377,,,,,,,
round_pairing,Round 1,20,15,1944,tw44917576,,,tw61792938,,,,,,,
round_pairing,Round 1,20,465,1958,tw36712780,,,tw90337288,,,,,,,
round_pairing,Round 1,20,28,1981,tw62529006,,,tw02920125,,,,,,,
round_pairing,Round 1,20,391,1987,tw85516442,,,tw33811608,,,,,,,
round_pairing,Round 1,20,466,1988,tw53974581,,,tw49441410,,,,,,,
round_pairing,Round 1,20,348,1998,tw73831583,,,tw63171506,,,,,,,
round_pairing,Round 1,20,198,2000,tw52974697,,,tw32830944,,,,,,,
round_pairing,Round 1,20,309,2199,tw50841430,,,tw77975837,,,,,,,
round_pairing,Round 2,1,235,1,tw00026251,,3,tw94173678,,3,,,,,
round_pairing,Round 2,1,328,2,tw00106184,,0,tw49045992,,0,,,,,
round_pairing,Round 2,1,403,3,tw00114747,,0,tw97135519,,0,,,,,
round_pairing,Round 2,1,108,4,tw00162182,,3,tw76309421,,3,,,,,
round_pairing,Round 2,1,394,5,tw00181149,,0,tw63175199,,0,,,,,
round_pairing,Round 2,1,221,6,tw00387540,,3,tw69663505,,3,,,,,
round_pairing,Round 2,1,157,7,tw00531440,,3,tw55210501,,3,,,,,
round_pairing,Round 2,1,101,8,tw00572856,,3,tw68088789,,3,,,,,
round_pairing,Round 2,1,143,10,tw00787146,,3,tw67665108,,3,,,,,
round_pairing,Round 2,1,107,11,tw00831574,,3,tw55570972,,3,,,,,
round_pairing,Round 2,1,165,12,tw00918141,,3,tw13229345,,3,,,,,
round_pairing,Round 2,1,267,13,tw00968448,,0,tw76784634,,0,,,,,
round_pairing,Round 2,1,280,14,tw00976968,,0,tw41523616,,0,,,,,
round_pairing,Round 2,1,52,15,tw01014532,,3,tw07314439,,3,,,,,
round_pairing,Round 2,1,228,16,tw01024875,,3,tw07020662,,3,,,,,
round_pairing,Round 2,1,114,17,tw01150243,,3,tw55098015,,3,,,,,
round_pairing,Round 2,1,455,18,tw01478107,,0,tw63518115,,0,,,,,
round_pairing,Round 2,1,4,19,tw01909140,,3,tw50858481,,3,,,,,
round_pairing,Round 2,1,326,20,tw02002019,,0,tw54347311,,0,,,,,
round_pairing,Round 2,1,44,21,tw02105248,,3,tw23649439,,3,,,,,
round_pairing,Round 2,1,436,22,tw02172047,,0,tw37950627,,0,,,,,
round_pairing,Round 2,1,305,23,tw02211815,,0,tw28101734,,0,,,,,
round_pairing,Round 2,1,339,24,tw02559687,,0,tw24144676,,0,,,,,
round_pairing,Round 2,1,192,25,tw02597386,,3,tw23249034,,3,,,,,
round_pairing,Round 2,1,438,26,tw02826499,,0,tw89811739,,0,,,,,
round_pairing,Round 2,1,240,27,tw02856732,,3,tw50567676,,3,,,,,
round_pairing,Round 2,1,481,28,tw02920125,,0,tw89786854,,0,,,,,
round_pairing,Round 2,1,300,29,tw02991787,,0,tw95668915,,0,,,,,
round_pairing,Round 2,1,14,30,tw03094722,,3,tw25684532,,3,,,,,
round_pairing,Round 2,1,195,31,tw03168456,,3,tw22969264,,3,,,,,
round_pairing,Round 2,1,431,32,tw03193944,,0,tw11570874,,0,,,,,
round_pairing,Round 2,1,346,33,tw03226408,,0,tw36782228,,0,,,,,
round_pairing,Round 2,1,73,34,tw03376553,,3,tw66588143,,3,,,,,
round_pairing,Round 2,1,121,35,tw03469638,,3,tw08814300,,3,,,,,
round_pairing,Round 2,1,261,36,tw03472100,,0,tw62459529,,0,,,,,
round_pairing,Round 2,1,413,37,tw03539566,,0,tw84406921,,0,,,,,
round_pairing,Round 2,1,386,39,tw03610134,,0,tw15800518,,0,,,,,
round_pairing,Round 2,1,461,40,tw04057117,,0,tw27817384,,0,,,,,
round_pairing,Round 2,1,489,41,tw04057494,,0,tw70892972,,0,,,,,
round_pairing,Round 2,1,46,42,tw04061481,,3,tw93829445,,3,,,,,
round_pairing,Round 2,1,89,43,tw04086904,,3,tw82263693,,3,,,,,
round_pairing,Round 2,1,316,44,tw04119157,,0,tw02578849,,0,,,,,
round_pairing,Round 2,1,226,45,tw04156058,,3,tw21820105,,3,,,,,
round_pairing,Round 2,1,379,46,tw04255506,,0,tw61895092,,0,,,,,
round_pairing,Round 2,1,237,47,tw04457744,,3,tw67759215,,3,,,,,
round_pairing,Round 2,1,241,48,tw04461037,,3,tw71003592,,3,,,,,
round_pairing,Round 2,1,106,49,tw04552155,,3,tw51891548,,3,,,,,
round_pairing,Round 2,1,232,50,tw04566463,,3,tw92544749,,3,,,,,
round_pairing,Round 2,1,124,51,tw04713199,,3,tw64845965,,3,,,,,
round_pairing,Round 2,1,392,52,tw04797990,,0,tw77295390,,0,,,,,
round_pairing,Round 2,2,441,53,tw04959593,,0,tw63395911,,0,,,,,
round_pairing,Round 2,2,172,54,tw05130167,,3,tw49877892,,3,,,,,
round_pairing,Round 2,2,43,55,tw05182930,,3,tw58776465,,3,,,,,
round_pairing,Round 2,2,210,56,tw05197795,,3,tw36747145,,3,,,,,
round_pairing,Round 2,2,207,57,tw05207217,,3,tw88792767,,3,,,,,
round_pairing,Round 2,2,313,58,tw05246772,,0,tw31401549,,0,,,,,
round_pairing,Round 2,2,247,59,tw05270520,,3,tw62525194,,3,,,,,
round_pairing,Round 2,2,376,60,tw05399034,,0,tw73911906,,0,,,,,
round_pairing,Round 2,2,362,61,tw05908621,,0,tw90564971,,0,,,,,
round_pairing,Round 2,2,332,62,tw05914722,,0,tw68790007,,0,,,,,
round_pairing,Round 2,2,2,63,tw05980017,,3,tw72333956,,3,,,,,
round_pairing,Round 2,2,53,64,tw06072288,,3,tw85147749,,3,,,,,
round_pairing,Round 2,2,258,65,tw06147611,,0,tw54739989,,0,,,,,
round_pairing,Round 2,2,35,66,tw06225308,,3,tw29121960,,3,,,,,
round_pairing,Round 2,2,47,67,tw06393443,,3,tw38236579,,3,,,,,
round_pairing,Round 2,2,266,68,tw06441088,,0,tw77550830,,0,,,,,
round_pairing,Round 2,2,301,69,tw06554451,,0,tw42920911,,0,,,,,
round_pairing,Round 2,2,412,70,tw06911704,,0,tw25188472,,0,,,,,
round_pairing,Round 2,2,249,71,tw06996284,,3,tw70290277,,3,,,,,
round_pairing,Round 2,2,228,72,tw07020662,,3,tw01024875,,3,,,,,
round_pairing,Round 2,2,231,73,tw07182365,,3,tw33005835,,3,,,,,
round_pairing,Round 2,2,272,74,tw07329342,,0,tw62569500,,0,,,,,
round_pairing,Round 2,2,383,75,tw07410887,,0,tw32240000,,0,,,,,
round_pairing,Round 2,2,248,76,tw07460167,,3,tw60440420,,3,,,,,
round_pairing,Round 2,2,79,77,tw07615948,,3,tw27758570,,3,,,,,
round_pairing,Round 2,2,152,78,tw07927124,,3,tw61279434,,3,,,,,
round_pairing,Round 2,2,10,80,tw08615728,,3,tw14710630,,3,,,,,
round_pairing,Round 2,2,299,81,tw08740331,,0,tw25571112,,0,,,,,
round_pairing,Round 2,2,121,82,tw08814300,,3,tw03469638,,3,,,,,
round_pairing,Round 2,2,190,83,tw08876514,,3,tw73034465,,3,,,,,
round_pairing,Round 2,2,477,84,tw08969542,,0,tw48793078,,0,,,,,
round_pairing,Round 2,2,134,85,tw09194772,,3,tw76132946,,3,,,,,
round_pairing,Round 2,2,32,86,tw09225948,,3,tw18638755,,3,,,,,
round_pairing,Round 2,2,205,87,tw09239240,,3,tw84462905,,3,,,,,
round_pairing,Round 2,2,454,89,tw09468385,,0,tw99714386,,0,,,,,
round_pairing,Round 2,2,59,90,tw09480115,,3,tw45615575,,3,,,,,
round_pairing,Round 2,2,473,91,tw09490592,,0,tw28728192,,0,,,,,
round_pairing,Round 2,2,125,92,tw09503218,,3,tw57196950,,3,,,,,
round_pairing,Round 2,2,17,93,tw09574160,,3,tw16276326,,3,,,,,
round_pairing,Round 2,2,78,94,tw09704151,,3,tw95198982,,3,,,,,
round_pairing,Round 2,2,93,95,tw09772052,,3,tw15173588,,3,,,,,
round_pairing,Round 2,2,176,96,tw09914156,,3,tw89609352,,3,,,,,
round_pairing,Round 2,2,111,97,tw09964738,,3,tw85855405,,3,,,,,
round_pairing,Round 2,2,278,98,tw10304280,,0,tw95521825,,0,,,,,
round_pairing,Round 2,2,174,99,tw10410998,,3,tw68822994,,3,,,,,
round_pairing,Round 2,2,233,100,tw10467123,,3,tw24928885,,3,,,,,
round_pairing,Round 2,2,145,101,tw10700633,,3,tw40188987,,3,,,,,
round_pairing,Round 2,2,333,102,tw11015212,,0,tw85254693,,0,,,,,
round_pairing,Round 2,2,484,104,tw11292760,,0,tw66943412,,0,,,,,
round_pairing,Round 2,2,471,105,tw11498239,,0,tw19234685,,0,,,,,
round_pairing,Round 2,3,11,106,tw11499785,,3,tw79723871,,3,,,,,
round_pairing,Round 2,3,431,107,tw11570874,,0,tw03193944,,0,,,,,
round_pairing,Round 2,3,220,108,tw11612248,,3,tw94156469,,3,,,,,
round_pairing,Round 2,3,23,109,tw11642031,,3,tw44127879,,3,,,,,
round_pairing,Round 2,3,68,110,tw11739209,,3,tw22807189,,3,,,,,
round_pairing,Round 2,3,356,111,tw12035691,,0,tw53806573,,0,,,,,
round_pairing,Round 2,3,37,114,tw12363623,,3,tw28179733,,3,,,,,
round_pairing,Round 2,3,227,115,tw12573104,,3,tw99086788,,3,,,,,
round_pairing,Round 2,3,430,116,tw12769027,,0,tw69804633,,0,,,,,
round_pairing,Round 2,3,229,118,tw13090534,,3,tw75774280,,3,,,,,
round_pairing,Round 2,3,464,119,tw13120137,,0,tw89297350,,0,,,,,
round_pairing,Round 2,3,132,120,tw13174665,,3,tw37173355,,3,,,,,
round_pairing,Round 2,3,312,121,tw13224458,,0,tw50795757,,0,,,,,
round_pairing,Round 2,3,165,122,tw13229345,,3,tw00918141,,3,,,,,
round_pairing,Round 2,3,239,123,tw13298067,,3,tw52974697,,3,,,,,
round_pairing,Round 2,3,263,124,tw13312253,,0,tw15533641,,0,,,,,
round_pairing,Round 2,3,291,125,tw13434296,,0,tw35735135,,0,,,,,
round_pairing,Round 2,3,13,126,tw13454619,,3,tw82751826,,3,,,,,
round_pairing,Round 2,3,351,127,tw13462937,,0,tw89047117,,0,,,,,
round_pairing,Round 2,3,223,128,tw13569448,,3,tw91997638,,3,,,,,
round_pairing,Round 2,3,322,129,tw13624938,,0,tw69219642,,0,,,,,
round_pairing,Round 2,3,417,130,tw13638158,,0,tw27495272,,0,,,,,
round_pairing,Round 2,3,164,131,tw13779097,,3,tw56336073,,3,,,,,
round_pairing,Round 2,3,283,132,tw13786805,,0,tw13487252,,0,,,,,
round_pairing,Round 2,3,307,133,tw13830995,,0,tw49388371,,0,,,,,
round_pairing,Round 2,3,456,134,tw13965222,,0,tw45696531,,0,,,,,
round_pairing,Round 2,3,487,135,tw14005529,,0,tw35684617,,0,,,,,
round_pairing,Round 2,3,366,136,tw14152067,,0,tw74682364,,0,,,,,
round_pairing,Round 2,3,112,137,tw14181070,,3,tw72174151,,3,,,,,
round_pairing,Round 2,3,443,138,tw14489518,,0,tw71131892,,0,,,,,
round_pairing,Round 2,3,38,139,tw14618138,,3,tw17356132,,3,,,,,
round_pairing,Round 2,3,337,140,tw14651059,,0,tw85060196,,0,,,,,
round_pairing,Round 2,3,10,141,tw14710630,,3,tw08615728,,3,,,,,
round_pairing,Round 2,3,85,142,tw14788730,,3,tw42186430,,3,,,,,
round_pairing,Round 2,3,256,143,tw14910247,,0,tw97703685,,0,,,,,
round_pairing,Round 2,3,401,144,tw15023289,,0,tw50820470,,0,,,,,
round_pairing,Round 2,3,67,145,tw15026318,,3,tw89449964,,3,,,,,
round_pairing,Round 2,3,95,146,tw15028008,,3,tw58188995,,3,,,,,
round_pairing,Round 2,3,93,147,tw15173588,,3,tw09772052,,3,,,,,
round_pairing,Round 2,3,80,148,tw15392207,,3,tw75204861,,3,,,,,
round_pairing,Round 2,3,276,149,tw15435377,,0,tw20835300,,0,,,,,
round_pairing,Round 2,3,215,150,tw15475553,,3,tw95954871,,3,,,,,
round_pairing,Round 2,3,263,151,tw15533641,,0,tw13312253,,0,,,,,
round_pairing,Round 2,3,290,152,tw15712728,,0,tw47551870,,0,,,,,
round_pairing,Round 2,3,16,155,tw16132632,,3,tw25974925,,3,,,,,
round_pairing,Round 2,3,216,156,tw16152234,,3,tw85067465,,3,,,,,
round_pairing,Round 2,3,17,157,tw16276326,,3,tw09574160,,3,,,,,
round_pairing,Round 2,3,254,158,tw16526802,,0,tw30267620,,0,,,,,
round_pairing,Round 2,3,273,159,tw16569141,,0,tw83071268,,0,,,,,
round_pairing,Round 2,3,141,160,tw16621728,,3,tw47904340,,3,,,,,
round_pairing,Round 2,4,122,161,tw16728082,,3,tw50239297,,3,,,,,
round_pairing,Round 2,4,373,162,tw16903663,,0,tw17830710,,0,,,,,
round_pairing,Round 2,4,27,163,tw16965198,,3,tw33742727,,3,,,,,
round_pairing,Round 2,4,324,164,tw17003070,,0,tw29437004,,0,,,,,
round_pairing,Round 2,4,163,165,tw17095405,,3,tw82878504,,3,,,,,
round_pairing,Round 2,4,338,166,tw17108307,,0,tw96137948,,0,,,,,
round_pairing,Round 2,4,275,167,tw17203659,,0,tw65158876,,0,,,,,
round_pairing,Round 2,4,447,169,tw17453360,,0,tw56387935,,0,,,,,
round_pairing,Round 2,4,370,170,tw17488993,,0,tw74033297,,0,,,,,
round_pairing,Round 2,4,425,171,tw17543456,,0,tw36167036,,0,,,,,
round_pairing,Round 2,4,156,172,tw17745432,,3,tw41822925,,3,,,,,
round_pairing,Round 2,4,7,173,tw17748447,,3,tw74542521,,3,,,,,
round_pairing,Round 2,4,373,174,tw17830710,,0,tw16903663,,0,,,,,
round_pairing,Round 2,4,129,175,tw18243923,,3,tw43268758,,3,,,,,
round_pairing,Round 2,4,92,176,tw18276049,,3,tw46362217,,3,,,,,
round_pairing,Round 2,4,113,177,tw18412271,,3,tw29821490,,3,,,,,
round_pairing,Round 2,4,230,178,tw18429175,,3,tw23209128,,3,,,,,
round_pairing,Round 2,4,479,179,tw18468179,,0,tw33785925,,0,,,,,
round_pairing,Round 2,4,32,180,tw18638755,,3,tw09225948,,3,,,,,
round_pairing,Round 2,4,399,181,tw18641143,,0,tw19377792,,0,,,,,
round_pairing,Round 2,4,437,182,tw18676231,,0,tw48889969,,0,,,,,
round_pairing,Round 2,4,234,183,tw18844404,,3,tw63898784,,3,,,,,
round_pairing,Round 2,4,494,184,tw18850000,,0,tw38703886,,0,,,,,
round_pairing,Round 2,4,84,185,tw18906406,,3,tw48890271,,3,,,,,
round_pairing,Round 2,4,471,186,tw19234685,,0,tw11498239,,0,,,,,
round_pairing,Round 2,4,352,187,tw19291467,,0,tw93754264,,0,,,,,
round_pairing,Round 2,4,399,188,tw19377792,,0,tw18641143,,0,,,,,
round_pairing,Round 2,4,359,189,tw19393681,,0,tw56468849,,0,,,,,
round_pairing,Round 2,4,9,190,tw19640601,,3,tw26528058,,3,,,,,
round_pairing,Round 2,4,252,192,tw20156409,,0,tw35246471,,0,,,,,
round_pairing,Round 2,4,118,193,tw20368538,,3,tw97138451,,3,,,,,
round_pairing,Round 2,4,144,194,tw20375005,,3,tw29536370,,3,,,,,
round_pairing,Round 2,4,269,195,tw20707479,,0,tw77606795,,0,,,,,
round_pairing,Round 2,4,180,196,tw20730540,,3,tw64203769,,3,,,,,
round_pairing,Round 2,4,276,197,tw20835300,,0,tw15435377,,0,,,,,
round_pairing,Round 2,4,115,199,tw21543308,,3,tw46798799,,3,,,,,
round_pairing,Round 2,4,226,200,tw21820105,,3,tw04156058,,3,,,,,
round_pairing,Round 2,4,297,201,tw21922568,,0,tw81562455,,0,,,,,
round_pairing,Round 2,4,418,202,tw22007891,,0,tw47230122,,0,,,,,
round_pairing,Round 2,4,422,203,tw22183935,,0,tw35360901,,0,,,,,
round_pairing,Round 2,4,74,204,tw22214921,,3,tw65741542,,3,,,,,
round_pairing,Round 2,4,81,205,tw22261784,,3,tw26175828,,3,,,,,
round_pairing,Round 2,4,179,206,tw22301558,,3,tw31422118,,3,,,,,
round_pairing,Round 2,4,321,207,tw22529091,,0,tw67716132,,0,,,,,
round_pairing,Round 2,4,178,208,tw22611326,,3,tw77877383,,3,,,,,
round_pairing,Round 2,4,71,209,tw22699669,,3,tw61227623,,3,,,,,
round_pairing,Round 2,4,68,210,tw22807189,,3,tw11739209,,3,,,,,
round_pairing,Round 2,4,195,211,tw22969264,,3,tw03168456,,3,,,,,
round_pairing,Round 2,4,469,212,tw22979539,,0,tw92969664,,0,,,,,
round_pairing,Round 2,4,230,213,tw23209128,,3,tw18429175,,3,,,,,
round_pairing,Round 2,5,292,214,tw23226571,,0,tw83160193,,0,,,,,
round_pairing,Round 2,5,192,215,tw23249034,,3,tw02597386,,3,,,,,
round_pairing,Round 2,5,329,216,tw23540064,,0,tw99346363,,0,,,,,
round_pairing,Round 2,5,44,217,tw23649439,,3,tw02105248,,3,,,,,
round_pairing,Round 2,5,245,218,tw23712439,,3,tw62958507,,3,,,,,
round_pairing,Round 2,5,96,219,tw23730146,,3,tw99958274,,3,,,,,
round_pairing,Round 2,5,6,220,tw23764220,,3,tw69069593,,3,,,,,
round_pairing,Round 2,5,339,221,tw24144676,,0,tw02559687,,0,,,,,
round_pairing,Round 2,5,311,222,tw24207778,,0,tw85026999,,0,,,,,
round_pairing,Round 2,5,83,223,tw24266071,,3,tw71161066,,3,,,,,
round_pairing,Round 2,5,493,225,tw24423291,,0,tw32141014,,0,,,,,
round_pairing,Round 2,5,66,226,tw24459657,,3,tw86324740,,3,,,,,
round_pairing,Round 2,5,169,227,tw24570904,,3,tw45178021,,3,,,,,
round_pairing,Round 2,5,407,228,tw24708906,,0,tw41398048,,0,,,,,
round_pairing,Round 2,5,404,229,tw24742864,,0,tw88780324,,0,,,,,
round_pairing,Round 2,5,177,230,tw24854365,,3,tw33433069,,3,,,,,
round_pairing,Round 2,5,233,231,tw24928885,,3,tw10467123,,3,,,,,
round_pairing,Round 2,5,185,232,tw25000553,,3,tw27395288,,3,,,,,
round_pairing,Round 2,5,412,234,tw25188472,,0,tw06911704,,0,,,,,
round_pairing,Round 2,5,388,235,tw25201840,,0,tw32647589,,0,,,,,
round_pairing,Round 2,5,336,236,tw25336636,,0,tw33097520,,0,,,,,
round_pairing,Round 2,5,28,237,tw25411458,,3,tw93786012,,3,,,,,
round_pairing,Round 2,5,197,238,tw25488947,,3,tw41805810,,3,,,,,
round_pairing,Round 2,5,181,239,tw25559677,,3,tw66134077,,3,,,,,
round_pairing,Round 2,5,299,240,tw25571112,,0,tw08740331,,0,,,,,
round_pairing,Round 2,5,446,241,tw25634182,,0,tw93021016,,0,,,,,
round_pairing,Round 2,5,14,242,tw25684532,,3,tw03094722,,3,,,,,
round_pairing,Round 2,5,16,243,tw25974925,,3,tw16132632,,3,,,,,
round_pairing,Round 2,5,193,244,tw26020639,,3,tw90556916,,3,,,,,
round_pairing,Round 2,5,9,246,tw26528058,,3,tw19640601,,3,,,,,
round_pairing,Round 2,5,148,247,tw26529339,,3,tw87713934,,3,,,,,
round_pairing,Round 2,5,5,248,tw26670105,,3,tw91555335,,3,,,,,
round_pairing,Round 2,5,405,249,tw26839664,,0,tw48927744,,0,,,,,
round_pairing,Round 2,5,188,250,tw26953449,,3,tw79411276,,3,,,,,
round_pairing,Round 2,5,33,251,tw27017315,,3,tw27419844,,3,,,,,
round_pairing,Round 2,5,138,252,tw27308734,,3,tw72887037,,3,,,,,
round_pairing,Round 2,5,1,253,tw27347873,,3,tw81268957,,3,,,,,
round_pairing,Round 2,5,185,254,tw27395288,,3,tw25000553,,3,,,,,
round_pairing,Round 2,5,33,255,tw27419844,,3,tw27017315,,3,,,,,
round_pairing,Round 2,5,417,256,tw27495272,,0,tw13638158,,0,,,,,
round_pairing,Round 2,5,166,257,tw27568465,,3,tw92466220,,3,,,,,
round_pairing,Round 2,5,475,258,tw27673402,,0,tw90018469,,0,,,,,
round_pairing,Round 2,5,158,260,tw27736985,,3,tw90553997,,3,,,,,
round_pairing,Round 2,5,155,261,tw27802821,,3,tw71861265,,3,,,,,
round_pairing,Round 2,5,461,262,tw27817384,,0,tw04057117,,0,,,,,
round_pairing,Round 2,5,451,263,tw27943796,,0,tw37870020,,0,,,,,
round_pairing,Round 2,5,305,265,tw28101734,,0,tw02211815,,0,,,,,
round_pairing,Round 2,5,37,266,tw28179733,,3,tw12363623,,3,,,,,
round_pairing,Round 2,5,3,267,tw28193746,,3,tw56550093,,3,,,,,
round_pairing,Round 2,5,281,268,tw28285341,,0,tw28988843,,0,,,,,
round_pairing,Round 2,6,345,269,tw28495767,,0,tw99256533,,0,,,,,
round_pairing,Round 2,6,58,270,tw28510545,,3,tw65522783,,3,,,,,
round_pairing,Round 2,6,264,271,tw28672728,,0,tw87015354,,0,,,,,
round_pairing,Round 2,6,473,272,tw28728192,,0,tw09490592,,0,,,,,
round_pairing,Round 2,6,100,273,tw28750216,,3,tw52704576,,3,,,,,
round_pairing,Round 2,6,281,274,tw28988843,,0,tw28285341,,0,,,,,
round_pairing,Round 2,6,35,275,tw29121960,,3,tw06225308,,3,,,,,
round_pairing,Round 2,6,212,276,tw29372557,,3,tw58028303,,3,,,,,
round_pairing,Round 2,6,457,277,tw29377361,,0,tw65781127,,0,,,,,
round_pairing,Round 2,6,88,278,tw29404493,,3,tw93433450,,3,,,,,
round_pairing,Round 2,6,246,279,tw29518941,,3,tw85563070,,3,,,,,
round_pairing,Round 2,6,144,280,tw29536370,,3,tw20375005,,3,,,,,
round_pairing,Round 2,6,244,281,tw29731640,,3,tw64567116,,3,,,,,
round_pairing,Round 2,6,113,282,tw29821490,,3,tw18412271,,3,,,,,
round_pairing,Round 2,6,492,283,tw30236831,,0,tw87510571,,0,,,,,
round_pairing,Round 2,6,296,284,tw30379002,,0,tw33884578,,0,,,,,
round_pairing,Round 2,6,224,285,tw30419396,,3,tw79188375,,3,,,,,
round_pairing,Round 2,6,468,287,tw30898169,,0,tw96947201,,0,,,,,
round_pairing,Round 2,6,259,288,tw30959627,,0,tw40504902,,0,,,,,
round_pairing,Round 2,6,302,289,tw30976792,,0,tw71559250,,0,,,,,
round_pairing,Round 2,6,467,290,tw30998847,,0,tw35187586,,0,,,,,
round_pairing,Round 2,6,196,291,tw31279242,,3,tw49159270,,3,,,,,
round_pairing,Round 2,6,179,292,tw31422118,,3,tw22301558,,3,,,,,
round_pairing,Round 2,6,18,294,tw31941216,,3,tw39697449,,3,,,,,
round_pairing,Round 2,6,344,295,tw31949622,,0,tw93405316,,0,,,,,
round_pairing,Round 2,6,493,296,tw32141014,,0,tw24423291,,0,,,,,
round_pairing,Round 2,6,139,297,tw32167594,,3,tw61277104,,3,,,,,
round_pairing,Round 2,6,462,298,tw32214798,,0,tw44207012,,0,,,,,
round_pairing,Round 2,6,383,299,tw32240000,,0,tw07410887,,0,,,,,
round_pairing,Round 2,6,482,300,tw32364107,,0,tw90671632,,0,,,,,
round_pairing,Round 2,6,388,301,tw32647589,,0,tw25201840,,0,,,,,
round_pairing,Round 2,6,34,302,tw32722359,,3,tw51610329,,3,,,,,
round_pairing,Round 2,6,123,303,tw32893143,,3,tw72753058,,3,,,,,
round_pairing,Round 2,6,204,304,tw32907703,,3,tw53782031,,3,,,,,
round_pairing,Round 2,6,286,305,tw32921509,,0,tw86328278,,0,,,,,
round_pairing,Round 2,6,308,306,tw32950344,,0,tw38080173,,0,,,,,
round_pairing,Round 2,6,26,307,tw33002183,,3,tw55332465,,3,,,,,
round_pairing,Round 2,6,231,308,tw33005835,,3,tw07182365,,3,,,,,
round_pairing,Round 2,6,336,309,tw33097520,,0,tw25336636,,0,,,,,
round_pairing,Round 2,6,136,310,tw33274690,,3,tw97275186,,3,,,,,
round_pairing,Round 2,6,294,311,tw33544977,,0,tw62324389,,0,,,,,
round_pairing,Round 2,6,27,312,tw33742727,,3,tw16965198,,3,,,,,
round_pairing,Round 2,6,479,313,tw33785925,,0,tw18468179,,0,,,,,
round_pairing,Round 2,6,480,314,tw33811608,,0,tw46002856,,0,,,,,
round_pairing,Round 2,6,293,315,tw33820039,,0,tw79434198,,0,,,,,
round_pairing,Round 2,6,137,316,tw33852575,,3,tw59842400,,3,,,,,
round_pairing,Round 2,6,400,317,tw33881781,,0,tw63171506,,0,,,,,
round_pairing,Round 2,6,296,318,tw33884578,,0,tw30379002,,0,,,,,
round_pairing,Round 2,6,491,319,tw33985444,,0,tw93020902,,0,,,,,
round_pairing,Round 2,6,109,320,tw34396906,,3,tw92224806,,3,,,,,
round_pairing,Round 2,7,116,322,tw34953027,,3,tw43633449,,3,,,,,
round_pairing,Round 2,7,467,323,tw35187586,,0,tw30998847,,0,,,,,
round_pairing,Round 2,7,252,324,tw35246471,,0,tw20156409,,0,,,,,
round_pairing,Round 2,7,422,325,tw35360901,,0,tw22183935,,0,,,,,
round_pairing,Round 2,7,30,326,tw35416653,,3,tw63508480,,3,,,,,
round_pairing,Round 2,7,487,327,tw35684617,,0,tw14005529,,0,,,,,
round_pairing,Round 2,7,127,328,tw35693064,,3,tw52752742,,3,,,,,
round_pairing,Round 2,7,214,329,tw35707148,,3,tw94518932,,3,,,,,
round_pairing,Round 2,7,291,330,tw35735135,,0,tw13434296,,0,,,,,
round_pairing,Round 2,7,97,331,tw35839691,,3,tw67940713,,3,,,,,
round_pairing,Round 2,7,287,332,tw35995465,,0,tw38086655,,0,,,,,
round_pairing,Round 2,7,406,333,tw36074458,,0,tw61785235,,0,,,,,
round_pairing,Round 2,7,142,334,tw36138720,,3,tw61880666,,3,,,,,
round_pairing,Round 2,7,56,335,tw36648556,,3,tw88860465,,3,,,,,
round_pairing,Round 2,7,210,336,tw36747145,,3,tw05197795,,3,,,,,
round_pairing,Round 2,7,70,337,tw36759052,,3,tw93660736,,3,,,,,
round_pairing,Round 2,7,346,338,tw36782228,,0,tw03226408,,0,,,,,
round_pairing,Round 2,7,445,339,tw36810632,,0,tw39290085,,0,,,,,
round_pairing,Round 2,7,253,340,tw36904012,,0,tw41479406,,0,,,,,
round_pairing,Round 2,7,54,341,tw37158463,,3,tw98707657,,3,,,,,
round_pairing,Round 2,7,45,342,tw37453841,,3,tw79834153,,3,,,,,
round_pairing,Round 2,7,416,343,tw37823321,,0,tw73917548,,0,,,,,
round_pairing,Round 2,7,94,344,tw37855988,,3,tw97567728,,3,,,,,
round_pairing,Round 2,7,451,345,tw37870020,,0,tw27943796,,0,,,,,
round_pairing,Round 2,7,218,346,tw37918429,,3,tw52493073,,3,,,,,
round_pairing,Round 2,7,436,347,tw37950627,,0,tw02172047,,0,,,,,
round_pairing,Round 2,7,308,348,tw38080173,,0,tw32950344,,0,,,,,
round_pairing,Round 2,7,287,349,tw38086655,,0,tw35995465,,0,,,,,
round_pairing,Round 2,7,201,350,tw38153478,,3,tw41429367,,3,,,,,
round_pairing,Round 2,7,47,351,tw38236579,,3,tw06393443,,3,,,,,
round_pairing,Round 2,7,260,352,tw38671111,,0,tw81066465,,0,,,,,
round_pairing,Round 2,7,494,353,tw38703886,,0,tw18850000,,0,,,,,
round_pairing,Round 2,7,396,354,tw38743212,,0,tw69848771,,0,,,,,
round_pairing,Round 2,7,49,356,tw39192538,,3,tw80267696,,3,,,,,
round_pairing,Round 2,7,445,357,tw39290085,,0,tw36810632,,0,,,,,
round_pairing,Round 2,7,75,358,tw39492637,,3,tw68209544,,3,,,,,
round_pairing,Round 2,7,18,359,tw39697449,,3,tw31941216,,3,,,,,
round_pairing,Round 2,7,460,360,tw39941788,,0,tw51405069,,0,,,,,
round_pairing,Round 2,7,21,361,tw40123518,,3,tw24261609,,3,,,,,
round_pairing,Round 2,7,15,362,tw40135779,,3,tw79802506,,3,,,,,
round_pairing,Round 2,7,450,363,tw40194303,,0,tw73455744,,0,,,,,
round_pairing,Round 2,7,349,364,tw40377456,,0,tw66497121,,0,,,,,
round_pairing,Round 2,7,259,365,tw40504902,,0,tw30959627,,0,,,,,
round_pairing,Round 2,7,51,366,tw40555668,,3,tw65063095,,3,,,,,
round_pairing,Round 2,7,442,367,tw40682117,,0,tw79270381,,0,,,,,
round_pairing,Round 2,7,217,368,tw40696414,,3,tw50255396,,3,,,,,
round_pairing,Round 2,7,358,369,tw40722297,,0,tw93076075,,0,,,,,
round_pairing,Round 2,7,342,370,tw40786209,,0,tw82981600,,0,,,,,
round_pairing,Round 2,7,420,371,tw41013727,,0,tw48962901,,0,,,,,
round_pairing,Round 2,7,170,372,tw41073870,,3,tw80521031,,3,,,,,
round_pairing,Round 2,8,288,373,tw41104694,,0,tw45233917,,0,,,,,
round_pairing,Round 2,8,91,374,tw41238636,,3,tw53446977,,3,,,,,
round_pairing,Round 2,8,375,375,tw41283932,,0,tw82559799,,0,,,,,
round_pairing,Round 2,8,198,376,tw41286139,,3,tw88706430,,3,,,,,
round_pairing,Round 2,8,407,377,tw41398048,,0,tw24708906,,0,,,,,
round_pairing,Round 2,8,201,378,tw41429367,,3,tw38153478,,3,,,,,
round_pairing,Round 2,8,253,379,tw41479406,,0,tw36904012,,0,,,,,
round_pairing,Round 2,8,280,380,tw41523616,,0,tw00976968,,0,,,,,
round_pairing,Round 2,8,173,381,tw41609662,,3,tw63031373,,3,,,,,
round_pairing,Round 2,8,289,382,tw41670381,,0,tw79221888,,0,,,,,
round_pairing,Round 2,8,303,383,tw41731352,,0,tw62067344,,0,,,,,
round_pairing,Round 2,8,197,384,tw41805810,,3,tw25488947,,3,,,,,
round_pairing,Round 2,8,156,385,tw41822925,,3,tw17745432,,3,,,,,
round_pairing,Round 2,8,85,386,tw42186430,,3,tw14788730,,3,,,,,
round_pairing,Round 2,8,90,387,tw42246097,,3,tw77637602,,3,,,,,
round_pairing,Round 2,8,146,388,tw42309306,,3,tw95656910,,3,,,,,
round_pairing,Round 2,8,391,389,tw42455002,,0,tw46705939,,0,,,,,
round_pairing,Round 2,8,270,390,tw42505350,,0,tw62984443,,0,,,,,
round_pairing,Round 2,8,40,391,tw42527004,,3,tw73358187,,3,,,,,
round_pairing,Round 2,8,199,392,tw42563834,,3,tw61600644,,3,,,,,
round_pairing,Round 2,8,103,393,tw42619935,,3,tw17401165,,3,,,,,
round_pairing,Round 2,8,395,394,tw42723639,,0,tw99853156,,0,,,,,
round_pairing,Round 2,8,301,395,tw42920911,,0,tw06554451,,0,,,,,
round_pairing,Round 2,8,126,396,tw42938387,,3,tw60311204,,3,,,,,
round_pairing,Round 2,8,183,397,tw42979297,,3,tw98649601,,3,,,,,
round_pairing,Round 2,8,353,398,tw43007249,,0,tw88407488,,0,,,,,
round_pairing,Round 2,8,129,399,tw43268758,,3,tw18243923,,3,,,,,
round_pairing,Round 2,8,340,400,tw43322316,,0,tw69848864,,0,,,,,
round_pairing,Round 2,8,365,401,tw43331901,,0,tw81389651,,0,,,,,
round_pairing,Round 2,8,82,402,tw43380150,,3,tw44468313,,3,,,,,
round_pairing,Round 2,8,410,403,tw43487757,,0,tw72829984,,0,,,,,
round_pairing,Round 2,8,162,404,tw43492313,,3,tw55000893,,3,,,,,
round_pairing,Round 2,8,116,405,tw43633449,,3,tw34953027,,3,,,,,
round_pairing,Round 2,8,414,406,tw43692869,,0,tw59548820,,0,,,,,
round_pairing,Round 2,8,347,407,tw43700622,,0,tw57062134,,0,,,,,
round_pairing,Round 2,8,189,408,tw44047226,,3,tw54988993,,3,,,,,
round_pairing,Round 2,8,23,411,tw44127879,,3,tw11642031,,3,,,,,
round_pairing,Round 2,8,284,412,tw44206611,,0,tw86056382,,0,,,,,
round_pairing,Round 2,8,462,413,tw44207012,,0,tw32214798,,0,,,,,
round_pairing,Round 2,8,242,414,tw44233591,,3,tw71493841,,3,,,,,
round_pairing,Round 2,8,372,415,tw44342704,,0,tw97384556,,0,,,,,
round_pairing,Round 2,8,318,416,tw44344603,,0,tw48555786,,0,,,,,
round_pairing,Round 2,8,159,417,tw44380087,,3,tw95746707,,3,,,,,
round_pairing,Round 2,8,82,418,tw44468313,,3,tw43380150,,3,,,,,
round_pairing,Round 2,8,361,419,tw44475314,,0,tw67984683,,0,,,,,
round_pairing,Round 2,8,458,420,tw44649735,,0,tw97807535,,0,,,,,
round_pairing,Round 2,8,423,421,tw44821842,,0,tw34649223,,0,,,,,
round_pairing,Round 2,8,360,422,tw44853577,,0,tw66555509,,0,,,,,
round_pairing,Round 2,8,61,423,tw44874553,,3,tw61533794,,3,,,,,
round_pairing,Round 2,8,169,424,tw45178021,,3,tw24570904,,3,,,,,
round_pairing,Round 2,9,288,425,tw45233917,,0,tw41104694,,0,,,,,
round_pairing,Round 2,9,341,426,tw45324854,,0,tw95818310,,0,,,,,
round_pairing,Round 2,9,449,427,tw45371614,,0,tw50702110,,0,,,,,
round_pairing,Round 2,9,31,428,tw45403885,,3,tw68165427,,3,,,,,
round_pairing,Round 2,9,415,429,tw45404381,,0,tw36869316,,0,,,,,
round_pairing,Round 2,9,409,430,tw45458321,,0,tw46969620,,0,,,,,
round_pairing,Round 2,9,440,431,tw45486731,,0,tw50414993,,0,,,,,
round_pairing,Round 2,9,59,432,tw45615575,,3,tw09480115,,3,,,,,
round_pairing,Round 2,9,488,433,tw45684530,,0,tw48596346,,0,,,,,
round_pairing,Round 2,9,456,434,tw45696531,,0,tw13965222,,0,,,,,
round_pairing,Round 2,9,41,435,tw45713741,,3,tw36712780,,3,,,,,
round_pairing,Round 2,9,150,436,tw45806310,,3,tw74568091,,3,,,,,
round_pairing,Round 2,9,480,437,tw46002856,,0,tw33811608,,0,,,,,
round_pairing,Round 2,9,380,438,tw46020620,,0,tw76925363,,0,,,,,
round_pairing,Round 2,9,448,439,tw46030050,,0,tw97253900,,0,,,,,
round_pairing,Round 2,9,20,440,tw46321576,,3,tw57017359,,3,,,,,
round_pairing,Round 2,9,92,441,tw46362217,,3,tw18276049,,3,,,,,
round_pairing,Round 2,9,24,442,tw46377157,,3,tw11608088,,3,,,,,
round_pairing,Round 2,9,57,443,tw46423373,,3,tw70591612,,3,,,,,
round_pairing,Round 2,9,323,444,tw46643692,,0,tw88521370,,0,,,,,
round_pairing,Round 2,9,184,445,tw46646319,,3,tw58450010,,3,,,,,
round_pairing,Round 2,9,391,446,tw46705939,,0,tw42455002,,0,,,,,
round_pairing,Round 2,9,76,447,tw46716936,,3,tw39894258,,3,,,,,
round_pairing,Round 2,9,130,448,tw46738666,,3,tw82370377,,3,,,,,
round_pairing,Round 2,9,466,449,tw46795660,,0,tw66961355,,0,,,,,
round_pairing,Round 2,9,115,450,tw46798799,,3,tw21543308,,3,,,,,
round_pairing,Round 2,9,355,451,tw46945068,,0,tw69425578,,0,,,,,
round_pairing,Round 2,9,409,452,tw46969620,,0,tw45458321,,0,,,,,
round_pairing,Round 2,9,277,453,tw47077924,,0,tw67696706,,0,,,,,
round_pairing,Round 2,9,439,454,tw47285094,,0,tw78866457,,0,,,,,
round_pairing,Round 2,9,202,455,tw47341841,,3,tw97370246,,3,,,,,
round_pairing,Round 2,9,161,456,tw47415187,,3,tw96909333,,3,,,,,
round_pairing,Round 2,9,290,457,tw47551870,,0,tw15712728,,0,,,,,
round_pairing,Round 2,9,306,458,tw47612491,,0,tw92027316,,0,,,,,
round_pairing,Round 2,9,141,459,tw47904340,,3,tw16621728,,3,,,,,
round_pairing,Round 2,9,378,460,tw47949585,,0,tw77928028,,0,,,,,
round_pairing,Round 2,9,213,461,tw48178410,,3,tw59648008,,3,,,,,
round_pairing,Round 2,9,274,462,tw48294785,,0,tw88506619,,0,,,,,
round_pairing,Round 2,9,485,463,tw48357143,,0,tw71035218,,0,,,,,
round_pairing,Round 2,9,369,464,tw48408173,,0,tw39114696,,0,,,,,
round_pairing,Round 2,9,350,465,tw48512422,,0,tw91627311,,0,,,,,
round_pairing,Round 2,9,318,466,tw48555786,,0,tw44344603,,0,,,,,
round_pairing,Round 2,9,488,467,tw48596346,,0,tw45684530,,0,,,,,
round_pairing,Round 2,9,476,468,tw48706845,,0,tw77798178,,0,,,,,
round_pairing,Round 2,9,36,469,tw48715949,,3,tw69685808,,3,,,,,
round_pairing,Round 2,9,477,471,tw48793078,,0,tw08969542,,0,,,,,
round_pairing,Round 2,9,437,472,tw48889969,,0,tw18676231,,0,,,,,
round_pairing,Round 2,9,84,473,tw48890271,,3,tw18906406,,3,,,,,
round_pairing,Round 2,9,405,474,tw48927744,,0,tw26839664,,0,,,,,
round_pairing,Round 2,9,420,475,tw48962901,,0,tw41013727,,0,,,,,
round_pairing,Round 2,10,328,476,tw49045992,,0,tw00106184,,0,,,,,
round_pairing,Round 2,10,182,477,tw49113528,,3,tw60920600,,3,,,,,
round_pairing,Round 2,10,196,478,tw49159270,,3,tw31279242,,3,,,,,
round_pairing,Round 2,10,483,479,tw49327411,,0,tw79504132,,0,,,,,
round_pairing,Round 2,10,307,480,tw49388371,,0,tw13830995,,0,,,,,
round_pairing,Round 2,10,382,481,tw49441410,,0,tw75820315,,0,,,,,
round_pairing,Round 2,10,495,482,tw49698910,,0,tw97995384,,0,,,,,
round_pairing,Round 2,10,432,483,tw49759795,,0,tw52578543,,0,,,,,
round_pairing,Round 2,10,172,484,tw49877892,,3,tw05130167,,3,,,,,
round_pairing,Round 2,10,122,485,tw50239297,,3,tw16728082,,3,,,,,
round_pairing,Round 2,10,217,486,tw50255396,,3,tw40696414,,3,,,,,
round_pairing,Round 2,10,131,487,tw50328610,,3,tw90485112,,3,,,,,
round_pairing,Round 2,10,440,488,tw50414993,,0,tw45486731,,0,,,,,
round_pairing,Round 2,10,240,490,tw50567676,,3,tw02856732,,3,,,,,
round_pairing,Round 2,10,449,491,tw50702110,,0,tw45371614,,0,,,,,
round_pairing,Round 2,10,312,492,tw50795757,,0,tw13224458,,0,,,,,
round_pairing,Round 2,10,401,493,tw50820470,,0,tw15023289,,0,,,,,
round_pairing,Round 2,10,4,495,tw50858481,,3,tw01909140,,3,,,,,
round_pairing,Round 2,10,411,496,tw51147332,,0,tw62300636,,0,,,,,
round_pairing,Round 2,10,29,497,tw51149657,,3,tw68851170,,3,,,,,
round_pairing,Round 2,10,460,499,tw51405069,,0,tw39941788,,0,,,,,
round_pairing,Round 2,10,271,500,tw51489284,,0,tw68954029,,0,,,,,
round_pairing,Round 2,10,34,501,tw51610329,,3,tw32722359,,3,,,,,
round_pairing,Round 2,10,153,502,tw51756189,,3,tw71550438,,3,,,,,
round_pairing,Round 2,10,106,503,tw51891548,,3,tw04552155,,3,,,,,
round_pairing,Round 2,10,496,504,tw52127289,,0,,,,,,,,
round_pairing,Round 2,10,381,505,tw52149734,,0,tw87745948,,0,,,,,
round_pairing,Round 2,10,402,506,tw52301948,,0,tw59462193,,0,,,,,
round_pairing,Round 2,10,357,507,tw52488439,,0,tw70903147,,0,,,,,
round_pairing,Round 2,10,218,509,tw52493073,,3,tw37918429,,3,,,,,
round_pairing,Round 2,10,432,510,tw52578543,,0,tw49759795,,0,,,,,
round_pairing,Round 2,10,211,511,tw52663760,,3,tw95261451,,3,,,,,
round_pairing,Round 2,10,100,512,tw52704576,,3,tw28750216,,3,,,,,
round_pairing,Round 2,10,127,513,tw52752742,,3,tw35693064,,3,,,,,
round_pairing,Round 2,10,87,514,tw52806758,,3,tw70028105,,3,,,,,
round_pairing,Round 2,10,19,515,tw53367475,,3,tw90996252,,3,,,,,
round_pairing,Round 2,10,91,516,tw53446977,,3,tw41238636,,3,,,,,
round_pairing,Round 2,10,209,517,tw53540804,,3,tw63334587,,3,,,,,
round_pairing,Round 2,10,474,518,tw53723254,,0,tw01233994,,0,,,,,
round_pairing,Round 2,10,204,519,tw53782031,,3,tw32907703,,3,,,,,
round_pairing,Round 2,10,356,520,tw53806573,,0,tw12035691,,0,,,,,
round_pairing,Round 2,10,326,522,tw54347311,,0,tw02002019,,0,,,,,
round_pairing,Round 2,10,140,523,tw54430001,,3,tw82566333,,3,,,,,
round_pairing,Round 2,10,258,524,tw54739989,,0,tw06147611,,0,,,,,
round_pairing,Round 2,10,189,526,tw54988993,,3,tw44047226,,3,,,,,
round_pairing,Round 2,10,162,527,tw55000893,,3,tw43492313,,3,,,,,
round_pairing,Round 2,10,114,528,tw55098015,,3,tw01150243,,3,,,,,
round_pairing,Round 2,10,157,529,tw55210501,,3,tw00531440,,3,,,,,
round_pairing,Round 2,10,26,530,tw55332465,,3,tw33002183,,3,,,,,
round_pairing,Round 2,10,98,531,tw55359182,,3,tw80138989,,3,,,,,
round_pairing,Round 2,11,107,532,tw55570972,,3,tw00831574,,3,,,,,
round_pairing,Round 2,11,60,533,tw55765174,,3,tw62529006,,3,,,,,
round_pairing,Round 2,11,330,534,tw56012620,,0,tw26089798,,0,,,,,
round_pairing,Round 2,11,105,535,tw56240698,,3,tw98129328,,3,,,,,
round_pairing,Round 2,11,164,536,tw56336073,,3,tw13779097,,3,,,,,
round_pairing,Round 2,11,447,537,tw56387935,,0,tw17453360,,0,,,,,
round_pairing,Round 2,11,433,538,tw56416986,,0,tw32830944,,0,,,,,
round_pairing,Round 2,11,359,539,tw56468849,,0,tw19393681,,0,,,,,
round_pairing,Round 2,11,3,540,tw56550093,,3,tw28193746,,3,,,,,
round_pairing,Round 2,11,315,541,tw56605426,,0,tw97546030,,0,,,,,
round_pairing,Round 2,11,20,542,tw57017359,,3,tw46321576,,3,,,,,
round_pairing,Round 2,11,347,543,tw57062134,,0,tw43700622,,0,,,,,
round_pairing,Round 2,11,426,545,tw57531941,,0,tw92814087,,0,,,,,
round_pairing,Round 2,11,186,546,tw57612114,,3,tw42204590,,3,,,,,
round_pairing,Round 2,11,255,547,tw57615176,,0,tw66816512,,0,,,,,
round_pairing,Round 2,11,335,548,tw57767899,,0,tw66575998,,0,,,,,
round_pairing,Round 2,11,212,549,tw58028303,,3,tw29372557,,3,,,,,
round_pairing,Round 2,11,95,550,tw58188995,,3,tw15028008,,3,,,,,
round_pairing,Round 2,11,184,551,tw58450010,,3,tw46646319,,3,,,,,
round_pairing,Round 2,11,354,553,tw58523618,,0,tw62435012,,0,,,,,
round_pairing,Round 2,11,393,555,tw58781969,,0,tw72318939,,0,,,,,
round_pairing,Round 2,11,364,556,tw58817602,,0,tw84916149,,0,,,,,
round_pairing,Round 2,11,419,557,tw58835877,,0,tw81886933,,0,,,,,
round_pairing,Round 2,11,133,558,tw59137487,,3,tw62315993,,3,,,,,
round_pairing,Round 2,11,402,560,tw59462193,,0,tw52301948,,0,,,,,
round_pairing,Round 2,11,314,561,tw59471628,,0,tw59096586,,0,,,,,
round_pairing,Round 2,11,414,562,tw59548820,,0,tw43692869,,0,,,,,
round_pairing,Round 2,11,160,563,tw59616959,,3,tw82556653,,3,,,,,
round_pairing,Round 2,11,137,564,tw59842400,,3,tw33852575,,3,,,,,
round_pairing,Round 2,11,77,565,tw59882595,,3,tw97931731,,3,,,,,
round_pairing,Round 2,11,470,567,tw60273793,,0,tw95570205,,0,,,,,
round_pairing,Round 2,11,126,568,tw60311204,,3,tw42938387,,3,,,,,
round_pairing,Round 2,11,248,569,tw60440420,,3,tw07460167,,3,,,,,
round_pairing,Round 2,11,154,570,tw60511158,,3,tw75964030,,3,,,,,
round_pairing,Round 2,11,390,571,tw60567990,,0,tw62197981,,0,,,,,
round_pairing,Round 2,11,472,572,tw60794190,,0,tw53090983,,0,,,,,
round_pairing,Round 2,11,182,573,tw60920600,,3,tw49113528,,3,,,,,
round_pairing,Round 2,11,139,574,tw61277104,,3,tw32167594,,3,,,,,
round_pairing,Round 2,11,152,575,tw61279434,,3,tw07927124,,3,,,,,
round_pairing,Round 2,11,61,577,tw61533794,,3,tw44874553,,3,,,,,
round_pairing,Round 2,11,12,578,tw61583819,,3,tw94370408,,3,,,,,
round_pairing,Round 2,11,199,579,tw61600644,,3,tw42563834,,3,,,,,
round_pairing,Round 2,11,406,580,tw61785235,,0,tw36074458,,0,,,,,
round_pairing,Round 2,11,110,581,tw61792938,,3,tw78539182,,3,,,,,
round_pairing,Round 2,11,142,582,tw61880666,,3,tw36138720,,3,,,,,
round_pairing,Round 2,11,379,583,tw61895092,,0,tw04255506,,0,,,,,
round_pairing,Round 2,11,486,584,tw61986785,,0,tw69925275,,0,,,,,
round_pairing,Round 2,11,225,585,tw62020476,,3,tw53974581,,3,,,,,
round_pairing,Round 2,11,303,586,tw62067344,,0,tw41731352,,0,,,,,
round_pairing,Round 2,11,390,587,tw62197981,,0,tw60567990,,0,,,,,
round_pairing,Round 2,12,133,588,tw62315993,,3,tw59137487,,3,,,,,
round_pairing,Round 2,12,294,589,tw62324389,,0,tw33544977,,0,,,,,
round_pairing,Round 2,12,354,590,tw62435012,,0,tw58523618,,0,,,,,
round_pairing,Round 2,12,261,591,tw62459529,,0,tw03472100,,0,,,,,
round_pairing,Round 2,12,247,592,tw62525194,,3,tw05270520,,3,,,,,
round_pairing,Round 2,12,272,593,tw62569500,,0,tw07329342,,0,,,,,
round_pairing,Round 2,12,310,594,tw62594682,,0,tw92250919,,0,,,,,
round_pairing,Round 2,12,343,595,tw62599498,,0,tw89643656,,0,,,,,
round_pairing,Round 2,12,245,597,tw62958507,,3,tw23712439,,3,,,,,
round_pairing,Round 2,12,270,598,tw62984443,,0,tw42505350,,0,,,,,
round_pairing,Round 2,12,173,599,tw63031373,,3,tw41609662,,3,,,,,
round_pairing,Round 2,12,400,600,tw63171506,,0,tw33881781,,0,,,,,
round_pairing,Round 2,12,429,601,tw63238788,,0,tw72148746,,0,,,,,
round_pairing,Round 2,12,427,602,tw63343435,,0,tw95401245,,0,,,,,
round_pairing,Round 2,12,441,603,tw63395911,,0,tw04959593,,0,,,,,
round_pairing,Round 2,12,30,604,tw63508480,,3,tw35416653,,3,,,,,
round_pairing,Round 2,12,455,605,tw63518115,,0,tw01478107,,0,,,,,
round_pairing,Round 2,12,99,606,tw63735317,,3,tw66806102,,3,,,,,
round_pairing,Round 2,12,234,607,tw63898784,,3,tw18844404,,3,,,,,
round_pairing,Round 2,12,180,608,tw64203769,,3,tw20730540,,3,,,,,
round_pairing,Round 2,12,265,609,tw64656626,,0,tw52951111,,0,,,,,
round_pairing,Round 2,12,348,611,tw64793736,,0,tw75551324,,0,,,,,
round_pairing,Round 2,12,124,612,tw64845965,,3,tw04713199,,3,,,,,
round_pairing,Round 2,12,51,613,tw65063095,,3,tw40555668,,3,,,,,
round_pairing,Round 2,12,465,614,tw65156718,,0,tw83606083,,0,,,,,
round_pairing,Round 2,12,275,615,tw65158876,,0,tw17203659,,0,,,,,
round_pairing,Round 2,12,206,616,tw65235703,,3,tw77206748,,3,,,,,
round_pairing,Round 2,12,219,617,tw65483922,,3,tw76994845,,3,,,,,
round_pairing,Round 2,12,58,618,tw65522783,,3,tw28510545,,3,,,,,
round_pairing,Round 2,12,74,619,tw65741542,,3,tw22214921,,3,,,,,
round_pairing,Round 2,12,457,620,tw65781127,,0,tw29377361,,0,,,,,
round_pairing,Round 2,12,181,621,tw66134077,,3,tw25559677,,3,,,,,
round_pairing,Round 2,12,65,622,tw66459371,,3,tw73048413,,3,,,,,
round_pairing,Round 2,12,319,623,tw66520026,,0,tw79685646,,0,,,,,
round_pairing,Round 2,12,360,624,tw66555509,,0,tw44853577,,0,,,,,
round_pairing,Round 2,12,335,625,tw66575998,,0,tw57767899,,0,,,,,
round_pairing,Round 2,12,73,626,tw66588143,,3,tw03376553,,3,,,,,
round_pairing,Round 2,12,334,627,tw66740844,,0,tw99732460,,0,,,,,
round_pairing,Round 2,12,99,628,tw66806102,,3,tw63735317,,3,,,,,
round_pairing,Round 2,12,255,629,tw66816512,,0,tw57615176,,0,,,,,
round_pairing,Round 2,12,367,630,tw66907796,,0,tw71730704,,0,,,,,
round_pairing,Round 2,12,484,631,tw66943412,,0,tw11292760,,0,,,,,
round_pairing,Round 2,12,466,632,tw66961355,,0,tw46795660,,0,,,,,
round_pairing,Round 2,12,238,633,tw66992460,,3,tw72464013,,3,,,,,
round_pairing,Round 2,12,236,634,tw67199394,,3,tw97885633,,3,,,,,
round_pairing,Round 2,12,175,635,tw67604361,,3,tw93786634,,3,,,,,
round_pairing,Round 2,12,143,636,tw67665108,,3,tw00787146,,3,,,,,
round_pairing,Round 2,12,277,637,tw67696706,,0,tw47077924,,0,,,,,
round_pairing,Round 2,12,321,638,tw67716132,,0,tw22529091,,0,,,,,
round_pairing,Round 2,12,237,639,tw67759215,,3,tw04457744,,3,,,,,
round_pairing,Round 2,13,97,640,tw67940713,,3,tw35839691,,3,,,,,
round_pairing,Round 2,13,361,641,tw67984683,,0,tw44475314,,0,,,,,
round_pairing,Round 2,13,203,642,tw68046375,,3,tw74196817,,3,,,,,
round_pairing,Round 2,13,101,643,tw68088789,,3,tw00572856,,3,,,,,
round_pairing,Round 2,13,62,644,tw68135684,,3,tw95566595,,3,,,,,
round_pairing,Round 2,13,64,645,tw68151227,,3,tw90183762,,3,,,,,
round_pairing,Round 2,13,31,646,tw68165427,,3,tw45403885,,3,,,,,
round_pairing,Round 2,13,75,647,tw68209544,,3,tw39492637,,3,,,,,
round_pairing,Round 2,13,435,649,tw68763677,,0,tw93054506,,0,,,,,
round_pairing,Round 2,13,174,650,tw68822994,,3,tw10410998,,3,,,,,
round_pairing,Round 2,13,29,651,tw68851170,,3,tw51149657,,3,,,,,
round_pairing,Round 2,13,271,652,tw68954029,,0,tw51489284,,0,,,,,
round_pairing,Round 2,13,6,653,tw69069593,,3,tw23764220,,3,,,,,
round_pairing,Round 2,13,322,654,tw69219642,,0,tw13624938,,0,,,,,
round_pairing,Round 2,13,355,655,tw69425578,,0,tw46945068,,0,,,,,
round_pairing,Round 2,13,387,656,tw69576075,,0,tw44917576,,0,,,,,
round_pairing,Round 2,13,149,657,tw69602779,,3,tw98985840,,3,,,,,
round_pairing,Round 2,13,22,658,tw69628359,,3,tw72699030,,3,,,,,
round_pairing,Round 2,13,221,659,tw69663505,,3,tw00387540,,3,,,,,
round_pairing,Round 2,13,36,660,tw69685808,,3,tw48715949,,3,,,,,
round_pairing,Round 2,13,430,662,tw69804633,,0,tw12769027,,0,,,,,
round_pairing,Round 2,13,396,663,tw69848771,,0,tw38743212,,0,,,,,
round_pairing,Round 2,13,486,664,tw69925275,,0,tw61986785,,0,,,,,
round_pairing,Round 2,13,478,665,tw69971650,,0,tw94748404,,0,,,,,
round_pairing,Round 2,13,25,666,tw69995586,,3,tw76059026,,3,,,,,
round_pairing,Round 2,13,87,667,tw70028105,,3,tw52806758,,3,,,,,
round_pairing,Round 2,13,151,668,tw70273656,,3,tw78144908,,3,,,,,
round_pairing,Round 2,13,249,669,tw70290277,,3,tw06996284,,3,,,,,
round_pairing,Round 2,13,57,670,tw70591612,,3,tw46423373,,3,,,,,
round_pairing,Round 2,13,489,671,tw70892972,,0,tw04057494,,0,,,,,
round_pairing,Round 2,13,200,672,tw70897596,,3,tw83161210,,3,,,,,
round_pairing,Round 2,13,357,673,tw70903147,,0,tw52488439,,0,,,,,
round_pairing,Round 2,13,485,674,tw71035218,,0,tw48357143,,0,,,,,
round_pairing,Round 2,13,421,675,tw71060818,,0,tw47478004,,0,,,,,
round_pairing,Round 2,13,443,676,tw71131892,,0,tw14489518,,0,,,,,
round_pairing,Round 2,13,83,677,tw71161066,,3,tw24266071,,3,,,,,
round_pairing,Round 2,13,242,678,tw71493841,,3,tw44233591,,3,,,,,
round_pairing,Round 2,13,153,679,tw71550438,,3,tw51756189,,3,,,,,
round_pairing,Round 2,13,302,680,tw71559250,,0,tw30976792,,0,,,,,
round_pairing,Round 2,13,424,681,tw71598135,,0,tw87844149,,0,,,,,
round_pairing,Round 2,13,367,682,tw71730704,,0,tw66907796,,0,,,,,
round_pairing,Round 2,13,452,683,tw71768773,,0,tw87270242,,0,,,,,
round_pairing,Round 2,13,429,684,tw72148746,,0,tw63238788,,0,,,,,
round_pairing,Round 2,13,112,685,tw72174151,,3,tw14181070,,3,,,,,
round_pairing,Round 2,13,279,686,tw72313605,,0,tw78965793,,0,,,,,
round_pairing,Round 2,13,393,687,tw72318939,,0,tw58781969,,0,,,,,
round_pairing,Round 2,13,2,688,tw72333956,,3,tw05980017,,3,,,,,
round_pairing,Round 2,13,238,689,tw72464013,,3,tw66992460,,3,,,,,
round_pairing,Round 2,13,282,690,tw72630270,,0,tw84386196,,0,,,,,
round_pairing,Round 2,13,22,691,tw72699030,,3,tw69628359,,3,,,,,
round_pairing,Round 2,14,123,692,tw72753058,,3,tw32893143,,3,,,,,
round_pairing,Round 2,14,304,693,tw72776789,,0,tw77975837,,0,,,,,
round_pairing,Round 2,14,410,694,tw72829984,,0,tw43487757,,0,,,,,
round_pairing,Round 2,14,138,695,tw72887037,,3,tw27308734,,3,,,,,
round_pairing,Round 2,14,320,696,tw72928053,,0,tw90337288,,0,,,,,
round_pairing,Round 2,14,190,697,tw73034465,,3,tw08876514,,3,,,,,
round_pairing,Round 2,14,65,698,tw73048413,,3,tw66459371,,3,,,,,
round_pairing,Round 2,14,120,699,tw73106123,,3,tw96387195,,3,,,,,
round_pairing,Round 2,14,40,700,tw73358187,,3,tw42527004,,3,,,,,
round_pairing,Round 2,14,450,701,tw73455744,,0,tw40194303,,0,,,,,
round_pairing,Round 2,14,376,702,tw73911906,,0,tw05399034,,0,,,,,
round_pairing,Round 2,14,416,703,tw73917548,,0,tw37823321,,0,,,,,
round_pairing,Round 2,14,222,704,tw73975912,,3,tw99140905,,3,,,,,
round_pairing,Round 2,14,203,705,tw74196817,,3,tw68046375,,3,,,,,
round_pairing,Round 2,14,7,706,tw74542521,,3,tw17748447,,3,,,,,
round_pairing,Round 2,14,150,707,tw74568091,,3,tw45806310,,3,,,,,
round_pairing,Round 2,14,366,708,tw74682364,,0,tw14152067,,0,,,,,
round_pairing,Round 2,14,135,710,tw75091640,,3,tw77699656,,3,,,,,
round_pairing,Round 2,14,80,711,tw75204861,,3,tw15392207,,3,,,,,
round_pairing,Round 2,14,187,712,tw75352342,,3,tw47117803,,3,,,,,
round_pairing,Round 2,14,348,713,tw75551324,,0,tw64793736,,0,,,,,
round_pairing,Round 2,14,257,714,tw75596823,,0,tw81599190,,0,,,,,
round_pairing,Round 2,14,229,715,tw75774280,,3,tw13090534,,3,,,,,
round_pairing,Round 2,14,382,716,tw75820315,,0,tw49441410,,0,,,,,
round_pairing,Round 2,14,154,718,tw75964030,,3,tw60511158,,3,,,,,
round_pairing,Round 2,14,25,719,tw76059026,,3,tw69995586,,3,,,,,
round_pairing,Round 2,14,134,720,tw76132946,,3,tw09194772,,3,,,,,
round_pairing,Round 2,14,102,721,tw76258268,,3,tw82119121,,3,,,,,
round_pairing,Round 2,14,108,722,tw76309421,,3,tw00162182,,3,,,,,
round_pairing,Round 2,14,325,723,tw76529055,,0,tw48526697,,0,,,,,
round_pairing,Round 2,14,267,725,tw76784634,,0,tw00968448,,0,,,,,
round_pairing,Round 2,14,380,726,tw76925363,,0,tw46020620,,0,,,,,
round_pairing,Round 2,14,219,727,tw76994845,,3,tw65483922,,3,,,,,
round_pairing,Round 2,14,206,728,tw77206748,,3,tw65235703,,3,,,,,
round_pairing,Round 2,14,392,729,tw77295390,,0,tw04797990,,0,,,,,
round_pairing,Round 2,14,266,731,tw77550830,,0,tw06441088,,0,,,,,
round_pairing,Round 2,14,269,732,tw77606795,,0,tw20707479,,0,,,,,
round_pairing,Round 2,14,135,733,tw77699656,,3,tw75091640,,3,,,,,
round_pairing,Round 2,14,444,734,tw77721211,,0,tw98211582,,0,,,,,
round_pairing,Round 2,14,178,735,tw77877383,,3,tw22611326,,3,,,,,
round_pairing,Round 2,14,378,736,tw77928028,,0,tw47949585,,0,,,,,
round_pairing,Round 2,14,389,737,tw78077476,,0,tw79250738,,0,,,,,
round_pairing,Round 2,14,151,738,tw78144908,,3,tw70273656,,3,,,,,
round_pairing,Round 2,14,50,739,tw78403870,,3,tw18237771,,3,,,,,
round_pairing,Round 2,14,110,740,tw78539182,,3,tw61792938,,3,,,,,
round_pairing,Round 2,14,42,742,tw78657682,,3,tw79992941,,3,,,,,
round_pairing,Round 2,14,490,743,tw78681290,,0,tw90897983,,0,,,,,
round_pairing,Round 2,14,439,744,tw78866457,,0,tw47285094,,0,,,,,
round_pairing,Round 2,14,251,745,tw78930739,,0,tw93529525,,0,,,,,
round_pairing,Round 2,14,224,746,tw79188375,,3,tw30419396,,3,,,,,
round_pairing,Round 2,15,289,747,tw79221888,,0,tw41670381,,0,,,,,
round_pairing,Round 2,15,389,748,tw79250738,,0,tw78077476,,0,,,,,
round_pairing,Round 2,15,442,749,tw79270381,,0,tw40682117,,0,,,,,
round_pairing,Round 2,15,168,750,tw79280986,,3,tw99386256,,3,,,,,
round_pairing,Round 2,15,188,751,tw79411276,,3,tw26953449,,3,,,,,
round_pairing,Round 2,15,293,752,tw79434198,,0,tw33820039,,0,,,,,
round_pairing,Round 2,15,167,753,tw79476009,,3,tw67036456,,3,,,,,
round_pairing,Round 2,15,319,754,tw79685646,,0,tw66520026,,0,,,,,
round_pairing,Round 2,15,11,755,tw79723871,,3,tw11499785,,3,,,,,
round_pairing,Round 2,15,45,756,tw79834153,,3,tw37453841,,3,,,,,
round_pairing,Round 2,15,42,757,tw79992941,,3,tw78657682,,3,,,,,
round_pairing,Round 2,15,317,758,tw80037643,,0,tw92986536,,0,,,,,
round_pairing,Round 2,15,98,759,tw80138989,,3,tw55359182,,3,,,,,
round_pairing,Round 2,15,49,760,tw80267696,,3,tw39192538,,3,,,,,
round_pairing,Round 2,15,117,761,tw80392170,,3,tw96887599,,3,,,,,
round_pairing,Round 2,15,170,762,tw80521031,,3,tw41073870,,3,,,,,
round_pairing,Round 2,15,8,763,tw81060661,,3,tw83751916,,3,,,,,
round_pairing,Round 2,15,260,764,tw81066465,,0,tw38671111,,0,,,,,
round_pairing,Round 2,15,86,765,tw81250238,,3,tw84828731,,3,,,,,
round_pairing,Round 2,15,1,766,tw81268957,,3,tw27347873,,3,,,,,
round_pairing,Round 2,15,368,767,tw81291690,,0,tw85823053,,0,,,,,
round_pairing,Round 2,15,365,768,tw81389651,,0,tw43331901,,0,,,,,
round_pairing,Round 2,15,297,769,tw81562455,,0,tw21922568,,0,,,,,
round_pairing,Round 2,15,257,770,tw81599190,,0,tw75596823,,0,,,,,
round_pairing,Round 2,15,398,771,tw81736494,,0,tw22480109,,0,,,,,
round_pairing,Round 2,15,194,772,tw82001299,,3,tw82109498,,3,,,,,
round_pairing,Round 2,15,194,773,tw82109498,,3,tw82001299,,3,,,,,
round_pairing,Round 2,15,102,774,tw82119121,,3,tw76258268,,3,,,,,
round_pairing,Round 2,15,89,775,tw82263693,,3,tw04086904,,3,,,,,
round_pairing,Round 2,15,130,776,tw82370377,,3,tw46738666,,3,,,,,
round_pairing,Round 2,15,309,777,tw82516603,,0,tw86681382,,0,,,,,
round_pairing,Round 2,15,160,778,tw82556653,,3,tw59616959,,3,,,,,
round_pairing,Round 2,15,375,779,tw82559799,,0,tw41283932,,0,,,,,
round_pairing,Round 2,15,140,780,tw82566333,,3,tw54430001,,3,,,,,
round_pairing,Round 2,15,13,781,tw82751826,,3,tw13454619,,3,,,,,
round_pairing,Round 2,15,163,783,tw82878504,,3,tw17095405,,3,,,,,
round_pairing,Round 2,15,342,784,tw82981600,,0,tw40786209,,0,,,,,
round_pairing,Round 2,15,273,785,tw83071268,,0,tw16569141,,0,,,,,
round_pairing,Round 2,15,292,786,tw83160193,,0,tw23226571,,0,,,,,
round_pairing,Round 2,15,200,787,tw83161210,,3,tw70897596,,3,,,,,
round_pairing,Round 2,15,465,788,tw83606083,,0,tw65156718,,0,,,,,
round_pairing,Round 2,15,8,789,tw83751916,,3,tw81060661,,3,,,,,
round_pairing,Round 2,15,371,790,tw83905127,,0,tw91594481,,0,,,,,
round_pairing,Round 2,15,268,791,tw84249252,,0,tw70378594,,0,,,,,
round_pairing,Round 2,15,413,792,tw84406921,,0,tw03539566,,0,,,,,
round_pairing,Round 2,15,205,793,tw84462905,,3,tw09239240,,3,,,,,
round_pairing,Round 2,15,86,794,tw84828731,,3,tw81250238,,3,,,,,
round_pairing,Round 2,15,364,795,tw84916149,,0,tw58817602,,0,,,,,
round_pairing,Round 2,15,337,796,tw85060196,,0,tw14651059,,0,,,,,
round_pairing,Round 2,15,216,797,tw85067465,,3,tw16152234,,3,,,,,
round_pairing,Round 2,16,53,798,tw85147749,,3,tw06072288,,3,,,,,
round_pairing,Round 2,16,147,799,tw85233211,,3,tw73831583,,3,,,,,
round_pairing,Round 2,16,333,800,tw85254693,,0,tw11015212,,0,,,,,
round_pairing,Round 2,16,246,801,tw85563070,,3,tw29518941,,3,,,,,
round_pairing,Round 2,16,368,802,tw85823053,,0,tw81291690,,0,,,,,
round_pairing,Round 2,16,111,803,tw85855405,,3,tw09964738,,3,,,,,
round_pairing,Round 2,16,284,804,tw86056382,,0,tw44206611,,0,,,,,
round_pairing,Round 2,16,286,805,tw86328278,,0,tw32921509,,0,,,,,
round_pairing,Round 2,16,374,806,tw86700066,,0,tw92891852,,0,,,,,
round_pairing,Round 2,16,264,807,tw87015354,,0,tw28672728,,0,,,,,
round_pairing,Round 2,16,452,808,tw87270242,,0,tw71768773,,0,,,,,
round_pairing,Round 2,16,434,809,tw87316906,,0,tw21394889,,0,,,,,
round_pairing,Round 2,16,492,810,tw87510571,,0,tw30236831,,0,,,,,
round_pairing,Round 2,16,148,811,tw87713934,,3,tw26529339,,3,,,,,
round_pairing,Round 2,16,381,812,tw87745948,,0,tw52149734,,0,,,,,
round_pairing,Round 2,16,453,813,tw87901293,,0,tw08457807,,0,,,,,
round_pairing,Round 2,16,262,814,tw88117485,,0,tw17763984,,0,,,,,
round_pairing,Round 2,16,295,815,tw88178510,,0,tw96648029,,0,,,,,
round_pairing,Round 2,16,353,816,tw88407488,,0,tw43007249,,0,,,,,
round_pairing,Round 2,16,274,817,tw88506619,,0,tw48294785,,0,,,,,
round_pairing,Round 2,16,198,818,tw88706430,,3,tw41286139,,3,,,,,
round_pairing,Round 2,16,207,819,tw88792767,,3,tw05207217,,3,,,,,
round_pairing,Round 2,16,56,820,tw88860465,,3,tw36648556,,3,,,,,
round_pairing,Round 2,16,243,821,tw89040038,,3,tw99008736,,3,,,,,
round_pairing,Round 2,16,351,822,tw89047117,,0,tw13462937,,0,,,,,
round_pairing,Round 2,16,464,823,tw89297350,,0,tw13120137,,0,,,,,
round_pairing,Round 2,16,327,824,tw89407764,,0,tw89343025,,0,,,,,
round_pairing,Round 2,16,67,825,tw89449964,,3,tw15026318,,3,,,,,
round_pairing,Round 2,16,176,826,tw89609352,,3,tw09914156,,3,,,,,
round_pairing,Round 2,16,343,827,tw89643656,,0,tw62599498,,0,,,,,
round_pairing,Round 2,16,191,828,tw89644458,,3,tw92680673,,3,,,,,
round_pairing,Round 2,16,481,829,tw89786854,,0,tw02920125,,0,,,,,
round_pairing,Round 2,16,438,830,tw89811739,,0,tw02826499,,0,,,,,
round_pairing,Round 2,16,475,831,tw90018469,,0,tw27673402,,0,,,,,
round_pairing,Round 2,16,64,832,tw90183762,,3,tw68151227,,3,,,,,
round_pairing,Round 2,16,320,833,tw90337288,,0,tw72928053,,0,,,,,
round_pairing,Round 2,16,131,835,tw90485112,,3,tw50328610,,3,,,,,
round_pairing,Round 2,16,158,836,tw90553997,,3,tw27736985,,3,,,,,
round_pairing,Round 2,16,193,837,tw90556916,,3,tw26020639,,3,,,,,
round_pairing,Round 2,16,362,838,tw90564971,,0,tw05908621,,0,,,,,
round_pairing,Round 2,16,482,839,tw90671632,,0,tw32364107,,0,,,,,
round_pairing,Round 2,16,19,843,tw90996252,,3,tw53367475,,3,,,,,
round_pairing,Round 2,16,5,844,tw91555335,,3,tw26670105,,3,,,,,
round_pairing,Round 2,16,371,845,tw91594481,,0,tw83905127,,0,,,,,
round_pairing,Round 2,16,350,846,tw91627311,,0,tw48512422,,0,,,,,
round_pairing,Round 2,16,39,847,tw91823318,,3,tw39185310,,3,,,,,
round_pairing,Round 2,16,223,848,tw91997638,,3,tw13569448,,3,,,,,
round_pairing,Round 2,16,306,849,tw92027316,,0,tw47612491,,0,,,,,
round_pairing,Round 2,16,109,850,tw92224806,,3,tw34396906,,3,,,,,
round_pairing,Round 2,16,310,851,tw92250919,,0,tw62594682,,0,,,,,
round_pairing,Round 2,17,166,852,tw92466220,,3,tw27568465,,3,,,,,
round_pairing,Round 2,17,232,853,tw92544749,,3,tw04566463,,3,,,,,
round_pairing,Round 2,17,191,854,tw92680673,,3,tw89644458,,3,,,,,
round_pairing,Round 2,17,426,855,tw92814087,,0,tw57531941,,0,,,,,
round_pairing,Round 2,17,374,856,tw92891852,,0,tw86700066,,0,,,,,
round_pairing,Round 2,17,317,857,tw92986536,,0,tw80037643,,0,,,,,
round_pairing,Round 2,17,491,858,tw93020902,,0,tw33985444,,0,,,,,
round_pairing,Round 2,17,446,859,tw93021016,,0,tw25634182,,0,,,,,
round_pairing,Round 2,17,435,860,tw93054506,,0,tw68763677,,0,,,,,
round_pairing,Round 2,17,358,861,tw93076075,,0,tw40722297,,0,,,,,
round_pairing,Round 2,17,344,862,tw93405316,,0,tw31949622,,0,,,,,
round_pairing,Round 2,17,88,863,tw93433450,,3,tw29404493,,3,,,,,
round_pairing,Round 2,17,251,864,tw93529525,,0,tw78930739,,0,,,,,
round_pairing,Round 2,17,352,865,tw93754264,,0,tw19291467,,0,,,,,
round_pairing,Round 2,17,28,866,tw93786012,,3,tw25411458,,3,,,,,
round_pairing,Round 2,17,175,867,tw93786634,,3,tw67604361,,3,,,,,
round_pairing,Round 2,17,72,868,tw93858918,,3,tw49826410,,3,,,,,
round_pairing,Round 2,17,69,869,tw93955100,,3,tw97165922,,3,,,,,
round_pairing,Round 2,17,408,871,tw93999361,,0,tw96093664,,0,,,,,
round_pairing,Round 2,17,397,872,tw94142249,,0,tw82756336,,0,,,,,
round_pairing,Round 2,17,220,873,tw94156469,,3,tw11612248,,3,,,,,
round_pairing,Round 2,17,235,874,tw94173678,,3,tw00026251,,3,,,,,
round_pairing,Round 2,17,12,875,tw94370408,,3,tw61583819,,3,,,,,
round_pairing,Round 2,17,214,876,tw94518932,,3,tw35707148,,3,,,,,
round_pairing,Round 2,17,478,878,tw94748404,,0,tw69971650,,0,,,,,
round_pairing,Round 2,17,78,879,tw95198982,,3,tw09704151,,3,,,,,
round_pairing,Round 2,17,211,880,tw95261451,,3,tw52663760,,3,,,,,
round_pairing,Round 2,17,427,881,tw95401245,,0,tw63343435,,0,,,,,
round_pairing,Round 2,17,377,882,tw95547681,,0,tw24694611,,0,,,,,
round_pairing,Round 2,17,62,883,tw95566595,,3,tw68135684,,3,,,,,
round_pairing,Round 2,17,470,884,tw95570205,,0,tw60273793,,0,,,,,
round_pairing,Round 2,17,146,885,tw95656910,,3,tw42309306,,3,,,,,
round_pairing,Round 2,17,300,886,tw95668915,,0,tw02991787,,0,,,,,
round_pairing,Round 2,17,159,887,tw95746707,,3,tw44380087,,3,,,,,
round_pairing,Round 2,17,341,888,tw95818310,,0,tw45324854,,0,,,,,
round_pairing,Round 2,17,215,889,tw95954871,,3,tw15475553,,3,,,,,
round_pairing,Round 2,17,408,890,tw96093664,,0,tw93999361,,0,,,,,
round_pairing,Round 2,17,338,891,tw96137948,,0,tw17108307,,0,,,,,
round_pairing,Round 2,17,119,892,tw96310928,,3,tw67295326,,3,,,,,
round_pairing,Round 2,17,120,893,tw96387195,,3,tw73106123,,3,,,,,
round_pairing,Round 2,17,295,894,tw96648029,,0,tw88178510,,0,,,,,
round_pairing,Round 2,17,117,895,tw96887599,,3,tw80392170,,3,,,,,
round_pairing,Round 2,17,468,896,tw96947201,,0,tw30898169,,0,,,,,
round_pairing,Round 2,17,403,897,tw97135519,,0,tw00114747,,0,,,,,
round_pairing,Round 2,17,118,898,tw97138451,,3,tw20368538,,3,,,,,
round_pairing,Round 2,17,69,899,tw97165922,,3,tw93955100,,3,,,,,
round_pairing,Round 2,17,136,900,tw97275186,,3,tw33274690,,3,,,,,
round_pairing,Round 2,17,202,901,tw97370246,,3,tw47341841,,3,,,,,
round_pairing,Round 2,17,372,902,tw97384556,,0,tw44342704,,0,,,,,
round_pairing,Round 2,17,315,903,tw97546030,,0,tw56605426,,0,,,,,
round_pairing,Round 2,18,94,904,tw97567728,,3,tw37855988,,3,,,,,
round_pairing,Round 2,18,128,905,tw97666473,,3,tw42912360,,3,,,,,
round_pairing,Round 2,18,256,906,tw97703685,,0,tw14910247,,0,,,,,
round_pairing,Round 2,18,458,907,tw97807535,,0,tw44649735,,0,,,,,
round_pairing,Round 2,18,236,908,tw97885633,,3,tw67199394,,3,,,,,
round_pairing,Round 2,18,77,909,tw97931731,,3,tw59882595,,3,,,,,
round_pairing,Round 2,18,495,910,tw97995384,,0,tw49698910,,0,,,,,
round_pairing,Round 2,18,105,911,tw98129328,,3,tw56240698,,3,,,,,
round_pairing,Round 2,18,444,912,tw98211582,,0,tw77721211,,0,,,,,
round_pairing,Round 2,18,183,914,tw98649601,,3,tw42979297,,3,,,,,
round_pairing,Round 2,18,54,915,tw98707657,,3,tw37158463,,3,,,,,
round_pairing,Round 2,18,149,916,tw98985840,,3,tw69602779,,3,,,,,
round_pairing,Round 2,18,243,917,tw99008736,,3,tw89040038,,3,,,,,
round_pairing,Round 2,18,227,919,tw99086788,,3,tw12573104,,3,,,,,
round_pairing,Round 2,18,222,920,tw99140905,,3,tw73975912,,3,,,,,
round_pairing,Round 2,18,285,921,tw99241716,,0,tw86831721,,0,,,,,
round_pairing,Round 2,18,345,922,tw99256533,,0,tw28495767,,0,,,,,
round_pairing,Round 2,18,329,923,tw99346363,,0,tw23540064,,0,,,,,
round_pairing,Round 2,18,463,924,tw99373374,,0,tw84048586,,0,,,,,
round_pairing,Round 2,18,168,925,tw99386256,,3,tw79280986,,3,,,,,
round_pairing,Round 2,18,454,927,tw99714386,,0,tw09468385,,0,,,,,
round_pairing,Round 2,18,334,928,tw99732460,,0,tw66740844,,0,,,,,
round_pairing,Round 2,18,395,929,tw99853156,,0,tw42723639,,0,,,,,
round_pairing,Round 2,18,428,930,tw99888650,,0,tw98480968,,0,,,,,
round_pairing,Round 2,18,63,931,tw99926791,,3,tw32869182,,3,,,,,
round_pairing,Round 2,18,96,932,tw99958274,,3,tw23730146,,3,,,,,
round_pairing,Round 2,18,104,933,tw99968646,,3,tw10613788,,3,,,,,
round_pairing,Round 2,18,309,1016,tw86681382,,0,tw82516603,,0,,,,,
round_pairing,Round 2,18,370,1024,tw74033297,,0,tw17488993,,0,,,,,
round_pairing,Round 2,18,419,1042,tw81886933,,0,tw58835877,,0,,,,,
round_pairing,Round 2,18,241,1043,tw71003592,,3,tw04461037,,3,,,,,
round_pairing,Round 2,18,55,1044,tw79621968,,3,tw70891974,,3,,,,,
round_pairing,Round 2,18,459,1046,tw02367054,,0,tw59649267,,0,,,,,
round_pairing,Round 2,18,208,1059,tw82289672,,3,tw23875590,,3,,,,,
round_pairing,Round 2,18,453,1065,tw08457807,,0,tw87901293,,0,,,,,
round_pairing,Round 2,18,331,1090,tw09152496,,0,tw74641243,,0,,,,,
round_pairing,Round 2,18,186,1107,tw42204590,,3,tw57612114,,3,,,,,
round_pairing,Round 2,18,386,1111,tw15800518,,0,tw03610134,,0,,,,,
round_pairing,Round 2,18,72,1112,tw49826410,,3,tw93858918,,3,,,,,
round_pairing,Round 2,18,423,1114,tw34649223,,0,tw44821842,,0,,,,,
round_pairing,Round 2,18,404,1116,tw88780324,,0,tw24742864,,0,,,,,
round_pairing,Round 2,18,187,1122,tw47117803,,3,tw75352342,,3,,,,,
round_pairing,Round 2,18,167,1136,tw67036456,,3,tw79476009,,3,,,,,
round_pairing,Round 2,18,384,1150,tw18458528,,0,tw12331692,,0,,,,,
round_pairing,Round 2,18,208,1155,tw23875590,,3,tw82289672,,3,,,,,
round_pairing,Round 2,18,66,1164,tw86324740,,3,tw24459657,,3,,,,,
round_pairing,Round 2,18,324,1192,tw29437004,,0,tw17003070,,0,,,,,
round_pairing,Round 2,18,304,1194,tw77975837,,0,tw72776789,,0,,,,,
round_pairing,Round 2,18,103,1199,tw17401165,,3,tw42619935,,3,,,,,
round_pairing,Round 2,18,244,1200,tw64567116,,3,tw29731640,,3,,,,,
round_pairing,Round 2,19,161,1214,tw96909333,,3,tw47415187,,3,,,,,
round_pairing,Round 2,19,472,1216,tw53090983,,0,tw60794190,,0,,,,,
round_pairing,Round 2,19,71,1223,tw61227623,,3,tw22699669,,3,,,,,
round_pairing,Round 2,19,24,1225,tw11608088,,3,tw46377157,,3,,,,,
round_pairing,Round 2,19,262,1237,tw17763984,,0,tw88117485,,0,,,,,
round_pairing,Round 2,19,448,1238,tw97253900,,0,tw46030050,,0,,,,,
round_pairing,Round 2,19,369,1243,tw39114696,,0,tw48408173,,0,,,,,
round_pairing,Round 2,19,128,1249,tw42912360,,3,tw97666473,,3,,,,,
round_pairing,Round 2,19,424,1255,tw87844149,,0,tw71598135,,0,,,,,
round_pairing,Round 2,19,425,1274,tw36167036,,0,tw17543456,,0,,,,,
round_pairing,Round 2,19,298,1278,tw21654272,,0,tw12796514,,0,,,,,
round_pairing,Round 2,19,377,1291,tw24694611,,0,tw95547681,,0,,,,,
round_pairing,Round 2,19,313,1300,tw31401549,,0,tw05246772,,0,,,,,
round_pairing,Round 2,19,349,1302,tw66497121,,0,tw40377456,,0,,,,,
round_pairing,Round 2,19,325,1303,tw48526697,,0,tw76529055,,0,,,,,
round_pairing,Round 2,19,50,1308,tw18237771,,3,tw78403870,,3,,,,,
round_pairing,Round 2,19,415,1309,tw36869316,,0,tw45404381,,0,,,,,
round_pairing,Round 2,19,385,1310,tw52595130,,0,tw24845900,,0,,,,,
round_pairing,Round 2,19,254,1314,tw30267620,,0,tw16526802,,0,,,,,
round_pairing,Round 2,19,46,1330,tw93829445,,3,tw04061481,,3,,,,,
round_pairing,Round 2,19,43,1336,tw58776465,,3,tw05182930,,3,,,,,
round_pairing,Round 2,19,331,1338,tw74641243,,0,tw09152496,,0,,,,,
round_pairing,Round 2,19,490,1347,tw90897983,,0,tw78681290,,0,,,,,
round_pairing,Round 2,19,55,1387,tw70891974,,3,tw79621968,,3,,,,,
round_pairing,Round 2,19,327,1396,tw89343025,,0,tw89407764,,0,,,,,
round_pairing,Round 2,19,48,1405,tw88775820,,3,tw84991038,,3,,,,,
round_pairing,Round 2,19,250,1419,tw97135682,,3,tw26319522,,3,,,,,
round_pairing,Round 2,19,476,1433,tw77798178,,0,tw48706845,,0,,,,,
round_pairing,Round 2,19,38,1444,tw17356132,,3,tw14618138,,3,,,,,
round_pairing,Round 2,19,119,1445,tw67295326,,3,tw96310928,,3,,,,,
round_pairing,Round 2,19,145,1450,tw40188987,,3,tw10700633,,3,,,,,
round_pairing,Round 2,19,463,1456,tw84048586,,0,tw99373374,,0,,,,,
round_pairing,Round 2,19,79,1458,tw27758570,,3,tw07615948,,3,,,,,
round_pairing,Round 2,19,384,1459,tw12331692,,0,tw18458528,,0,,,,,
round_pairing,Round 2,19,469,1476,tw92969664,,0,tw22979539,,0,,,,,
round_pairing,Round 2,19,385,1495,tw24845900,,0,tw52595130,,0,,,,,
round_pairing,Round 2,19,81,1505,tw26175828,,3,tw22261784,,3,,,,,
round_pairing,Round 2,19,418,1515,tw47230122,,0,tw22007891,,0,,,,,
round_pairing,Round 2,19,15,1522,tw79802506,,3,tw40135779,,3,,,,,
round_pairing,Round 2,19,265,1533,tw52951111,,0,tw64656626,,0,,,,,
round_pairing,Round 2,19,282,1536,tw84386196,,0,tw72630270,,0,,,,,
round_pairing,Round 2,19,298,1555,tw12796514,,0,tw21654272,,0,,,,,
round_pairing,Round 2,19,209,1556,tw63334587,,3,tw53540804,,3,,,,,
round_pairing,Round 2,19,340,1583,tw69848864,,0,tw43322316,,0,,,,,
round_pairing,Round 2,19,21,1584,tw24261609,,3,tw40123518,,3,,,,,
round_pairing,Round 2,19,314,1606,tw59096586,,0,tw59471628,,0,,,,,
round_pairing,Round 2,19,70,1611,tw93660736,,3,tw36759052,,3,,,,,
round_pairing,Round 2,19,90,1617,tw77637602,,3,tw42246097,,3,,,,,
round_pairing,Round 2,19,434,1618,tw21394889,,0,tw87316906,,0,,,,,
round_pairing,Round 2,19,76,1625,tw39894258,,3,tw46716936,,3,,,,,
round_pairing,Round 2,20,104,1628,tw10613788,,3,tw99968646,,3,,,,,
round_pairing,Round 2,20,268,1663,tw70378594,,0,tw84249252,,0,,,,,
round_pairing,Round 2,20,483,1679,tw79504132,,0,tw49327411,,0,,,,,
round_pairing,Round 2,20,283,1683,tw13487252,,0,tw13786805,,0,,,,,
round_pairing,Round 2,20,39,1689,tw39185310,,3,tw91823318,,3,,,,,
round_pairing,Round 2,20,411,1694,tw62300636,,0,tw51147332,,0,,,,,
round_pairing,Round 2,20,459,1726,tw59649267,,0,tw02367054,,0,,,,,
round_pairing,Round 2,20,397,1729,tw82756336,,0,tw94142249,,0,,,,,
round_pairing,Round 2,20,132,1736,tw37173355,,3,tw13174665,,3,,,,,
round_pairing,Round 2,20,398,1738,tw22480109,,0,tw81736494,,0,,,,,
round_pairing,Round 2,20,421,1745,tw47478004,,0,tw71060818,,0,,,,,
round_pairing,Round 2,20,363,1752,tw21420926,,0,tw76039193,,0,,,,,
round_pairing,Round 2,20,155,1761,tw71861265,,3,tw27802821,,3,,,,,
round_pairing,Round 2,20,250,1765,tw26319522,,3,tw97135682,,3,,,,,
round_pairing,Round 2,20,63,1772,tw32869182,,3,tw99926791,,3,,,,,
round_pairing,Round 2,20,213,1792,tw59648008,,3,tw48178410,,3,,,,,
round_pairing,Round 2,20,330,1793,tw26089798,,0,tw56012620,,0,,,,,
round_pairing,Round 2,20,311,1795,tw85026999,,0,tw24207778,,0,,,,,
round_pairing,Round 2,20,323,1803,tw88521370,,0,tw46643692,,0,,,,,
round_pairing,Round 2,20,332,1805,tw68790007,,0,tw05914722,,0,,,,,
round_pairing,Round 2,20,125,1815,tw57196950,,3,tw09503218,,3,,,,,
round_pairing,Round 2,20,316,1828,tw02578849,,0,tw04119157,,0,,,,,
round_pairing,Round 2,20,278,1831,tw95521825,,0,tw10304280,,0,,,,,
round_pairing,Round 2,20,474,1847,tw01233994,,0,tw53723254,,0,,,,,
round_pairing,Round 2,20,48,1852,tw84991038,,3,tw88775820,,3,,,,,
round_pairing,Round 2,20,363,1859,tw76039193,,0,tw21420926,,0,,,,,
round_pairing,Round 2,20,433,1869,tw32830944,,0,tw56416986,,0,,,,,
round_pairing,Round 2,20,279,1874,tw78965793,,0,tw72313605,,0,,,,,
round_pairing,Round 2,20,285,1886,tw86831721,,0,tw99241716,,0,,,,,
round_pairing,Round 2,20,52,1899,tw07314439,,3,tw01014532,,3,,,,,
round_pairing,Round 2,20,177,1913,tw33433069,,3,tw24854365,,3,,,,,
round_pairing,Round 2,20,394,1915,tw63175199,,0,tw00181149,,0,,,,,
round_pairing,Round 2,20,428,1922,tw98480968,,0,tw99888650,,0,,,,,
round_pairing,Round 2,20,387,1944,tw44917576,,0,tw69576075,,0,,,,,
round_pairing,Round 2,20,41,1958,tw36712780,,3,tw45713741,,3,,,,,
round_pairing,Round 2,20,60,1981,tw62529006,,3,tw55765174,,3,,,,,
round_pairing,Round 2,20,171,1987,tw85516442,,3,tw50841430,,3,,,,,
round_pairing,Round 2,20,225,1988,tw53974581,,3,tw62020476,,3,,,,,
round_pairing,Round 2,20,147,1998,tw73831583,,3,tw85233211,,3,,,,,
round_pairing,Round 2,20,239,2000,tw52974697,,3,tw13298067,,3,,,,,
round_pairing,Round 2,20,171,2199,tw50841430,,3,tw85516442,,3,,,,,
round_pairing,Round 3,1,207,1,tw00026251,,3,tw38236579,,3,,,,,
round_pairing,Round 3,1,309,2,tw00106184,,3,tw55000893,,3,,,,,
round_pairing,Round 3,1,197,3,tw00114747,,3,tw17203659,,3,,,,,
round_pairing,Round 3,1,333,4,tw00162182,,3,tw19640601,,3,,,,,
round_pairing,Round 3,1,368,5,tw00181149,,3,tw68954029,,3,,,,,
round_pairing,Round 3,1,52,6,tw00387540,,6,tw58776465,,6,,,,,
round_pairing,Round 3,1,352,7,tw00531440,,3,tw60273793,,3,,,,,
round_pairing,Round 3,1,293,8,tw00572856,,3,tw75820315,,3,,,,,
round_pairing,Round 3,1,340,10,tw00787146,,3,tw32907703,,3,,,,,
round_pairing,Round 3,1,120,11,tw00831574,,6,tw66992460,,6,,,,,
round_pairing,Round 3,1,329,12,tw00918141,,3,tw83905127,,3,,,,,
round_pairing,Round 3,1,441,13,tw00968448,,0,tw17488993,,0,,,,,
round_pairing,Round 3,1,462,14,tw00976968,,0,tw66740844,,0,,,,,
round_pairing,Round 3,1,125,15,tw01014532,,3,tw25000553,,3,,,,,
round_pairing,Round 3,1,147,16,tw01024875,,3,tw45486731,,3,,,,,
round_pairing,Round 3,1,154,17,tw01150243,,3,tw96137948,,3,,,,,
round_pairing,Round 3,1,221,18,tw01478107,,3,tw27802821,,3,,,,,
round_pairing,Round 3,1,156,19,tw01909140,,3,tw17745432,,3,,,,,
round_pairing,Round 3,1,397,20,tw02002019,,0,tw04057117,,0,,,,,
round_pairing,Round 3,1,38,21,tw02105248,,6,tw73831583,,6,,,,,
round_pairing,Round 3,1,205,22,tw02172047,,3,tw99732460,,3,,,,,
round_pairing,Round 3,1,492,23,tw02211815,,0,,,,,,,,
round_pairing,Round 3,1,248,24,tw02559687,,3,tw16526802,,3,,,,,
round_pairing,Round 3,1,321,25,tw02597386,,3,tw44344603,,3,,,,,
round_pairing,Round 3,1,143,26,tw02826499,,3,tw09914156,,3,,,,,
round_pairing,Round 3,1,336,27,tw02856732,,3,tw19393681,,3,,,,,
round_pairing,Round 3,1,268,29,tw02991787,,3,tw49388371,,3,,,,,
round_pairing,Round 3,1,108,30,tw03094722,,6,tw62529006,,6,,,,,
round_pairing,Round 3,1,237,31,tw03168456,,3,tw07927124,,3,,,,,
round_pairing,Round 3,1,349,32,tw03193944,,3,tw47612491,,3,,,,,
round_pairing,Round 3,1,474,33,tw03226408,,0,tw49698910,,0,,,,,
round_pairing,Round 3,1,372,34,tw03376553,,3,tw17830710,,3,,,,,
round_pairing,Round 3,1,140,35,tw03469638,,3,tw39697449,,3,,,,,
round_pairing,Round 3,1,350,36,tw03472100,,3,tw95566595,,3,,,,,
round_pairing,Round 3,1,473,37,tw03539566,,0,tw32214798,,0,,,,,
round_pairing,Round 3,1,373,39,tw03610134,,0,tw95401245,,0,,,,,
round_pairing,Round 3,1,397,40,tw04057117,,0,tw02002019,,0,,,,,
round_pairing,Round 3,1,284,41,tw04057494,,3,tw61277104,,3,,,,,
round_pairing,Round 3,1,100,42,tw04061481,,6,tw04552155,,6,,,,,
round_pairing,Round 3,1,60,43,tw04086904,,6,tw16728082,,6,,,,,
round_pairing,Round 3,1,402,44,tw04119157,,0,tw52301948,,0,,,,,
round_pairing,Round 3,1,82,45,tw04156058,,6,tw13454619,,6,,,,,
round_pairing,Round 3,1,466,46,tw04255506,,0,tw17763984,,0,,,,,
round_pairing,Round 3,1,159,47,tw04457744,,3,tw52493073,,3,,,,,
round_pairing,Round 3,1,116,48,tw04461037,,6,tw42309306,,6,,,,,
round_pairing,Round 3,1,100,49,tw04552155,,6,tw04061481,,6,,,,,
round_pairing,Round 3,1,362,50,tw04566463,,3,tw13462937,,3,,,,,
round_pairing,Round 3,1,26,51,tw04713199,,6,tw44047226,,6,,,,,
round_pairing,Round 3,1,166,52,tw04797990,,3,tw90337288,,3,,,,,
round_pairing,Round 3,1,459,53,tw04959593,,0,tw58523618,,0,,,,,
round_pairing,Round 3,2,17,54,tw05130167,,6,tw90996252,,6,,,,,
round_pairing,Round 3,2,198,55,tw05182930,,3,tw82878504,,3,,,,,
round_pairing,Round 3,2,249,56,tw05197795,,3,tw69848771,,3,,,,,
round_pairing,Round 3,2,57,57,tw05207217,,6,tw06996284,,6,,,,,
round_pairing,Round 3,2,136,58,tw05246772,,3,tw58028303,,3,,,,,
round_pairing,Round 3,2,33,59,tw05270520,,6,tw26953449,,6,,,,,
round_pairing,Round 3,2,392,60,tw05399034,,0,tw97135519,,0,,,,,
round_pairing,Round 3,2,398,61,tw05908621,,0,tw89811739,,0,,,,,
round_pairing,Round 3,2,138,62,tw05914722,,3,tw22301558,,3,,,,,
round_pairing,Round 3,2,179,63,tw05980017,,3,tw82566333,,3,,,,,
round_pairing,Round 3,2,254,64,tw06072288,,3,tw44127879,,3,,,,,
round_pairing,Round 3,2,453,65,tw06147611,,0,tw56468849,,0,,,,,
round_pairing,Round 3,2,369,66,tw06225308,,3,tw85233211,,3,,,,,
round_pairing,Round 3,2,48,67,tw06393443,,6,tw37158463,,6,,,,,
round_pairing,Round 3,2,424,68,tw06441088,,0,tw57767899,,0,,,,,
round_pairing,Round 3,2,177,69,tw06554451,,3,tw48178410,,3,,,,,
round_pairing,Round 3,2,178,70,tw06911704,,3,tw46321576,,3,,,,,
round_pairing,Round 3,2,57,71,tw06996284,,6,tw05207217,,6,,,,,
round_pairing,Round 3,2,64,72,tw07020662,,6,tw68851170,,6,,,,,
round_pairing,Round 3,2,229,73,tw07182365,,3,tw62525194,,3,,,,,
round_pairing,Round 3,2,208,74,tw07329342,,3,tw82516603,,3,,,,,
round_pairing,Round 3,2,235,75,tw07410887,,3,tw09239240,,3,,,,,
round_pairing,Round 3,2,7,76,tw07460167,,6,tw41238636,,6,,,,,
round_pairing,Round 3,2,328,77,tw07615948,,3,tw15173588,,3,,,,,
round_pairing,Round 3,2,237,78,tw07927124,,3,tw03168456,,3,,,,,
round_pairing,Round 3,2,330,80,tw08615728,,3,tw25488947,,3,,,,,
round_pairing,Round 3,2,428,81,tw08740331,,0,tw24742864,,0,,,,,
round_pairing,Round 3,2,96,82,tw08814300,,6,tw90485112,,6,,,,,
round_pairing,Round 3,2,67,83,tw08876514,,6,tw92544749,,6,,,,,
round_pairing,Round 3,2,438,84,tw08969542,,0,tw24708906,,0,,,,,
round_pairing,Round 3,2,251,85,tw09194772,,3,tw57615176,,3,,,,,
round_pairing,Round 3,2,285,86,tw09225948,,3,tw38153478,,3,,,,,
round_pairing,Round 3,2,235,87,tw09239240,,3,tw07410887,,3,,,,,
round_pairing,Round 3,2,342,89,tw09468385,,3,tw15800518,,3,,,,,
round_pairing,Round 3,2,70,90,tw09480115,,6,tw29372557,,6,,,,,
round_pairing,Round 3,2,400,91,tw09490592,,0,tw79250738,,0,,,,,
round_pairing,Round 3,2,181,92,tw09503218,,3,tw12363623,,3,,,,,
round_pairing,Round 3,2,103,93,tw09574160,,6,tw70273656,,6,,,,,
round_pairing,Round 3,2,19,94,tw09704151,,6,tw44874553,,6,,,,,
round_pairing,Round 3,2,92,95,tw09772052,,6,tw13174665,,6,,,,,
round_pairing,Round 3,2,143,96,tw09914156,,3,tw02826499,,3,,,,,
round_pairing,Round 3,2,76,97,tw09964738,,6,tw39492637,,6,,,,,
round_pairing,Round 3,2,452,98,tw10304280,,0,tw78930739,,0,,,,,
round_pairing,Round 3,2,113,99,tw10410998,,6,tw84828731,,6,,,,,
round_pairing,Round 3,2,9,100,tw10467123,,6,tw69685808,,6,,,,,
round_pairing,Round 3,2,69,101,tw10700633,,6,tw67665108,,6,,,,,
round_pairing,Round 3,2,458,102,tw11015212,,0,tw66943412,,0,,,,,
round_pairing,Round 3,2,227,104,tw11292760,,3,tw16569141,,3,,,,,
round_pairing,Round 3,2,448,105,tw11498239,,0,tw96947201,,0,,,,,
round_pairing,Round 3,2,62,106,tw11499785,,6,tw41609662,,6,,,,,
round_pairing,Round 3,3,432,107,tw11570874,,0,tw97253900,,0,,,,,
round_pairing,Round 3,3,172,108,tw11612248,,3,tw81268957,,3,,,,,
round_pairing,Round 3,3,123,109,tw11642031,,6,tw68151227,,6,,,,,
round_pairing,Round 3,3,305,110,tw11739209,,3,tw60567990,,3,,,,,
round_pairing,Round 3,3,391,111,tw12035691,,0,tw42723639,,0,,,,,
round_pairing,Round 3,3,181,114,tw12363623,,3,tw09503218,,3,,,,,
round_pairing,Round 3,3,87,115,tw12573104,,6,tw47117803,,6,,,,,
round_pairing,Round 3,3,416,116,tw12769027,,0,tw28495767,,0,,,,,
round_pairing,Round 3,3,78,118,tw13090534,,6,tw99140905,,6,,,,,
round_pairing,Round 3,3,470,119,tw13120137,,0,tw13224458,,0,,,,,
round_pairing,Round 3,3,92,120,tw13174665,,6,tw09772052,,6,,,,,
round_pairing,Round 3,3,470,121,tw13224458,,0,tw13120137,,0,,,,,
round_pairing,Round 3,3,90,122,tw13229345,,6,tw36138720,,6,,,,,
round_pairing,Round 3,3,302,123,tw13298067,,3,tw71060818,,3,,,,,
round_pairing,Round 3,3,274,124,tw13312253,,3,tw98707657,,3,,,,,
round_pairing,Round 3,3,476,125,tw13434296,,0,tw80037643,,0,,,,,
round_pairing,Round 3,3,82,126,tw13454619,,6,tw04156058,,6,,,,,
round_pairing,Round 3,3,362,127,tw13462937,,3,tw04566463,,3,,,,,
round_pairing,Round 3,3,173,128,tw13569448,,3,tw93999361,,3,,,,,
round_pairing,Round 3,3,277,129,tw13624938,,3,tw71003592,,3,,,,,
round_pairing,Round 3,3,326,130,tw13638158,,3,tw52488439,,3,,,,,
round_pairing,Round 3,3,265,131,tw13779097,,3,tw99256533,,3,,,,,
round_pairing,Round 3,3,490,132,tw13786805,,0,tw92027316,,0,,,,,
round_pairing,Round 3,3,376,133,tw13830995,,0,tw44853577,,0,,,,,
round_pairing,Round 3,3,450,134,tw13965222,,0,tw43322316,,0,,,,,
round_pairing,Round 3,3,292,135,tw14005529,,3,tw95198982,,3,,,,,
round_pairing,Round 3,3,371,136,tw14152067,,3,tw14181070,,3,,,,,
round_pairing,Round 3,3,371,137,tw14181070,,3,tw14152067,,3,,,,,
round_pairing,Round 3,3,244,138,tw14489518,,3,tw79723871,,3,,,,,
round_pairing,Round 3,3,236,139,tw14618138,,3,tw96387195,,3,,,,,
round_pairing,Round 3,3,98,141,tw14710630,,6,tw17095405,,6,,,,,
round_pairing,Round 3,3,320,142,tw14788730,,3,tw61227623,,3,,,,,
round_pairing,Round 3,3,418,143,tw14910247,,0,tw95818310,,0,,,,,
round_pairing,Round 3,3,454,144,tw15023289,,0,tw46643692,,0,,,,,
round_pairing,Round 3,3,30,145,tw15026318,,6,tw62020476,,6,,,,,
round_pairing,Round 3,3,65,146,tw15028008,,6,tw41286139,,6,,,,,
round_pairing,Round 3,3,328,147,tw15173588,,3,tw07615948,,3,,,,,
round_pairing,Round 3,3,55,148,tw15392207,,6,tw49159270,,6,,,,,
round_pairing,Round 3,3,426,149,tw15435377,,0,tw30959627,,0,,,,,
round_pairing,Round 3,3,355,150,tw15475553,,3,tw53540804,,3,,,,,
round_pairing,Round 3,3,399,151,tw15533641,,0,tw62435012,,0,,,,,
round_pairing,Round 3,3,256,152,tw15712728,,3,tw41670381,,3,,,,,
round_pairing,Round 3,3,56,155,tw16132632,,6,tw42246097,,6,,,,,
round_pairing,Round 3,3,327,156,tw16152234,,3,tw81250238,,3,,,,,
round_pairing,Round 3,3,366,157,tw16276326,,3,tw97807535,,3,,,,,
round_pairing,Round 3,3,248,158,tw16526802,,3,tw02559687,,3,,,,,
round_pairing,Round 3,3,227,159,tw16569141,,3,tw11292760,,3,,,,,
round_pairing,Round 3,3,151,160,tw16621728,,3,tw66555509,,3,,,,,
round_pairing,Round 3,3,60,161,tw16728082,,6,tw04086904,,6,,,,,
round_pairing,Round 3,3,429,162,tw16903663,,0,tw53090983,,0,,,,,
round_pairing,Round 3,4,242,163,tw16965198,,3,tw97995384,,3,,,,,
round_pairing,Round 3,4,480,164,tw17003070,,0,tw17543456,,0,,,,,
round_pairing,Round 3,4,98,165,tw17095405,,6,tw14710630,,6,,,,,
round_pairing,Round 3,4,435,166,tw17108307,,0,tw92814087,,0,,,,,
round_pairing,Round 3,4,197,167,tw17203659,,3,tw00114747,,3,,,,,
round_pairing,Round 3,4,406,169,tw17453360,,0,tw50702110,,0,,,,,
round_pairing,Round 3,4,441,170,tw17488993,,0,tw00968448,,0,,,,,
round_pairing,Round 3,4,480,171,tw17543456,,0,tw17003070,,0,,,,,
round_pairing,Round 3,4,156,172,tw17745432,,3,tw01909140,,3,,,,,
round_pairing,Round 3,4,358,173,tw17748447,,3,tw89297350,,3,,,,,
round_pairing,Round 3,4,372,174,tw17830710,,3,tw03376553,,3,,,,,
round_pairing,Round 3,4,307,175,tw18243923,,3,tw79270381,,3,,,,,
round_pairing,Round 3,4,43,176,tw18276049,,6,tw42186430,,6,,,,,
round_pairing,Round 3,4,119,177,tw18412271,,6,tw99386256,,6,,,,,
round_pairing,Round 3,4,286,178,tw18429175,,3,tw60311204,,3,,,,,
round_pairing,Round 3,4,489,179,tw18468179,,0,tw22007891,,0,,,,,
round_pairing,Round 3,4,107,180,tw18638755,,6,tw46646319,,6,,,,,
round_pairing,Round 3,4,180,181,tw18641143,,3,tw48890271,,3,,,,,
round_pairing,Round 3,4,359,182,tw18676231,,3,tw54739989,,3,,,,,
round_pairing,Round 3,4,95,183,tw18844404,,6,tw41805810,,6,,,,,
round_pairing,Round 3,4,315,184,tw18850000,,3,tw82751826,,3,,,,,
round_pairing,Round 3,4,53,185,tw18906406,,6,tw55332465,,6,,,,,
round_pairing,Round 3,4,233,186,tw19234685,,3,tw51147332,,3,,,,,
round_pairing,Round 3,4,410,187,tw19291467,,0,tw83071268,,0,,,,,
round_pairing,Round 3,4,383,188,tw19377792,,0,tw66907796,,0,,,,,
round_pairing,Round 3,4,336,189,tw19393681,,3,tw02856732,,3,,,,,
round_pairing,Round 3,4,333,190,tw19640601,,3,tw00162182,,3,,,,,
round_pairing,Round 3,4,357,192,tw20156409,,3,tw58188995,,3,,,,,
round_pairing,Round 3,4,110,193,tw20368538,,6,tw76258268,,6,,,,,
round_pairing,Round 3,4,171,194,tw20375005,,3,tw85563070,,3,,,,,
round_pairing,Round 3,4,246,195,tw20707479,,3,tw36167036,,3,,,,,
round_pairing,Round 3,4,86,196,tw20730540,,6,tw78657682,,6,,,,,
round_pairing,Round 3,4,170,197,tw20835300,,3,tw25684532,,3,,,,,
round_pairing,Round 3,4,169,199,tw21543308,,3,tw88506619,,3,,,,,
round_pairing,Round 3,4,253,200,tw21820105,,3,tw45684530,,3,,,,,
round_pairing,Round 3,4,148,201,tw21922568,,3,tw32869182,,3,,,,,
round_pairing,Round 3,4,489,202,tw22007891,,0,tw18468179,,0,,,,,
round_pairing,Round 3,4,481,203,tw22183935,,0,tw84048586,,0,,,,,
round_pairing,Round 3,4,258,204,tw22214921,,3,tw44821842,,3,,,,,
round_pairing,Round 3,4,58,205,tw22261784,,6,tw68046375,,6,,,,,
round_pairing,Round 3,4,138,206,tw22301558,,3,tw05914722,,3,,,,,
round_pairing,Round 3,4,486,207,tw22529091,,0,tw70892972,,0,,,,,
round_pairing,Round 3,4,63,208,tw22611326,,6,tw43268758,,6,,,,,
round_pairing,Round 3,4,81,209,tw22699669,,6,tw31422118,,6,,,,,
round_pairing,Round 3,4,88,210,tw22807189,,6,tw40696414,,6,,,,,
round_pairing,Round 3,4,104,211,tw22969264,,6,tw07314439,,6,,,,,
round_pairing,Round 3,4,266,212,tw22979539,,3,tw42912360,,3,,,,,
round_pairing,Round 3,4,84,213,tw23209128,,6,tw71861265,,6,,,,,
round_pairing,Round 3,4,431,214,tw23226571,,0,tw44342704,,0,,,,,
round_pairing,Round 3,4,24,215,tw23249034,,6,tw73106123,,6,,,,,
round_pairing,Round 3,5,209,217,tw23649439,,3,tw18237771,,3,,,,,
round_pairing,Round 3,5,234,218,tw23712439,,3,tw33005835,,3,,,,,
round_pairing,Round 3,5,192,219,tw23730146,,3,tw46362217,,3,,,,,
round_pairing,Round 3,5,129,220,tw23764220,,3,tw39185310,,3,,,,,
round_pairing,Round 3,5,469,221,tw24144676,,0,tw48889969,,0,,,,,
round_pairing,Round 3,5,404,222,tw24207778,,0,tw81562455,,0,,,,,
round_pairing,Round 3,5,32,223,tw24266071,,6,tw91997638,,6,,,,,
round_pairing,Round 3,5,446,225,tw24423291,,0,tw49759795,,0,,,,,
round_pairing,Round 3,5,219,226,tw24459657,,3,tw65235703,,3,,,,,
round_pairing,Round 3,5,155,227,tw24570904,,3,tw60920600,,3,,,,,
round_pairing,Round 3,5,438,228,tw24708906,,0,tw08969542,,0,,,,,
round_pairing,Round 3,5,428,229,tw24742864,,0,tw08740331,,0,,,,,
round_pairing,Round 3,5,21,230,tw24854365,,6,tw52974697,,6,,,,,
round_pairing,Round 3,5,311,231,tw24928885,,3,tw51610329,,3,,,,,
round_pairing,Round 3,5,125,232,tw25000553,,3,tw01014532,,3,,,,,
round_pairing,Round 3,5,414,234,tw25188472,,0,tw48596346,,0,,,,,
round_pairing,Round 3,5,465,235,tw25201840,,0,tw39114696,,0,,,,,
round_pairing,Round 3,5,308,236,tw25336636,,3,tw50820470,,3,,,,,
round_pairing,Round 3,5,77,237,tw25411458,,6,tw45178021,,6,,,,,
round_pairing,Round 3,5,330,238,tw25488947,,3,tw08615728,,3,,,,,
round_pairing,Round 3,5,10,239,tw25559677,,6,tw36759052,,6,,,,,
round_pairing,Round 3,5,231,240,tw25571112,,3,tw32921509,,3,,,,,
round_pairing,Round 3,5,225,241,tw25634182,,3,tw90183762,,3,,,,,
round_pairing,Round 3,5,170,242,tw25684532,,3,tw20835300,,3,,,,,
round_pairing,Round 3,5,361,243,tw25974925,,3,tw87270242,,3,,,,,
round_pairing,Round 3,5,46,244,tw26020639,,6,tw42619935,,6,,,,,
round_pairing,Round 3,5,186,246,tw26528058,,3,tw35735135,,3,,,,,
round_pairing,Round 3,5,354,247,tw26529339,,3,tw66497121,,3,,,,,
round_pairing,Round 3,5,41,248,tw26670105,,6,tw31941216,,6,,,,,
round_pairing,Round 3,5,382,249,tw26839664,,0,tw79221888,,0,,,,,
round_pairing,Round 3,5,33,250,tw26953449,,6,tw05270520,,6,,,,,
round_pairing,Round 3,5,14,251,tw27017315,,6,tw36712780,,6,,,,,
round_pairing,Round 3,5,275,252,tw27308734,,3,tw56387935,,3,,,,,
round_pairing,Round 3,5,71,253,tw27347873,,6,tw59842400,,6,,,,,
round_pairing,Round 3,5,106,254,tw27395288,,6,tw29518941,,6,,,,,
round_pairing,Round 3,5,238,255,tw27419844,,3,tw71161066,,3,,,,,
round_pairing,Round 3,5,417,256,tw27495272,,0,tw86328278,,0,,,,,
round_pairing,Round 3,5,117,257,tw27568465,,6,tw59137487,,6,,,,,
round_pairing,Round 3,5,377,258,tw27673402,,0,tw66961355,,0,,,,,
round_pairing,Round 3,5,83,260,tw27736985,,6,tw44468313,,6,,,,,
round_pairing,Round 3,5,221,261,tw27802821,,3,tw01478107,,3,,,,,
round_pairing,Round 3,5,316,262,tw27817384,,3,tw97135682,,3,,,,,
round_pairing,Round 3,5,282,263,tw27943796,,3,tw76994845,,3,,,,,
round_pairing,Round 3,5,303,265,tw28101734,,3,tw43007249,,3,,,,,
round_pairing,Round 3,5,121,266,tw28179733,,6,tw68088789,,6,,,,,
round_pairing,Round 3,5,99,267,tw28193746,,6,tw69069593,,6,,,,,
round_pairing,Round 3,5,162,268,tw28285341,,3,tw58835877,,3,,,,,
round_pairing,Round 3,5,416,269,tw28495767,,0,tw12769027,,0,,,,,
round_pairing,Round 3,5,283,270,tw28510545,,3,tw77975837,,3,,,,,
round_pairing,Round 3,5,479,271,tw28672728,,0,tw87901293,,0,,,,,
round_pairing,Round 3,6,269,272,tw28728192,,3,tw76059026,,3,,,,,
round_pairing,Round 3,6,6,273,tw28750216,,6,tw34953027,,6,,,,,
round_pairing,Round 3,6,437,274,tw28988843,,0,tw47949585,,0,,,,,
round_pairing,Round 3,6,31,275,tw29121960,,6,tw74568091,,6,,,,,
round_pairing,Round 3,6,70,276,tw29372557,,6,tw09480115,,6,,,,,
round_pairing,Round 3,6,279,277,tw29377361,,3,tw33544977,,3,,,,,
round_pairing,Round 3,6,226,278,tw29404493,,3,tw45806310,,3,,,,,
round_pairing,Round 3,6,106,279,tw29518941,,6,tw27395288,,6,,,,,
round_pairing,Round 3,6,66,280,tw29536370,,6,tw79802506,,6,,,,,
round_pairing,Round 3,6,212,281,tw29731640,,3,tw93829445,,3,,,,,
round_pairing,Round 3,6,215,282,tw29821490,,3,tw34396906,,3,,,,,
round_pairing,Round 3,6,199,283,tw30236831,,3,tw37453841,,3,,,,,
round_pairing,Round 3,6,394,284,tw30379002,,0,tw89047117,,0,,,,,
round_pairing,Round 3,6,239,285,tw30419396,,3,tw59882595,,3,,,,,
round_pairing,Round 3,6,306,287,tw30898169,,3,tw73455744,,3,,,,,
round_pairing,Round 3,6,426,288,tw30959627,,0,tw15435377,,0,,,,,
round_pairing,Round 3,6,482,289,tw30976792,,0,tw95547681,,0,,,,,
round_pairing,Round 3,6,477,290,tw30998847,,0,tw72318939,,0,,,,,
round_pairing,Round 3,6,260,291,tw31279242,,3,tw52704576,,3,,,,,
round_pairing,Round 3,6,81,292,tw31422118,,6,tw22699669,,6,,,,,
round_pairing,Round 3,6,41,294,tw31941216,,6,tw26670105,,6,,,,,
round_pairing,Round 3,6,384,295,tw31949622,,0,tw95668915,,0,,,,,
round_pairing,Round 3,6,240,296,tw32141014,,3,tw40504902,,3,,,,,
round_pairing,Round 3,6,15,297,tw32167594,,6,tw77699656,,6,,,,,
round_pairing,Round 3,6,473,298,tw32214798,,0,tw03539566,,0,,,,,
round_pairing,Round 3,6,487,299,tw32240000,,0,tw24845900,,0,,,,,
round_pairing,Round 3,6,360,300,tw32364107,,3,tw90553997,,3,,,,,
round_pairing,Round 3,6,139,301,tw32647589,,3,tw79411276,,3,,,,,
round_pairing,Round 3,6,3,302,tw32722359,,6,tw66588143,,6,,,,,
round_pairing,Round 3,6,102,303,tw32893143,,6,tw94518932,,6,,,,,
round_pairing,Round 3,6,340,304,tw32907703,,3,tw00787146,,3,,,,,
round_pairing,Round 3,6,231,305,tw32921509,,3,tw25571112,,3,,,,,
round_pairing,Round 3,6,294,307,tw33002183,,3,tw48526697,,3,,,,,
round_pairing,Round 3,6,234,308,tw33005835,,3,tw23712439,,3,,,,,
round_pairing,Round 3,6,491,309,tw33097520,,0,tw36869316,,0,,,,,
round_pairing,Round 3,6,288,310,tw33274690,,3,tw45404381,,3,,,,,
round_pairing,Round 3,6,279,311,tw33544977,,3,tw29377361,,3,,,,,
round_pairing,Round 3,6,12,312,tw33742727,,6,tw89644458,,6,,,,,
round_pairing,Round 3,6,190,313,tw33785925,,3,tw52595130,,3,,,,,
round_pairing,Round 3,6,388,314,tw33811608,,0,tw61785235,,0,,,,,
round_pairing,Round 3,6,390,315,tw33820039,,0,tw86681382,,0,,,,,
round_pairing,Round 3,6,184,316,tw33852575,,3,tw61880666,,3,,,,,
round_pairing,Round 3,6,176,317,tw33881781,,3,tw88521370,,3,,,,,
round_pairing,Round 3,6,257,318,tw33884578,,3,tw45403885,,3,,,,,
round_pairing,Round 3,6,423,319,tw33985444,,0,tw37950627,,0,,,,,
round_pairing,Round 3,6,215,320,tw34396906,,3,tw29821490,,3,,,,,
round_pairing,Round 3,6,6,322,tw34953027,,6,tw28750216,,6,,,,,
round_pairing,Round 3,6,243,323,tw35187586,,3,tw76039193,,3,,,,,
round_pairing,Round 3,6,401,324,tw35246471,,0,tw92891852,,0,,,,,
round_pairing,Round 3,6,447,325,tw35360901,,0,tw71131892,,0,,,,,
round_pairing,Round 3,7,203,326,tw35416653,,3,tw77798178,,3,,,,,
round_pairing,Round 3,7,456,327,tw35684617,,0,tw72928053,,0,,,,,
round_pairing,Round 3,7,347,328,tw35693064,,3,tw73911906,,3,,,,,
round_pairing,Round 3,7,216,329,tw35707148,,3,tw36904012,,3,,,,,
round_pairing,Round 3,7,186,330,tw35735135,,3,tw26528058,,3,,,,,
round_pairing,Round 3,7,115,331,tw35839691,,6,tw89040038,,6,,,,,
round_pairing,Round 3,7,475,332,tw35995465,,0,tw47551870,,0,,,,,
round_pairing,Round 3,7,341,333,tw36074458,,3,tw40135779,,3,,,,,
round_pairing,Round 3,7,90,334,tw36138720,,6,tw13229345,,6,,,,,
round_pairing,Round 3,7,61,335,tw36648556,,6,tw65522783,,6,,,,,
round_pairing,Round 3,7,27,336,tw36747145,,6,tw79188375,,6,,,,,
round_pairing,Round 3,7,10,337,tw36759052,,6,tw25559677,,6,,,,,
round_pairing,Round 3,7,134,338,tw36782228,,3,tw96310928,,3,,,,,
round_pairing,Round 3,7,201,339,tw36810632,,3,tw45324854,,3,,,,,
round_pairing,Round 3,7,216,340,tw36904012,,3,tw35707148,,3,,,,,
round_pairing,Round 3,7,48,341,tw37158463,,6,tw06393443,,6,,,,,
round_pairing,Round 3,7,199,342,tw37453841,,3,tw30236831,,3,,,,,
round_pairing,Round 3,7,378,343,tw37823321,,0,tw47285094,,0,,,,,
round_pairing,Round 3,7,345,344,tw37855988,,3,tw41731352,,3,,,,,
round_pairing,Round 3,7,396,345,tw37870020,,0,tw52951111,,0,,,,,
round_pairing,Round 3,7,44,346,tw37918429,,6,tw63508480,,6,,,,,
round_pairing,Round 3,7,423,347,tw37950627,,0,tw33985444,,0,,,,,
round_pairing,Round 3,7,310,348,tw38080173,,3,tw46716936,,3,,,,,
round_pairing,Round 3,7,247,349,tw38086655,,3,tw52127289,,3,,,,,
round_pairing,Round 3,7,285,350,tw38153478,,3,tw09225948,,3,,,,,
round_pairing,Round 3,7,207,351,tw38236579,,3,tw00026251,,3,,,,,
round_pairing,Round 3,7,451,352,tw38671111,,0,tw39290085,,0,,,,,
round_pairing,Round 3,7,403,353,tw38703886,,0,tw99888650,,0,,,,,
round_pairing,Round 3,7,478,354,tw38743212,,0,tw72776789,,0,,,,,
round_pairing,Round 3,7,367,356,tw39192538,,3,tw45371614,,3,,,,,
round_pairing,Round 3,7,451,357,tw39290085,,0,tw38671111,,0,,,,,
round_pairing,Round 3,7,76,358,tw39492637,,6,tw09964738,,6,,,,,
round_pairing,Round 3,7,140,359,tw39697449,,3,tw03469638,,3,,,,,
round_pairing,Round 3,7,278,360,tw39941788,,3,tw53974581,,3,,,,,
round_pairing,Round 3,7,18,361,tw40123518,,6,tw40555668,,6,,,,,
round_pairing,Round 3,7,341,362,tw40135779,,3,tw36074458,,3,,,,,
round_pairing,Round 3,7,408,363,tw40194303,,0,tw84916149,,0,,,,,
round_pairing,Round 3,7,407,364,tw40377456,,0,tw87510571,,0,,,,,
round_pairing,Round 3,7,240,365,tw40504902,,3,tw32141014,,3,,,,,
round_pairing,Round 3,7,18,366,tw40555668,,6,tw40123518,,6,,,,,
round_pairing,Round 3,7,467,367,tw40682117,,0,tw90671632,,0,,,,,
round_pairing,Round 3,7,88,368,tw40696414,,6,tw22807189,,6,,,,,
round_pairing,Round 3,7,471,369,tw40722297,,0,tw65156718,,0,,,,,
round_pairing,Round 3,7,455,370,tw40786209,,0,tw77295390,,0,,,,,
round_pairing,Round 3,7,370,372,tw41073870,,3,tw97138451,,3,,,,,
round_pairing,Round 3,7,217,373,tw41104694,,3,tw70591612,,3,,,,,
round_pairing,Round 3,7,7,374,tw41238636,,6,tw07460167,,6,,,,,
round_pairing,Round 3,7,444,375,tw41283932,,0,tw46969620,,0,,,,,
round_pairing,Round 3,7,65,376,tw41286139,,6,tw15028008,,6,,,,,
round_pairing,Round 3,7,149,377,tw41398048,,3,tw79434198,,3,,,,,
round_pairing,Round 3,8,8,378,tw41429367,,6,tw91823318,,6,,,,,
round_pairing,Round 3,8,464,379,tw41479406,,0,tw43487757,,0,,,,,
round_pairing,Round 3,8,213,380,tw41523616,,3,tw93786634,,3,,,,,
round_pairing,Round 3,8,62,381,tw41609662,,6,tw11499785,,6,,,,,
round_pairing,Round 3,8,256,382,tw41670381,,3,tw15712728,,3,,,,,
round_pairing,Round 3,8,345,383,tw41731352,,3,tw37855988,,3,,,,,
round_pairing,Round 3,8,95,384,tw41805810,,6,tw18844404,,6,,,,,
round_pairing,Round 3,8,47,385,tw41822925,,6,tw79834153,,6,,,,,
round_pairing,Round 3,8,43,386,tw42186430,,6,tw18276049,,6,,,,,
round_pairing,Round 3,8,56,387,tw42246097,,6,tw16132632,,6,,,,,
round_pairing,Round 3,8,116,388,tw42309306,,6,tw04461037,,6,,,,,
round_pairing,Round 3,8,363,389,tw42455002,,3,tw79621968,,3,,,,,
round_pairing,Round 3,8,488,390,tw42505350,,0,tw77606795,,0,,,,,
round_pairing,Round 3,8,22,391,tw42527004,,6,tw96887599,,6,,,,,
round_pairing,Round 3,8,158,392,tw42563834,,3,tw45458321,,3,,,,,
round_pairing,Round 3,8,46,393,tw42619935,,6,tw26020639,,6,,,,,
round_pairing,Round 3,8,391,394,tw42723639,,0,tw12035691,,0,,,,,
round_pairing,Round 3,8,460,395,tw42920911,,0,tw45233917,,0,,,,,
round_pairing,Round 3,8,49,396,tw42938387,,6,tw70891974,,6,,,,,
round_pairing,Round 3,8,174,397,tw42979297,,3,tw69848864,,3,,,,,
round_pairing,Round 3,8,303,398,tw43007249,,3,tw28101734,,3,,,,,
round_pairing,Round 3,8,63,399,tw43268758,,6,tw22611326,,6,,,,,
round_pairing,Round 3,8,450,400,tw43322316,,0,tw13965222,,0,,,,,
round_pairing,Round 3,8,210,401,tw43331901,,3,tw70290277,,3,,,,,
round_pairing,Round 3,8,202,402,tw43380150,,3,tw84406921,,3,,,,,
round_pairing,Round 3,8,464,403,tw43487757,,0,tw41479406,,0,,,,,
round_pairing,Round 3,8,13,404,tw43492313,,6,tw77206748,,6,,,,,
round_pairing,Round 3,8,331,405,tw43633449,,3,tw81060661,,3,,,,,
round_pairing,Round 3,8,153,406,tw43692869,,3,tw99853156,,3,,,,,
round_pairing,Round 3,8,183,407,tw43700622,,3,tw94370408,,3,,,,,
round_pairing,Round 3,8,26,408,tw44047226,,6,tw04713199,,6,,,,,
round_pairing,Round 3,8,254,411,tw44127879,,3,tw06072288,,3,,,,,
round_pairing,Round 3,8,439,412,tw44206611,,0,tw31401549,,0,,,,,
round_pairing,Round 3,8,314,413,tw44207012,,3,tw93529525,,3,,,,,
round_pairing,Round 3,8,1,414,tw44233591,,6,tw99958274,,6,,,,,
round_pairing,Round 3,8,431,415,tw44342704,,0,tw23226571,,0,,,,,
round_pairing,Round 3,8,321,416,tw44344603,,3,tw02597386,,3,,,,,
round_pairing,Round 3,8,35,417,tw44380087,,6,tw67759215,,6,,,,,
round_pairing,Round 3,8,83,418,tw44468313,,6,tw27736985,,6,,,,,
round_pairing,Round 3,8,261,419,tw44475314,,3,tw78144908,,3,,,,,
round_pairing,Round 3,8,389,420,tw44649735,,0,tw62067344,,0,,,,,
round_pairing,Round 3,8,258,421,tw44821842,,3,tw22214921,,3,,,,,
round_pairing,Round 3,8,376,422,tw44853577,,0,tw13830995,,0,,,,,
round_pairing,Round 3,8,19,423,tw44874553,,6,tw09704151,,6,,,,,
round_pairing,Round 3,8,77,424,tw45178021,,6,tw25411458,,6,,,,,
round_pairing,Round 3,8,460,425,tw45233917,,0,tw42920911,,0,,,,,
round_pairing,Round 3,8,201,426,tw45324854,,3,tw36810632,,3,,,,,
round_pairing,Round 3,8,367,427,tw45371614,,3,tw39192538,,3,,,,,
round_pairing,Round 3,8,257,428,tw45403885,,3,tw33884578,,3,,,,,
round_pairing,Round 3,8,288,429,tw45404381,,3,tw33274690,,3,,,,,
round_pairing,Round 3,9,158,430,tw45458321,,3,tw42563834,,3,,,,,
round_pairing,Round 3,9,147,431,tw45486731,,3,tw01024875,,3,,,,,
round_pairing,Round 3,9,182,432,tw45615575,,3,tw92680673,,3,,,,,
round_pairing,Round 3,9,253,433,tw45684530,,3,tw21820105,,3,,,,,
round_pairing,Round 3,9,161,434,tw45696531,,3,tw96648029,,3,,,,,
round_pairing,Round 3,9,135,435,tw45713741,,3,tw46795660,,3,,,,,
round_pairing,Round 3,9,226,436,tw45806310,,3,tw29404493,,3,,,,,
round_pairing,Round 3,9,273,437,tw46002856,,3,tw46377157,,3,,,,,
round_pairing,Round 3,9,374,438,tw46020620,,0,tw99241716,,0,,,,,
round_pairing,Round 3,9,300,439,tw46030050,,3,tw48357143,,3,,,,,
round_pairing,Round 3,9,178,440,tw46321576,,3,tw06911704,,3,,,,,
round_pairing,Round 3,9,192,441,tw46362217,,3,tw23730146,,3,,,,,
round_pairing,Round 3,9,273,442,tw46377157,,3,tw46002856,,3,,,,,
round_pairing,Round 3,9,4,443,tw46423373,,6,tw47415187,,6,,,,,
round_pairing,Round 3,9,454,444,tw46643692,,0,tw15023289,,0,,,,,
round_pairing,Round 3,9,107,445,tw46646319,,6,tw18638755,,6,,,,,
round_pairing,Round 3,9,468,446,tw46705939,,0,tw50414993,,0,,,,,
round_pairing,Round 3,9,310,447,tw46716936,,3,tw38080173,,3,,,,,
round_pairing,Round 3,9,91,448,tw46738666,,6,tw85067465,,6,,,,,
round_pairing,Round 3,9,135,449,tw46795660,,3,tw45713741,,3,,,,,
round_pairing,Round 3,9,40,450,tw46798799,,6,tw85147749,,6,,,,,
round_pairing,Round 3,9,457,451,tw46945068,,0,tw76529055,,0,,,,,
round_pairing,Round 3,9,444,452,tw46969620,,0,tw41283932,,0,,,,,
round_pairing,Round 3,9,194,453,tw47077924,,3,tw63898784,,3,,,,,
round_pairing,Round 3,9,378,454,tw47285094,,0,tw37823321,,0,,,,,
round_pairing,Round 3,9,353,455,tw47341841,,3,tw62984443,,3,,,,,
round_pairing,Round 3,9,4,456,tw47415187,,6,tw46423373,,6,,,,,
round_pairing,Round 3,9,475,457,tw47551870,,0,tw35995465,,0,,,,,
round_pairing,Round 3,9,349,458,tw47612491,,3,tw03193944,,3,,,,,
round_pairing,Round 3,9,89,459,tw47904340,,6,tw98649601,,6,,,,,
round_pairing,Round 3,9,437,460,tw47949585,,0,tw28988843,,0,,,,,
round_pairing,Round 3,9,177,461,tw48178410,,3,tw06554451,,3,,,,,
round_pairing,Round 3,9,449,462,tw48294785,,0,tw72630270,,0,,,,,
round_pairing,Round 3,9,300,463,tw48357143,,3,tw46030050,,3,,,,,
round_pairing,Round 3,9,344,464,tw48408173,,3,tw82109498,,3,,,,,
round_pairing,Round 3,9,395,465,tw48512422,,0,tw62569500,,0,,,,,
round_pairing,Round 3,9,425,466,tw48555786,,0,tw49045992,,0,,,,,
round_pairing,Round 3,9,414,467,tw48596346,,0,tw25188472,,0,,,,,
round_pairing,Round 3,9,422,468,tw48706845,,0,tw63171506,,0,,,,,
round_pairing,Round 3,9,160,469,tw48715949,,3,tw77928028,,3,,,,,
round_pairing,Round 3,9,296,471,tw48793078,,3,tw47230122,,3,,,,,
round_pairing,Round 3,9,469,472,tw48889969,,0,tw24144676,,0,,,,,
round_pairing,Round 3,9,180,473,tw48890271,,3,tw18641143,,3,,,,,
round_pairing,Round 3,9,332,474,tw48927744,,3,tw67716132,,3,,,,,
round_pairing,Round 3,9,220,475,tw48962901,,3,tw76784634,,3,,,,,
round_pairing,Round 3,9,425,476,tw49045992,,0,tw48555786,,0,,,,,
round_pairing,Round 3,9,109,477,tw49113528,,6,tw50858481,,6,,,,,
round_pairing,Round 3,9,55,478,tw49159270,,6,tw15392207,,6,,,,,
round_pairing,Round 3,9,204,479,tw49327411,,3,tw75596823,,3,,,,,
round_pairing,Round 3,9,268,480,tw49388371,,3,tw02991787,,3,,,,,
round_pairing,Round 3,10,405,481,tw49441410,,0,tw62459529,,0,,,,,
round_pairing,Round 3,10,474,482,tw49698910,,0,tw03226408,,0,,,,,
round_pairing,Round 3,10,446,483,tw49759795,,0,tw24423291,,0,,,,,
round_pairing,Round 3,10,343,484,tw49877892,,3,tw77550830,,3,,,,,
round_pairing,Round 3,10,255,485,tw50239297,,3,tw68763677,,3,,,,,
round_pairing,Round 3,10,299,486,tw50255396,,3,tw56240698,,3,,,,,
round_pairing,Round 3,10,191,487,tw50328610,,3,tw79476009,,3,,,,,
round_pairing,Round 3,10,468,488,tw50414993,,0,tw46705939,,0,,,,,
round_pairing,Round 3,10,34,490,tw50567676,,6,tw64567116,,6,,,,,
round_pairing,Round 3,10,406,491,tw50702110,,0,tw17453360,,0,,,,,
round_pairing,Round 3,10,222,492,tw50795757,,3,tw70378594,,3,,,,,
round_pairing,Round 3,10,308,493,tw50820470,,3,tw25336636,,3,,,,,
round_pairing,Round 3,10,109,495,tw50858481,,6,tw49113528,,6,,,,,
round_pairing,Round 3,10,233,496,tw51147332,,3,tw19234685,,3,,,,,
round_pairing,Round 3,10,298,497,tw51149657,,3,tw89786854,,3,,,,,
round_pairing,Round 3,10,436,500,tw51489284,,0,tw88178510,,0,,,,,
round_pairing,Round 3,10,311,501,tw51610329,,3,tw24928885,,3,,,,,
round_pairing,Round 3,10,163,502,tw51756189,,3,tw85855405,,3,,,,,
round_pairing,Round 3,10,346,503,tw51891548,,3,tw76925363,,3,,,,,
round_pairing,Round 3,10,247,504,tw52127289,,3,tw38086655,,3,,,,,
round_pairing,Round 3,10,232,505,tw52149734,,3,tw93076075,,3,,,,,
round_pairing,Round 3,10,402,506,tw52301948,,0,tw04119157,,0,,,,,
round_pairing,Round 3,10,326,507,tw52488439,,3,tw13638158,,3,,,,,
round_pairing,Round 3,10,159,509,tw52493073,,3,tw04457744,,3,,,,,
round_pairing,Round 3,10,267,510,tw52578543,,3,tw85060196,,3,,,,,
round_pairing,Round 3,10,16,511,tw52663760,,6,tw86324740,,6,,,,,
round_pairing,Round 3,10,260,512,tw52704576,,3,tw31279242,,3,,,,,
round_pairing,Round 3,10,28,513,tw52752742,,6,tw57612114,,6,,,,,
round_pairing,Round 3,10,165,514,tw52806758,,3,tw78681290,,3,,,,,
round_pairing,Round 3,10,290,515,tw53367475,,3,tw75204861,,3,,,,,
round_pairing,Round 3,10,339,516,tw53446977,,3,tw97666473,,3,,,,,
round_pairing,Round 3,10,355,517,tw53540804,,3,tw15475553,,3,,,,,
round_pairing,Round 3,10,224,518,tw53723254,,3,tw69628359,,3,,,,,
round_pairing,Round 3,10,37,519,tw53782031,,6,tw97885633,,6,,,,,
round_pairing,Round 3,10,264,520,tw53806573,,3,tw66520026,,3,,,,,
round_pairing,Round 3,10,137,522,tw54347311,,3,tw80392170,,3,,,,,
round_pairing,Round 3,10,97,523,tw54430001,,6,tw87713934,,6,,,,,
round_pairing,Round 3,10,359,524,tw54739989,,3,tw18676231,,3,,,,,
round_pairing,Round 3,10,348,526,tw54988993,,3,tw88706430,,3,,,,,
round_pairing,Round 3,10,309,527,tw55000893,,3,tw00106184,,3,,,,,
round_pairing,Round 3,10,45,528,tw55098015,,6,tw72887037,,6,,,,,
round_pairing,Round 3,10,50,529,tw55210501,,6,tw97275186,,6,,,,,
round_pairing,Round 3,10,53,530,tw55332465,,6,tw18906406,,6,,,,,
round_pairing,Round 3,10,189,531,tw55359182,,3,tw92250919,,3,,,,,
round_pairing,Round 3,10,313,532,tw55570972,,3,tw93786012,,3,,,,,
round_pairing,Round 3,10,291,533,tw55765174,,3,tw83606083,,3,,,,,
round_pairing,Round 3,10,419,534,tw56012620,,0,tw63518115,,0,,,,,
round_pairing,Round 3,10,299,535,tw56240698,,3,tw50255396,,3,,,,,
round_pairing,Round 3,10,105,536,tw56336073,,6,tw97931731,,6,,,,,
round_pairing,Round 3,10,275,537,tw56387935,,3,tw27308734,,3,,,,,
round_pairing,Round 3,11,413,538,tw56416986,,0,tw30267620,,0,,,,,
round_pairing,Round 3,11,453,539,tw56468849,,0,tw06147611,,0,,,,,
round_pairing,Round 3,11,287,540,tw56550093,,3,tw86831721,,3,,,,,
round_pairing,Round 3,11,252,541,tw56605426,,3,tw57531941,,3,,,,,
round_pairing,Round 3,11,51,542,tw57017359,,6,tw72333956,,6,,,,,
round_pairing,Round 3,11,381,543,tw57062134,,0,tw67984683,,0,,,,,
round_pairing,Round 3,11,252,545,tw57531941,,3,tw56605426,,3,,,,,
round_pairing,Round 3,11,28,546,tw57612114,,6,tw52752742,,6,,,,,
round_pairing,Round 3,11,251,547,tw57615176,,3,tw09194772,,3,,,,,
round_pairing,Round 3,11,424,548,tw57767899,,0,tw06441088,,0,,,,,
round_pairing,Round 3,11,136,549,tw58028303,,3,tw05246772,,3,,,,,
round_pairing,Round 3,11,357,550,tw58188995,,3,tw20156409,,3,,,,,
round_pairing,Round 3,11,133,551,tw58450010,,3,tw32830944,,3,,,,,
round_pairing,Round 3,11,459,553,tw58523618,,0,tw04959593,,0,,,,,
round_pairing,Round 3,11,318,555,tw58781969,,3,tw09152496,,3,,,,,
round_pairing,Round 3,11,351,556,tw58817602,,3,tw61895092,,3,,,,,
round_pairing,Round 3,11,162,557,tw58835877,,3,tw28285341,,3,,,,,
round_pairing,Round 3,11,117,558,tw59137487,,6,tw27568465,,6,,,,,
round_pairing,Round 3,11,127,560,tw59462193,,3,tw13487252,,3,,,,,
round_pairing,Round 3,11,434,561,tw59471628,,0,tw21420926,,0,,,,,
round_pairing,Round 3,11,380,562,tw59548820,,0,tw67696706,,0,,,,,
round_pairing,Round 3,11,356,563,tw59616959,,3,tw91555335,,3,,,,,
round_pairing,Round 3,11,71,564,tw59842400,,6,tw27347873,,6,,,,,
round_pairing,Round 3,11,239,565,tw59882595,,3,tw30419396,,3,,,,,
round_pairing,Round 3,11,352,567,tw60273793,,3,tw00531440,,3,,,,,
round_pairing,Round 3,11,286,568,tw60311204,,3,tw18429175,,3,,,,,
round_pairing,Round 3,11,141,569,tw60440420,,3,tw22480109,,3,,,,,
round_pairing,Round 3,11,54,570,tw60511158,,6,tw68135684,,6,,,,,
round_pairing,Round 3,11,305,571,tw60567990,,3,tw11739209,,3,,,,,
round_pairing,Round 3,11,312,572,tw60794190,,3,tw75551324,,3,,,,,
round_pairing,Round 3,11,155,573,tw60920600,,3,tw24570904,,3,,,,,
round_pairing,Round 3,11,284,574,tw61277104,,3,tw04057494,,3,,,,,
round_pairing,Round 3,11,74,575,tw61279434,,6,tw78539182,,6,,,,,
round_pairing,Round 3,11,301,577,tw61533794,,3,tw02367054,,3,,,,,
round_pairing,Round 3,11,118,578,tw61583819,,6,tw84462905,,6,,,,,
round_pairing,Round 3,11,93,579,tw61600644,,6,tw65741542,,6,,,,,
round_pairing,Round 3,11,388,580,tw61785235,,0,tw33811608,,0,,,,,
round_pairing,Round 3,11,335,581,tw61792938,,3,tw93754264,,3,,,,,
round_pairing,Round 3,11,184,582,tw61880666,,3,tw33852575,,3,,,,,
round_pairing,Round 3,11,351,583,tw61895092,,3,tw58817602,,3,,,,,
round_pairing,Round 3,11,483,584,tw61986785,,0,tw68790007,,0,,,,,
round_pairing,Round 3,11,30,585,tw62020476,,6,tw15026318,,6,,,,,
round_pairing,Round 3,11,389,586,tw62067344,,0,tw44649735,,0,,,,,
round_pairing,Round 3,11,375,587,tw62197981,,0,tw63175199,,0,,,,,
round_pairing,Round 3,11,175,588,tw62315993,,3,tw64656626,,3,,,,,
round_pairing,Round 3,11,433,589,tw62324389,,0,tw90897983,,0,,,,,
round_pairing,Round 3,11,399,590,tw62435012,,0,tw15533641,,0,,,,,
round_pairing,Round 3,11,405,591,tw62459529,,0,tw49441410,,0,,,,,
round_pairing,Round 3,11,229,592,tw62525194,,3,tw07182365,,3,,,,,
round_pairing,Round 3,11,395,593,tw62569500,,0,tw48512422,,0,,,,,
round_pairing,Round 3,12,463,594,tw62594682,,0,tw69576075,,0,,,,,
round_pairing,Round 3,12,322,595,tw62599498,,3,tw24261609,,3,,,,,
round_pairing,Round 3,12,39,597,tw62958507,,6,tw73048413,,6,,,,,
round_pairing,Round 3,12,353,598,tw62984443,,3,tw47341841,,3,,,,,
round_pairing,Round 3,12,289,599,tw63031373,,3,tw02578849,,3,,,,,
round_pairing,Round 3,12,422,600,tw63171506,,0,tw48706845,,0,,,,,
round_pairing,Round 3,12,387,601,tw63238788,,0,tw71035218,,0,,,,,
round_pairing,Round 3,12,144,602,tw63343435,,3,tw37173355,,3,,,,,
round_pairing,Round 3,12,319,603,tw63395911,,3,tw89407764,,3,,,,,
round_pairing,Round 3,12,44,604,tw63508480,,6,tw37918429,,6,,,,,
round_pairing,Round 3,12,419,605,tw63518115,,0,tw56012620,,0,,,,,
round_pairing,Round 3,12,211,606,tw63735317,,3,tw26175828,,3,,,,,
round_pairing,Round 3,12,194,607,tw63898784,,3,tw47077924,,3,,,,,
round_pairing,Round 3,12,145,608,tw64203769,,3,tw90018469,,3,,,,,
round_pairing,Round 3,12,175,609,tw64656626,,3,tw62315993,,3,,,,,
round_pairing,Round 3,12,409,611,tw64793736,,0,tw65781127,,0,,,,,
round_pairing,Round 3,12,230,612,tw64845965,,3,tw94142249,,3,,,,,
round_pairing,Round 3,12,324,613,tw65063095,,3,tw69971650,,3,,,,,
round_pairing,Round 3,12,471,614,tw65156718,,0,tw40722297,,0,,,,,
round_pairing,Round 3,12,484,615,tw65158876,,0,tw87745948,,0,,,,,
round_pairing,Round 3,12,219,616,tw65235703,,3,tw24459657,,3,,,,,
round_pairing,Round 3,12,111,617,tw65483922,,6,tw70028105,,6,,,,,
round_pairing,Round 3,12,61,618,tw65522783,,6,tw36648556,,6,,,,,
round_pairing,Round 3,12,93,619,tw65741542,,6,tw61600644,,6,,,,,
round_pairing,Round 3,12,409,620,tw65781127,,0,tw64793736,,0,,,,,
round_pairing,Round 3,12,131,621,tw66134077,,3,tw99346363,,3,,,,,
round_pairing,Round 3,12,152,622,tw66459371,,3,tw21654272,,3,,,,,
round_pairing,Round 3,12,264,623,tw66520026,,3,tw53806573,,3,,,,,
round_pairing,Round 3,12,151,624,tw66555509,,3,tw16621728,,3,,,,,
round_pairing,Round 3,12,126,625,tw66575998,,3,tw82263693,,3,,,,,
round_pairing,Round 3,12,3,626,tw66588143,,6,tw32722359,,6,,,,,
round_pairing,Round 3,12,462,627,tw66740844,,0,tw00976968,,0,,,,,
round_pairing,Round 3,12,36,628,tw66806102,,6,tw92224806,,6,,,,,
round_pairing,Round 3,12,430,629,tw66816512,,0,tw71768773,,0,,,,,
round_pairing,Round 3,12,383,630,tw66907796,,0,tw19377792,,0,,,,,
round_pairing,Round 3,12,458,631,tw66943412,,0,tw11015212,,0,,,,,
round_pairing,Round 3,12,377,632,tw66961355,,0,tw27673402,,0,,,,,
round_pairing,Round 3,12,120,633,tw66992460,,6,tw00831574,,6,,,,,
round_pairing,Round 3,12,262,634,tw67199394,,3,tw69602779,,3,,,,,
round_pairing,Round 3,12,79,635,tw67604361,,6,tw23875590,,6,,,,,
round_pairing,Round 3,12,69,636,tw67665108,,6,tw10700633,,6,,,,,
round_pairing,Round 3,12,380,637,tw67696706,,0,tw59548820,,0,,,,,
round_pairing,Round 3,12,332,638,tw67716132,,3,tw48927744,,3,,,,,
round_pairing,Round 3,12,35,639,tw67759215,,6,tw44380087,,6,,,,,
round_pairing,Round 3,12,325,640,tw67940713,,3,tw83161210,,3,,,,,
round_pairing,Round 3,12,381,641,tw67984683,,0,tw57062134,,0,,,,,
round_pairing,Round 3,12,58,642,tw68046375,,6,tw22261784,,6,,,,,
round_pairing,Round 3,12,121,643,tw68088789,,6,tw28179733,,6,,,,,
round_pairing,Round 3,12,54,644,tw68135684,,6,tw60511158,,6,,,,,
round_pairing,Round 3,12,123,645,tw68151227,,6,tw11642031,,6,,,,,
round_pairing,Round 3,13,72,646,tw68165427,,6,tw76132946,,6,,,,,
round_pairing,Round 3,13,259,647,tw68209544,,3,tw71730704,,3,,,,,
round_pairing,Round 3,13,255,649,tw68763677,,3,tw50239297,,3,,,,,
round_pairing,Round 3,13,218,650,tw68822994,,3,tw90556916,,3,,,,,
round_pairing,Round 3,13,64,651,tw68851170,,6,tw07020662,,6,,,,,
round_pairing,Round 3,13,368,652,tw68954029,,3,tw00181149,,3,,,,,
round_pairing,Round 3,13,99,653,tw69069593,,6,tw28193746,,6,,,,,
round_pairing,Round 3,13,411,654,tw69219642,,0,tw62300636,,0,,,,,
round_pairing,Round 3,13,168,655,tw69425578,,3,tw69663505,,3,,,,,
round_pairing,Round 3,13,463,656,tw69576075,,0,tw62594682,,0,,,,,
round_pairing,Round 3,13,262,657,tw69602779,,3,tw67199394,,3,,,,,
round_pairing,Round 3,13,224,658,tw69628359,,3,tw53723254,,3,,,,,
round_pairing,Round 3,13,168,659,tw69663505,,3,tw69425578,,3,,,,,
round_pairing,Round 3,13,9,660,tw69685808,,6,tw10467123,,6,,,,,
round_pairing,Round 3,13,317,662,tw69804633,,3,tw75964030,,3,,,,,
round_pairing,Round 3,13,249,663,tw69848771,,3,tw05197795,,3,,,,,
round_pairing,Round 3,13,128,664,tw69925275,,3,tw87316906,,3,,,,,
round_pairing,Round 3,13,324,665,tw69971650,,3,tw65063095,,3,,,,,
round_pairing,Round 3,13,68,666,tw69995586,,6,tw80138989,,6,,,,,
round_pairing,Round 3,13,111,667,tw70028105,,6,tw65483922,,6,,,,,
round_pairing,Round 3,13,103,668,tw70273656,,6,tw09574160,,6,,,,,
round_pairing,Round 3,13,210,669,tw70290277,,3,tw43331901,,3,,,,,
round_pairing,Round 3,13,217,670,tw70591612,,3,tw41104694,,3,,,,,
round_pairing,Round 3,13,486,671,tw70892972,,0,tw22529091,,0,,,,,
round_pairing,Round 3,13,29,672,tw70897596,,6,tw27758570,,6,,,,,
round_pairing,Round 3,13,393,673,tw70903147,,0,tw95570205,,0,,,,,
round_pairing,Round 3,13,387,674,tw71035218,,0,tw63238788,,0,,,,,
round_pairing,Round 3,13,302,675,tw71060818,,3,tw13298067,,3,,,,,
round_pairing,Round 3,13,447,676,tw71131892,,0,tw35360901,,0,,,,,
round_pairing,Round 3,13,238,677,tw71161066,,3,tw27419844,,3,,,,,
round_pairing,Round 3,13,228,678,tw71493841,,3,tw85516442,,3,,,,,
round_pairing,Round 3,13,59,679,tw71550438,,6,tw93858918,,6,,,,,
round_pairing,Round 3,13,214,680,tw71559250,,3,tw81291690,,3,,,,,
round_pairing,Round 3,13,304,681,tw71598135,,3,tw77721211,,3,,,,,
round_pairing,Round 3,13,259,682,tw71730704,,3,tw68209544,,3,,,,,
round_pairing,Round 3,13,430,683,tw71768773,,0,tw66816512,,0,,,,,
round_pairing,Round 3,13,185,684,tw72148746,,3,tw75774280,,3,,,,,
round_pairing,Round 3,13,101,685,tw72174151,,6,tw72699030,,6,,,,,
round_pairing,Round 3,13,250,686,tw72313605,,3,tw86700066,,3,,,,,
round_pairing,Round 3,13,477,687,tw72318939,,0,tw30998847,,0,,,,,
round_pairing,Round 3,13,51,688,tw72333956,,6,tw57017359,,6,,,,,
round_pairing,Round 3,13,270,689,tw72464013,,3,tw99373374,,3,,,,,
round_pairing,Round 3,13,449,690,tw72630270,,0,tw48294785,,0,,,,,
round_pairing,Round 3,13,101,691,tw72699030,,6,tw72174151,,6,,,,,
round_pairing,Round 3,13,124,692,tw72753058,,3,tw82556653,,6,,,,,
round_pairing,Round 3,13,478,693,tw72776789,,0,tw38743212,,0,,,,,
round_pairing,Round 3,13,188,694,tw72829984,,3,tw73917548,,3,,,,,
round_pairing,Round 3,13,45,695,tw72887037,,6,tw55098015,,6,,,,,
round_pairing,Round 3,13,456,696,tw72928053,,0,tw35684617,,0,,,,,
round_pairing,Round 3,13,167,697,tw73034465,,3,tw95746707,,3,,,,,
round_pairing,Round 3,14,39,698,tw73048413,,6,tw62958507,,6,,,,,
round_pairing,Round 3,14,24,699,tw73106123,,6,tw23249034,,6,,,,,
round_pairing,Round 3,14,297,700,tw73358187,,3,tw10613788,,3,,,,,
round_pairing,Round 3,14,306,701,tw73455744,,3,tw30898169,,3,,,,,
round_pairing,Round 3,14,347,702,tw73911906,,3,tw35693064,,3,,,,,
round_pairing,Round 3,14,188,703,tw73917548,,3,tw72829984,,3,,,,,
round_pairing,Round 3,14,365,704,tw73975912,,3,tw83160193,,3,,,,,
round_pairing,Round 3,14,364,705,tw74196817,,3,tw08457807,,3,,,,,
round_pairing,Round 3,14,42,706,tw74542521,,6,tw82001299,,6,,,,,
round_pairing,Round 3,14,31,707,tw74568091,,6,tw29121960,,6,,,,,
round_pairing,Round 3,14,443,708,tw74682364,,0,tw94748404,,0,,,,,
round_pairing,Round 3,14,241,710,tw75091640,,3,tw77877383,,3,,,,,
round_pairing,Round 3,14,290,711,tw75204861,,3,tw53367475,,3,,,,,
round_pairing,Round 3,14,280,712,tw75352342,,3,tw44917576,,3,,,,,
round_pairing,Round 3,14,312,713,tw75551324,,3,tw60794190,,3,,,,,
round_pairing,Round 3,14,204,714,tw75596823,,3,tw49327411,,3,,,,,
round_pairing,Round 3,14,185,715,tw75774280,,3,tw72148746,,3,,,,,
round_pairing,Round 3,14,293,716,tw75820315,,3,tw00572856,,3,,,,,
round_pairing,Round 3,14,317,718,tw75964030,,3,tw69804633,,3,,,,,
round_pairing,Round 3,14,269,719,tw76059026,,3,tw28728192,,3,,,,,
round_pairing,Round 3,14,72,720,tw76132946,,6,tw68165427,,6,,,,,
round_pairing,Round 3,14,110,721,tw76258268,,6,tw20368538,,6,,,,,
round_pairing,Round 3,14,20,722,tw76309421,,6,tw97567728,,6,,,,,
round_pairing,Round 3,14,457,723,tw76529055,,0,tw46945068,,0,,,,,
round_pairing,Round 3,14,220,725,tw76784634,,3,tw48962901,,3,,,,,
round_pairing,Round 3,14,346,726,tw76925363,,3,tw51891548,,3,,,,,
round_pairing,Round 3,14,282,727,tw76994845,,3,tw27943796,,3,,,,,
round_pairing,Round 3,14,13,728,tw77206748,,6,tw43492313,,6,,,,,
round_pairing,Round 3,14,455,729,tw77295390,,0,tw40786209,,0,,,,,
round_pairing,Round 3,14,343,731,tw77550830,,3,tw49877892,,3,,,,,
round_pairing,Round 3,14,488,732,tw77606795,,0,tw42505350,,0,,,,,
round_pairing,Round 3,14,15,733,tw77699656,,6,tw32167594,,6,,,,,
round_pairing,Round 3,14,304,734,tw77721211,,3,tw71598135,,3,,,,,
round_pairing,Round 3,14,241,735,tw77877383,,3,tw75091640,,3,,,,,
round_pairing,Round 3,14,160,736,tw77928028,,3,tw48715949,,3,,,,,
round_pairing,Round 3,14,263,737,tw78077476,,3,tw59096586,,3,,,,,
round_pairing,Round 3,14,261,738,tw78144908,,3,tw44475314,,3,,,,,
round_pairing,Round 3,14,2,739,tw78403870,,6,tw83751916,,6,,,,,
round_pairing,Round 3,14,74,740,tw78539182,,6,tw61279434,,6,,,,,
round_pairing,Round 3,14,86,742,tw78657682,,6,tw20730540,,6,,,,,
round_pairing,Round 3,14,165,743,tw78681290,,3,tw52806758,,3,,,,,
round_pairing,Round 3,14,271,744,tw78866457,,3,tw97384556,,3,,,,,
round_pairing,Round 3,14,452,745,tw78930739,,0,tw10304280,,0,,,,,
round_pairing,Round 3,14,27,746,tw79188375,,6,tw36747145,,6,,,,,
round_pairing,Round 3,14,382,747,tw79221888,,0,tw26839664,,0,,,,,
round_pairing,Round 3,14,400,748,tw79250738,,0,tw09490592,,0,,,,,
round_pairing,Round 3,14,307,749,tw79270381,,3,tw18243923,,3,,,,,
round_pairing,Round 3,14,295,750,tw79280986,,3,tw88792767,,3,,,,,
round_pairing,Round 3,14,139,751,tw79411276,,3,tw32647589,,3,,,,,
round_pairing,Round 3,14,149,752,tw79434198,,3,tw41398048,,3,,,,,
round_pairing,Round 3,15,191,753,tw79476009,,3,tw50328610,,3,,,,,
round_pairing,Round 3,15,485,754,tw79685646,,0,tw89643656,,0,,,,,
round_pairing,Round 3,15,244,755,tw79723871,,3,tw14489518,,3,,,,,
round_pairing,Round 3,15,47,756,tw79834153,,6,tw41822925,,6,,,,,
round_pairing,Round 3,15,196,757,tw79992941,,3,tw40188987,,3,,,,,
round_pairing,Round 3,15,476,758,tw80037643,,0,tw13434296,,0,,,,,
round_pairing,Round 3,15,68,759,tw80138989,,6,tw69995586,,6,,,,,
round_pairing,Round 3,15,23,760,tw80267696,,6,tw94156469,,6,,,,,
round_pairing,Round 3,15,137,761,tw80392170,,3,tw54347311,,3,,,,,
round_pairing,Round 3,15,75,762,tw80521031,,6,tw26319522,,6,,,,,
round_pairing,Round 3,15,331,763,tw81060661,,3,tw43633449,,3,,,,,
round_pairing,Round 3,15,206,764,tw81066465,,3,tw93020902,,3,,,,,
round_pairing,Round 3,15,327,765,tw81250238,,3,tw16152234,,3,,,,,
round_pairing,Round 3,15,172,766,tw81268957,,3,tw11612248,,3,,,,,
round_pairing,Round 3,15,214,767,tw81291690,,3,tw71559250,,3,,,,,
round_pairing,Round 3,15,472,768,tw81389651,,0,tw34649223,,0,,,,,
round_pairing,Round 3,15,404,769,tw81562455,,0,tw24207778,,0,,,,,
round_pairing,Round 3,15,379,770,tw81599190,,0,tw99714386,,0,,,,,
round_pairing,Round 3,15,461,771,tw81736494,,0,tw81886933,,0,,,,,
round_pairing,Round 3,15,42,772,tw82001299,,6,tw74542521,,6,,,,,
round_pairing,Round 3,15,344,773,tw82109498,,3,tw48408173,,3,,,,,
round_pairing,Round 3,15,200,774,tw82119121,,3,tw33433069,,3,,,,,
round_pairing,Round 3,15,126,775,tw82263693,,3,tw66575998,,3,,,,,
round_pairing,Round 3,15,338,776,tw82370377,,3,tw92986536,,3,,,,,
round_pairing,Round 3,15,208,777,tw82516603,,3,tw07329342,,3,,,,,
round_pairing,Round 3,15,124,778,tw82556653,,6,tw72753058,,3,,,,,
round_pairing,Round 3,15,164,779,tw82559799,,3,tw93405316,,3,,,,,
round_pairing,Round 3,15,179,780,tw82566333,,3,tw05980017,,3,,,,,
round_pairing,Round 3,15,315,781,tw82751826,,3,tw18850000,,3,,,,,
round_pairing,Round 3,15,198,783,tw82878504,,3,tw05182930,,3,,,,,
round_pairing,Round 3,15,245,784,tw82981600,,3,tw84386196,,3,,,,,
round_pairing,Round 3,15,410,785,tw83071268,,0,tw19291467,,0,,,,,
round_pairing,Round 3,15,365,786,tw83160193,,3,tw73975912,,3,,,,,
round_pairing,Round 3,15,325,787,tw83161210,,3,tw67940713,,3,,,,,
round_pairing,Round 3,15,291,788,tw83606083,,3,tw55765174,,3,,,,,
round_pairing,Round 3,15,2,789,tw83751916,,6,tw78403870,,6,,,,,
round_pairing,Round 3,15,329,790,tw83905127,,3,tw00918141,,3,,,,,
round_pairing,Round 3,15,440,791,tw84249252,,0,tw93054506,,0,,,,,
round_pairing,Round 3,15,202,792,tw84406921,,3,tw43380150,,3,,,,,
round_pairing,Round 3,15,118,793,tw84462905,,6,tw61583819,,6,,,,,
round_pairing,Round 3,15,113,794,tw84828731,,6,tw10410998,,6,,,,,
round_pairing,Round 3,15,408,795,tw84916149,,0,tw40194303,,0,,,,,
round_pairing,Round 3,15,267,796,tw85060196,,3,tw52578543,,3,,,,,
round_pairing,Round 3,15,91,797,tw85067465,,6,tw46738666,,6,,,,,
round_pairing,Round 3,15,40,798,tw85147749,,6,tw46798799,,6,,,,,
round_pairing,Round 3,15,369,799,tw85233211,,3,tw06225308,,3,,,,,
round_pairing,Round 3,15,276,800,tw85254693,,3,tw91627311,,3,,,,,
round_pairing,Round 3,15,171,801,tw85563070,,3,tw20375005,,3,,,,,
round_pairing,Round 3,15,442,802,tw85823053,,0,tw91594481,,0,,,,,
round_pairing,Round 3,15,163,803,tw85855405,,3,tw51756189,,3,,,,,
round_pairing,Round 3,16,323,804,tw86056382,,3,tw97703685,,3,,,,,
round_pairing,Round 3,16,417,805,tw86328278,,0,tw27495272,,0,,,,,
round_pairing,Round 3,16,250,806,tw86700066,,3,tw72313605,,3,,,,,
round_pairing,Round 3,16,142,807,tw87015354,,3,tw90564971,,3,,,,,
round_pairing,Round 3,16,361,808,tw87270242,,3,tw25974925,,3,,,,,
round_pairing,Round 3,16,128,809,tw87316906,,3,tw69925275,,3,,,,,
round_pairing,Round 3,16,407,810,tw87510571,,0,tw40377456,,0,,,,,
round_pairing,Round 3,16,97,811,tw87713934,,6,tw54430001,,6,,,,,
round_pairing,Round 3,16,484,812,tw87745948,,0,tw65158876,,0,,,,,
round_pairing,Round 3,16,479,813,tw87901293,,0,tw28672728,,0,,,,,
round_pairing,Round 3,16,334,814,tw88117485,,3,tw93955100,,3,,,,,
round_pairing,Round 3,16,436,815,tw88178510,,0,tw51489284,,0,,,,,
round_pairing,Round 3,16,412,816,tw88407488,,0,tw92969664,,0,,,,,
round_pairing,Round 3,16,169,817,tw88506619,,3,tw21543308,,3,,,,,
round_pairing,Round 3,16,348,818,tw88706430,,3,tw54988993,,3,,,,,
round_pairing,Round 3,16,295,819,tw88792767,,3,tw79280986,,3,,,,,
round_pairing,Round 3,16,132,820,tw88860465,,3,tw99086788,,3,,,,,
round_pairing,Round 3,16,115,821,tw89040038,,6,tw35839691,,6,,,,,
round_pairing,Round 3,16,394,822,tw89047117,,0,tw30379002,,0,,,,,
round_pairing,Round 3,16,358,823,tw89297350,,3,tw17748447,,3,,,,,
round_pairing,Round 3,16,319,824,tw89407764,,3,tw63395911,,3,,,,,
round_pairing,Round 3,16,272,825,tw89449964,,3,tw77637602,,3,,,,,
round_pairing,Round 3,16,114,826,tw89609352,,6,tw93433450,,6,,,,,
round_pairing,Round 3,16,485,827,tw89643656,,0,tw79685646,,0,,,,,
round_pairing,Round 3,16,12,828,tw89644458,,6,tw33742727,,6,,,,,
round_pairing,Round 3,16,298,829,tw89786854,,3,tw51149657,,3,,,,,
round_pairing,Round 3,16,398,830,tw89811739,,0,tw05908621,,0,,,,,
round_pairing,Round 3,16,145,831,tw90018469,,3,tw64203769,,3,,,,,
round_pairing,Round 3,16,225,832,tw90183762,,3,tw25634182,,3,,,,,
round_pairing,Round 3,16,166,833,tw90337288,,3,tw04797990,,3,,,,,
round_pairing,Round 3,16,96,835,tw90485112,,6,tw08814300,,6,,,,,
round_pairing,Round 3,16,360,836,tw90553997,,3,tw32364107,,3,,,,,
round_pairing,Round 3,16,218,837,tw90556916,,3,tw68822994,,3,,,,,
round_pairing,Round 3,16,142,838,tw90564971,,3,tw87015354,,3,,,,,
round_pairing,Round 3,16,467,839,tw90671632,,0,tw40682117,,0,,,,,
round_pairing,Round 3,16,17,843,tw90996252,,6,tw05130167,,6,,,,,
round_pairing,Round 3,16,356,844,tw91555335,,3,tw59616959,,3,,,,,
round_pairing,Round 3,16,442,845,tw91594481,,0,tw85823053,,0,,,,,
round_pairing,Round 3,16,276,846,tw91627311,,3,tw85254693,,3,,,,,
round_pairing,Round 3,16,8,847,tw91823318,,6,tw41429367,,6,,,,,
round_pairing,Round 3,16,32,848,tw91997638,,6,tw24266071,,6,,,,,
round_pairing,Round 3,16,490,849,tw92027316,,0,tw13786805,,0,,,,,
round_pairing,Round 3,16,36,850,tw92224806,,6,tw66806102,,6,,,,,
round_pairing,Round 3,16,189,851,tw92250919,,3,tw55359182,,3,,,,,
round_pairing,Round 3,16,223,852,tw92466220,,3,tw95521825,,3,,,,,
round_pairing,Round 3,16,67,853,tw92544749,,6,tw08876514,,6,,,,,
round_pairing,Round 3,16,182,854,tw92680673,,3,tw45615575,,3,,,,,
round_pairing,Round 3,16,435,855,tw92814087,,0,tw17108307,,0,,,,,
round_pairing,Round 3,16,401,856,tw92891852,,0,tw35246471,,0,,,,,
round_pairing,Round 3,16,338,857,tw92986536,,3,tw82370377,,3,,,,,
round_pairing,Round 3,17,206,858,tw93020902,,3,tw81066465,,3,,,,,
round_pairing,Round 3,17,445,859,tw93021016,,0,tw12331692,,0,,,,,
round_pairing,Round 3,17,440,860,tw93054506,,0,tw84249252,,0,,,,,
round_pairing,Round 3,17,232,861,tw93076075,,3,tw52149734,,3,,,,,
round_pairing,Round 3,17,164,862,tw93405316,,3,tw82559799,,3,,,,,
round_pairing,Round 3,17,114,863,tw93433450,,6,tw89609352,,6,,,,,
round_pairing,Round 3,17,314,864,tw93529525,,3,tw44207012,,3,,,,,
round_pairing,Round 3,17,335,865,tw93754264,,3,tw61792938,,3,,,,,
round_pairing,Round 3,17,313,866,tw93786012,,3,tw55570972,,3,,,,,
round_pairing,Round 3,17,213,867,tw93786634,,3,tw41523616,,3,,,,,
round_pairing,Round 3,17,59,868,tw93858918,,6,tw71550438,,6,,,,,
round_pairing,Round 3,17,334,869,tw93955100,,3,tw88117485,,3,,,,,
round_pairing,Round 3,17,173,871,tw93999361,,3,tw13569448,,3,,,,,
round_pairing,Round 3,17,230,872,tw94142249,,3,tw64845965,,3,,,,,
round_pairing,Round 3,17,23,873,tw94156469,,6,tw80267696,,6,,,,,
round_pairing,Round 3,17,94,874,tw94173678,,6,tw98985840,,6,,,,,
round_pairing,Round 3,17,183,875,tw94370408,,3,tw43700622,,3,,,,,
round_pairing,Round 3,17,102,876,tw94518932,,6,tw32893143,,6,,,,,
round_pairing,Round 3,17,443,878,tw94748404,,0,tw74682364,,0,,,,,
round_pairing,Round 3,17,292,879,tw95198982,,3,tw14005529,,3,,,,,
round_pairing,Round 3,17,281,880,tw95261451,,3,tw24694611,,3,,,,,
round_pairing,Round 3,17,373,881,tw95401245,,0,tw03610134,,0,,,,,
round_pairing,Round 3,17,482,882,tw95547681,,0,tw30976792,,0,,,,,
round_pairing,Round 3,17,350,883,tw95566595,,3,tw03472100,,3,,,,,
round_pairing,Round 3,17,393,884,tw95570205,,0,tw70903147,,0,,,,,
round_pairing,Round 3,17,130,885,tw95656910,,3,tw82289672,,3,,,,,
round_pairing,Round 3,17,384,886,tw95668915,,0,tw31949622,,0,,,,,
round_pairing,Round 3,17,167,887,tw95746707,,3,tw73034465,,3,,,,,
round_pairing,Round 3,17,418,888,tw95818310,,0,tw14910247,,0,,,,,
round_pairing,Round 3,17,122,889,tw95954871,,6,tw59648008,,6,,,,,
round_pairing,Round 3,17,386,890,tw96093664,,0,tw98211582,,0,,,,,
round_pairing,Round 3,17,154,891,tw96137948,,3,tw01150243,,3,,,,,
round_pairing,Round 3,17,134,892,tw96310928,,3,tw36782228,,3,,,,,
round_pairing,Round 3,17,236,893,tw96387195,,3,tw14618138,,3,,,,,
round_pairing,Round 3,17,161,894,tw96648029,,3,tw45696531,,3,,,,,
round_pairing,Round 3,17,22,895,tw96887599,,6,tw42527004,,6,,,,,
round_pairing,Round 3,17,448,896,tw96947201,,0,tw11498239,,0,,,,,
round_pairing,Round 3,17,392,897,tw97135519,,0,tw05399034,,0,,,,,
round_pairing,Round 3,17,370,898,tw97138451,,3,tw41073870,,3,,,,,
round_pairing,Round 3,17,5,899,tw97165922,,6,tw63334587,,6,,,,,
round_pairing,Round 3,17,50,900,tw97275186,,6,tw55210501,,6,,,,,
round_pairing,Round 3,17,25,901,tw97370246,,6,tw67036456,,6,,,,,
round_pairing,Round 3,17,271,902,tw97384556,,3,tw78866457,,3,,,,,
round_pairing,Round 3,17,415,903,tw97546030,,0,tw89343025,,0,,,,,
round_pairing,Round 3,17,20,904,tw97567728,,6,tw76309421,,6,,,,,
round_pairing,Round 3,17,339,905,tw97666473,,3,tw53446977,,3,,,,,
round_pairing,Round 3,17,323,906,tw97703685,,3,tw86056382,,3,,,,,
round_pairing,Round 3,17,366,907,tw97807535,,3,tw16276326,,3,,,,,
round_pairing,Round 3,17,37,908,tw97885633,,6,tw53782031,,6,,,,,
round_pairing,Round 3,17,105,909,tw97931731,,6,tw56336073,,6,,,,,
round_pairing,Round 3,18,242,910,tw97995384,,3,tw16965198,,3,,,,,
round_pairing,Round 3,18,11,911,tw98129328,,6,tw88775820,,6,,,,,
round_pairing,Round 3,18,386,912,tw98211582,,0,tw96093664,,0,,,,,
round_pairing,Round 3,18,89,914,tw98649601,,6,tw47904340,,6,,,,,
round_pairing,Round 3,18,274,915,tw98707657,,3,tw13312253,,3,,,,,
round_pairing,Round 3,18,94,916,tw98985840,,6,tw94173678,,6,,,,,
round_pairing,Round 3,18,146,917,tw99008736,,3,tw98480968,,3,,,,,
round_pairing,Round 3,18,132,919,tw99086788,,3,tw88860465,,3,,,,,
round_pairing,Round 3,18,78,920,tw99140905,,6,tw13090534,,6,,,,,
round_pairing,Round 3,18,374,921,tw99241716,,0,tw46020620,,0,,,,,
round_pairing,Round 3,18,265,922,tw99256533,,3,tw13779097,,3,,,,,
round_pairing,Round 3,18,131,923,tw99346363,,3,tw66134077,,3,,,,,
round_pairing,Round 3,18,270,924,tw99373374,,3,tw72464013,,3,,,,,
round_pairing,Round 3,18,119,925,tw99386256,,6,tw18412271,,6,,,,,
round_pairing,Round 3,18,379,927,tw99714386,,0,tw81599190,,0,,,,,
round_pairing,Round 3,18,205,928,tw99732460,,3,tw02172047,,3,,,,,
round_pairing,Round 3,18,153,929,tw99853156,,3,tw43692869,,3,,,,,
round_pairing,Round 3,18,403,930,tw99888650,,0,tw38703886,,0,,,,,
round_pairing,Round 3,18,73,931,tw99926791,,6,tw99968646,,6,,,,,
round_pairing,Round 3,18,1,932,tw99958274,,6,tw44233591,,6,,,,,
round_pairing,Round 3,18,73,933,tw99968646,,6,tw99926791,,6,,,,,
round_pairing,Round 3,18,390,1016,tw86681382,,0,tw33820039,,0,,,,,
round_pairing,Round 3,18,187,1024,tw74033297,,3,tw49826410,,3,,,,,
round_pairing,Round 3,18,461,1042,tw81886933,,0,tw81736494,,0,,,,,
round_pairing,Round 3,18,277,1043,tw71003592,,3,tw13624938,,3,,,,,
round_pairing,Round 3,18,363,1044,tw79621968,,3,tw42455002,,3,,,,,
round_pairing,Round 3,18,301,1046,tw02367054,,3,tw61533794,,3,,,,,
round_pairing,Round 3,18,130,1059,tw82289672,,3,tw95656910,,3,,,,,
round_pairing,Round 3,18,364,1065,tw08457807,,3,tw74196817,,3,,,,,
round_pairing,Round 3,18,318,1090,tw09152496,,3,tw58781969,,3,,,,,
round_pairing,Round 3,18,193,1107,tw42204590,,3,tw93660736,,3,,,,,
round_pairing,Round 3,18,342,1111,tw15800518,,3,tw09468385,,3,,,,,
round_pairing,Round 3,18,187,1112,tw49826410,,3,tw74033297,,3,,,,,
round_pairing,Round 3,18,472,1114,tw34649223,,0,tw81389651,,0,,,,,
round_pairing,Round 3,18,157,1116,tw88780324,,3,tw84991038,,3,,,,,
round_pairing,Round 3,18,87,1122,tw47117803,,6,tw12573104,,6,,,,,
round_pairing,Round 3,18,25,1136,tw67036456,,6,tw97370246,,6,,,,,
round_pairing,Round 3,18,195,1150,tw18458528,,3,tw29437004,,3,,,,,
round_pairing,Round 3,18,79,1155,tw23875590,,6,tw67604361,,6,,,,,
round_pairing,Round 3,18,16,1164,tw86324740,,6,tw52663760,,6,,,,,
round_pairing,Round 3,18,195,1192,tw29437004,,3,tw18458528,,3,,,,,
round_pairing,Round 3,18,283,1194,tw77975837,,3,tw28510545,,3,,,,,
round_pairing,Round 3,18,150,1199,tw17401165,,3,tw85026999,,3,,,,,
round_pairing,Round 3,18,34,1200,tw64567116,,6,tw50567676,,6,,,,,
round_pairing,Round 3,18,337,1214,tw96909333,,3,tw26089798,,3,,,,,
round_pairing,Round 3,18,429,1216,tw53090983,,0,tw16903663,,0,,,,,
round_pairing,Round 3,18,320,1223,tw61227623,,3,tw14788730,,3,,,,,
round_pairing,Round 3,18,80,1225,tw11608088,,6,tw39894258,,6,,,,,
round_pairing,Round 3,18,466,1237,tw17763984,,0,tw04255506,,0,,,,,
round_pairing,Round 3,18,432,1238,tw97253900,,0,tw11570874,,0,,,,,
round_pairing,Round 3,19,465,1243,tw39114696,,0,tw25201840,,0,,,,,
round_pairing,Round 3,19,266,1249,tw42912360,,3,tw22979539,,3,,,,,
round_pairing,Round 3,19,420,1255,tw87844149,,0,tw21394889,,0,,,,,
round_pairing,Round 3,19,246,1274,tw36167036,,3,tw20707479,,3,,,,,
round_pairing,Round 3,19,152,1278,tw21654272,,3,tw66459371,,3,,,,,
round_pairing,Round 3,19,281,1291,tw24694611,,3,tw95261451,,3,,,,,
round_pairing,Round 3,19,439,1300,tw31401549,,0,tw44206611,,0,,,,,
round_pairing,Round 3,19,354,1302,tw66497121,,3,tw26529339,,3,,,,,
round_pairing,Round 3,19,294,1303,tw48526697,,3,tw33002183,,3,,,,,
round_pairing,Round 3,19,209,1308,tw18237771,,3,tw23649439,,3,,,,,
round_pairing,Round 3,19,491,1309,tw36869316,,0,tw33097520,,0,,,,,
round_pairing,Round 3,19,190,1310,tw52595130,,3,tw33785925,,3,,,,,
round_pairing,Round 3,19,413,1314,tw30267620,,0,tw56416986,,0,,,,,
round_pairing,Round 3,19,212,1330,tw93829445,,3,tw29731640,,3,,,,,
round_pairing,Round 3,19,52,1336,tw58776465,,6,tw00387540,,6,,,,,
round_pairing,Round 3,19,427,1338,tw74641243,,0,tw59649267,,0,,,,,
round_pairing,Round 3,19,433,1347,tw90897983,,0,tw62324389,,0,,,,,
round_pairing,Round 3,19,49,1387,tw70891974,,6,tw42938387,,6,,,,,
round_pairing,Round 3,19,415,1396,tw89343025,,0,tw97546030,,0,,,,,
round_pairing,Round 3,19,11,1405,tw88775820,,6,tw98129328,,6,,,,,
round_pairing,Round 3,19,316,1419,tw97135682,,3,tw27817384,,3,,,,,
round_pairing,Round 3,19,203,1433,tw77798178,,3,tw35416653,,3,,,,,
round_pairing,Round 3,19,85,1444,tw17356132,,6,tw67295326,,6,,,,,
round_pairing,Round 3,19,85,1445,tw67295326,,6,tw17356132,,6,,,,,
round_pairing,Round 3,19,196,1450,tw40188987,,3,tw79992941,,3,,,,,
round_pairing,Round 3,19,481,1456,tw84048586,,0,tw22183935,,0,,,,,
round_pairing,Round 3,19,29,1458,tw27758570,,6,tw70897596,,6,,,,,
round_pairing,Round 3,19,445,1459,tw12331692,,0,tw93021016,,0,,,,,
round_pairing,Round 3,19,412,1476,tw92969664,,0,tw88407488,,0,,,,,
round_pairing,Round 3,19,487,1495,tw24845900,,0,tw32240000,,0,,,,,
round_pairing,Round 3,19,211,1505,tw26175828,,3,tw63735317,,3,,,,,
round_pairing,Round 3,19,296,1515,tw47230122,,3,tw48793078,,3,,,,,
round_pairing,Round 3,19,66,1522,tw79802506,,6,tw29536370,,6,,,,,
round_pairing,Round 3,19,396,1533,tw52951111,,0,tw37870020,,0,,,,,
round_pairing,Round 3,19,245,1536,tw84386196,,3,tw82981600,,3,,,,,
round_pairing,Round 3,19,385,1555,tw12796514,,0,tw47478004,,0,,,,,
round_pairing,Round 3,19,5,1556,tw63334587,,6,tw97165922,,6,,,,,
round_pairing,Round 3,19,174,1583,tw69848864,,3,tw42979297,,3,,,,,
round_pairing,Round 3,19,322,1584,tw24261609,,3,tw62599498,,3,,,,,
round_pairing,Round 3,19,263,1606,tw59096586,,3,tw78077476,,3,,,,,
round_pairing,Round 3,19,193,1611,tw93660736,,3,tw42204590,,3,,,,,
round_pairing,Round 3,19,272,1617,tw77637602,,3,tw89449964,,3,,,,,
round_pairing,Round 3,19,420,1618,tw21394889,,0,tw87844149,,0,,,,,
round_pairing,Round 3,19,80,1625,tw39894258,,6,tw11608088,,6,,,,,
round_pairing,Round 3,19,297,1628,tw10613788,,3,tw73358187,,3,,,,,
round_pairing,Round 3,19,222,1663,tw70378594,,3,tw50795757,,3,,,,,
round_pairing,Round 3,19,127,1683,tw13487252,,3,tw59462193,,3,,,,,
round_pairing,Round 3,19,129,1689,tw39185310,,3,tw23764220,,3,,,,,
round_pairing,Round 3,19,411,1694,tw62300636,,0,tw69219642,,0,,,,,
round_pairing,Round 3,19,427,1726,tw59649267,,0,tw74641243,,0,,,,,
round_pairing,Round 3,20,421,1729,tw82756336,,0,tw01233994,,0,,,,,
round_pairing,Round 3,20,144,1736,tw37173355,,3,tw63343435,,3,,,,,
round_pairing,Round 3,20,141,1738,tw22480109,,3,tw60440420,,3,,,,,
round_pairing,Round 3,20,385,1745,tw47478004,,0,tw12796514,,0,,,,,
round_pairing,Round 3,20,434,1752,tw21420926,,0,tw59471628,,0,,,,,
round_pairing,Round 3,20,84,1761,tw71861265,,6,tw23209128,,6,,,,,
round_pairing,Round 3,20,75,1765,tw26319522,,6,tw80521031,,6,,,,,
round_pairing,Round 3,20,148,1772,tw32869182,,3,tw21922568,,3,,,,,
round_pairing,Round 3,20,122,1792,tw59648008,,6,tw95954871,,6,,,,,
round_pairing,Round 3,20,337,1793,tw26089798,,3,tw96909333,,3,,,,,
round_pairing,Round 3,20,150,1795,tw85026999,,3,tw17401165,,3,,,,,
round_pairing,Round 3,20,176,1803,tw88521370,,3,tw33881781,,3,,,,,
round_pairing,Round 3,20,483,1805,tw68790007,,0,tw61986785,,0,,,,,
round_pairing,Round 3,20,112,1815,tw57196950,,6,tw50841430,,6,,,,,
round_pairing,Round 3,20,289,1828,tw02578849,,3,tw63031373,,3,,,,,
round_pairing,Round 3,20,223,1831,tw95521825,,3,tw92466220,,3,,,,,
round_pairing,Round 3,20,421,1847,tw01233994,,0,tw82756336,,0,,,,,
round_pairing,Round 3,20,157,1852,tw84991038,,3,tw88780324,,3,,,,,
round_pairing,Round 3,20,243,1859,tw76039193,,3,tw35187586,,3,,,,,
round_pairing,Round 3,20,133,1869,tw32830944,,3,tw58450010,,3,,,,,
round_pairing,Round 3,20,287,1886,tw86831721,,3,tw56550093,,3,,,,,
round_pairing,Round 3,20,104,1899,tw07314439,,6,tw22969264,,6,,,,,
round_pairing,Round 3,20,200,1913,tw33433069,,3,tw82119121,,3,,,,,
round_pairing,Round 3,20,375,1915,tw63175199,,0,tw62197981,,0,,,,,
round_pairing,Round 3,20,146,1922,tw98480968,,3,tw99008736,,3,,,,,
round_pairing,Round 3,20,280,1944,tw44917576,,3,tw75352342,,3,,,,,
round_pairing,Round 3,20,14,1958,tw36712780,,6,tw27017315,,6,,,,,
round_pairing,Round 3,20,108,1981,tw62529006,,6,tw03094722,,6,,,,,
round_pairing,Round 3,20,228,1987,tw85516442,,3,tw71493841,,3,,,,,
round_pairing,Round 3,20,278,1988,tw53974581,,3,tw39941788,,3,,,,,
round_pairing,Round 3,20,38,1998,tw73831583,,6,tw02105248,,6,,,,,
round_pairing,Round 3,20,21,2000,tw52974697,,6,tw24854365,,6,,,,,
round_pairing,Round 3,20,112,2199,tw50841430,,6,tw57196950,,6,,,,,
round_pairing,Round 4,1,239,1,tw00026251,,6,tw20835300,,6,,,,,
round_pairing,Round 4,1,373,2,tw00106184,,3,tw85233211,,3,,,,,
round_pairing,Round 4,1,273,3,tw00114747,,3,tw32907703,,3,,,,,
round_pairing,Round 4,1,336,4,tw00162182,,3,tw11570874,,3,,,,,
round_pairing,Round 4,1,359,5,tw00181149,,3,tw70591612,,3,,,,,
round_pairing,Round 4,1,3,6,tw00387540,,9,tw65741542,,9,,,,,
round_pairing,Round 4,1,361,7,tw00531440,,3,tw03469638,,3,,,,,
round_pairing,Round 4,1,136,8,tw00572856,,6,tw51610329,,6,,,,,
round_pairing,Round 4,1,206,10,tw00787146,,6,tw50795757,,6,,,,,
round_pairing,Round 4,1,11,11,tw00831574,,9,tw18906406,,9,,,,,
round_pairing,Round 4,1,409,12,tw00918141,,3,tw56012620,,3,,,,,
round_pairing,Round 4,1,346,13,tw00968448,,3,tw77637602,,3,,,,,
round_pairing,Round 4,1,435,14,tw00976968,,0,tw99241716,,0,,,,,
round_pairing,Round 4,1,382,15,tw01014532,,3,tw39697449,,3,,,,,
round_pairing,Round 4,1,142,16,tw01024875,,6,tw61880666,,6,,,,,
round_pairing,Round 4,1,78,17,tw01150243,,6,tw46423373,,6,,,,,
round_pairing,Round 4,1,321,18,tw01478107,,3,tw93054506,,3,,,,,
round_pairing,Round 4,1,392,19,tw01909140,,3,tw65063095,,3,,,,,
round_pairing,Round 4,1,444,20,tw02002019,,0,tw86681382,,0,,,,,
round_pairing,Round 4,1,187,21,tw02105248,,6,tw18850000,,6,,,,,
round_pairing,Round 4,1,169,22,tw02172047,,6,tw79270381,,6,,,,,
round_pairing,Round 4,1,407,23,tw02211815,,3,tw55570972,,3,,,,,
round_pairing,Round 4,1,263,24,tw02559687,,3,tw56387935,,3,,,,,
round_pairing,Round 4,1,423,25,tw02597386,,3,tw04057117,,3,,,,,
round_pairing,Round 4,1,82,26,tw02826499,,6,tw47117803,,6,,,,,
round_pairing,Round 4,1,212,27,tw02856732,,6,tw17203659,,6,,,,,
round_pairing,Round 4,1,328,29,tw02991787,,3,tw46020620,,3,,,,,
round_pairing,Round 4,1,216,30,tw03094722,,6,tw07460167,,6,,,,,
round_pairing,Round 4,1,80,31,tw03168456,,6,tw44344603,,6,,,,,
round_pairing,Round 4,1,354,32,tw03193944,,3,tw82751826,,3,,,,,
round_pairing,Round 4,1,286,33,tw03226408,,3,tw26529339,,3,,,,,
round_pairing,Round 4,1,364,34,tw03376553,,3,tw52951111,,3,,,,,
round_pairing,Round 4,1,361,35,tw03469638,,3,tw00531440,,3,,,,,
round_pairing,Round 4,1,374,36,tw03472100,,3,tw79434198,,3,,,,,
round_pairing,Round 4,1,471,37,tw03539566,,0,tw40194303,,0,,,,,
round_pairing,Round 4,1,423,40,tw04057117,,3,tw02597386,,3,,,,,
round_pairing,Round 4,1,369,41,tw04057494,,3,tw93021016,,3,,,,,
round_pairing,Round 4,1,55,42,tw04061481,,9,tw73106123,,9,,,,,
round_pairing,Round 4,1,218,43,tw04086904,,6,tw68851170,,6,,,,,
round_pairing,Round 4,1,368,44,tw04119157,,3,tw40722297,,3,,,,,
round_pairing,Round 4,1,20,45,tw04156058,,9,tw27736985,,9,,,,,
round_pairing,Round 4,1,452,46,tw04255506,,0,tw05908621,,0,,,,,
round_pairing,Round 4,1,338,47,tw04457744,,3,tw81066465,,3,,,,,
round_pairing,Round 4,1,200,48,tw04461037,,6,tw52663760,,6,,,,,
round_pairing,Round 4,1,76,49,tw04552155,,6,tw41670381,,6,,,,,
round_pairing,Round 4,1,344,50,tw04566463,,3,tw37173355,,3,,,,,
round_pairing,Round 4,1,58,51,tw04713199,,9,tw39894258,,9,,,,,
round_pairing,Round 4,1,103,52,tw04797990,,6,tw53723254,,6,,,,,
round_pairing,Round 4,1,404,53,tw04959593,,3,tw24742864,,3,,,,,
round_pairing,Round 4,1,26,54,tw05130167,,9,tw63334587,,9,,,,,
round_pairing,Round 4,2,185,55,tw05182930,,6,tw86056382,,6,,,,,
round_pairing,Round 4,2,94,56,tw05197795,,6,tw16965198,,6,,,,,
round_pairing,Round 4,2,30,57,tw05207217,,9,tw89609352,,9,,,,,
round_pairing,Round 4,2,145,58,tw05246772,,6,tw34953027,,6,,,,,
round_pairing,Round 4,2,38,59,tw05270520,,9,tw52752742,,9,,,,,
round_pairing,Round 4,2,345,60,tw05399034,,3,tw66459371,,3,,,,,
round_pairing,Round 4,2,452,61,tw05908621,,0,tw04255506,,0,,,,,
round_pairing,Round 4,2,65,62,tw05914722,,6,tw23249034,,6,,,,,
round_pairing,Round 4,2,414,63,tw05980017,,3,tw17003070,,3,,,,,
round_pairing,Round 4,2,309,64,tw06072288,,3,tw37453841,,3,,,,,
round_pairing,Round 4,2,453,65,tw06147611,,0,tw17543456,,0,,,,,
round_pairing,Round 4,2,234,66,tw06225308,,6,tw42938387,,6,,,,,
round_pairing,Round 4,2,52,67,tw06393443,,9,tw47415187,,9,,,,,
round_pairing,Round 4,2,398,68,tw06441088,,3,tw17748447,,3,,,,,
round_pairing,Round 4,2,140,69,tw06554451,,6,tw92544749,,6,,,,,
round_pairing,Round 4,2,77,70,tw06911704,,6,tw32830944,,6,,,,,
round_pairing,Round 4,2,129,71,tw06996284,,6,tw22979539,,6,,,,,
round_pairing,Round 4,2,5,72,tw07020662,,9,tw24854365,,9,,,,,
round_pairing,Round 4,2,394,73,tw07182365,,3,tw43633449,,3,,,,,
round_pairing,Round 4,2,171,74,tw07329342,,6,tw14152067,,6,,,,,
round_pairing,Round 4,2,84,75,tw07410887,,6,tw64567116,,6,,,,,
round_pairing,Round 4,2,216,76,tw07460167,,6,tw03094722,,6,,,,,
round_pairing,Round 4,2,256,77,tw07615948,,3,tw89786854,,3,,,,,
round_pairing,Round 4,2,254,78,tw07927124,,3,tw69848771,,3,,,,,
round_pairing,Round 4,2,367,80,tw08615728,,3,tw96310928,,3,,,,,
round_pairing,Round 4,2,476,81,tw08740331,,0,tw44342704,,0,,,,,
round_pairing,Round 4,2,126,82,tw08814300,,6,tw76994845,,6,,,,,
round_pairing,Round 4,2,10,83,tw08876514,,9,tw61279434,,9,,,,,
round_pairing,Round 4,2,458,84,tw08969542,,0,tw24845900,,0,,,,,
round_pairing,Round 4,2,317,85,tw09194772,,3,tw59471628,,3,,,,,
round_pairing,Round 4,2,177,86,tw09225948,,6,tw27017315,,6,,,,,
round_pairing,Round 4,2,303,87,tw09239240,,3,tw93529525,,3,,,,,
round_pairing,Round 4,2,83,89,tw09468385,,6,tw09704151,,6,,,,,
round_pairing,Round 4,2,2,90,tw09480115,,9,tw71861265,,9,,,,,
round_pairing,Round 4,2,270,91,tw09490592,,3,tw14181070,,3,,,,,
round_pairing,Round 4,2,363,92,tw09503218,,3,tw39290085,,3,,,,,
round_pairing,Round 4,2,13,93,tw09574160,,9,tw50841430,,9,,,,,
round_pairing,Round 4,2,83,94,tw09704151,,6,tw09468385,,6,,,,,
round_pairing,Round 4,2,132,95,tw09772052,,6,tw40696414,,6,,,,,
round_pairing,Round 4,2,422,96,tw09914156,,3,tw25571112,,3,,,,,
round_pairing,Round 4,2,238,97,tw09964738,,6,tw60273793,,6,,,,,
round_pairing,Round 4,2,457,98,tw10304280,,0,tw30379002,,0,,,,,
round_pairing,Round 4,2,49,99,tw10410998,,9,tw42309306,,9,,,,,
round_pairing,Round 4,2,27,100,tw10467123,,9,tw24266071,,9,,,,,
round_pairing,Round 4,2,44,101,tw10700633,,9,tw27347873,,9,,,,,
round_pairing,Round 4,2,272,102,tw11015212,,3,tw19377792,,3,,,,,
round_pairing,Round 4,2,174,104,tw11292760,,6,tw13298067,,6,,,,,
round_pairing,Round 4,2,469,105,tw11498239,,0,tw28988843,,0,,,,,
round_pairing,Round 4,2,226,106,tw11499785,,6,tw58817602,,6,,,,,
round_pairing,Round 4,2,336,107,tw11570874,,3,tw00162182,,3,,,,,
round_pairing,Round 4,3,135,108,tw11612248,,6,tw68151227,,6,,,,,
round_pairing,Round 4,3,47,109,tw11642031,,9,tw39492637,,9,,,,,
round_pairing,Round 4,3,203,110,tw11739209,,6,tw16152234,,6,,,,,
round_pairing,Round 4,3,266,111,tw12035691,,3,tw39114696,,3,,,,,
round_pairing,Round 4,3,192,114,tw12363623,,6,tw59137487,,6,,,,,
round_pairing,Round 4,3,29,115,tw12573104,,9,tw46738666,,9,,,,,
round_pairing,Round 4,3,349,116,tw12769027,,3,tw70378594,,3,,,,,
round_pairing,Round 4,3,73,118,tw13090534,,6,tw82263693,,6,,,,,
round_pairing,Round 4,3,445,119,tw13120137,,0,tw59548820,,0,,,,,
round_pairing,Round 4,3,51,120,tw13174665,,9,tw99926791,,9,,,,,
round_pairing,Round 4,3,403,121,tw13224458,,3,tw93660736,,3,,,,,
round_pairing,Round 4,3,53,122,tw13229345,,9,tw18276049,,9,,,,,
round_pairing,Round 4,3,174,123,tw13298067,,6,tw11292760,,6,,,,,
round_pairing,Round 4,3,351,124,tw13312253,,3,tw49045992,,3,,,,,
round_pairing,Round 4,3,438,125,tw13434296,,0,tw92027316,,0,,,,,
round_pairing,Round 4,3,220,126,tw13454619,,6,tw41731352,,6,,,,,
round_pairing,Round 4,3,159,127,tw13462937,,6,tw75596823,,6,,,,,
round_pairing,Round 4,3,101,128,tw13569448,,6,tw41104694,,6,,,,,
round_pairing,Round 4,3,221,129,tw13624938,,6,tw72174151,,6,,,,,
round_pairing,Round 4,3,68,130,tw13638158,,6,tw18641143,,6,,,,,
round_pairing,Round 4,3,97,131,tw13779097,,6,tw42455002,,6,,,,,
round_pairing,Round 4,3,295,132,tw13786805,,3,tw77877383,,3,,,,,
round_pairing,Round 4,3,300,133,tw13830995,,3,tw89643656,,3,,,,,
round_pairing,Round 4,3,466,134,tw13965222,,0,tw79250738,,0,,,,,
round_pairing,Round 4,3,158,135,tw14005529,,6,tw18844404,,6,,,,,
round_pairing,Round 4,3,171,136,tw14152067,,6,tw07329342,,6,,,,,
round_pairing,Round 4,3,270,137,tw14181070,,3,tw09490592,,3,,,,,
round_pairing,Round 4,3,128,138,tw14489518,,6,tw74033297,,6,,,,,
round_pairing,Round 4,3,236,139,tw14618138,,6,tw20707479,,6,,,,,
round_pairing,Round 4,3,308,141,tw14710630,,3,tw49826410,,3,,,,,
round_pairing,Round 4,3,406,142,tw14788730,,3,tw75964030,,3,,,,,
round_pairing,Round 4,3,430,143,tw14910247,,0,tw52301948,,0,,,,,
round_pairing,Round 4,3,332,144,tw15023289,,3,tw46795660,,3,,,,,
round_pairing,Round 4,3,32,145,tw15026318,,9,tw62958507,,9,,,,,
round_pairing,Round 4,3,160,146,tw15028008,,6,tw75091640,,6,,,,,
round_pairing,Round 4,3,245,147,tw15173588,,6,tw60920600,,3,,,,,
round_pairing,Round 4,3,230,148,tw15392207,,6,tw44468313,,6,,,,,
round_pairing,Round 4,3,268,149,tw15435377,,3,tw46321576,,3,,,,,
round_pairing,Round 4,3,312,150,tw15475553,,3,tw53974581,,3,,,,,
round_pairing,Round 4,3,253,151,tw15533641,,3,tw83161210,,3,,,,,
round_pairing,Round 4,3,305,152,tw15712728,,3,tw41283932,,3,,,,,
round_pairing,Round 4,3,232,155,tw16132632,,6,tw54430001,,6,,,,,
round_pairing,Round 4,3,203,156,tw16152234,,6,tw11739209,,6,,,,,
round_pairing,Round 4,3,211,157,tw16276326,,6,tw73034465,,6,,,,,
round_pairing,Round 4,3,141,158,tw16526802,,6,tw76039193,,6,,,,,
round_pairing,Round 4,3,378,159,tw16569141,,3,tw83160193,,3,,,,,
round_pairing,Round 4,3,95,160,tw16621728,,6,tw41523616,,6,,,,,
round_pairing,Round 4,3,37,161,tw16728082,,9,tw36712780,,9,,,,,
round_pairing,Round 4,3,325,162,tw16903663,,3,tw62599498,,3,,,,,
round_pairing,Round 4,3,94,163,tw16965198,,6,tw05197795,,6,,,,,
round_pairing,Round 4,4,414,164,tw17003070,,3,tw05980017,,3,,,,,
round_pairing,Round 4,4,61,165,tw17095405,,9,tw85147749,,9,,,,,
round_pairing,Round 4,4,267,166,tw17108307,,3,tw43487757,,3,,,,,
round_pairing,Round 4,4,212,167,tw17203659,,6,tw02856732,,6,,,,,
round_pairing,Round 4,4,432,169,tw17453360,,0,tw17488993,,0,,,,,
round_pairing,Round 4,4,432,170,tw17488993,,0,tw17453360,,0,,,,,
round_pairing,Round 4,4,453,171,tw17543456,,0,tw06147611,,0,,,,,
round_pairing,Round 4,4,113,172,tw17745432,,6,tw58781969,,6,,,,,
round_pairing,Round 4,4,398,173,tw17748447,,3,tw06441088,,3,,,,,
round_pairing,Round 4,4,190,174,tw17830710,,6,tw43700622,,6,,,,,
round_pairing,Round 4,4,299,175,tw18243923,,3,tw99256533,,3,,,,,
round_pairing,Round 4,4,53,176,tw18276049,,9,tw13229345,,9,,,,,
round_pairing,Round 4,4,1,177,tw18412271,,9,tw67604361,,9,,,,,
round_pairing,Round 4,4,343,178,tw18429175,,3,tw63898784,,3,,,,,
round_pairing,Round 4,4,269,179,tw18468179,,3,tw36904012,,3,,,,,
round_pairing,Round 4,4,155,180,tw18638755,,6,tw47612491,,6,,,,,
round_pairing,Round 4,4,68,181,tw18641143,,6,tw13638158,,6,,,,,
round_pairing,Round 4,4,396,182,tw18676231,,3,tw36167036,,3,,,,,
round_pairing,Round 4,4,158,183,tw18844404,,6,tw14005529,,6,,,,,
round_pairing,Round 4,4,187,184,tw18850000,,6,tw02105248,,6,,,,,
round_pairing,Round 4,4,11,185,tw18906406,,9,tw00831574,,9,,,,,
round_pairing,Round 4,4,362,186,tw19234685,,3,tw79280986,,3,,,,,
round_pairing,Round 4,4,284,187,tw19291467,,3,tw88407488,,3,,,,,
round_pairing,Round 4,4,272,188,tw19377792,,3,tw11015212,,3,,,,,
round_pairing,Round 4,4,289,189,tw19393681,,3,tw24928885,,3,,,,,
round_pairing,Round 4,4,172,190,tw19640601,,6,tw42563834,,6,,,,,
round_pairing,Round 4,4,43,193,tw20368538,,9,tw50858481,,9,,,,,
round_pairing,Round 4,4,337,194,tw20375005,,3,tw36074458,,3,,,,,
round_pairing,Round 4,4,236,195,tw20707479,,6,tw14618138,,6,,,,,
round_pairing,Round 4,4,205,196,tw20730540,,6,tw33005835,,6,,,,,
round_pairing,Round 4,4,239,197,tw20835300,,6,tw00026251,,6,,,,,
round_pairing,Round 4,4,197,200,tw21820105,,6,tw47077924,,6,,,,,
round_pairing,Round 4,4,352,201,tw21922568,,3,tw33881781,,3,,,,,
round_pairing,Round 4,4,465,202,tw22007891,,0,tw78930739,,0,,,,,
round_pairing,Round 4,4,348,203,tw22183935,,3,tw50820470,,3,,,,,
round_pairing,Round 4,4,334,204,tw22214921,,3,tw93955100,,3,,,,,
round_pairing,Round 4,4,8,205,tw22261784,,9,tw28193746,,9,,,,,
round_pairing,Round 4,4,319,206,tw22301558,,3,tw75774280,,3,,,,,
round_pairing,Round 4,4,330,207,tw22529091,,3,tw45486731,,3,,,,,
round_pairing,Round 4,4,223,208,tw22611326,,6,tw63343435,,6,,,,,
round_pairing,Round 4,4,88,209,tw22699669,,6,tw13487252,,6,,,,,
round_pairing,Round 4,4,6,210,tw22807189,,9,tw67036456,,9,,,,,
round_pairing,Round 4,4,176,211,tw22969264,,6,tw80392170,,6,,,,,
round_pairing,Round 4,4,129,212,tw22979539,,6,tw06996284,,6,,,,,
round_pairing,Round 4,4,148,213,tw23209128,,6,tw72333956,,6,,,,,
round_pairing,Round 4,4,326,214,tw23226571,,3,tw32240000,,3,,,,,
round_pairing,Round 4,4,65,215,tw23249034,,6,tw05914722,,6,,,,,
round_pairing,Round 4,4,85,217,tw23649439,,6,tw99086788,,6,,,,,
round_pairing,Round 4,4,353,218,tw23712439,,3,tw48526697,,3,,,,,
round_pairing,Round 4,4,255,219,tw23730146,,3,tw38153478,,3,,,,,
round_pairing,Round 4,5,75,220,tw23764220,,6,tw64845965,,6,,,,,
round_pairing,Round 4,5,440,221,tw24144676,,0,tw46945068,,0,,,,,
round_pairing,Round 4,5,456,222,tw24207778,,0,tw28495767,,0,,,,,
round_pairing,Round 4,5,27,223,tw24266071,,9,tw10467123,,9,,,,,
round_pairing,Round 4,5,451,225,tw24423291,,0,tw90897983,,0,,,,,
round_pairing,Round 4,5,294,226,tw24459657,,3,tw37855988,,3,,,,,
round_pairing,Round 4,5,195,227,tw24570904,,6,tw32921509,,6,,,,,
round_pairing,Round 4,5,249,228,tw24708906,,3,tw17401165,,3,,,,,
round_pairing,Round 4,5,404,229,tw24742864,,3,tw04959593,,3,,,,,
round_pairing,Round 4,5,5,230,tw24854365,,9,tw07020662,,9,,,,,
round_pairing,Round 4,5,289,231,tw24928885,,3,tw19393681,,3,,,,,
round_pairing,Round 4,5,202,232,tw25000553,,6,tw55359182,,6,,,,,
round_pairing,Round 4,5,437,234,tw25188472,,0,tw69576075,,0,,,,,
round_pairing,Round 4,5,460,235,tw25201840,,0,tw99714386,,0,,,,,
round_pairing,Round 4,5,227,236,tw25336636,,6,tw40123518,,6,,,,,
round_pairing,Round 4,5,134,237,tw25411458,,6,tw98129328,,6,,,,,
round_pairing,Round 4,5,156,238,tw25488947,,6,tw29518941,,6,,,,,
round_pairing,Round 4,5,154,239,tw25559677,,6,tw90556916,,6,,,,,
round_pairing,Round 4,5,422,240,tw25571112,,3,tw09914156,,3,,,,,
round_pairing,Round 4,5,252,241,tw25634182,,3,tw52806758,,3,,,,,
round_pairing,Round 4,5,301,242,tw25684532,,3,tw56468849,,3,,,,,
round_pairing,Round 4,5,381,243,tw25974925,,3,tw60567990,,3,,,,,
round_pairing,Round 4,5,28,244,tw26020639,,9,tw56336073,,9,,,,,
round_pairing,Round 4,5,296,246,tw26528058,,3,tw90671632,,3,,,,,
round_pairing,Round 4,5,286,247,tw26529339,,3,tw03226408,,3,,,,,
round_pairing,Round 4,5,59,248,tw26670105,,9,tw36759052,,9,,,,,
round_pairing,Round 4,5,297,249,tw26839664,,3,tw97807535,,3,,,,,
round_pairing,Round 4,5,170,250,tw26953449,,6,tw44207012,,6,,,,,
round_pairing,Round 4,5,177,251,tw27017315,,6,tw09225948,,6,,,,,
round_pairing,Round 4,5,119,252,tw27308734,,6,tw93433450,,6,,,,,
round_pairing,Round 4,5,44,253,tw27347873,,9,tw10700633,,9,,,,,
round_pairing,Round 4,5,45,254,tw27395288,,9,tw93858918,,9,,,,,
round_pairing,Round 4,5,402,255,tw27419844,,3,tw46716936,,3,,,,,
round_pairing,Round 4,5,413,256,tw27495272,,3,tw97995384,,3,,,,,
round_pairing,Round 4,5,22,257,tw27568465,,9,tw63508480,,9,,,,,
round_pairing,Round 4,5,20,260,tw27736985,,9,tw04156058,,9,,,,,
round_pairing,Round 4,5,217,261,tw27802821,,6,tw32141014,,6,,,,,
round_pairing,Round 4,5,93,262,tw27817384,,6,tw48793078,,6,,,,,
round_pairing,Round 4,5,315,263,tw27943796,,3,tw96909333,,3,,,,,
round_pairing,Round 4,5,12,266,tw28179733,,9,tw95954871,,9,,,,,
round_pairing,Round 4,5,8,267,tw28193746,,9,tw22261784,,9,,,,,
round_pairing,Round 4,5,178,268,tw28285341,,6,tw68954029,,6,,,,,
round_pairing,Round 4,5,456,269,tw28495767,,0,tw24207778,,0,,,,,
round_pairing,Round 4,5,67,270,tw28510545,,6,tw97931731,,6,,,,,
round_pairing,Round 4,5,327,271,tw28672728,,3,tw94370408,,3,,,,,
round_pairing,Round 4,5,265,272,tw28728192,,3,tw47949585,,3,,,,,
round_pairing,Round 4,5,40,273,tw28750216,,9,tw79834153,,9,,,,,
round_pairing,Round 4,5,469,274,tw28988843,,0,tw11498239,,0,,,,,
round_pairing,Round 4,5,144,275,tw29121960,,6,tw91997638,,6,,,,,
round_pairing,Round 4,5,181,276,tw29372557,,6,tw93405316,,6,,,,,
round_pairing,Round 4,6,376,277,tw29377361,,3,tw93754264,,3,,,,,
round_pairing,Round 4,6,115,278,tw29404493,,6,tw68046375,,6,,,,,
round_pairing,Round 4,6,156,279,tw29518941,,6,tw25488947,,6,,,,,
round_pairing,Round 4,6,219,280,tw29536370,,6,tw55765174,,6,,,,,
round_pairing,Round 4,6,231,281,tw29731640,,6,tw69848864,,6,,,,,
round_pairing,Round 4,6,137,282,tw29821490,,6,tw70028105,,6,,,,,
round_pairing,Round 4,6,110,283,tw30236831,,6,tw39192538,,6,,,,,
round_pairing,Round 4,6,457,284,tw30379002,,0,tw10304280,,0,,,,,
round_pairing,Round 4,6,418,285,tw30419396,,3,tw82289672,,3,,,,,
round_pairing,Round 4,6,151,287,tw30898169,,6,tw88506619,,6,,,,,
round_pairing,Round 4,6,441,288,tw30959627,,0,tw79685646,,0,,,,,
round_pairing,Round 4,6,449,289,tw30976792,,0,tw21420926,,0,,,,,
round_pairing,Round 4,6,436,290,tw30998847,,0,tw95746707,,0,,,,,
round_pairing,Round 4,6,123,291,tw31279242,,6,tw94518932,,6,,,,,
round_pairing,Round 4,6,9,292,tw31422118,,9,tw92224806,,9,,,,,
round_pairing,Round 4,6,209,294,tw31941216,,6,tw76309421,,6,,,,,
round_pairing,Round 4,6,462,295,tw31949622,,0,tw53090983,,0,,,,,
round_pairing,Round 4,6,217,296,tw32141014,,6,tw27802821,,6,,,,,
round_pairing,Round 4,6,237,297,tw32167594,,6,tw40135779,,6,,,,,
round_pairing,Round 4,6,258,298,tw32214798,,3,tw93786634,,3,,,,,
round_pairing,Round 4,6,326,299,tw32240000,,3,tw23226571,,3,,,,,
round_pairing,Round 4,6,280,300,tw32364107,,3,tw66497121,,3,,,,,
round_pairing,Round 4,6,340,301,tw32647589,,3,tw33985444,,3,,,,,
round_pairing,Round 4,6,99,302,tw32722359,,6,tw97275186,,6,,,,,
round_pairing,Round 4,6,41,303,tw32893143,,9,tw27758570,,9,,,,,
round_pairing,Round 4,6,273,304,tw32907703,,3,tw00114747,,3,,,,,
round_pairing,Round 4,6,195,305,tw32921509,,6,tw24570904,,6,,,,,
round_pairing,Round 4,6,204,307,tw33002183,,6,tw37158463,,6,,,,,
round_pairing,Round 4,6,205,308,tw33005835,,6,tw20730540,,6,,,,,
round_pairing,Round 4,6,431,309,tw33097520,,0,tw47285094,,0,,,,,
round_pairing,Round 4,6,222,310,tw33274690,,6,tw71730704,,6,,,,,
round_pairing,Round 4,6,87,311,tw33544977,,6,tw89449964,,6,,,,,
round_pairing,Round 4,6,163,312,tw33742727,,6,tw95656910,,6,,,,,
round_pairing,Round 4,6,79,313,tw33785925,,6,tw87316906,,6,,,,,
round_pairing,Round 4,6,307,314,tw33811608,,3,tw22480109,,3,,,,,
round_pairing,Round 4,6,446,315,tw33820039,,0,tw87901293,,0,,,,,
round_pairing,Round 4,6,283,316,tw33852575,,3,tw87844149,,3,,,,,
round_pairing,Round 4,6,352,317,tw33881781,,3,tw21922568,,3,,,,,
round_pairing,Round 4,6,282,318,tw33884578,,3,tw62459529,,3,,,,,
round_pairing,Round 4,6,340,319,tw33985444,,3,tw32647589,,3,,,,,
round_pairing,Round 4,6,262,320,tw34396906,,3,tw81599190,,3,,,,,
round_pairing,Round 4,6,145,322,tw34953027,,6,tw05246772,,6,,,,,
round_pairing,Round 4,6,298,323,tw35187586,,3,tw98211582,,3,,,,,
round_pairing,Round 4,6,447,324,tw35246471,,0,tw79221888,,0,,,,,
round_pairing,Round 4,6,439,325,tw35360901,,0,tw49441410,,0,,,,,
round_pairing,Round 4,6,214,326,tw35416653,,6,tw75204861,,6,,,,,
round_pairing,Round 4,6,463,327,tw35684617,,0,tw87745948,,0,,,,,
round_pairing,Round 4,6,287,328,tw35693064,,3,tw66740844,,3,,,,,
round_pairing,Round 4,6,111,329,tw35707148,,6,tw58188995,,6,,,,,
round_pairing,Round 4,6,210,330,tw35735135,,6,tw90996252,,6,,,,,
round_pairing,Round 4,7,25,331,tw35839691,,9,tw79802506,,9,,,,,
round_pairing,Round 4,7,320,332,tw35995465,,3,tw41073870,,3,,,,,
round_pairing,Round 4,7,337,333,tw36074458,,3,tw20375005,,3,,,,,
round_pairing,Round 4,7,182,334,tw36138720,,6,tw46362217,,6,,,,,
round_pairing,Round 4,7,19,335,tw36648556,,9,tw66588143,,9,,,,,
round_pairing,Round 4,7,7,336,tw36747145,,9,tw91823318,,9,,,,,
round_pairing,Round 4,7,59,337,tw36759052,,9,tw26670105,,9,,,,,
round_pairing,Round 4,7,193,338,tw36782228,,6,tw76132946,,6,,,,,
round_pairing,Round 4,7,139,339,tw36810632,,6,tw82566333,,6,,,,,
round_pairing,Round 4,7,269,340,tw36904012,,3,tw18468179,,3,,,,,
round_pairing,Round 4,7,204,341,tw37158463,,6,tw33002183,,6,,,,,
round_pairing,Round 4,7,309,342,tw37453841,,3,tw06072288,,3,,,,,
round_pairing,Round 4,7,372,343,tw37823321,,3,tw50414993,,3,,,,,
round_pairing,Round 4,7,294,344,tw37855988,,3,tw24459657,,3,,,,,
round_pairing,Round 4,7,100,346,tw37918429,,6,tw26089798,,6,,,,,
round_pairing,Round 4,7,428,347,tw37950627,,0,tw97253900,,0,,,,,
round_pairing,Round 4,7,71,348,tw38080173,,6,tw85563070,,6,,,,,
round_pairing,Round 4,7,183,349,tw38086655,,6,tw17356132,,6,,,,,
round_pairing,Round 4,7,255,350,tw38153478,,3,tw23730146,,3,,,,,
round_pairing,Round 4,7,293,351,tw38236579,,3,tw92891852,,3,,,,,
round_pairing,Round 4,7,429,354,tw38743212,,0,tw42723639,,0,,,,,
round_pairing,Round 4,7,110,356,tw39192538,,6,tw30236831,,6,,,,,
round_pairing,Round 4,7,363,357,tw39290085,,3,tw09503218,,3,,,,,
round_pairing,Round 4,7,47,358,tw39492637,,9,tw11642031,,9,,,,,
round_pairing,Round 4,7,382,359,tw39697449,,3,tw01014532,,3,,,,,
round_pairing,Round 4,7,180,360,tw39941788,,6,tw52974697,,6,,,,,
round_pairing,Round 4,7,227,361,tw40123518,,6,tw25336636,,6,,,,,
round_pairing,Round 4,7,237,362,tw40135779,,6,tw32167594,,6,,,,,
round_pairing,Round 4,7,471,363,tw40194303,,0,tw03539566,,0,,,,,
round_pairing,Round 4,7,433,364,tw40377456,,0,tw47551870,,0,,,,,
round_pairing,Round 4,7,360,365,tw40504902,,3,tw62324389,,3,,,,,
round_pairing,Round 4,7,33,366,tw40555668,,9,tw88775820,,9,,,,,
round_pairing,Round 4,7,461,367,tw40682117,,0,tw48555786,,0,,,,,
round_pairing,Round 4,7,132,368,tw40696414,,6,tw09772052,,6,,,,,
round_pairing,Round 4,7,368,369,tw40722297,,3,tw04119157,,3,,,,,
round_pairing,Round 4,7,248,370,tw40786209,,3,tw45324854,,3,,,,,
round_pairing,Round 4,7,320,372,tw41073870,,3,tw35995465,,3,,,,,
round_pairing,Round 4,7,101,373,tw41104694,,6,tw13569448,,6,,,,,
round_pairing,Round 4,7,56,374,tw41238636,,9,tw99958274,,9,,,,,
round_pairing,Round 4,7,305,375,tw41283932,,3,tw15712728,,3,,,,,
round_pairing,Round 4,7,36,376,tw41286139,,9,tw65483922,,9,,,,,
round_pairing,Round 4,7,114,377,tw41398048,,6,tw78539182,,6,,,,,
round_pairing,Round 4,7,63,378,tw41429367,,6,tw80267696,,6,,,,,
round_pairing,Round 4,7,473,379,tw41479406,,0,tw46643692,,0,,,,,
round_pairing,Round 4,7,95,380,tw41523616,,6,tw16621728,,6,,,,,
round_pairing,Round 4,7,34,381,tw41609662,,9,tw73831583,,9,,,,,
round_pairing,Round 4,7,76,382,tw41670381,,6,tw04552155,,6,,,,,
round_pairing,Round 4,7,220,383,tw41731352,,6,tw13454619,,6,,,,,
round_pairing,Round 4,7,4,384,tw41805810,,9,tw77699656,,9,,,,,
round_pairing,Round 4,7,118,385,tw41822925,,6,tw44917576,,6,,,,,
round_pairing,Round 4,8,64,386,tw42186430,,6,tw82109498,,6,,,,,
round_pairing,Round 4,8,57,387,tw42246097,,9,tw70891974,,9,,,,,
round_pairing,Round 4,8,49,388,tw42309306,,9,tw10410998,,9,,,,,
round_pairing,Round 4,8,97,389,tw42455002,,6,tw13779097,,6,,,,,
round_pairing,Round 4,8,474,390,tw42505350,,0,tw42920911,,0,,,,,
round_pairing,Round 4,8,54,391,tw42527004,,9,tw45178021,,9,,,,,
round_pairing,Round 4,8,172,392,tw42563834,,6,tw19640601,,6,,,,,
round_pairing,Round 4,8,179,393,tw42619935,,6,tw51147332,,6,,,,,
round_pairing,Round 4,8,429,394,tw42723639,,0,tw38743212,,0,,,,,
round_pairing,Round 4,8,474,395,tw42920911,,0,tw42505350,,0,,,,,
round_pairing,Round 4,8,234,396,tw42938387,,6,tw06225308,,6,,,,,
round_pairing,Round 4,8,290,397,tw42979297,,3,tw48408173,,3,,,,,
round_pairing,Round 4,8,161,398,tw43007249,,6,tw59648008,,6,,,,,
round_pairing,Round 4,8,16,399,tw43268758,,9,tw84462905,,9,,,,,
round_pairing,Round 4,8,285,400,tw43322316,,3,tw81268957,,3,,,,,
round_pairing,Round 4,8,196,401,tw43331901,,6,tw67199394,,6,,,,,
round_pairing,Round 4,8,153,402,tw43380150,,6,tw78681290,,6,,,,,
round_pairing,Round 4,8,267,403,tw43487757,,3,tw17108307,,3,,,,,
round_pairing,Round 4,8,14,404,tw43492313,,9,tw74568091,,9,,,,,
round_pairing,Round 4,8,394,405,tw43633449,,3,tw07182365,,3,,,,,
round_pairing,Round 4,8,412,406,tw43692869,,3,tw62067344,,3,,,,,
round_pairing,Round 4,8,190,407,tw43700622,,6,tw17830710,,6,,,,,
round_pairing,Round 4,8,168,408,tw44047226,,6,tw52578543,,6,,,,,
round_pairing,Round 4,8,108,411,tw44127879,,6,tw70897596,,6,,,,,
round_pairing,Round 4,8,366,412,tw44206611,,3,tw75352342,,3,,,,,
round_pairing,Round 4,8,170,413,tw44207012,,6,tw26953449,,6,,,,,
round_pairing,Round 4,8,117,414,tw44233591,,6,tw62020476,,6,,,,,
round_pairing,Round 4,8,476,415,tw44342704,,0,tw08740331,,0,,,,,
round_pairing,Round 4,8,80,416,tw44344603,,6,tw03168456,,6,,,,,
round_pairing,Round 4,8,152,417,tw44380087,,6,tw64203769,,6,,,,,
round_pairing,Round 4,8,230,418,tw44468313,,6,tw15392207,,6,,,,,
round_pairing,Round 4,8,355,419,tw44475314,,3,tw92250919,,3,,,,,
round_pairing,Round 4,8,450,420,tw44649735,,0,tw31401549,,0,,,,,
round_pairing,Round 4,8,92,421,tw44821842,,6,tw93020902,,6,,,,,
round_pairing,Round 4,8,18,423,tw44874553,,9,tw78403870,,9,,,,,
round_pairing,Round 4,8,54,424,tw45178021,,9,tw42527004,,9,,,,,
round_pairing,Round 4,8,408,425,tw45233917,,3,tw72630270,,3,,,,,
round_pairing,Round 4,8,248,426,tw45324854,,3,tw40786209,,3,,,,,
round_pairing,Round 4,8,324,427,tw45371614,,3,tw99888650,,3,,,,,
round_pairing,Round 4,8,70,428,tw45403885,,6,tw69069593,,6,,,,,
round_pairing,Round 4,8,276,429,tw45404381,,3,tw69628359,,3,,,,,
round_pairing,Round 4,8,357,430,tw45458321,,3,tw87510571,,3,,,,,
round_pairing,Round 4,8,330,431,tw45486731,,3,tw22529091,,3,,,,,
round_pairing,Round 4,8,384,432,tw45615575,,3,tw72753058,,3,,,,,
round_pairing,Round 4,8,400,433,tw45684530,,3,tw69602779,,3,,,,,
round_pairing,Round 4,8,342,434,tw45696531,,3,tw48890271,,3,,,,,
round_pairing,Round 4,8,235,435,tw45713741,,6,tw73975912,,6,,,,,
round_pairing,Round 4,8,310,436,tw45806310,,3,tw53806573,,3,,,,,
round_pairing,Round 4,8,318,437,tw46002856,,3,tw40188987,,3,,,,,
round_pairing,Round 4,8,328,438,tw46020620,,3,tw02991787,,3,,,,,
round_pairing,Round 4,9,127,439,tw46030050,,6,tw79992941,,6,,,,,
round_pairing,Round 4,9,268,440,tw46321576,,3,tw15435377,,3,,,,,
round_pairing,Round 4,9,182,441,tw46362217,,6,tw36138720,,6,,,,,
round_pairing,Round 4,9,242,442,tw46377157,,6,tw73048413,,6,,,,,
round_pairing,Round 4,9,78,443,tw46423373,,6,tw01150243,,6,,,,,
round_pairing,Round 4,9,473,444,tw46643692,,0,tw41479406,,0,,,,,
round_pairing,Round 4,9,48,445,tw46646319,,9,tw94173678,,9,,,,,
round_pairing,Round 4,9,448,446,tw46705939,,0,tw86328278,,0,,,,,
round_pairing,Round 4,9,402,447,tw46716936,,3,tw27419844,,3,,,,,
round_pairing,Round 4,9,29,448,tw46738666,,9,tw12573104,,9,,,,,
round_pairing,Round 4,9,332,449,tw46795660,,3,tw15023289,,3,,,,,
round_pairing,Round 4,9,149,450,tw46798799,,6,tw87270242,,6,,,,,
round_pairing,Round 4,9,440,451,tw46945068,,0,tw24144676,,0,,,,,
round_pairing,Round 4,9,475,452,tw46969620,,0,tw96093664,,0,,,,,
round_pairing,Round 4,9,197,453,tw47077924,,6,tw21820105,,6,,,,,
round_pairing,Round 4,9,431,454,tw47285094,,0,tw33097520,,0,,,,,
round_pairing,Round 4,9,229,455,tw47341841,,6,tw62315993,,6,,,,,
round_pairing,Round 4,9,52,456,tw47415187,,9,tw06393443,,9,,,,,
round_pairing,Round 4,9,433,457,tw47551870,,0,tw40377456,,0,,,,,
round_pairing,Round 4,9,155,458,tw47612491,,6,tw18638755,,6,,,,,
round_pairing,Round 4,9,24,459,tw47904340,,9,tw67295326,,9,,,,,
round_pairing,Round 4,9,265,460,tw47949585,,3,tw28728192,,3,,,,,
round_pairing,Round 4,9,314,461,tw48178410,,3,tw66555509,,3,,,,,
round_pairing,Round 4,9,472,462,tw48294785,,0,tw97135519,,0,,,,,
round_pairing,Round 4,9,304,463,tw48357143,,3,tw72318939,,3,,,,,
round_pairing,Round 4,9,290,464,tw48408173,,3,tw42979297,,3,,,,,
round_pairing,Round 4,9,461,466,tw48555786,,0,tw40682117,,0,,,,,
round_pairing,Round 4,9,335,467,tw48596346,,3,tw81389651,,3,,,,,
round_pairing,Round 4,9,259,468,tw48706845,,3,tw95198982,,3,,,,,
round_pairing,Round 4,9,112,469,tw48715949,,6,tw76258268,,6,,,,,
round_pairing,Round 4,9,93,471,tw48793078,,6,tw27817384,,6,,,,,
round_pairing,Round 4,9,260,472,tw48889969,,3,tw74682364,,3,,,,,
round_pairing,Round 4,9,342,473,tw48890271,,3,tw45696531,,3,,,,,
round_pairing,Round 4,9,247,474,tw48927744,,3,tw01233994,,3,,,,,
round_pairing,Round 4,9,385,475,tw48962901,,3,tw90337288,,3,,,,,
round_pairing,Round 4,9,351,476,tw49045992,,3,tw13312253,,3,,,,,
round_pairing,Round 4,9,146,477,tw49113528,,6,tw85254693,,6,,,,,
round_pairing,Round 4,9,31,478,tw49159270,,9,tw72887037,,9,,,,,
round_pairing,Round 4,9,379,479,tw49327411,,3,tw58835877,,3,,,,,
round_pairing,Round 4,9,162,480,tw49388371,,6,tw81060661,,6,,,,,
round_pairing,Round 4,9,439,481,tw49441410,,0,tw35360901,,0,,,,,
round_pairing,Round 4,9,467,482,tw49698910,,0,tw95818310,,0,,,,,
round_pairing,Round 4,9,339,483,tw49759795,,3,tw47230122,,3,,,,,
round_pairing,Round 4,9,341,484,tw49877892,,3,tw69925275,,3,,,,,
round_pairing,Round 4,9,399,485,tw50239297,,3,tw09152496,,3,,,,,
round_pairing,Round 4,9,387,486,tw50255396,,3,tw93829445,,3,,,,,
round_pairing,Round 4,9,243,487,tw50328610,,6,tw79188375,,6,,,,,
round_pairing,Round 4,9,372,488,tw50414993,,3,tw37823321,,3,,,,,
round_pairing,Round 4,9,35,490,tw50567676,,9,tw99140905,,9,,,,,
round_pairing,Round 4,9,323,491,tw50702110,,3,tw84406921,,3,,,,,
round_pairing,Round 4,10,206,492,tw50795757,,6,tw00787146,,6,,,,,
round_pairing,Round 4,10,348,493,tw50820470,,3,tw22183935,,3,,,,,
round_pairing,Round 4,10,43,495,tw50858481,,9,tw20368538,,9,,,,,
round_pairing,Round 4,10,179,496,tw51147332,,6,tw42619935,,6,,,,,
round_pairing,Round 4,10,105,497,tw51149657,,6,tw66992460,,6,,,,,
round_pairing,Round 4,10,302,500,tw51489284,,3,tw39185310,,3,,,,,
round_pairing,Round 4,10,136,501,tw51610329,,6,tw00572856,,6,,,,,
round_pairing,Round 4,10,288,502,tw51756189,,3,tw70290277,,3,,,,,
round_pairing,Round 4,10,417,503,tw51891548,,3,tw67984683,,3,,,,,
round_pairing,Round 4,10,271,504,tw52127289,,3,tw71559250,,3,,,,,
round_pairing,Round 4,10,261,505,tw52149734,,3,tw62197981,,3,,,,,
round_pairing,Round 4,10,430,506,tw52301948,,0,tw14910247,,0,,,,,
round_pairing,Round 4,10,274,507,tw52488439,,3,tw73455744,,3,,,,,
round_pairing,Round 4,10,81,509,tw52493073,,6,tw67716132,,6,,,,,
round_pairing,Round 4,10,168,510,tw52578543,,6,tw44047226,,6,,,,,
round_pairing,Round 4,10,200,511,tw52663760,,6,tw04461037,,6,,,,,
round_pairing,Round 4,10,410,512,tw52704576,,3,tw82878504,,3,,,,,
round_pairing,Round 4,10,38,513,tw52752742,,9,tw05270520,,9,,,,,
round_pairing,Round 4,10,252,514,tw52806758,,3,tw25634182,,3,,,,,
round_pairing,Round 4,10,375,515,tw53367475,,3,tw36869316,,3,,,,,
round_pairing,Round 4,10,386,516,tw53446977,,3,tw93999361,,3,,,,,
round_pairing,Round 4,10,122,517,tw53540804,,6,tw68135684,,6,,,,,
round_pairing,Round 4,10,103,518,tw53723254,,6,tw04797990,,6,,,,,
round_pairing,Round 4,10,164,519,tw53782031,,6,tw99346363,,6,,,,,
round_pairing,Round 4,10,310,520,tw53806573,,3,tw45806310,,3,,,,,
round_pairing,Round 4,10,419,522,tw54347311,,3,tw60794190,,3,,,,,
round_pairing,Round 4,10,232,523,tw54430001,,6,tw16132632,,6,,,,,
round_pairing,Round 4,10,72,524,tw54739989,,6,tw90564971,,6,,,,,
round_pairing,Round 4,10,194,526,tw54988993,,6,tw97138451,,6,,,,,
round_pairing,Round 4,10,198,527,tw55000893,,6,tw69685808,,6,,,,,
round_pairing,Round 4,10,244,528,tw55098015,,6,tw83905127,,6,,,,,
round_pairing,Round 4,10,42,529,tw55210501,,9,tw97885633,,9,,,,,
round_pairing,Round 4,10,138,530,tw55332465,,6,tw56605426,,6,,,,,
round_pairing,Round 4,10,202,531,tw55359182,,6,tw25000553,,6,,,,,
round_pairing,Round 4,10,407,532,tw55570972,,3,tw02211815,,3,,,,,
round_pairing,Round 4,10,219,533,tw55765174,,6,tw29536370,,6,,,,,
round_pairing,Round 4,10,409,534,tw56012620,,3,tw00918141,,3,,,,,
round_pairing,Round 4,10,133,535,tw56240698,,6,tw29437004,,6,,,,,
round_pairing,Round 4,10,28,536,tw56336073,,9,tw26020639,,9,,,,,
round_pairing,Round 4,10,263,537,tw56387935,,3,tw02559687,,3,,,,,
round_pairing,Round 4,10,331,538,tw56416986,,3,tw18458528,,3,,,,,
round_pairing,Round 4,10,301,539,tw56468849,,3,tw25684532,,3,,,,,
round_pairing,Round 4,10,124,540,tw56550093,,6,tw76925363,,6,,,,,
round_pairing,Round 4,10,138,541,tw56605426,,6,tw55332465,,6,,,,,
round_pairing,Round 4,10,46,542,tw57017359,,9,tw89644458,,9,,,,,
round_pairing,Round 4,10,454,543,tw57062134,,0,tw71035218,,0,,,,,
round_pairing,Round 4,10,371,545,tw57531941,,3,tw76529055,,3,,,,,
round_pairing,Round 4,10,109,546,tw57612114,,6,tw65235703,,6,,,,,
round_pairing,Round 4,10,233,547,tw57615176,,6,tw98985840,,6,,,,,
round_pairing,Round 4,10,468,548,tw57767899,,0,tw84048586,,0,,,,,
round_pairing,Round 4,11,395,549,tw58028303,,3,tw73917548,,3,,,,,
round_pairing,Round 4,11,111,550,tw58188995,,6,tw35707148,,6,,,,,
round_pairing,Round 4,11,388,551,tw58450010,,3,tw66961355,,3,,,,,
round_pairing,Round 4,11,113,555,tw58781969,,6,tw17745432,,6,,,,,
round_pairing,Round 4,11,226,556,tw58817602,,6,tw11499785,,6,,,,,
round_pairing,Round 4,11,379,557,tw58835877,,3,tw49327411,,3,,,,,
round_pairing,Round 4,11,192,558,tw59137487,,6,tw12363623,,6,,,,,
round_pairing,Round 4,11,401,560,tw59462193,,3,tw85060196,,3,,,,,
round_pairing,Round 4,11,317,561,tw59471628,,3,tw09194772,,3,,,,,
round_pairing,Round 4,11,445,562,tw59548820,,0,tw13120137,,0,,,,,
round_pairing,Round 4,11,106,563,tw59616959,,6,tw67940713,,6,,,,,
round_pairing,Round 4,11,207,564,tw59842400,,6,tw99853156,,6,,,,,
round_pairing,Round 4,11,98,565,tw59882595,,6,tw97666473,,6,,,,,
round_pairing,Round 4,11,238,567,tw60273793,,6,tw09964738,,6,,,,,
round_pairing,Round 4,11,91,568,tw60311204,,6,tw76059026,,6,,,,,
round_pairing,Round 4,11,150,569,tw60440420,,6,tw67665108,,6,,,,,
round_pairing,Round 4,11,23,570,tw60511158,,9,tw80521031,,9,,,,,
round_pairing,Round 4,11,381,571,tw60567990,,3,tw25974925,,3,,,,,
round_pairing,Round 4,11,419,572,tw60794190,,3,tw54347311,,3,,,,,
round_pairing,Round 4,11,245,573,tw60920600,,3,tw15173588,,6,,,,,
round_pairing,Round 4,11,188,574,tw61277104,,6,tw71550438,,6,,,,,
round_pairing,Round 4,11,10,575,tw61279434,,9,tw08876514,,9,,,,,
round_pairing,Round 4,11,104,577,tw61533794,,6,tw76784634,,6,,,,,
round_pairing,Round 4,11,173,578,tw61583819,,6,tw88521370,,6,,,,,
round_pairing,Round 4,11,102,579,tw61600644,,6,tw89407764,,6,,,,,
round_pairing,Round 4,11,189,581,tw61792938,,6,tw73358187,,6,,,,,
round_pairing,Round 4,11,142,582,tw61880666,,6,tw01024875,,6,,,,,
round_pairing,Round 4,11,291,583,tw61895092,,3,tw89811739,,3,,,,,
round_pairing,Round 4,11,117,585,tw62020476,,6,tw44233591,,6,,,,,
round_pairing,Round 4,11,412,586,tw62067344,,3,tw43692869,,3,,,,,
round_pairing,Round 4,11,261,587,tw62197981,,3,tw52149734,,3,,,,,
round_pairing,Round 4,11,229,588,tw62315993,,6,tw47341841,,6,,,,,
round_pairing,Round 4,11,360,589,tw62324389,,3,tw40504902,,3,,,,,
round_pairing,Round 4,11,434,590,tw62435012,,0,tw66907796,,0,,,,,
round_pairing,Round 4,11,282,591,tw62459529,,3,tw33884578,,3,,,,,
round_pairing,Round 4,11,96,592,tw62525194,,6,tw24261609,,6,,,,,
round_pairing,Round 4,11,397,594,tw62594682,,3,tw64656626,,3,,,,,
round_pairing,Round 4,11,325,595,tw62599498,,3,tw16903663,,3,,,,,
round_pairing,Round 4,11,32,597,tw62958507,,9,tw15026318,,9,,,,,
round_pairing,Round 4,11,130,599,tw63031373,,6,tw84991038,,6,,,,,
round_pairing,Round 4,11,443,600,tw63171506,,0,tw66943412,,0,,,,,
round_pairing,Round 4,11,391,601,tw63238788,,3,tw75820315,,3,,,,,
round_pairing,Round 4,11,223,602,tw63343435,,6,tw22611326,,6,,,,,
round_pairing,Round 4,11,264,603,tw63395911,,3,tw85516442,,3,,,,,
round_pairing,Round 4,11,22,604,tw63508480,,9,tw27568465,,9,,,,,
round_pairing,Round 4,11,390,606,tw63735317,,3,tw86831721,,3,,,,,
round_pairing,Round 4,11,343,607,tw63898784,,3,tw18429175,,3,,,,,
round_pairing,Round 4,11,152,608,tw64203769,,6,tw44380087,,6,,,,,
round_pairing,Round 4,11,397,609,tw64656626,,3,tw62594682,,3,,,,,
round_pairing,Round 4,11,464,611,tw64793736,,0,tw66816512,,0,,,,,
round_pairing,Round 4,12,75,612,tw64845965,,6,tw23764220,,6,,,,,
round_pairing,Round 4,12,392,613,tw65063095,,3,tw01909140,,3,,,,,
round_pairing,Round 4,12,389,615,tw65158876,,3,tw68209544,,3,,,,,
round_pairing,Round 4,12,109,616,tw65235703,,6,tw57612114,,6,,,,,
round_pairing,Round 4,12,36,617,tw65483922,,9,tw41286139,,9,,,,,
round_pairing,Round 4,12,143,618,tw65522783,,6,tw66520026,,6,,,,,
round_pairing,Round 4,12,3,619,tw65741542,,9,tw00387540,,9,,,,,
round_pairing,Round 4,12,329,620,tw65781127,,3,tw95668915,,3,,,,,
round_pairing,Round 4,12,311,621,tw66134077,,3,tw18237771,,3,,,,,
round_pairing,Round 4,12,345,622,tw66459371,,3,tw05399034,,3,,,,,
round_pairing,Round 4,12,143,623,tw66520026,,6,tw65522783,,6,,,,,
round_pairing,Round 4,12,314,624,tw66555509,,3,tw48178410,,3,,,,,
round_pairing,Round 4,12,251,625,tw66575998,,3,tw97546030,,3,,,,,
round_pairing,Round 4,12,19,626,tw66588143,,9,tw36648556,,9,,,,,
round_pairing,Round 4,12,287,627,tw66740844,,3,tw35693064,,3,,,,,
round_pairing,Round 4,12,89,628,tw66806102,,6,tw72313605,,6,,,,,
round_pairing,Round 4,12,464,629,tw66816512,,0,tw64793736,,0,,,,,
round_pairing,Round 4,12,434,630,tw66907796,,0,tw62435012,,0,,,,,
round_pairing,Round 4,12,443,631,tw66943412,,0,tw63171506,,0,,,,,
round_pairing,Round 4,12,388,632,tw66961355,,3,tw58450010,,3,,,,,
round_pairing,Round 4,12,105,633,tw66992460,,6,tw51149657,,6,,,,,
round_pairing,Round 4,12,196,634,tw67199394,,6,tw43331901,,6,,,,,
round_pairing,Round 4,12,1,635,tw67604361,,9,tw18412271,,9,,,,,
round_pairing,Round 4,12,150,636,tw67665108,,6,tw60440420,,6,,,,,
round_pairing,Round 4,12,277,637,tw67696706,,3,tw78077476,,3,,,,,
round_pairing,Round 4,12,81,638,tw67716132,,6,tw52493073,,6,,,,,
round_pairing,Round 4,12,60,639,tw67759215,,9,tw94156469,,9,,,,,
round_pairing,Round 4,12,106,640,tw67940713,,6,tw59616959,,6,,,,,
round_pairing,Round 4,12,417,641,tw67984683,,3,tw51891548,,3,,,,,
round_pairing,Round 4,12,115,642,tw68046375,,6,tw29404493,,6,,,,,
round_pairing,Round 4,12,213,643,tw68088789,,6,tw11608088,,6,,,,,
round_pairing,Round 4,12,122,644,tw68135684,,6,tw53540804,,6,,,,,
round_pairing,Round 4,12,135,645,tw68151227,,6,tw11612248,,6,,,,,
round_pairing,Round 4,12,50,646,tw68165427,,9,tw74542521,,9,,,,,
round_pairing,Round 4,12,389,647,tw68209544,,3,tw65158876,,3,,,,,
round_pairing,Round 4,12,228,649,tw68763677,,6,tw21654272,,6,,,,,
round_pairing,Round 4,12,416,650,tw68822994,,3,tw78866457,,3,,,,,
round_pairing,Round 4,12,218,651,tw68851170,,6,tw04086904,,6,,,,,
round_pairing,Round 4,12,178,652,tw68954029,,6,tw28285341,,6,,,,,
round_pairing,Round 4,12,70,653,tw69069593,,6,tw45403885,,6,,,,,
round_pairing,Round 4,12,455,654,tw69219642,,0,tw88178510,,0,,,,,
round_pairing,Round 4,12,377,655,tw69425578,,3,tw82559799,,3,,,,,
round_pairing,Round 4,12,437,656,tw69576075,,0,tw25188472,,0,,,,,
round_pairing,Round 4,12,400,657,tw69602779,,3,tw45684530,,3,,,,,
round_pairing,Round 4,12,276,658,tw69628359,,3,tw45404381,,3,,,,,
round_pairing,Round 4,12,120,659,tw69663505,,6,tw26319522,,6,,,,,
round_pairing,Round 4,12,198,660,tw69685808,,6,tw55000893,,6,,,,,
round_pairing,Round 4,12,199,662,tw69804633,,6,tw92680673,,6,,,,,
round_pairing,Round 4,12,254,663,tw69848771,,3,tw07927124,,3,,,,,
round_pairing,Round 4,12,341,664,tw69925275,,3,tw49877892,,3,,,,,
round_pairing,Round 4,13,74,665,tw69971650,,6,tw93076075,,6,,,,,
round_pairing,Round 4,13,225,666,tw69995586,,6,tw77550830,,6,,,,,
round_pairing,Round 4,13,137,667,tw70028105,,6,tw29821490,,6,,,,,
round_pairing,Round 4,13,121,668,tw70273656,,6,tw71598135,,6,,,,,
round_pairing,Round 4,13,288,669,tw70290277,,3,tw51756189,,3,,,,,
round_pairing,Round 4,13,359,670,tw70591612,,3,tw00181149,,3,,,,,
round_pairing,Round 4,13,108,672,tw70897596,,6,tw44127879,,6,,,,,
round_pairing,Round 4,13,358,673,tw70903147,,3,tw77975837,,3,,,,,
round_pairing,Round 4,13,454,674,tw71035218,,0,tw57062134,,0,,,,,
round_pairing,Round 4,13,250,676,tw71131892,,3,tw95261451,,3,,,,,
round_pairing,Round 4,13,241,677,tw71161066,,6,tw08457807,,6,,,,,
round_pairing,Round 4,13,215,678,tw71493841,,6,tw82119121,,6,,,,,
round_pairing,Round 4,13,188,679,tw71550438,,6,tw61277104,,6,,,,,
round_pairing,Round 4,13,271,680,tw71559250,,3,tw52127289,,3,,,,,
round_pairing,Round 4,13,121,681,tw71598135,,6,tw70273656,,6,,,,,
round_pairing,Round 4,13,222,682,tw71730704,,6,tw33274690,,6,,,,,
round_pairing,Round 4,13,356,683,tw71768773,,3,tw79621968,,3,,,,,
round_pairing,Round 4,13,365,684,tw72148746,,3,tw72776789,,3,,,,,
round_pairing,Round 4,13,221,685,tw72174151,,6,tw13624938,,6,,,,,
round_pairing,Round 4,13,89,686,tw72313605,,6,tw66806102,,6,,,,,
round_pairing,Round 4,13,304,687,tw72318939,,3,tw48357143,,3,,,,,
round_pairing,Round 4,13,148,688,tw72333956,,6,tw23209128,,6,,,,,
round_pairing,Round 4,13,184,689,tw72464013,,6,tw97384556,,6,,,,,
round_pairing,Round 4,13,408,690,tw72630270,,3,tw45233917,,3,,,,,
round_pairing,Round 4,13,15,691,tw72699030,,9,tw86324740,,9,,,,,
round_pairing,Round 4,13,384,692,tw72753058,,3,tw45615575,,3,,,,,
round_pairing,Round 4,13,365,693,tw72776789,,3,tw72148746,,3,,,,,
round_pairing,Round 4,13,131,694,tw72829984,,6,tw83751916,,6,,,,,
round_pairing,Round 4,13,31,695,tw72887037,,9,tw49159270,,9,,,,,
round_pairing,Round 4,13,380,696,tw72928053,,3,tw47478004,,3,,,,,
round_pairing,Round 4,13,211,697,tw73034465,,6,tw16276326,,6,,,,,
round_pairing,Round 4,13,242,698,tw73048413,,6,tw46377157,,6,,,,,
round_pairing,Round 4,13,55,699,tw73106123,,9,tw04061481,,9,,,,,
round_pairing,Round 4,13,189,700,tw73358187,,6,tw61792938,,6,,,,,
round_pairing,Round 4,13,274,701,tw73455744,,3,tw52488439,,3,,,,,
round_pairing,Round 4,13,186,702,tw73911906,,6,tw42204590,,6,,,,,
round_pairing,Round 4,13,395,703,tw73917548,,3,tw58028303,,3,,,,,
round_pairing,Round 4,13,235,704,tw73975912,,6,tw45713741,,6,,,,,
round_pairing,Round 4,13,420,705,tw74196817,,3,tw95401245,,3,,,,,
round_pairing,Round 4,13,50,706,tw74542521,,9,tw68165427,,9,,,,,
round_pairing,Round 4,13,14,707,tw74568091,,9,tw43492313,,9,,,,,
round_pairing,Round 4,13,260,708,tw74682364,,3,tw48889969,,3,,,,,
round_pairing,Round 4,13,160,710,tw75091640,,6,tw15028008,,6,,,,,
round_pairing,Round 4,13,214,711,tw75204861,,6,tw35416653,,6,,,,,
round_pairing,Round 4,13,366,712,tw75352342,,3,tw44206611,,3,,,,,
round_pairing,Round 4,13,175,713,tw75551324,,6,tw82370377,,6,,,,,
round_pairing,Round 4,13,159,714,tw75596823,,6,tw13462937,,6,,,,,
round_pairing,Round 4,13,319,715,tw75774280,,3,tw22301558,,3,,,,,
round_pairing,Round 4,13,391,716,tw75820315,,3,tw63238788,,3,,,,,
round_pairing,Round 4,13,406,718,tw75964030,,3,tw14788730,,3,,,,,
round_pairing,Round 4,14,91,719,tw76059026,,6,tw60311204,,6,,,,,
round_pairing,Round 4,14,193,720,tw76132946,,6,tw36782228,,6,,,,,
round_pairing,Round 4,14,112,721,tw76258268,,6,tw48715949,,6,,,,,
round_pairing,Round 4,14,209,722,tw76309421,,6,tw31941216,,6,,,,,
round_pairing,Round 4,14,371,723,tw76529055,,3,tw57531941,,3,,,,,
round_pairing,Round 4,14,104,725,tw76784634,,6,tw61533794,,6,,,,,
round_pairing,Round 4,14,124,726,tw76925363,,6,tw56550093,,6,,,,,
round_pairing,Round 4,14,126,727,tw76994845,,6,tw08814300,,6,,,,,
round_pairing,Round 4,14,166,728,tw77206748,,6,tw85067465,,6,,,,,
round_pairing,Round 4,14,470,729,tw77295390,,0,tw83071268,,0,,,,,
round_pairing,Round 4,14,225,731,tw77550830,,6,tw69995586,,6,,,,,
round_pairing,Round 4,14,279,732,tw77606795,,3,tw74641243,,3,,,,,
round_pairing,Round 4,14,4,733,tw77699656,,9,tw41805810,,9,,,,,
round_pairing,Round 4,14,246,734,tw77721211,,3,tw84916149,,3,,,,,
round_pairing,Round 4,14,295,735,tw77877383,,3,tw13786805,,3,,,,,
round_pairing,Round 4,14,277,737,tw78077476,,3,tw67696706,,3,,,,,
round_pairing,Round 4,14,125,738,tw78144908,,6,tw95566595,,6,,,,,
round_pairing,Round 4,14,18,739,tw78403870,,9,tw44874553,,9,,,,,
round_pairing,Round 4,14,114,740,tw78539182,,6,tw41398048,,6,,,,,
round_pairing,Round 4,14,21,742,tw78657682,,9,tw90485112,,9,,,,,
round_pairing,Round 4,14,153,743,tw78681290,,6,tw43380150,,6,,,,,
round_pairing,Round 4,14,416,744,tw78866457,,3,tw68822994,,3,,,,,
round_pairing,Round 4,14,465,745,tw78930739,,0,tw22007891,,0,,,,,
round_pairing,Round 4,14,243,746,tw79188375,,6,tw50328610,,6,,,,,
round_pairing,Round 4,14,447,747,tw79221888,,0,tw35246471,,0,,,,,
round_pairing,Round 4,14,466,748,tw79250738,,0,tw13965222,,0,,,,,
round_pairing,Round 4,14,169,749,tw79270381,,6,tw02172047,,6,,,,,
round_pairing,Round 4,14,362,750,tw79280986,,3,tw19234685,,3,,,,,
round_pairing,Round 4,14,383,751,tw79411276,,3,tw79476009,,3,,,,,
round_pairing,Round 4,14,374,752,tw79434198,,3,tw03472100,,3,,,,,
round_pairing,Round 4,14,383,753,tw79476009,,3,tw79411276,,3,,,,,
round_pairing,Round 4,14,441,754,tw79685646,,0,tw30959627,,0,,,,,
round_pairing,Round 4,14,278,755,tw79723871,,3,tw82516603,,3,,,,,
round_pairing,Round 4,14,40,756,tw79834153,,9,tw28750216,,9,,,,,
round_pairing,Round 4,14,127,757,tw79992941,,6,tw46030050,,6,,,,,
round_pairing,Round 4,14,393,758,tw80037643,,3,tw91594481,,3,,,,,
round_pairing,Round 4,14,17,759,tw80138989,,9,tw07314439,,9,,,,,
round_pairing,Round 4,14,63,760,tw80267696,,6,tw41429367,,6,,,,,
round_pairing,Round 4,14,176,761,tw80392170,,6,tw22969264,,6,,,,,
round_pairing,Round 4,14,23,762,tw80521031,,9,tw60511158,,9,,,,,
round_pairing,Round 4,14,162,763,tw81060661,,6,tw49388371,,6,,,,,
round_pairing,Round 4,14,338,764,tw81066465,,3,tw04457744,,3,,,,,
round_pairing,Round 4,14,421,765,tw81250238,,3,tw88706430,,3,,,,,
round_pairing,Round 4,14,285,766,tw81268957,,3,tw43322316,,3,,,,,
round_pairing,Round 4,14,157,767,tw81291690,,6,tw98707657,,6,,,,,
round_pairing,Round 4,14,335,768,tw81389651,,3,tw48596346,,3,,,,,
round_pairing,Round 4,14,411,769,tw81562455,,3,tw96137948,,3,,,,,
round_pairing,Round 4,14,262,770,tw81599190,,3,tw34396906,,3,,,,,
round_pairing,Round 4,14,405,771,tw81736494,,3,tw94142249,,3,,,,,
round_pairing,Round 4,14,240,772,tw82001299,,6,tw23875590,,6,,,,,
round_pairing,Round 4,15,64,773,tw82109498,,6,tw42186430,,6,,,,,
round_pairing,Round 4,15,215,774,tw82119121,,6,tw71493841,,6,,,,,
round_pairing,Round 4,15,73,775,tw82263693,,6,tw13090534,,6,,,,,
round_pairing,Round 4,15,175,776,tw82370377,,6,tw75551324,,6,,,,,
round_pairing,Round 4,15,278,777,tw82516603,,3,tw79723871,,3,,,,,
round_pairing,Round 4,15,62,778,tw82556653,,6,tw87713934,,9,,,,,
round_pairing,Round 4,15,377,779,tw82559799,,3,tw69425578,,3,,,,,
round_pairing,Round 4,15,139,780,tw82566333,,6,tw36810632,,6,,,,,
round_pairing,Round 4,15,354,781,tw82751826,,3,tw03193944,,3,,,,,
round_pairing,Round 4,15,410,783,tw82878504,,3,tw52704576,,3,,,,,
round_pairing,Round 4,15,167,784,tw82981600,,6,tw90553997,,6,,,,,
round_pairing,Round 4,15,470,785,tw83071268,,0,tw77295390,,0,,,,,
round_pairing,Round 4,15,378,786,tw83160193,,3,tw16569141,,3,,,,,
round_pairing,Round 4,15,253,787,tw83161210,,3,tw15533641,,3,,,,,
round_pairing,Round 4,15,415,788,tw83606083,,3,tw97135682,,3,,,,,
round_pairing,Round 4,15,131,789,tw83751916,,6,tw72829984,,6,,,,,
round_pairing,Round 4,15,244,790,tw83905127,,6,tw55098015,,6,,,,,
round_pairing,Round 4,15,323,792,tw84406921,,3,tw50702110,,3,,,,,
round_pairing,Round 4,15,16,793,tw84462905,,9,tw43268758,,9,,,,,
round_pairing,Round 4,15,208,794,tw84828731,,6,tw24694611,,6,,,,,
round_pairing,Round 4,15,246,795,tw84916149,,3,tw77721211,,3,,,,,
round_pairing,Round 4,15,401,796,tw85060196,,3,tw59462193,,3,,,,,
round_pairing,Round 4,15,166,797,tw85067465,,6,tw77206748,,6,,,,,
round_pairing,Round 4,15,61,798,tw85147749,,9,tw17095405,,9,,,,,
round_pairing,Round 4,15,373,799,tw85233211,,3,tw00106184,,3,,,,,
round_pairing,Round 4,15,146,800,tw85254693,,6,tw49113528,,6,,,,,
round_pairing,Round 4,15,71,801,tw85563070,,6,tw38080173,,6,,,,,
round_pairing,Round 4,15,201,803,tw85855405,,6,tw88792767,,6,,,,,
round_pairing,Round 4,15,185,804,tw86056382,,6,tw05182930,,6,,,,,
round_pairing,Round 4,15,448,805,tw86328278,,0,tw46705939,,0,,,,,
round_pairing,Round 4,15,313,806,tw86700066,,3,tw93786012,,3,,,,,
round_pairing,Round 4,15,257,807,tw87015354,,3,tw88860465,,3,,,,,
round_pairing,Round 4,15,149,808,tw87270242,,6,tw46798799,,6,,,,,
round_pairing,Round 4,15,79,809,tw87316906,,6,tw33785925,,6,,,,,
round_pairing,Round 4,15,357,810,tw87510571,,3,tw45458321,,3,,,,,
round_pairing,Round 4,15,62,811,tw87713934,,9,tw82556653,,6,,,,,
round_pairing,Round 4,15,463,812,tw87745948,,0,tw35684617,,0,,,,,
round_pairing,Round 4,15,446,813,tw87901293,,0,tw33820039,,0,,,,,
round_pairing,Round 4,15,224,814,tw88117485,,6,tw32869182,,6,,,,,
round_pairing,Round 4,15,455,815,tw88178510,,0,tw69219642,,0,,,,,
round_pairing,Round 4,15,284,816,tw88407488,,3,tw19291467,,3,,,,,
round_pairing,Round 4,15,151,817,tw88506619,,6,tw30898169,,6,,,,,
round_pairing,Round 4,15,421,818,tw88706430,,3,tw81250238,,3,,,,,
round_pairing,Round 4,15,201,819,tw88792767,,6,tw85855405,,6,,,,,
round_pairing,Round 4,15,257,820,tw88860465,,3,tw87015354,,3,,,,,
round_pairing,Round 4,15,147,821,tw89040038,,6,tw85026999,,6,,,,,
round_pairing,Round 4,15,275,822,tw89047117,,3,tw62300636,,3,,,,,
round_pairing,Round 4,15,116,823,tw89297350,,6,tw97370246,,6,,,,,
round_pairing,Round 4,15,102,824,tw89407764,,6,tw61600644,,6,,,,,
round_pairing,Round 4,15,87,825,tw89449964,,6,tw33544977,,6,,,,,
round_pairing,Round 4,16,30,826,tw89609352,,9,tw05207217,,9,,,,,
round_pairing,Round 4,16,300,827,tw89643656,,3,tw13830995,,3,,,,,
round_pairing,Round 4,16,46,828,tw89644458,,9,tw57017359,,9,,,,,
round_pairing,Round 4,16,256,829,tw89786854,,3,tw07615948,,3,,,,,
round_pairing,Round 4,16,291,830,tw89811739,,3,tw61895092,,3,,,,,
round_pairing,Round 4,16,350,831,tw90018469,,3,tw33433069,,3,,,,,
round_pairing,Round 4,16,165,832,tw90183762,,6,tw92466220,,6,,,,,
round_pairing,Round 4,16,385,833,tw90337288,,3,tw48962901,,3,,,,,
round_pairing,Round 4,16,21,835,tw90485112,,9,tw78657682,,9,,,,,
round_pairing,Round 4,16,167,836,tw90553997,,6,tw82981600,,6,,,,,
round_pairing,Round 4,16,154,837,tw90556916,,6,tw25559677,,6,,,,,
round_pairing,Round 4,16,72,838,tw90564971,,6,tw54739989,,6,,,,,
round_pairing,Round 4,16,296,839,tw90671632,,3,tw26528058,,3,,,,,
round_pairing,Round 4,16,210,843,tw90996252,,6,tw35735135,,6,,,,,
round_pairing,Round 4,16,322,844,tw91555335,,3,tw96947201,,3,,,,,
round_pairing,Round 4,16,393,845,tw91594481,,3,tw80037643,,3,,,,,
round_pairing,Round 4,16,316,846,tw91627311,,3,tw95547681,,3,,,,,
round_pairing,Round 4,16,7,847,tw91823318,,9,tw36747145,,9,,,,,
round_pairing,Round 4,16,144,848,tw91997638,,6,tw29121960,,6,,,,,
round_pairing,Round 4,16,438,849,tw92027316,,0,tw13434296,,0,,,,,
round_pairing,Round 4,16,9,850,tw92224806,,9,tw31422118,,9,,,,,
round_pairing,Round 4,16,355,851,tw92250919,,3,tw44475314,,3,,,,,
round_pairing,Round 4,16,165,852,tw92466220,,6,tw90183762,,6,,,,,
round_pairing,Round 4,16,140,853,tw92544749,,6,tw06554451,,6,,,,,
round_pairing,Round 4,16,199,854,tw92680673,,6,tw69804633,,6,,,,,
round_pairing,Round 4,16,459,855,tw92814087,,0,tw34649223,,0,,,,,
round_pairing,Round 4,16,293,856,tw92891852,,3,tw38236579,,3,,,,,
round_pairing,Round 4,16,424,857,tw92986536,,3,tw17763984,,3,,,,,
round_pairing,Round 4,16,92,858,tw93020902,,6,tw44821842,,6,,,,,
round_pairing,Round 4,16,369,859,tw93021016,,3,tw04057494,,3,,,,,
round_pairing,Round 4,16,321,860,tw93054506,,3,tw01478107,,3,,,,,
round_pairing,Round 4,16,74,861,tw93076075,,6,tw69971650,,6,,,,,
round_pairing,Round 4,16,181,862,tw93405316,,6,tw29372557,,6,,,,,
round_pairing,Round 4,16,119,863,tw93433450,,6,tw27308734,,6,,,,,
round_pairing,Round 4,16,303,864,tw93529525,,3,tw09239240,,3,,,,,
round_pairing,Round 4,16,376,865,tw93754264,,3,tw29377361,,3,,,,,
round_pairing,Round 4,16,313,866,tw93786012,,3,tw86700066,,3,,,,,
round_pairing,Round 4,16,258,867,tw93786634,,3,tw32214798,,3,,,,,
round_pairing,Round 4,16,45,868,tw93858918,,9,tw27395288,,9,,,,,
round_pairing,Round 4,16,334,869,tw93955100,,3,tw22214921,,3,,,,,
round_pairing,Round 4,16,386,871,tw93999361,,3,tw53446977,,3,,,,,
round_pairing,Round 4,16,405,872,tw94142249,,3,tw81736494,,3,,,,,
round_pairing,Round 4,16,60,873,tw94156469,,9,tw67759215,,9,,,,,
round_pairing,Round 4,16,48,874,tw94173678,,9,tw46646319,,9,,,,,
round_pairing,Round 4,16,327,875,tw94370408,,3,tw28672728,,3,,,,,
round_pairing,Round 4,16,123,876,tw94518932,,6,tw31279242,,6,,,,,
round_pairing,Round 4,16,442,878,tw94748404,,0,tw92969664,,0,,,,,
round_pairing,Round 4,16,259,879,tw95198982,,3,tw48706845,,3,,,,,
round_pairing,Round 4,16,250,880,tw95261451,,3,tw71131892,,3,,,,,
round_pairing,Round 4,16,420,881,tw95401245,,3,tw74196817,,3,,,,,
round_pairing,Round 4,17,316,882,tw95547681,,3,tw91627311,,3,,,,,
round_pairing,Round 4,17,125,883,tw95566595,,6,tw78144908,,6,,,,,
round_pairing,Round 4,17,163,885,tw95656910,,6,tw33742727,,6,,,,,
round_pairing,Round 4,17,329,886,tw95668915,,3,tw65781127,,3,,,,,
round_pairing,Round 4,17,436,887,tw95746707,,0,tw30998847,,0,,,,,
round_pairing,Round 4,17,467,888,tw95818310,,0,tw49698910,,0,,,,,
round_pairing,Round 4,17,12,889,tw95954871,,9,tw28179733,,9,,,,,
round_pairing,Round 4,17,475,890,tw96093664,,0,tw46969620,,0,,,,,
round_pairing,Round 4,17,411,891,tw96137948,,3,tw81562455,,3,,,,,
round_pairing,Round 4,17,367,892,tw96310928,,3,tw08615728,,3,,,,,
round_pairing,Round 4,17,292,893,tw96387195,,3,tw99373374,,3,,,,,
round_pairing,Round 4,17,86,894,tw96648029,,6,tw58776465,,6,,,,,
round_pairing,Round 4,17,66,895,tw96887599,,6,tw97165922,,6,,,,,
round_pairing,Round 4,17,322,896,tw96947201,,3,tw91555335,,3,,,,,
round_pairing,Round 4,17,472,897,tw97135519,,0,tw48294785,,0,,,,,
round_pairing,Round 4,17,194,898,tw97138451,,6,tw54988993,,6,,,,,
round_pairing,Round 4,17,66,899,tw97165922,,6,tw96887599,,6,,,,,
round_pairing,Round 4,17,99,900,tw97275186,,6,tw32722359,,6,,,,,
round_pairing,Round 4,17,116,901,tw97370246,,6,tw89297350,,6,,,,,
round_pairing,Round 4,17,184,902,tw97384556,,6,tw72464013,,6,,,,,
round_pairing,Round 4,17,251,903,tw97546030,,3,tw66575998,,3,,,,,
round_pairing,Round 4,17,39,904,tw97567728,,9,tw62529006,,9,,,,,
round_pairing,Round 4,17,98,905,tw97666473,,6,tw59882595,,6,,,,,
round_pairing,Round 4,17,306,906,tw97703685,,3,tw52595130,,3,,,,,
round_pairing,Round 4,17,297,907,tw97807535,,3,tw26839664,,3,,,,,
round_pairing,Round 4,17,42,908,tw97885633,,9,tw55210501,,9,,,,,
round_pairing,Round 4,17,67,909,tw97931731,,6,tw28510545,,6,,,,,
round_pairing,Round 4,17,413,910,tw97995384,,3,tw27495272,,3,,,,,
round_pairing,Round 4,17,134,911,tw98129328,,6,tw25411458,,6,,,,,
round_pairing,Round 4,17,298,912,tw98211582,,3,tw35187586,,3,,,,,
round_pairing,Round 4,17,107,914,tw98649601,,6,tw26175828,,6,,,,,
round_pairing,Round 4,17,157,915,tw98707657,,6,tw81291690,,6,,,,,
round_pairing,Round 4,17,233,916,tw98985840,,6,tw57615176,,6,,,,,
round_pairing,Round 4,17,85,919,tw99086788,,6,tw23649439,,6,,,,,
round_pairing,Round 4,17,35,920,tw99140905,,9,tw50567676,,9,,,,,
round_pairing,Round 4,17,435,921,tw99241716,,0,tw00976968,,0,,,,,
round_pairing,Round 4,17,299,922,tw99256533,,3,tw18243923,,3,,,,,
round_pairing,Round 4,17,164,923,tw99346363,,6,tw53782031,,6,,,,,
round_pairing,Round 4,17,292,924,tw99373374,,3,tw96387195,,3,,,,,
round_pairing,Round 4,17,69,925,tw99386256,,6,tw98480968,,6,,,,,
round_pairing,Round 4,17,460,927,tw99714386,,0,tw25201840,,0,,,,,
round_pairing,Round 4,17,207,929,tw99853156,,6,tw59842400,,6,,,,,
round_pairing,Round 4,17,324,930,tw99888650,,3,tw45371614,,3,,,,,
round_pairing,Round 4,17,51,931,tw99926791,,9,tw13174665,,9,,,,,
round_pairing,Round 4,17,56,932,tw99958274,,9,tw41238636,,9,,,,,
round_pairing,Round 4,17,191,933,tw99968646,,6,tw61227623,,6,,,,,
round_pairing,Round 4,17,444,1016,tw86681382,,0,tw02002019,,0,,,,,
round_pairing,Round 4,17,128,1024,tw74033297,,6,tw14489518,,6,,,,,
round_pairing,Round 4,17,333,1043,tw71003592,,3,tw77798178,,3,,,,,
round_pairing,Round 4,17,356,1044,tw79621968,,3,tw71768773,,3,,,,,
round_pairing,Round 4,18,370,1046,tw02367054,,3,tw02578849,,3,,,,,
round_pairing,Round 4,18,418,1059,tw82289672,,3,tw30419396,,3,,,,,
round_pairing,Round 4,18,241,1065,tw08457807,,6,tw71161066,,6,,,,,
round_pairing,Round 4,18,399,1090,tw09152496,,3,tw50239297,,3,,,,,
round_pairing,Round 4,18,186,1107,tw42204590,,6,tw73911906,,6,,,,,
round_pairing,Round 4,18,425,1111,tw15800518,,3,tw68790007,,3,,,,,
round_pairing,Round 4,18,308,1112,tw49826410,,3,tw14710630,,3,,,,,
round_pairing,Round 4,18,459,1114,tw34649223,,0,tw92814087,,0,,,,,
round_pairing,Round 4,18,281,1116,tw88780324,,3,tw42912360,,3,,,,,
round_pairing,Round 4,18,82,1122,tw47117803,,6,tw02826499,,6,,,,,
round_pairing,Round 4,18,6,1136,tw67036456,,9,tw22807189,,9,,,,,
round_pairing,Round 4,18,331,1150,tw18458528,,3,tw56416986,,3,,,,,
round_pairing,Round 4,18,240,1155,tw23875590,,6,tw82001299,,6,,,,,
round_pairing,Round 4,18,15,1164,tw86324740,,9,tw72699030,,9,,,,,
round_pairing,Round 4,18,133,1192,tw29437004,,6,tw56240698,,6,,,,,
round_pairing,Round 4,18,358,1194,tw77975837,,3,tw70903147,,3,,,,,
round_pairing,Round 4,18,249,1199,tw17401165,,3,tw24708906,,3,,,,,
round_pairing,Round 4,18,84,1200,tw64567116,,6,tw07410887,,6,,,,,
round_pairing,Round 4,18,315,1214,tw96909333,,3,tw27943796,,3,,,,,
round_pairing,Round 4,18,462,1216,tw53090983,,0,tw31949622,,0,,,,,
round_pairing,Round 4,18,191,1223,tw61227623,,6,tw99968646,,6,,,,,
round_pairing,Round 4,18,213,1225,tw11608088,,6,tw68088789,,6,,,,,
round_pairing,Round 4,18,424,1237,tw17763984,,3,tw92986536,,3,,,,,
round_pairing,Round 4,18,428,1238,tw97253900,,0,tw37950627,,0,,,,,
round_pairing,Round 4,18,266,1243,tw39114696,,3,tw12035691,,3,,,,,
round_pairing,Round 4,18,281,1249,tw42912360,,3,tw88780324,,3,,,,,
round_pairing,Round 4,18,283,1255,tw87844149,,3,tw33852575,,3,,,,,
round_pairing,Round 4,18,396,1274,tw36167036,,3,tw18676231,,3,,,,,
round_pairing,Round 4,18,228,1278,tw21654272,,6,tw68763677,,6,,,,,
round_pairing,Round 4,18,208,1291,tw24694611,,6,tw84828731,,6,,,,,
round_pairing,Round 4,18,450,1300,tw31401549,,0,tw44649735,,0,,,,,
round_pairing,Round 4,18,280,1302,tw66497121,,3,tw32364107,,3,,,,,
round_pairing,Round 4,18,353,1303,tw48526697,,3,tw23712439,,3,,,,,
round_pairing,Round 4,18,311,1308,tw18237771,,3,tw66134077,,3,,,,,
round_pairing,Round 4,18,375,1309,tw36869316,,3,tw53367475,,3,,,,,
round_pairing,Round 4,18,306,1310,tw52595130,,3,tw97703685,,3,,,,,
round_pairing,Round 4,18,387,1330,tw93829445,,3,tw50255396,,3,,,,,
round_pairing,Round 4,18,86,1336,tw58776465,,6,tw96648029,,6,,,,,
round_pairing,Round 4,18,279,1338,tw74641243,,3,tw77606795,,3,,,,,
round_pairing,Round 4,18,451,1347,tw90897983,,0,tw24423291,,0,,,,,
round_pairing,Round 4,18,57,1387,tw70891974,,9,tw42246097,,9,,,,,
round_pairing,Round 4,18,33,1405,tw88775820,,9,tw40555668,,9,,,,,
round_pairing,Round 4,18,415,1419,tw97135682,,3,tw83606083,,3,,,,,
round_pairing,Round 4,18,333,1433,tw77798178,,3,tw71003592,,3,,,,,
round_pairing,Round 4,18,183,1444,tw17356132,,6,tw38086655,,6,,,,,
round_pairing,Round 4,18,24,1445,tw67295326,,9,tw47904340,,9,,,,,
round_pairing,Round 4,18,318,1450,tw40188987,,3,tw46002856,,3,,,,,
round_pairing,Round 4,18,468,1456,tw84048586,,0,tw57767899,,0,,,,,
round_pairing,Round 4,18,41,1458,tw27758570,,9,tw32893143,,9,,,,,
round_pairing,Round 4,18,427,1459,tw12331692,,0,tw59649267,,0,,,,,
round_pairing,Round 4,19,442,1476,tw92969664,,0,tw94748404,,0,,,,,
round_pairing,Round 4,19,458,1495,tw24845900,,0,tw08969542,,0,,,,,
round_pairing,Round 4,19,107,1505,tw26175828,,6,tw98649601,,6,,,,,
round_pairing,Round 4,19,339,1515,tw47230122,,3,tw49759795,,3,,,,,
round_pairing,Round 4,19,25,1522,tw79802506,,9,tw35839691,,9,,,,,
round_pairing,Round 4,19,364,1533,tw52951111,,3,tw03376553,,3,,,,,
round_pairing,Round 4,19,347,1536,tw84386196,,3,tw95521825,,3,,,,,
round_pairing,Round 4,19,26,1556,tw63334587,,9,tw05130167,,9,,,,,
round_pairing,Round 4,19,231,1583,tw69848864,,6,tw29731640,,6,,,,,
round_pairing,Round 4,19,96,1584,tw24261609,,6,tw62525194,,6,,,,,
round_pairing,Round 4,19,90,1606,tw59096586,,6,tw57196950,,6,,,,,
round_pairing,Round 4,19,403,1611,tw93660736,,3,tw13224458,,3,,,,,
round_pairing,Round 4,19,346,1617,tw77637602,,3,tw00968448,,3,,,,,
round_pairing,Round 4,19,426,1618,tw21394889,,0,tw63175199,,0,,,,,
round_pairing,Round 4,19,58,1625,tw39894258,,9,tw04713199,,9,,,,,
round_pairing,Round 4,19,349,1663,tw70378594,,3,tw12769027,,3,,,,,
round_pairing,Round 4,19,88,1683,tw13487252,,6,tw22699669,,6,,,,,
round_pairing,Round 4,19,302,1689,tw39185310,,3,tw51489284,,3,,,,,
round_pairing,Round 4,19,275,1694,tw62300636,,3,tw89047117,,3,,,,,
round_pairing,Round 4,19,427,1726,tw59649267,,0,tw12331692,,0,,,,,
round_pairing,Round 4,19,344,1736,tw37173355,,3,tw04566463,,3,,,,,
round_pairing,Round 4,19,307,1738,tw22480109,,3,tw33811608,,3,,,,,
round_pairing,Round 4,19,380,1745,tw47478004,,3,tw72928053,,3,,,,,
round_pairing,Round 4,19,449,1752,tw21420926,,0,tw30976792,,0,,,,,
round_pairing,Round 4,19,2,1761,tw71861265,,9,tw09480115,,9,,,,,
round_pairing,Round 4,19,120,1765,tw26319522,,6,tw69663505,,6,,,,,
round_pairing,Round 4,19,224,1772,tw32869182,,6,tw88117485,,6,,,,,
round_pairing,Round 4,19,161,1792,tw59648008,,6,tw43007249,,6,,,,,
round_pairing,Round 4,19,100,1793,tw26089798,,6,tw37918429,,6,,,,,
round_pairing,Round 4,19,147,1795,tw85026999,,6,tw89040038,,6,,,,,
round_pairing,Round 4,19,173,1803,tw88521370,,6,tw61583819,,6,,,,,
round_pairing,Round 4,19,425,1805,tw68790007,,3,tw15800518,,3,,,,,
round_pairing,Round 4,19,90,1815,tw57196950,,6,tw59096586,,6,,,,,
round_pairing,Round 4,19,370,1828,tw02578849,,3,tw02367054,,3,,,,,
round_pairing,Round 4,19,347,1831,tw95521825,,3,tw84386196,,3,,,,,
round_pairing,Round 4,19,247,1847,tw01233994,,3,tw48927744,,3,,,,,
round_pairing,Round 4,19,130,1852,tw84991038,,6,tw63031373,,6,,,,,
round_pairing,Round 4,19,141,1859,tw76039193,,6,tw16526802,,6,,,,,
round_pairing,Round 4,19,77,1869,tw32830944,,6,tw06911704,,6,,,,,
round_pairing,Round 4,19,390,1886,tw86831721,,3,tw63735317,,3,,,,,
round_pairing,Round 4,19,17,1899,tw07314439,,9,tw80138989,,9,,,,,
round_pairing,Round 4,19,350,1913,tw33433069,,3,tw90018469,,3,,,,,
round_pairing,Round 4,19,426,1915,tw63175199,,0,tw21394889,,0,,,,,
round_pairing,Round 4,19,69,1922,tw98480968,,6,tw99386256,,6,,,,,
round_pairing,Round 4,19,118,1944,tw44917576,,6,tw41822925,,6,,,,,
round_pairing,Round 4,19,37,1958,tw36712780,,9,tw16728082,,9,,,,,
round_pairing,Round 4,19,39,1981,tw62529006,,9,tw97567728,,9,,,,,
round_pairing,Round 4,19,264,1987,tw85516442,,3,tw63395911,,3,,,,,
round_pairing,Round 4,19,312,1988,tw53974581,,3,tw15475553,,3,,,,,
round_pairing,Round 4,19,34,1998,tw73831583,,9,tw41609662,,9,,,,,
round_pairing,Round 4,20,180,2000,tw52974697,,6,tw39941788,,6,,,,,
round_pairing,Round 4,20,13,2199,tw50841430,,9,tw09574160,,9,,,,,
round_pairing,Round 5,1,44,1,tw00026251,,9,tw07410887,,9,,,,,
round_pairing,Round 5,1,311,2,tw00106184,,6,tw51149657,,6,,,,,
round_pairing,Round 5,1,380,3,tw00114747,,3,tw17488993,,3,,,,,
round_pairing,Round 5,1,399,4,tw00162182,,3,tw17108307,,3,,,,,
round_pairing,Round 5,1,398,5,tw00181149,,3,tw94142249,,3,,,,,
round_pairing,Round 5,1,108,6,tw00387540,,9,tw52663760,,9,,,,,
round_pairing,Round 5,1,280,7,tw00531440,,6,tw50414993,,6,,,,,
round_pairing,Round 5,1,200,8,tw00572856,,6,tw83160193,,6,,,,,
round_pairing,Round 5,1,59,10,tw00787146,,9,tw68851170,,9,,,,,
round_pairing,Round 5,1,9,11,tw00831574,,12,tw43492313,,12,,,,,
round_pairing,Round 5,1,349,12,tw00918141,,3,tw99241716,,3,,,,,
round_pairing,Round 5,1,261,13,tw00968448,,6,tw11292760,,6,,,,,
round_pairing,Round 5,1,220,15,tw01014532,,6,tw99086788,,6,,,,,
round_pairing,Round 5,1,329,16,tw01024875,,6,tw52806758,,6,,,,,
round_pairing,Round 5,1,217,17,tw01150243,,6,tw81066465,,6,,,,,
round_pairing,Round 5,1,277,18,tw01478107,,6,tw25336636,,6,,,,,
round_pairing,Round 5,1,154,19,tw01909140,,6,tw79411276,,6,,,,,
round_pairing,Round 5,1,420,20,tw02002019,,3,tw97135519,,3,,,,,
round_pairing,Round 5,1,46,21,tw02105248,,9,tw97165922,,9,,,,,
round_pairing,Round 5,1,146,22,tw02172047,,9,tw51610329,,9,,,,,
round_pairing,Round 5,1,294,23,tw02211815,,6,tw13786805,,6,,,,,
round_pairing,Round 5,1,193,24,tw02559687,,6,tw47478004,,6,,,,,
round_pairing,Round 5,1,248,25,tw02597386,,6,tw42979297,,6,,,,,
round_pairing,Round 5,1,137,26,tw02826499,,9,tw92224806,,9,,,,,
round_pairing,Round 5,1,201,27,tw02856732,,6,tw67199394,,6,,,,,
round_pairing,Round 5,1,416,29,tw02991787,,3,tw73917548,,3,,,,,
round_pairing,Round 5,1,64,30,tw03094722,,9,tw46798799,,9,,,,,
round_pairing,Round 5,1,322,31,tw03168456,,6,tw41283932,,6,,,,,
round_pairing,Round 5,1,284,32,tw03193944,,6,tw48890271,,6,,,,,
round_pairing,Round 5,1,331,33,tw03226408,,3,tw42723639,,3,,,,,
round_pairing,Round 5,1,355,34,tw03376553,,3,tw40188987,,3,,,,,
round_pairing,Round 5,1,378,35,tw03469638,,3,tw45371614,,3,,,,,
round_pairing,Round 5,1,424,36,tw03472100,,3,tw77637602,,3,,,,,
round_pairing,Round 5,1,419,40,tw04057117,,3,tw35246471,,3,,,,,
round_pairing,Round 5,1,23,42,tw04061481,,12,tw44874553,,12,,,,,
round_pairing,Round 5,1,230,43,tw04086904,,6,tw82370377,,6,,,,,
round_pairing,Round 5,1,274,44,tw04119157,,6,tw82516603,,6,,,,,
round_pairing,Round 5,1,62,45,tw04156058,,9,tw84991038,,9,,,,,
round_pairing,Round 5,1,333,46,tw04255506,,3,tw79250738,,3,,,,,
round_pairing,Round 5,1,352,47,tw04457744,,3,tw63898784,,3,,,,,
round_pairing,Round 5,1,106,49,tw04552155,,9,tw72313605,,9,,,,,
round_pairing,Round 5,1,395,50,tw04566463,,3,tw22007891,,3,,,,,
round_pairing,Round 5,1,103,51,tw04713199,,9,tw48715949,,9,,,,,
round_pairing,Round 5,1,202,52,tw04797990,,6,tw18850000,,6,,,,,
round_pairing,Round 5,1,325,53,tw04959593,,6,tw54988993,,6,,,,,
round_pairing,Round 5,1,58,54,tw05130167,,9,tw83751916,,9,,,,,
round_pairing,Round 5,1,158,55,tw05182930,,6,tw32907703,,6,,,,,
round_pairing,Round 5,1,178,56,tw05197795,,6,tw95656910,,6,,,,,
round_pairing,Round 5,1,91,57,tw05207217,,9,tw58776465,,9,,,,,
round_pairing,Round 5,1,252,58,tw05246772,,6,tw97931731,,6,,,,,
round_pairing,Round 5,2,24,59,tw05270520,,12,tw07020662,,12,,,,,
round_pairing,Round 5,2,203,60,tw05399034,,6,tw81736494,,6,,,,,
round_pairing,Round 5,2,446,61,tw05908621,,0,tw10304280,,0,,,,,
round_pairing,Round 5,2,133,62,tw05914722,,9,tw93076075,,9,,,,,
round_pairing,Round 5,2,414,63,tw05980017,,3,tw96137948,,3,,,,,
round_pairing,Round 5,2,375,64,tw06072288,,3,tw95547681,,3,,,,,
round_pairing,Round 5,2,427,65,tw06147611,,3,tw92814087,,3,,,,,
round_pairing,Round 5,2,293,66,tw06225308,,6,tw14618138,,6,,,,,
round_pairing,Round 5,2,141,67,tw06393443,,9,tw93858918,,9,,,,,
round_pairing,Round 5,2,412,68,tw06441088,,3,tw30959627,,3,,,,,
round_pairing,Round 5,2,191,69,tw06554451,,6,tw69628359,,6,,,,,
round_pairing,Round 5,2,127,70,tw06911704,,9,tw63508480,,9,,,,,
round_pairing,Round 5,2,148,71,tw06996284,,9,tw16526802,,9,,,,,
round_pairing,Round 5,2,24,72,tw07020662,,12,tw05270520,,12,,,,,
round_pairing,Round 5,2,335,73,tw07182365,,3,tw44206611,,3,,,,,
round_pairing,Round 5,2,81,74,tw07329342,,9,tw97885633,,9,,,,,
round_pairing,Round 5,2,44,75,tw07410887,,9,tw00026251,,9,,,,,
round_pairing,Round 5,2,312,76,tw07460167,,6,tw97995384,,6,,,,,
round_pairing,Round 5,2,156,77,tw07615948,,6,tw22699669,,6,,,,,
round_pairing,Round 5,2,376,78,tw07927124,,3,tw72630270,,3,,,,,
round_pairing,Round 5,2,338,81,tw08740331,,3,tw18458528,,3,,,,,
round_pairing,Round 5,2,93,82,tw08814300,,9,tw89449964,,9,,,,,
round_pairing,Round 5,2,78,83,tw08876514,,9,tw13487252,,9,,,,,
round_pairing,Round 5,2,436,84,tw08969542,,0,tw46705939,,0,,,,,
round_pairing,Round 5,2,389,85,tw09194772,,3,tw92969664,,3,,,,,
round_pairing,Round 5,2,120,86,tw09225948,,9,tw46362217,,9,,,,,
round_pairing,Round 5,2,177,87,tw09239240,,6,tw95261451,,6,,,,,
round_pairing,Round 5,2,116,89,tw09468385,,9,tw36810632,,9,,,,,
round_pairing,Round 5,2,118,90,tw09480115,,9,tw28193746,,9,,,,,
round_pairing,Round 5,2,163,91,tw09490592,,6,tw02578849,,6,,,,,
round_pairing,Round 5,2,411,92,tw09503218,,3,tw14181070,,3,,,,,
round_pairing,Round 5,2,3,93,tw09574160,,12,tw47904340,,12,,,,,
round_pairing,Round 5,2,176,94,tw09704151,,6,tw56468849,,6,,,,,
round_pairing,Round 5,2,298,95,tw09772052,,6,tw51489284,,6,,,,,
round_pairing,Round 5,2,354,96,tw09914156,,3,tw12331692,,3,,,,,
round_pairing,Round 5,2,150,97,tw09964738,,9,tw26089798,,9,,,,,
round_pairing,Round 5,2,446,98,tw10304280,,0,tw05908621,,0,,,,,
round_pairing,Round 5,2,30,99,tw10410998,,12,tw84462905,,12,,,,,
round_pairing,Round 5,2,22,100,tw10467123,,12,tw28179733,,12,,,,,
round_pairing,Round 5,2,98,101,tw10700633,,9,tw46030050,,9,,,,,
round_pairing,Round 5,2,356,102,tw11015212,,3,tw83071268,,3,,,,,
round_pairing,Round 5,2,261,104,tw11292760,,6,tw00968448,,6,,,,,
round_pairing,Round 5,2,410,105,tw11498239,,3,tw33820039,,3,,,,,
round_pairing,Round 5,2,79,106,tw11499785,,9,tw41238636,,9,,,,,
round_pairing,Round 5,2,307,107,tw11570874,,6,tw48526697,,6,,,,,
round_pairing,Round 5,2,305,108,tw11612248,,6,tw59471628,,6,,,,,
round_pairing,Round 5,2,15,109,tw11642031,,12,tw50567676,,12,,,,,
round_pairing,Round 5,2,207,110,tw11739209,,6,tw41731352,,6,,,,,
round_pairing,Round 5,2,281,111,tw12035691,,6,tw22979539,,6,,,,,
round_pairing,Round 5,2,121,114,tw12363623,,9,tw43331901,,9,,,,,
round_pairing,Round 5,3,71,115,tw12573104,,9,tw46646319,,9,,,,,
round_pairing,Round 5,3,212,116,tw12769027,,6,tw41523616,,6,,,,,
round_pairing,Round 5,3,263,118,tw13090534,,6,tw76039193,,6,,,,,
round_pairing,Round 5,3,441,119,tw13120137,,0,tw66816512,,0,,,,,
round_pairing,Round 5,3,94,120,tw13174665,,9,tw39492637,,9,,,,,
round_pairing,Round 5,3,392,121,tw13224458,,3,tw39697449,,3,,,,,
round_pairing,Round 5,3,95,122,tw13229345,,9,tw33742727,,9,,,,,
round_pairing,Round 5,3,67,123,tw13298067,,9,tw62958507,,9,,,,,
round_pairing,Round 5,3,406,124,tw13312253,,3,tw24459657,,3,,,,,
round_pairing,Round 5,3,430,125,tw13434296,,3,tw84406921,,3,,,,,
round_pairing,Round 5,3,99,126,tw13454619,,9,tw73106123,,9,,,,,
round_pairing,Round 5,3,295,127,tw13462937,,6,tw26529339,,6,,,,,
round_pairing,Round 5,3,179,128,tw13569448,,6,tw66520026,,6,,,,,
round_pairing,Round 5,3,34,129,tw13624938,,9,tw92680673,,9,,,,,
round_pairing,Round 5,3,89,130,tw13638158,,9,tw84828731,,9,,,,,
round_pairing,Round 5,3,168,131,tw13779097,,6,tw48178410,,6,,,,,
round_pairing,Round 5,3,294,132,tw13786805,,6,tw02211815,,6,,,,,
round_pairing,Round 5,3,222,133,tw13830995,,6,tw27419844,,6,,,,,
round_pairing,Round 5,3,130,135,tw14005529,,9,tw24570904,,9,,,,,
round_pairing,Round 5,3,239,136,tw14152067,,6,tw15435377,,6,,,,,
round_pairing,Round 5,3,411,137,tw14181070,,3,tw09503218,,3,,,,,
round_pairing,Round 5,3,301,138,tw14489518,,6,tw14788730,,6,,,,,
round_pairing,Round 5,3,293,139,tw14618138,,6,tw06225308,,6,,,,,
round_pairing,Round 5,3,209,141,tw14710630,,6,tw63031373,,6,,,,,
round_pairing,Round 5,3,301,142,tw14788730,,6,tw14489518,,6,,,,,
round_pairing,Round 5,3,422,143,tw14910247,,3,tw83161210,,3,,,,,
round_pairing,Round 5,3,393,144,tw15023289,,3,tw33852575,,3,,,,,
round_pairing,Round 5,3,19,145,tw15026318,,12,tw65483922,,12,,,,,
round_pairing,Round 5,3,326,146,tw15028008,,6,tw91627311,,6,,,,,
round_pairing,Round 5,3,152,147,tw15173588,,6,tw29121960,,9,,,,,
round_pairing,Round 5,3,260,148,tw15392207,,6,tw91997638,,6,,,,,
round_pairing,Round 5,3,239,149,tw15435377,,6,tw14152067,,6,,,,,
round_pairing,Round 5,3,396,150,tw15475553,,3,tw16569141,,3,,,,,
round_pairing,Round 5,3,316,151,tw15533641,,6,tw35735135,,6,,,,,
round_pairing,Round 5,3,360,152,tw15712728,,3,tw40504902,,3,,,,,
round_pairing,Round 5,3,49,155,tw16132632,,9,tw75596823,,9,,,,,
round_pairing,Round 5,3,104,156,tw16152234,,9,tw08457807,,9,,,,,
round_pairing,Round 5,3,151,157,tw16276326,,9,tw69663505,,9,,,,,
round_pairing,Round 5,3,148,158,tw16526802,,9,tw06996284,,9,,,,,
round_pairing,Round 5,3,396,159,tw16569141,,3,tw15475553,,3,,,,,
round_pairing,Round 5,3,117,160,tw16621728,,9,tw42204590,,9,,,,,
round_pairing,Round 5,3,37,161,tw16728082,,9,tw92466220,,9,,,,,
round_pairing,Round 5,3,32,163,tw16965198,,9,tw82556653,,9,,,,,
round_pairing,Round 5,3,308,164,tw17003070,,6,tw56012620,,6,,,,,
round_pairing,Round 5,3,132,165,tw17095405,,9,tw67295326,,9,,,,,
round_pairing,Round 5,3,399,166,tw17108307,,3,tw00162182,,3,,,,,
round_pairing,Round 5,3,129,167,tw17203659,,9,tw29518941,,9,,,,,
round_pairing,Round 5,3,438,169,tw17453360,,0,tw33097520,,0,,,,,
round_pairing,Round 5,3,380,170,tw17488993,,3,tw00114747,,3,,,,,
round_pairing,Round 5,3,434,171,tw17543456,,0,tw35360901,,0,,,,,
round_pairing,Round 5,4,153,172,tw17745432,,6,tw32921509,,6,,,,,
round_pairing,Round 5,4,221,173,tw17748447,,6,tw88407488,,6,,,,,
round_pairing,Round 5,4,228,174,tw17830710,,6,tw94370408,,6,,,,,
round_pairing,Round 5,4,344,175,tw18243923,,3,tw34396906,,3,,,,,
round_pairing,Round 5,4,10,176,tw18276049,,12,tw67036456,,12,,,,,
round_pairing,Round 5,4,18,177,tw18412271,,12,tw28750216,,12,,,,,
round_pairing,Round 5,4,225,178,tw18429175,,6,tw69848771,,6,,,,,
round_pairing,Round 5,4,268,179,tw18468179,,6,tw21654272,,6,,,,,
round_pairing,Round 5,4,255,180,tw18638755,,6,tw76059026,,6,,,,,
round_pairing,Round 5,4,161,181,tw18641143,,6,tw73048413,,6,,,,,
round_pairing,Round 5,4,256,182,tw18676231,,6,tw73911906,,6,,,,,
round_pairing,Round 5,4,241,183,tw18844404,,6,tw27817384,,6,,,,,
round_pairing,Round 5,4,202,184,tw18850000,,6,tw04797990,,6,,,,,
round_pairing,Round 5,4,112,185,tw18906406,,9,tw25559677,,9,,,,,
round_pairing,Round 5,4,180,186,tw19234685,,6,tw26528058,,6,,,,,
round_pairing,Round 5,4,358,187,tw19291467,,3,tw88178510,,3,,,,,
round_pairing,Round 5,4,286,188,tw19377792,,6,tw93433450,,6,,,,,
round_pairing,Round 5,4,341,189,tw19393681,,3,tw93786012,,3,,,,,
round_pairing,Round 5,4,214,190,tw19640601,,6,tw33785925,,6,,,,,
round_pairing,Round 5,4,70,193,tw20368538,,9,tw74542521,,9,,,,,
round_pairing,Round 5,4,386,194,tw20375005,,3,tw46716936,,3,,,,,
round_pairing,Round 5,4,76,195,tw20707479,,9,tw73358187,,9,,,,,
round_pairing,Round 5,4,253,196,tw20730540,,6,tw62525194,,6,,,,,
round_pairing,Round 5,4,238,197,tw20835300,,6,tw69971650,,6,,,,,
round_pairing,Round 5,4,53,200,tw21820105,,9,tw75091640,,9,,,,,
round_pairing,Round 5,4,347,201,tw21922568,,3,tw77721211,,3,,,,,
round_pairing,Round 5,4,395,202,tw22007891,,3,tw04566463,,3,,,,,
round_pairing,Round 5,4,334,203,tw22183935,,3,tw57531941,,3,,,,,
round_pairing,Round 5,4,215,204,tw22214921,,6,tw61792938,,6,,,,,
round_pairing,Round 5,4,21,205,tw22261784,,12,tw31422118,,12,,,,,
round_pairing,Round 5,4,384,206,tw22301558,,3,tw40682117,,3,,,,,
round_pairing,Round 5,4,324,207,tw22529091,,6,tw46795660,,6,,,,,
round_pairing,Round 5,4,266,208,tw22611326,,6,tw43487757,,6,,,,,
round_pairing,Round 5,4,156,209,tw22699669,,6,tw07615948,,6,,,,,
round_pairing,Round 5,4,102,210,tw22807189,,9,tw88775820,,9,,,,,
round_pairing,Round 5,4,39,211,tw22969264,,9,tw99140905,,9,,,,,
round_pairing,Round 5,4,281,212,tw22979539,,6,tw12035691,,6,,,,,
round_pairing,Round 5,4,170,213,tw23209128,,6,tw17356132,,6,,,,,
round_pairing,Round 5,4,269,215,tw23249034,,6,tw23875590,,6,,,,,
round_pairing,Round 5,4,55,217,tw23649439,,9,tw85855405,,9,,,,,
round_pairing,Round 5,4,407,218,tw23712439,,3,tw47285094,,3,,,,,
round_pairing,Round 5,4,210,219,tw23730146,,6,tw59616959,,6,,,,,
round_pairing,Round 5,4,48,220,tw23764220,,9,tw95954871,,9,,,,,
round_pairing,Round 5,4,431,221,tw24144676,,0,tw28988843,,0,,,,,
round_pairing,Round 5,4,442,222,tw24207778,,0,tw86681382,,0,,,,,
round_pairing,Round 5,4,65,223,tw24266071,,9,tw68088789,,9,,,,,
round_pairing,Round 5,4,421,225,tw24423291,,3,tw66961355,,3,,,,,
round_pairing,Round 5,4,406,226,tw24459657,,3,tw13312253,,3,,,,,
round_pairing,Round 5,4,130,227,tw24570904,,9,tw14005529,,9,,,,,
round_pairing,Round 5,4,409,228,tw24708906,,3,tw74641243,,3,,,,,
round_pairing,Round 5,5,332,229,tw24742864,,3,tw65063095,,3,,,,,
round_pairing,Round 5,5,138,230,tw24854365,,9,tw43268758,,9,,,,,
round_pairing,Round 5,5,287,231,tw24928885,,6,tw93021016,,6,,,,,
round_pairing,Round 5,5,124,232,tw25000553,,9,tw97666473,,9,,,,,
round_pairing,Round 5,5,435,234,tw25188472,,0,tw53090983,,0,,,,,
round_pairing,Round 5,5,379,235,tw25201840,,3,tw69576075,,3,,,,,
round_pairing,Round 5,5,277,236,tw25336636,,6,tw01478107,,6,,,,,
round_pairing,Round 5,5,247,237,tw25411458,,6,tw66806102,,6,,,,,
round_pairing,Round 5,5,314,238,tw25488947,,6,tw94518932,,6,,,,,
round_pairing,Round 5,5,112,239,tw25559677,,9,tw18906406,,9,,,,,
round_pairing,Round 5,5,313,240,tw25571112,,6,tw35693064,,6,,,,,
round_pairing,Round 5,5,385,241,tw25634182,,3,tw79476009,,3,,,,,
round_pairing,Round 5,5,418,243,tw25974925,,3,tw46945068,,3,,,,,
round_pairing,Round 5,5,27,244,tw26020639,,12,tw36712780,,12,,,,,
round_pairing,Round 5,5,180,246,tw26528058,,6,tw19234685,,6,,,,,
round_pairing,Round 5,5,295,247,tw26529339,,6,tw13462937,,6,,,,,
round_pairing,Round 5,5,107,248,tw26670105,,9,tw43700622,,9,,,,,
round_pairing,Round 5,5,415,249,tw26839664,,3,tw95746707,,3,,,,,
round_pairing,Round 5,5,126,250,tw26953449,,9,tw98707657,,9,,,,,
round_pairing,Round 5,5,323,251,tw27017315,,6,tw43322316,,6,,,,,
round_pairing,Round 5,5,97,252,tw27308734,,9,tw92544749,,9,,,,,
round_pairing,Round 5,5,25,253,tw27347873,,12,tw47415187,,12,,,,,
round_pairing,Round 5,5,1,254,tw27395288,,12,tw36747145,,12,,,,,
round_pairing,Round 5,5,222,255,tw27419844,,6,tw13830995,,6,,,,,
round_pairing,Round 5,5,371,256,tw27495272,,3,tw87745948,,3,,,,,
round_pairing,Round 5,5,29,257,tw27568465,,12,tw36759052,,12,,,,,
round_pairing,Round 5,5,11,260,tw27736985,,12,tw07314439,,12,,,,,
round_pairing,Round 5,5,195,261,tw27802821,,6,tw71161066,,6,,,,,
round_pairing,Round 5,5,241,262,tw27817384,,6,tw18844404,,6,,,,,
round_pairing,Round 5,5,257,263,tw27943796,,6,tw74196817,,6,,,,,
round_pairing,Round 5,5,22,266,tw28179733,,12,tw10467123,,12,,,,,
round_pairing,Round 5,5,118,267,tw28193746,,9,tw09480115,,9,,,,,
round_pairing,Round 5,5,264,268,tw28285341,,6,tw26319522,,6,,,,,
round_pairing,Round 5,5,369,269,tw28495767,,3,tw48706845,,3,,,,,
round_pairing,Round 5,5,96,270,tw28510545,,9,tw58781969,,9,,,,,
round_pairing,Round 5,5,357,271,tw28672728,,3,tw52149734,,3,,,,,
round_pairing,Round 5,5,382,272,tw28728192,,3,tw89811739,,3,,,,,
round_pairing,Round 5,5,18,273,tw28750216,,12,tw18412271,,12,,,,,
round_pairing,Round 5,5,431,274,tw28988843,,0,tw24144676,,0,,,,,
round_pairing,Round 5,5,152,275,tw29121960,,9,tw15173588,,6,,,,,
round_pairing,Round 5,5,33,276,tw29372557,,9,tw49113528,,9,,,,,
round_pairing,Round 5,5,363,277,tw29377361,,3,tw30976792,,3,,,,,
round_pairing,Round 5,5,131,278,tw29404493,,9,tw91823318,,9,,,,,
round_pairing,Round 5,5,129,279,tw29518941,,9,tw17203659,,9,,,,,
round_pairing,Round 5,5,38,280,tw29536370,,9,tw73975912,,9,,,,,
round_pairing,Round 5,5,185,281,tw29731640,,6,tw93999361,,6,,,,,
round_pairing,Round 5,5,142,282,tw29821490,,9,tw82263693,,9,,,,,
round_pairing,Round 5,5,60,283,tw30236831,,9,tw98129328,,9,,,,,
round_pairing,Round 5,5,328,285,tw30419396,,6,tw85067465,,6,,,,,
round_pairing,Round 5,5,50,287,tw30898169,,9,tw32722359,,9,,,,,
round_pairing,Round 5,6,412,288,tw30959627,,3,tw06441088,,3,,,,,
round_pairing,Round 5,6,363,289,tw30976792,,3,tw29377361,,3,,,,,
round_pairing,Round 5,6,448,290,tw30998847,,0,tw94748404,,0,,,,,
round_pairing,Round 5,6,100,291,tw31279242,,9,tw52752742,,9,,,,,
round_pairing,Round 5,6,21,292,tw31422118,,12,tw22261784,,12,,,,,
round_pairing,Round 5,6,291,294,tw31941216,,6,tw61277104,,6,,,,,
round_pairing,Round 5,6,391,295,tw31949622,,3,tw79723871,,3,,,,,
round_pairing,Round 5,6,82,296,tw32141014,,9,tw44344603,,9,,,,,
round_pairing,Round 5,6,166,297,tw32167594,,6,tw45458321,,6,,,,,
round_pairing,Round 5,6,425,298,tw32214798,,3,tw75820315,,3,,,,,
round_pairing,Round 5,6,218,299,tw32240000,,6,tw76784634,,6,,,,,
round_pairing,Round 5,6,364,301,tw32647589,,3,tw68209544,,3,,,,,
round_pairing,Round 5,6,50,302,tw32722359,,9,tw30898169,,9,,,,,
round_pairing,Round 5,6,36,303,tw32893143,,9,tw42527004,,9,,,,,
round_pairing,Round 5,6,158,304,tw32907703,,6,tw05182930,,6,,,,,
round_pairing,Round 5,6,153,305,tw32921509,,6,tw17745432,,6,,,,,
round_pairing,Round 5,6,69,307,tw33002183,,9,tw90996252,,9,,,,,
round_pairing,Round 5,6,63,308,tw33005835,,9,tw56240698,,9,,,,,
round_pairing,Round 5,6,438,309,tw33097520,,0,tw17453360,,0,,,,,
round_pairing,Round 5,6,111,310,tw33274690,,9,tw43380150,,9,,,,,
round_pairing,Round 5,6,259,311,tw33544977,,6,tw61583819,,6,,,,,
round_pairing,Round 5,6,95,312,tw33742727,,9,tw13229345,,9,,,,,
round_pairing,Round 5,6,214,313,tw33785925,,6,tw19640601,,6,,,,,
round_pairing,Round 5,6,206,314,tw33811608,,6,tw89297350,,6,,,,,
round_pairing,Round 5,6,410,315,tw33820039,,3,tw11498239,,3,,,,,
round_pairing,Round 5,6,393,316,tw33852575,,3,tw15023289,,3,,,,,
round_pairing,Round 5,6,270,317,tw33881781,,6,tw69602779,,6,,,,,
round_pairing,Round 5,6,181,318,tw33884578,,6,tw79621968,,6,,,,,
round_pairing,Round 5,6,344,320,tw34396906,,3,tw18243923,,3,,,,,
round_pairing,Round 5,6,84,322,tw34953027,,9,tw67940713,,9,,,,,
round_pairing,Round 5,6,353,323,tw35187586,,3,tw97703685,,3,,,,,
round_pairing,Round 5,6,419,324,tw35246471,,3,tw04057117,,3,,,,,
round_pairing,Round 5,6,434,325,tw35360901,,0,tw17543456,,0,,,,,
round_pairing,Round 5,6,227,326,tw35416653,,6,tw70273656,,6,,,,,
round_pairing,Round 5,6,433,327,tw35684617,,0,tw41479406,,0,,,,,
round_pairing,Round 5,6,313,328,tw35693064,,6,tw25571112,,6,,,,,
round_pairing,Round 5,6,122,329,tw35707148,,9,tw69995586,,9,,,,,
round_pairing,Round 5,6,316,330,tw35735135,,6,tw15533641,,6,,,,,
round_pairing,Round 5,6,26,331,tw35839691,,12,tw65741542,,12,,,,,
round_pairing,Round 5,6,242,332,tw35995465,,6,tw97546030,,6,,,,,
round_pairing,Round 5,6,279,333,tw36074458,,6,tw50239297,,6,,,,,
round_pairing,Round 5,6,275,334,tw36138720,,6,tw62594682,,6,,,,,
round_pairing,Round 5,6,86,335,tw36648556,,9,tw62315993,,9,,,,,
round_pairing,Round 5,6,1,336,tw36747145,,12,tw27395288,,12,,,,,
round_pairing,Round 5,6,29,337,tw36759052,,12,tw27568465,,12,,,,,
round_pairing,Round 5,6,135,338,tw36782228,,9,tw74568091,,9,,,,,
round_pairing,Round 5,6,116,339,tw36810632,,9,tw09468385,,9,,,,,
round_pairing,Round 5,6,330,340,tw36904012,,3,tw63171506,,3,,,,,
round_pairing,Round 5,6,267,341,tw37158463,,6,tw72174151,,6,,,,,
round_pairing,Round 5,6,164,342,tw37453841,,6,tw90564971,,6,,,,,
round_pairing,Round 5,7,342,343,tw37823321,,3,tw36869316,,3,,,,,
round_pairing,Round 5,7,258,344,tw37855988,,6,tw95566595,,6,,,,,
round_pairing,Round 5,7,134,348,tw38080173,,9,tw55000893,,9,,,,,
round_pairing,Round 5,7,114,349,tw38086655,,9,tw70891974,,9,,,,,
round_pairing,Round 5,7,173,351,tw38236579,,6,tw83606083,,6,,,,,
round_pairing,Round 5,7,175,356,tw39192538,,6,tw54430001,,6,,,,,
round_pairing,Round 5,7,196,357,tw39290085,,6,tw87844149,,6,,,,,
round_pairing,Round 5,7,94,358,tw39492637,,9,tw13174665,,9,,,,,
round_pairing,Round 5,7,392,359,tw39697449,,3,tw13224458,,3,,,,,
round_pairing,Round 5,7,190,360,tw39941788,,6,tw50702110,,6,,,,,
round_pairing,Round 5,7,75,361,tw40123518,,9,tw42309306,,9,,,,,
round_pairing,Round 5,7,183,362,tw40135779,,6,tw37173355,,6,,,,,
round_pairing,Round 5,7,336,364,tw40377456,,3,tw39185310,,3,,,,,
round_pairing,Round 5,7,360,365,tw40504902,,3,tw15712728,,3,,,,,
round_pairing,Round 5,7,8,366,tw40555668,,12,tw85147749,,12,,,,,
round_pairing,Round 5,7,384,367,tw40682117,,3,tw22301558,,3,,,,,
round_pairing,Round 5,7,109,368,tw40696414,,9,tw99346363,,9,,,,,
round_pairing,Round 5,7,429,370,tw40786209,,3,tw95818310,,3,,,,,
round_pairing,Round 5,7,400,372,tw41073870,,3,tw81268957,,3,,,,,
round_pairing,Round 5,7,147,373,tw41104694,,9,tw56550093,,9,,,,,
round_pairing,Round 5,7,79,374,tw41238636,,9,tw11499785,,9,,,,,
round_pairing,Round 5,7,322,375,tw41283932,,6,tw03168456,,6,,,,,
round_pairing,Round 5,7,149,376,tw41286139,,9,tw94156469,,9,,,,,
round_pairing,Round 5,7,83,377,tw41398048,,9,tw99386256,,9,,,,,
round_pairing,Round 5,7,231,378,tw41429367,,6,tw59648008,,6,,,,,
round_pairing,Round 5,7,433,379,tw41479406,,0,tw35684617,,0,,,,,
round_pairing,Round 5,7,212,380,tw41523616,,6,tw12769027,,6,,,,,
round_pairing,Round 5,7,31,381,tw41609662,,12,tw87713934,,9,,,,,
round_pairing,Round 5,7,208,382,tw41670381,,6,tw79270381,,6,,,,,
round_pairing,Round 5,7,207,383,tw41731352,,6,tw11739209,,6,,,,,
round_pairing,Round 5,7,5,384,tw41805810,,12,tw42246097,,12,,,,,
round_pairing,Round 5,7,159,386,tw42186430,,6,tw86700066,,6,,,,,
round_pairing,Round 5,7,5,387,tw42246097,,12,tw41805810,,12,,,,,
round_pairing,Round 5,7,75,388,tw42309306,,9,tw40123518,,9,,,,,
round_pairing,Round 5,7,125,389,tw42455002,,9,tw61227623,,9,,,,,
round_pairing,Round 5,7,367,390,tw42505350,,3,tw45404381,,3,,,,,
round_pairing,Round 5,7,36,391,tw42527004,,9,tw32893143,,9,,,,,
round_pairing,Round 5,7,43,392,tw42563834,,9,tw78403870,,9,,,,,
round_pairing,Round 5,7,56,393,tw42619935,,9,tw56336073,,9,,,,,
round_pairing,Round 5,7,331,394,tw42723639,,3,tw03226408,,3,,,,,
round_pairing,Round 5,7,45,396,tw42938387,,9,tw62529006,,9,,,,,
round_pairing,Round 5,7,248,397,tw42979297,,6,tw02597386,,6,,,,,
round_pairing,Round 5,7,92,398,tw43007249,,9,tw44127879,,9,,,,,
round_pairing,Round 5,7,138,399,tw43268758,,9,tw24854365,,9,,,,,
round_pairing,Round 5,7,323,400,tw43322316,,6,tw27017315,,6,,,,,
round_pairing,Round 5,7,121,401,tw43331901,,9,tw12363623,,9,,,,,
round_pairing,Round 5,7,111,402,tw43380150,,9,tw33274690,,9,,,,,
round_pairing,Round 5,7,266,403,tw43487757,,6,tw22611326,,6,,,,,
round_pairing,Round 5,7,9,404,tw43492313,,12,tw00831574,,12,,,,,
round_pairing,Round 5,7,172,405,tw43633449,,6,tw71003592,,6,,,,,
round_pairing,Round 5,8,107,407,tw43700622,,9,tw26670105,,9,,,,,
round_pairing,Round 5,8,145,408,tw44047226,,9,tw54739989,,9,,,,,
round_pairing,Round 5,8,92,411,tw44127879,,9,tw43007249,,9,,,,,
round_pairing,Round 5,8,335,412,tw44206611,,3,tw07182365,,3,,,,,
round_pairing,Round 5,8,171,413,tw44207012,,6,tw76529055,,6,,,,,
round_pairing,Round 5,8,235,414,tw44233591,,6,tw47949585,,6,,,,,
round_pairing,Round 5,8,82,416,tw44344603,,9,tw32141014,,9,,,,,
round_pairing,Round 5,8,157,417,tw44380087,,6,tw65158876,,6,,,,,
round_pairing,Round 5,8,128,418,tw44468313,,9,tw65522783,,9,,,,,
round_pairing,Round 5,8,234,419,tw44475314,,6,tw90553997,,6,,,,,
round_pairing,Round 5,8,437,420,tw44649735,,0,tw21394889,,0,,,,,
round_pairing,Round 5,8,300,421,tw44821842,,6,tw98211582,,6,,,,,
round_pairing,Round 5,8,23,423,tw44874553,,12,tw04061481,,12,,,,,
round_pairing,Round 5,8,13,424,tw45178021,,12,tw71861265,,12,,,,,
round_pairing,Round 5,8,246,425,tw45233917,,6,tw99968646,,6,,,,,
round_pairing,Round 5,8,245,426,tw45324854,,6,tw52493073,,6,,,,,
round_pairing,Round 5,8,378,427,tw45371614,,3,tw03469638,,3,,,,,
round_pairing,Round 5,8,244,428,tw45403885,,6,tw85516442,,6,,,,,
round_pairing,Round 5,8,367,429,tw45404381,,3,tw42505350,,3,,,,,
round_pairing,Round 5,8,166,430,tw45458321,,6,tw32167594,,6,,,,,
round_pairing,Round 5,8,397,431,tw45486731,,3,tw48357143,,3,,,,,
round_pairing,Round 5,8,318,432,tw45615575,,6,tw11608088,,6,,,,,
round_pairing,Round 5,8,351,434,tw45696531,,3,tw97135682,,3,,,,,
round_pairing,Round 5,8,282,435,tw45713741,,6,tw93660736,,6,,,,,
round_pairing,Round 5,8,184,437,tw46002856,,6,tw78681290,,6,,,,,
round_pairing,Round 5,8,285,438,tw46020620,,6,tw71730704,,6,,,,,
round_pairing,Round 5,8,98,439,tw46030050,,9,tw10700633,,9,,,,,
round_pairing,Round 5,8,339,440,tw46321576,,3,tw66459371,,3,,,,,
round_pairing,Round 5,8,120,441,tw46362217,,9,tw09225948,,9,,,,,
round_pairing,Round 5,8,40,442,tw46377157,,9,tw44917576,,9,,,,,
round_pairing,Round 5,8,54,443,tw46423373,,9,tw68151227,,9,,,,,
round_pairing,Round 5,8,366,444,tw46643692,,3,tw77798178,,3,,,,,
round_pairing,Round 5,8,71,445,tw46646319,,9,tw12573104,,9,,,,,
round_pairing,Round 5,8,436,446,tw46705939,,0,tw08969542,,0,,,,,
round_pairing,Round 5,8,386,447,tw46716936,,3,tw20375005,,3,,,,,
round_pairing,Round 5,8,12,448,tw46738666,,12,tw89609352,,12,,,,,
round_pairing,Round 5,8,324,449,tw46795660,,6,tw22529091,,6,,,,,
round_pairing,Round 5,8,64,450,tw46798799,,9,tw03094722,,9,,,,,
round_pairing,Round 5,8,418,451,tw46945068,,3,tw25974925,,3,,,,,
round_pairing,Round 5,8,428,452,tw46969620,,3,tw73455744,,3,,,,,
round_pairing,Round 5,8,304,453,tw47077924,,6,tw85563070,,6,,,,,
round_pairing,Round 5,8,407,454,tw47285094,,3,tw23712439,,3,,,,,
round_pairing,Round 5,8,297,455,tw47341841,,6,tw77606795,,6,,,,,
round_pairing,Round 5,8,25,456,tw47415187,,12,tw27347873,,12,,,,,
round_pairing,Round 5,8,101,458,tw47612491,,9,tw97138451,,9,,,,,
round_pairing,Round 5,8,3,459,tw47904340,,12,tw09574160,,12,,,,,
round_pairing,Round 5,8,235,460,tw47949585,,6,tw44233591,,6,,,,,
round_pairing,Round 5,8,168,461,tw48178410,,6,tw13779097,,6,,,,,
round_pairing,Round 5,8,397,463,tw48357143,,3,tw45486731,,3,,,,,
round_pairing,Round 5,8,337,464,tw48408173,,3,tw82289672,,3,,,,,
round_pairing,Round 5,9,432,466,tw48555786,,0,tw71035218,,0,,,,,
round_pairing,Round 5,9,320,467,tw48596346,,6,tw95668915,,6,,,,,
round_pairing,Round 5,9,369,468,tw48706845,,3,tw28495767,,3,,,,,
round_pairing,Round 5,9,103,469,tw48715949,,9,tw04713199,,9,,,,,
round_pairing,Round 5,9,72,471,tw48793078,,9,tw24261609,,9,,,,,
round_pairing,Round 5,9,345,472,tw48889969,,3,tw66555509,,3,,,,,
round_pairing,Round 5,9,284,473,tw48890271,,6,tw03193944,,6,,,,,
round_pairing,Round 5,9,213,474,tw48927744,,6,tw81562455,,6,,,,,
round_pairing,Round 5,9,381,475,tw48962901,,3,tw95521825,,3,,,,,
round_pairing,Round 5,9,224,476,tw49045992,,6,tw61600644,,6,,,,,
round_pairing,Round 5,9,33,477,tw49113528,,9,tw29372557,,9,,,,,
round_pairing,Round 5,9,6,478,tw49159270,,12,tw67759215,,12,,,,,
round_pairing,Round 5,9,361,479,tw49327411,,3,tw70290277,,3,,,,,
round_pairing,Round 5,9,77,480,tw49388371,,9,tw61880666,,9,,,,,
round_pairing,Round 5,9,350,481,tw49441410,,3,tw93529525,,3,,,,,
round_pairing,Round 5,9,272,483,tw49759795,,6,tw58817602,,6,,,,,
round_pairing,Round 5,9,160,484,tw49877892,,6,tw52974697,,6,,,,,
round_pairing,Round 5,9,279,485,tw50239297,,6,tw36074458,,6,,,,,
round_pairing,Round 5,9,413,486,tw50255396,,3,tw69925275,,3,,,,,
round_pairing,Round 5,9,110,487,tw50328610,,9,tw69848864,,9,,,,,
round_pairing,Round 5,9,280,488,tw50414993,,6,tw00531440,,6,,,,,
round_pairing,Round 5,9,15,490,tw50567676,,12,tw11642031,,12,,,,,
round_pairing,Round 5,9,190,491,tw50702110,,6,tw39941788,,6,,,,,
round_pairing,Round 5,9,327,492,tw50795757,,6,tw79434198,,6,,,,,
round_pairing,Round 5,9,271,493,tw50820470,,6,tw93754264,,6,,,,,
round_pairing,Round 5,9,28,495,tw50858481,,12,tw97567728,,12,,,,,
round_pairing,Round 5,9,299,496,tw51147332,,6,tw81060661,,6,,,,,
round_pairing,Round 5,9,311,497,tw51149657,,6,tw00106184,,6,,,,,
round_pairing,Round 5,9,298,500,tw51489284,,6,tw09772052,,6,,,,,
round_pairing,Round 5,9,146,501,tw51610329,,9,tw02172047,,9,,,,,
round_pairing,Round 5,9,240,502,tw51756189,,6,tw57615176,,6,,,,,
round_pairing,Round 5,9,204,503,tw51891548,,6,tw82878504,,6,,,,,
round_pairing,Round 5,9,357,505,tw52149734,,3,tw28672728,,3,,,,,
round_pairing,Round 5,9,440,506,tw52301948,,0,tw79221888,,0,,,,,
round_pairing,Round 5,9,250,507,tw52488439,,6,tw68135684,,6,,,,,
round_pairing,Round 5,9,245,509,tw52493073,,6,tw45324854,,6,,,,,
round_pairing,Round 5,9,321,510,tw52578543,,6,tw61895092,,6,,,,,
round_pairing,Round 5,9,108,511,tw52663760,,9,tw00387540,,9,,,,,
round_pairing,Round 5,9,373,512,tw52704576,,3,tw66740844,,3,,,,,
round_pairing,Round 5,9,100,513,tw52752742,,9,tw31279242,,9,,,,,
round_pairing,Round 5,9,329,514,tw52806758,,6,tw01024875,,6,,,,,
round_pairing,Round 5,9,199,515,tw53367475,,6,tw74682364,,6,,,,,
round_pairing,Round 5,9,417,516,tw53446977,,3,tw97807535,,3,,,,,
round_pairing,Round 5,9,35,517,tw53540804,,9,tw61533794,,9,,,,,
round_pairing,Round 5,9,41,518,tw53723254,,9,tw67665108,,9,,,,,
round_pairing,Round 5,9,262,519,tw53782031,,6,tw59882595,,6,,,,,
round_pairing,Round 5,9,292,520,tw53806573,,6,tw93829445,,6,,,,,
round_pairing,Round 5,9,254,522,tw54347311,,6,tw17401165,,6,,,,,
round_pairing,Round 5,9,175,523,tw54430001,,6,tw39192538,,6,,,,,
round_pairing,Round 5,9,145,524,tw54739989,,9,tw44047226,,9,,,,,
round_pairing,Round 5,10,325,526,tw54988993,,6,tw04959593,,6,,,,,
round_pairing,Round 5,10,134,527,tw55000893,,9,tw38080173,,9,,,,,
round_pairing,Round 5,10,236,528,tw55098015,,6,tw57612114,,6,,,,,
round_pairing,Round 5,10,17,529,tw55210501,,12,tw39894258,,12,,,,,
round_pairing,Round 5,10,61,530,tw55332465,,9,tw67716132,,9,,,,,
round_pairing,Round 5,10,223,531,tw55359182,,6,tw60273793,,6,,,,,
round_pairing,Round 5,10,319,533,tw55765174,,6,tw85254693,,6,,,,,
round_pairing,Round 5,10,308,534,tw56012620,,6,tw17003070,,6,,,,,
round_pairing,Round 5,10,63,535,tw56240698,,9,tw33005835,,9,,,,,
round_pairing,Round 5,10,56,536,tw56336073,,9,tw42619935,,9,,,,,
round_pairing,Round 5,10,372,537,tw56387935,,3,tw39114696,,3,,,,,
round_pairing,Round 5,10,192,538,tw56416986,,6,tw93405316,,6,,,,,
round_pairing,Round 5,10,176,539,tw56468849,,6,tw09704151,,6,,,,,
round_pairing,Round 5,10,147,540,tw56550093,,9,tw41104694,,9,,,,,
round_pairing,Round 5,10,198,541,tw56605426,,6,tw59137487,,6,,,,,
round_pairing,Round 5,10,16,542,tw57017359,,12,tw27758570,,12,,,,,
round_pairing,Round 5,10,447,543,tw57062134,,0,tw84048586,,0,,,,,
round_pairing,Round 5,10,334,545,tw57531941,,3,tw22183935,,3,,,,,
round_pairing,Round 5,10,236,546,tw57612114,,6,tw55098015,,6,,,,,
round_pairing,Round 5,10,240,547,tw57615176,,6,tw51756189,,6,,,,,
round_pairing,Round 5,10,405,548,tw57767899,,3,tw82751826,,3,,,,,
round_pairing,Round 5,10,296,549,tw58028303,,6,tw78077476,,6,,,,,
round_pairing,Round 5,10,189,550,tw58188995,,6,tw72148746,,6,,,,,
round_pairing,Round 5,10,368,551,tw58450010,,3,tw66575998,,3,,,,,
round_pairing,Round 5,10,96,555,tw58781969,,9,tw28510545,,9,,,,,
round_pairing,Round 5,10,272,556,tw58817602,,6,tw49759795,,6,,,,,
round_pairing,Round 5,10,197,557,tw58835877,,6,tw95198982,,6,,,,,
round_pairing,Round 5,10,198,558,tw59137487,,6,tw56605426,,6,,,,,
round_pairing,Round 5,10,309,560,tw59462193,,6,tw68790007,,6,,,,,
round_pairing,Round 5,10,305,561,tw59471628,,6,tw11612248,,6,,,,,
round_pairing,Round 5,10,377,562,tw59548820,,3,tw65781127,,3,,,,,
round_pairing,Round 5,10,210,563,tw59616959,,6,tw23730146,,6,,,,,
round_pairing,Round 5,10,140,564,tw59842400,,9,tw65235703,,9,,,,,
round_pairing,Round 5,10,262,565,tw59882595,,6,tw53782031,,6,,,,,
round_pairing,Round 5,10,223,567,tw60273793,,6,tw55359182,,6,,,,,
round_pairing,Round 5,10,136,568,tw60311204,,9,tw88521370,,9,,,,,
round_pairing,Round 5,10,288,569,tw60440420,,6,tw79992941,,6,,,,,
round_pairing,Round 5,10,144,570,tw60511158,,9,tw67604361,,9,,,,,
round_pairing,Round 5,10,169,571,tw60567990,,6,tw53974581,,6,,,,,
round_pairing,Round 5,10,359,572,tw60794190,,3,tw81250238,,3,,,,,
round_pairing,Round 5,10,174,573,tw60920600,,6,tw70028105,,6,,,,,
round_pairing,Round 5,10,291,574,tw61277104,,6,tw31941216,,6,,,,,
round_pairing,Round 5,10,20,575,tw61279434,,12,tw80521031,,12,,,,,
round_pairing,Round 5,10,35,577,tw61533794,,9,tw53540804,,9,,,,,
round_pairing,Round 5,10,259,578,tw61583819,,6,tw33544977,,6,,,,,
round_pairing,Round 5,10,224,579,tw61600644,,6,tw49045992,,6,,,,,
round_pairing,Round 5,10,215,581,tw61792938,,6,tw22214921,,6,,,,,
round_pairing,Round 5,10,77,582,tw61880666,,9,tw49388371,,9,,,,,
round_pairing,Round 5,10,321,583,tw61895092,,6,tw52578543,,6,,,,,
round_pairing,Round 5,10,113,585,tw62020476,,9,tw89407764,,9,,,,,
round_pairing,Round 5,11,315,586,tw62067344,,6,tw76132946,,6,,,,,
round_pairing,Round 5,11,205,587,tw62197981,,6,tw24694611,,6,,,,,
round_pairing,Round 5,11,86,588,tw62315993,,9,tw36648556,,9,,,,,
round_pairing,Round 5,11,303,589,tw62324389,,6,tw90556916,,6,,,,,
round_pairing,Round 5,11,426,590,tw62435012,,3,tw63395911,,3,,,,,
round_pairing,Round 5,11,390,591,tw62459529,,3,tw22480109,,3,,,,,
round_pairing,Round 5,11,253,592,tw62525194,,6,tw20730540,,6,,,,,
round_pairing,Round 5,11,275,594,tw62594682,,6,tw36138720,,6,,,,,
round_pairing,Round 5,11,289,595,tw62599498,,6,tw96947201,,6,,,,,
round_pairing,Round 5,11,67,597,tw62958507,,9,tw13298067,,9,,,,,
round_pairing,Round 5,11,209,599,tw63031373,,6,tw14710630,,6,,,,,
round_pairing,Round 5,11,330,600,tw63171506,,3,tw36904012,,3,,,,,
round_pairing,Round 5,11,194,601,tw63238788,,6,tw82566333,,6,,,,,
round_pairing,Round 5,11,68,602,tw63343435,,9,tw82981600,,9,,,,,
round_pairing,Round 5,11,426,603,tw63395911,,3,tw62435012,,3,,,,,
round_pairing,Round 5,11,127,604,tw63508480,,9,tw06911704,,9,,,,,
round_pairing,Round 5,11,403,606,tw63735317,,3,tw63175199,,3,,,,,
round_pairing,Round 5,11,352,607,tw63898784,,3,tw04457744,,3,,,,,
round_pairing,Round 5,11,47,608,tw64203769,,9,tw98985840,,9,,,,,
round_pairing,Round 5,11,401,609,tw64656626,,3,tw15800518,,3,,,,,
round_pairing,Round 5,11,408,611,tw64793736,,3,tw49826410,,3,,,,,
round_pairing,Round 5,11,276,612,tw64845965,,6,tw81291690,,6,,,,,
round_pairing,Round 5,11,332,613,tw65063095,,3,tw24742864,,3,,,,,
round_pairing,Round 5,11,157,615,tw65158876,,6,tw44380087,,6,,,,,
round_pairing,Round 5,11,140,616,tw65235703,,9,tw59842400,,9,,,,,
round_pairing,Round 5,11,19,617,tw65483922,,12,tw15026318,,12,,,,,
round_pairing,Round 5,11,128,618,tw65522783,,9,tw44468313,,9,,,,,
round_pairing,Round 5,11,26,619,tw65741542,,12,tw35839691,,12,,,,,
round_pairing,Round 5,11,377,620,tw65781127,,3,tw59548820,,3,,,,,
round_pairing,Round 5,11,243,621,tw66134077,,6,tw89047117,,6,,,,,
round_pairing,Round 5,11,339,622,tw66459371,,3,tw46321576,,3,,,,,
round_pairing,Round 5,11,179,623,tw66520026,,6,tw13569448,,6,,,,,
round_pairing,Round 5,11,345,624,tw66555509,,3,tw48889969,,3,,,,,
round_pairing,Round 5,11,368,625,tw66575998,,3,tw58450010,,3,,,,,
round_pairing,Round 5,11,14,626,tw66588143,,12,tw99926791,,12,,,,,
round_pairing,Round 5,11,373,627,tw66740844,,3,tw52704576,,3,,,,,
round_pairing,Round 5,11,247,628,tw66806102,,6,tw25411458,,6,,,,,
round_pairing,Round 5,11,441,629,tw66816512,,0,tw13120137,,0,,,,,
round_pairing,Round 5,11,444,630,tw66907796,,0,tw34649223,,0,,,,,
round_pairing,Round 5,11,421,632,tw66961355,,3,tw24423291,,3,,,,,
round_pairing,Round 5,11,105,633,tw66992460,,9,tw72699030,,9,,,,,
round_pairing,Round 5,11,201,634,tw67199394,,6,tw02856732,,6,,,,,
round_pairing,Round 5,11,144,635,tw67604361,,9,tw60511158,,9,,,,,
round_pairing,Round 5,11,41,636,tw67665108,,9,tw53723254,,9,,,,,
round_pairing,Round 5,11,362,637,tw67696706,,3,tw93054506,,3,,,,,
round_pairing,Round 5,11,61,638,tw67716132,,9,tw55332465,,9,,,,,
round_pairing,Round 5,11,6,639,tw67759215,,12,tw49159270,,12,,,,,
round_pairing,Round 5,11,84,640,tw67940713,,9,tw34953027,,9,,,,,
round_pairing,Round 5,11,348,641,tw67984683,,3,tw70378594,,3,,,,,
round_pairing,Round 5,11,188,642,tw68046375,,6,tw84386196,,6,,,,,
round_pairing,Round 5,12,65,643,tw68088789,,9,tw24266071,,9,,,,,
round_pairing,Round 5,12,250,644,tw68135684,,6,tw52488439,,6,,,,,
round_pairing,Round 5,12,54,645,tw68151227,,9,tw46423373,,9,,,,,
round_pairing,Round 5,12,7,646,tw68165427,,12,tw99958274,,12,,,,,
round_pairing,Round 5,12,364,647,tw68209544,,3,tw32647589,,3,,,,,
round_pairing,Round 5,12,119,649,tw68763677,,9,tw79834153,,9,,,,,
round_pairing,Round 5,12,273,650,tw68822994,,6,tw47117803,,6,,,,,
round_pairing,Round 5,12,59,651,tw68851170,,9,tw00787146,,9,,,,,
round_pairing,Round 5,12,90,652,tw68954029,,9,tw93020902,,9,,,,,
round_pairing,Round 5,12,143,653,tw69069593,,9,tw80138989,,9,,,,,
round_pairing,Round 5,12,439,654,tw69219642,,0,tw99714386,,0,,,,,
round_pairing,Round 5,12,346,655,tw69425578,,3,tw24845900,,3,,,,,
round_pairing,Round 5,12,379,656,tw69576075,,3,tw25201840,,3,,,,,
round_pairing,Round 5,12,270,657,tw69602779,,6,tw33881781,,6,,,,,
round_pairing,Round 5,12,191,658,tw69628359,,6,tw06554451,,6,,,,,
round_pairing,Round 5,12,151,659,tw69663505,,9,tw16276326,,9,,,,,
round_pairing,Round 5,12,187,660,tw69685808,,6,tw97384556,,6,,,,,
round_pairing,Round 5,12,211,662,tw69804633,,6,tw77550830,,6,,,,,
round_pairing,Round 5,12,225,663,tw69848771,,6,tw18429175,,6,,,,,
round_pairing,Round 5,12,413,664,tw69925275,,3,tw50255396,,3,,,,,
round_pairing,Round 5,12,238,665,tw69971650,,6,tw20835300,,6,,,,,
round_pairing,Round 5,12,122,666,tw69995586,,9,tw35707148,,9,,,,,
round_pairing,Round 5,12,174,667,tw70028105,,6,tw60920600,,6,,,,,
round_pairing,Round 5,12,227,668,tw70273656,,6,tw35416653,,6,,,,,
round_pairing,Round 5,12,361,669,tw70290277,,3,tw49327411,,3,,,,,
round_pairing,Round 5,12,155,670,tw70591612,,6,tw88792767,,6,,,,,
round_pairing,Round 5,12,167,672,tw70897596,,6,tw76994845,,6,,,,,
round_pairing,Round 5,12,216,673,tw70903147,,6,tw90018469,,6,,,,,
round_pairing,Round 5,12,432,674,tw71035218,,0,tw48555786,,0,,,,,
round_pairing,Round 5,12,402,676,tw71131892,,3,tw36167036,,3,,,,,
round_pairing,Round 5,12,195,677,tw71161066,,6,tw27802821,,6,,,,,
round_pairing,Round 5,12,73,678,tw71493841,,9,tw80267696,,9,,,,,
round_pairing,Round 5,12,139,679,tw71550438,,9,tw75551324,,9,,,,,
round_pairing,Round 5,12,343,680,tw71559250,,3,tw01233994,,3,,,,,
round_pairing,Round 5,12,85,681,tw71598135,,9,tw79802506,,9,,,,,
round_pairing,Round 5,12,285,682,tw71730704,,6,tw46020620,,6,,,,,
round_pairing,Round 5,12,383,683,tw71768773,,3,tw77877383,,3,,,,,
round_pairing,Round 5,12,189,684,tw72148746,,6,tw58188995,,6,,,,,
round_pairing,Round 5,12,267,685,tw72174151,,6,tw37158463,,6,,,,,
round_pairing,Round 5,12,106,686,tw72313605,,9,tw04552155,,9,,,,,
round_pairing,Round 5,12,233,687,tw72318939,,6,tw75352342,,6,,,,,
round_pairing,Round 5,12,66,688,tw72333956,,9,tw73831583,,9,,,,,
round_pairing,Round 5,12,51,689,tw72464013,,9,tw32869182,,9,,,,,
round_pairing,Round 5,12,376,690,tw72630270,,3,tw07927124,,3,,,,,
round_pairing,Round 5,12,105,691,tw72699030,,9,tw66992460,,9,,,,,
round_pairing,Round 5,12,219,694,tw72829984,,6,tw82119121,,6,,,,,
round_pairing,Round 5,12,74,695,tw72887037,,9,tw85026999,,9,,,,,
round_pairing,Round 5,12,387,696,tw72928053,,3,tw81389651,,3,,,,,
round_pairing,Round 5,12,278,697,tw73034465,,6,tw87270242,,6,,,,,
round_pairing,Round 5,12,161,698,tw73048413,,6,tw18641143,,6,,,,,
round_pairing,Round 5,13,99,699,tw73106123,,9,tw13454619,,9,,,,,
round_pairing,Round 5,13,76,700,tw73358187,,9,tw20707479,,9,,,,,
round_pairing,Round 5,13,428,701,tw73455744,,3,tw46969620,,3,,,,,
round_pairing,Round 5,13,256,702,tw73911906,,6,tw18676231,,6,,,,,
round_pairing,Round 5,13,416,703,tw73917548,,3,tw02991787,,3,,,,,
round_pairing,Round 5,13,38,704,tw73975912,,9,tw29536370,,9,,,,,
round_pairing,Round 5,13,257,705,tw74196817,,6,tw27943796,,6,,,,,
round_pairing,Round 5,13,70,706,tw74542521,,9,tw20368538,,9,,,,,
round_pairing,Round 5,13,135,707,tw74568091,,9,tw36782228,,9,,,,,
round_pairing,Round 5,13,199,708,tw74682364,,6,tw53367475,,6,,,,,
round_pairing,Round 5,13,53,710,tw75091640,,9,tw21820105,,9,,,,,
round_pairing,Round 5,13,88,711,tw75204861,,9,tw26175828,,9,,,,,
round_pairing,Round 5,13,233,712,tw75352342,,6,tw72318939,,6,,,,,
round_pairing,Round 5,13,139,713,tw75551324,,9,tw71550438,,9,,,,,
round_pairing,Round 5,13,49,714,tw75596823,,9,tw16132632,,9,,,,,
round_pairing,Round 5,13,425,716,tw75820315,,3,tw32214798,,3,,,,,
round_pairing,Round 5,13,365,718,tw75964030,,3,tw62300636,,3,,,,,
round_pairing,Round 5,13,255,719,tw76059026,,6,tw18638755,,6,,,,,
round_pairing,Round 5,13,315,720,tw76132946,,6,tw62067344,,6,,,,,
round_pairing,Round 5,13,306,721,tw76258268,,6,tw52595130,,6,,,,,
round_pairing,Round 5,13,87,722,tw76309421,,9,tw83905127,,9,,,,,
round_pairing,Round 5,13,171,723,tw76529055,,6,tw44207012,,6,,,,,
round_pairing,Round 5,13,218,725,tw76784634,,6,tw32240000,,6,,,,,
round_pairing,Round 5,13,186,726,tw76925363,,6,tw32830944,,6,,,,,
round_pairing,Round 5,13,167,727,tw76994845,,6,tw70897596,,6,,,,,
round_pairing,Round 5,13,80,728,tw77206748,,9,tw97370246,,9,,,,,
round_pairing,Round 5,13,445,729,tw77295390,,0,tw96093664,,0,,,,,
round_pairing,Round 5,13,211,731,tw77550830,,6,tw69804633,,6,,,,,
round_pairing,Round 5,13,297,732,tw77606795,,6,tw47341841,,6,,,,,
round_pairing,Round 5,13,123,733,tw77699656,,9,tw59096586,,9,,,,,
round_pairing,Round 5,13,347,734,tw77721211,,3,tw21922568,,3,,,,,
round_pairing,Round 5,13,383,735,tw77877383,,3,tw71768773,,3,,,,,
round_pairing,Round 5,13,296,737,tw78077476,,6,tw58028303,,6,,,,,
round_pairing,Round 5,13,52,738,tw78144908,,9,tw50841430,,9,,,,,
round_pairing,Round 5,13,43,739,tw78403870,,9,tw42563834,,9,,,,,
round_pairing,Round 5,13,162,740,tw78539182,,6,tw99853156,,6,,,,,
round_pairing,Round 5,13,2,742,tw78657682,,12,tw94173678,,12,,,,,
round_pairing,Round 5,13,184,743,tw78681290,,6,tw46002856,,6,,,,,
round_pairing,Round 5,13,440,747,tw79221888,,0,tw52301948,,0,,,,,
round_pairing,Round 5,13,333,748,tw79250738,,3,tw04255506,,3,,,,,
round_pairing,Round 5,13,208,749,tw79270381,,6,tw41670381,,6,,,,,
round_pairing,Round 5,13,154,751,tw79411276,,6,tw01909140,,6,,,,,
round_pairing,Round 5,13,327,752,tw79434198,,6,tw50795757,,6,,,,,
round_pairing,Round 5,13,385,753,tw79476009,,3,tw25634182,,3,,,,,
round_pairing,Round 5,13,391,755,tw79723871,,3,tw31949622,,3,,,,,
round_pairing,Round 5,13,119,756,tw79834153,,9,tw68763677,,9,,,,,
round_pairing,Round 5,13,288,757,tw79992941,,6,tw60440420,,6,,,,,
round_pairing,Round 5,13,143,759,tw80138989,,9,tw69069593,,9,,,,,
round_pairing,Round 5,13,73,760,tw80267696,,9,tw71493841,,9,,,,,
round_pairing,Round 5,13,229,761,tw80392170,,6,tw90183762,,6,,,,,
round_pairing,Round 5,14,20,762,tw80521031,,12,tw61279434,,12,,,,,
round_pairing,Round 5,14,299,763,tw81060661,,6,tw51147332,,6,,,,,
round_pairing,Round 5,14,217,764,tw81066465,,6,tw01150243,,6,,,,,
round_pairing,Round 5,14,359,765,tw81250238,,3,tw60794190,,3,,,,,
round_pairing,Round 5,14,400,766,tw81268957,,3,tw41073870,,3,,,,,
round_pairing,Round 5,14,276,767,tw81291690,,6,tw64845965,,6,,,,,
round_pairing,Round 5,14,387,768,tw81389651,,3,tw72928053,,3,,,,,
round_pairing,Round 5,14,213,769,tw81562455,,6,tw48927744,,6,,,,,
round_pairing,Round 5,14,265,770,tw81599190,,6,tw90337288,,6,,,,,
round_pairing,Round 5,14,203,771,tw81736494,,6,tw05399034,,6,,,,,
round_pairing,Round 5,14,57,772,tw82001299,,9,tw90485112,,9,,,,,
round_pairing,Round 5,14,115,773,tw82109498,,9,tw87316906,,9,,,,,
round_pairing,Round 5,14,219,774,tw82119121,,6,tw72829984,,6,,,,,
round_pairing,Round 5,14,142,775,tw82263693,,9,tw29821490,,9,,,,,
round_pairing,Round 5,14,230,776,tw82370377,,6,tw04086904,,6,,,,,
round_pairing,Round 5,14,274,777,tw82516603,,6,tw04119157,,6,,,,,
round_pairing,Round 5,14,32,778,tw82556653,,9,tw16965198,,9,,,,,
round_pairing,Round 5,14,317,779,tw82559799,,6,tw99256533,,6,,,,,
round_pairing,Round 5,14,194,780,tw82566333,,6,tw63238788,,6,,,,,
round_pairing,Round 5,14,405,781,tw82751826,,3,tw57767899,,3,,,,,
round_pairing,Round 5,14,204,783,tw82878504,,6,tw51891548,,6,,,,,
round_pairing,Round 5,14,68,784,tw82981600,,9,tw63343435,,9,,,,,
round_pairing,Round 5,14,356,785,tw83071268,,3,tw11015212,,3,,,,,
round_pairing,Round 5,14,200,786,tw83160193,,6,tw00572856,,6,,,,,
round_pairing,Round 5,14,422,787,tw83161210,,3,tw14910247,,3,,,,,
round_pairing,Round 5,14,173,788,tw83606083,,6,tw38236579,,6,,,,,
round_pairing,Round 5,14,58,789,tw83751916,,9,tw05130167,,9,,,,,
round_pairing,Round 5,14,87,790,tw83905127,,9,tw76309421,,9,,,,,
round_pairing,Round 5,14,430,792,tw84406921,,3,tw13434296,,3,,,,,
round_pairing,Round 5,14,30,793,tw84462905,,12,tw10410998,,12,,,,,
round_pairing,Round 5,14,89,794,tw84828731,,9,tw13638158,,9,,,,,
round_pairing,Round 5,14,290,795,tw84916149,,6,tw99888650,,6,,,,,
round_pairing,Round 5,14,328,797,tw85067465,,6,tw30419396,,6,,,,,
round_pairing,Round 5,14,8,798,tw85147749,,12,tw40555668,,12,,,,,
round_pairing,Round 5,14,340,799,tw85233211,,3,tw18237771,,3,,,,,
round_pairing,Round 5,14,319,800,tw85254693,,6,tw55765174,,6,,,,,
round_pairing,Round 5,14,304,801,tw85563070,,6,tw47077924,,6,,,,,
round_pairing,Round 5,14,55,803,tw85855405,,9,tw23649439,,9,,,,,
round_pairing,Round 5,14,42,804,tw86056382,,9,tw74033297,,9,,,,,
round_pairing,Round 5,14,159,806,tw86700066,,6,tw42186430,,6,,,,,
round_pairing,Round 5,14,404,807,tw87015354,,3,tw42912360,,3,,,,,
round_pairing,Round 5,14,278,808,tw87270242,,6,tw73034465,,6,,,,,
round_pairing,Round 5,14,115,809,tw87316906,,9,tw82109498,,9,,,,,
round_pairing,Round 5,14,374,810,tw87510571,,3,tw92986536,,3,,,,,
round_pairing,Round 5,14,31,811,tw87713934,,9,tw41609662,,12,,,,,
round_pairing,Round 5,14,371,812,tw87745948,,3,tw27495272,,3,,,,,
round_pairing,Round 5,14,251,814,tw88117485,,6,tw96887599,,6,,,,,
round_pairing,Round 5,14,358,815,tw88178510,,3,tw19291467,,3,,,,,
round_pairing,Round 5,14,221,816,tw88407488,,6,tw17748447,,6,,,,,
round_pairing,Round 5,14,226,817,tw88506619,,6,tw98649601,,6,,,,,
round_pairing,Round 5,15,232,818,tw88706430,,6,tw93786634,,6,,,,,
round_pairing,Round 5,15,155,819,tw88792767,,6,tw70591612,,6,,,,,
round_pairing,Round 5,15,283,820,tw88860465,,6,tw88780324,,6,,,,,
round_pairing,Round 5,15,302,821,tw89040038,,6,tw96387195,,6,,,,,
round_pairing,Round 5,15,243,822,tw89047117,,6,tw66134077,,6,,,,,
round_pairing,Round 5,15,206,823,tw89297350,,6,tw33811608,,6,,,,,
round_pairing,Round 5,15,113,824,tw89407764,,9,tw62020476,,9,,,,,
round_pairing,Round 5,15,93,825,tw89449964,,9,tw08814300,,9,,,,,
round_pairing,Round 5,15,12,826,tw89609352,,12,tw46738666,,12,,,,,
round_pairing,Round 5,15,382,830,tw89811739,,3,tw28728192,,3,,,,,
round_pairing,Round 5,15,216,831,tw90018469,,6,tw70903147,,6,,,,,
round_pairing,Round 5,15,229,832,tw90183762,,6,tw80392170,,6,,,,,
round_pairing,Round 5,15,265,833,tw90337288,,6,tw81599190,,6,,,,,
round_pairing,Round 5,15,57,835,tw90485112,,9,tw82001299,,9,,,,,
round_pairing,Round 5,15,234,836,tw90553997,,6,tw44475314,,6,,,,,
round_pairing,Round 5,15,303,837,tw90556916,,6,tw62324389,,6,,,,,
round_pairing,Round 5,15,164,838,tw90564971,,6,tw37453841,,6,,,,,
round_pairing,Round 5,15,423,839,tw90671632,,3,tw91555335,,3,,,,,
round_pairing,Round 5,15,69,843,tw90996252,,9,tw33002183,,9,,,,,
round_pairing,Round 5,15,423,844,tw91555335,,3,tw90671632,,3,,,,,
round_pairing,Round 5,15,237,845,tw91594481,,6,tw97275186,,6,,,,,
round_pairing,Round 5,15,326,846,tw91627311,,6,tw15028008,,6,,,,,
round_pairing,Round 5,15,131,847,tw91823318,,9,tw29404493,,9,,,,,
round_pairing,Round 5,15,260,848,tw91997638,,6,tw15392207,,6,,,,,
round_pairing,Round 5,15,137,850,tw92224806,,9,tw02826499,,9,,,,,
round_pairing,Round 5,15,37,852,tw92466220,,9,tw16728082,,9,,,,,
round_pairing,Round 5,15,97,853,tw92544749,,9,tw27308734,,9,,,,,
round_pairing,Round 5,15,34,854,tw92680673,,9,tw13624938,,9,,,,,
round_pairing,Round 5,15,427,855,tw92814087,,3,tw06147611,,3,,,,,
round_pairing,Round 5,15,388,856,tw92891852,,3,tw95401245,,3,,,,,
round_pairing,Round 5,15,374,857,tw92986536,,3,tw87510571,,3,,,,,
round_pairing,Round 5,15,90,858,tw93020902,,9,tw68954029,,9,,,,,
round_pairing,Round 5,15,287,859,tw93021016,,6,tw24928885,,6,,,,,
round_pairing,Round 5,15,362,860,tw93054506,,3,tw67696706,,3,,,,,
round_pairing,Round 5,15,133,861,tw93076075,,9,tw05914722,,9,,,,,
round_pairing,Round 5,15,192,862,tw93405316,,6,tw56416986,,6,,,,,
round_pairing,Round 5,15,286,863,tw93433450,,6,tw19377792,,6,,,,,
round_pairing,Round 5,15,350,864,tw93529525,,3,tw49441410,,3,,,,,
round_pairing,Round 5,15,271,865,tw93754264,,6,tw50820470,,6,,,,,
round_pairing,Round 5,15,341,866,tw93786012,,3,tw19393681,,3,,,,,
round_pairing,Round 5,15,232,867,tw93786634,,6,tw88706430,,6,,,,,
round_pairing,Round 5,15,141,868,tw93858918,,9,tw06393443,,9,,,,,
round_pairing,Round 5,15,185,871,tw93999361,,6,tw29731640,,6,,,,,
round_pairing,Round 5,15,398,872,tw94142249,,3,tw00181149,,3,,,,,
round_pairing,Round 5,15,149,873,tw94156469,,9,tw41286139,,9,,,,,
round_pairing,Round 5,15,2,874,tw94173678,,12,tw78657682,,12,,,,,
round_pairing,Round 5,15,228,875,tw94370408,,6,tw17830710,,6,,,,,
round_pairing,Round 5,15,314,876,tw94518932,,6,tw25488947,,6,,,,,
round_pairing,Round 5,15,448,878,tw94748404,,0,tw30998847,,0,,,,,
round_pairing,Round 5,15,197,879,tw95198982,,6,tw58835877,,6,,,,,
round_pairing,Round 5,16,177,880,tw95261451,,6,tw09239240,,6,,,,,
round_pairing,Round 5,16,388,881,tw95401245,,3,tw92891852,,3,,,,,
round_pairing,Round 5,16,375,882,tw95547681,,3,tw06072288,,3,,,,,
round_pairing,Round 5,16,258,883,tw95566595,,6,tw37855988,,6,,,,,
round_pairing,Round 5,16,178,885,tw95656910,,6,tw05197795,,6,,,,,
round_pairing,Round 5,16,320,886,tw95668915,,6,tw48596346,,6,,,,,
round_pairing,Round 5,16,415,887,tw95746707,,3,tw26839664,,3,,,,,
round_pairing,Round 5,16,429,888,tw95818310,,3,tw40786209,,3,,,,,
round_pairing,Round 5,16,48,889,tw95954871,,9,tw23764220,,9,,,,,
round_pairing,Round 5,16,445,890,tw96093664,,0,tw77295390,,0,,,,,
round_pairing,Round 5,16,414,891,tw96137948,,3,tw05980017,,3,,,,,
round_pairing,Round 5,16,249,892,tw96310928,,6,tw52951111,,6,,,,,
round_pairing,Round 5,16,302,893,tw96387195,,6,tw89040038,,6,,,,,
round_pairing,Round 5,16,165,894,tw96648029,,6,tw64567116,,6,,,,,
round_pairing,Round 5,16,251,895,tw96887599,,6,tw88117485,,6,,,,,
round_pairing,Round 5,16,289,896,tw96947201,,6,tw62599498,,6,,,,,
round_pairing,Round 5,16,420,897,tw97135519,,3,tw02002019,,3,,,,,
round_pairing,Round 5,16,101,898,tw97138451,,9,tw47612491,,9,,,,,
round_pairing,Round 5,16,46,899,tw97165922,,9,tw02105248,,9,,,,,
round_pairing,Round 5,16,237,900,tw97275186,,6,tw91594481,,6,,,,,
round_pairing,Round 5,16,80,901,tw97370246,,9,tw77206748,,9,,,,,
round_pairing,Round 5,16,187,902,tw97384556,,6,tw69685808,,6,,,,,
round_pairing,Round 5,16,242,903,tw97546030,,6,tw35995465,,6,,,,,
round_pairing,Round 5,16,28,904,tw97567728,,12,tw50858481,,12,,,,,
round_pairing,Round 5,16,124,905,tw97666473,,9,tw25000553,,9,,,,,
round_pairing,Round 5,16,353,906,tw97703685,,3,tw35187586,,3,,,,,
round_pairing,Round 5,16,417,907,tw97807535,,3,tw53446977,,3,,,,,
round_pairing,Round 5,16,81,908,tw97885633,,9,tw07329342,,9,,,,,
round_pairing,Round 5,16,252,909,tw97931731,,6,tw05246772,,6,,,,,
round_pairing,Round 5,16,312,910,tw97995384,,6,tw07460167,,6,,,,,
round_pairing,Round 5,16,60,911,tw98129328,,9,tw30236831,,9,,,,,
round_pairing,Round 5,16,300,912,tw98211582,,6,tw44821842,,6,,,,,
round_pairing,Round 5,16,226,914,tw98649601,,6,tw88506619,,6,,,,,
round_pairing,Round 5,16,126,915,tw98707657,,9,tw26953449,,9,,,,,
round_pairing,Round 5,16,47,916,tw98985840,,9,tw64203769,,9,,,,,
round_pairing,Round 5,16,220,919,tw99086788,,6,tw01014532,,6,,,,,
round_pairing,Round 5,16,39,920,tw99140905,,9,tw22969264,,9,,,,,
round_pairing,Round 5,16,349,921,tw99241716,,3,tw00918141,,3,,,,,
round_pairing,Round 5,16,317,922,tw99256533,,6,tw82559799,,6,,,,,
round_pairing,Round 5,16,109,923,tw99346363,,9,tw40696414,,9,,,,,
round_pairing,Round 5,16,370,924,tw99373374,,3,tw77975837,,3,,,,,
round_pairing,Round 5,16,83,925,tw99386256,,9,tw41398048,,9,,,,,
round_pairing,Round 5,16,439,927,tw99714386,,0,tw69219642,,0,,,,,
round_pairing,Round 5,16,162,929,tw99853156,,6,tw78539182,,6,,,,,
round_pairing,Round 5,16,290,930,tw99888650,,6,tw84916149,,6,,,,,
round_pairing,Round 5,16,14,931,tw99926791,,12,tw66588143,,12,,,,,
round_pairing,Round 5,16,7,932,tw99958274,,12,tw68165427,,12,,,,,
round_pairing,Round 5,16,246,933,tw99968646,,6,tw45233917,,6,,,,,
round_pairing,Round 5,16,442,1016,tw86681382,,0,tw24207778,,0,,,,,
round_pairing,Round 5,16,42,1024,tw74033297,,9,tw86056382,,9,,,,,
round_pairing,Round 5,17,172,1043,tw71003592,,6,tw43633449,,6,,,,,
round_pairing,Round 5,17,181,1044,tw79621968,,6,tw33884578,,6,,,,,
round_pairing,Round 5,17,394,1046,tw02367054,,3,tw33433069,,3,,,,,
round_pairing,Round 5,17,337,1059,tw82289672,,3,tw48408173,,3,,,,,
round_pairing,Round 5,17,104,1065,tw08457807,,9,tw16152234,,9,,,,,
round_pairing,Round 5,17,117,1107,tw42204590,,9,tw16621728,,9,,,,,
round_pairing,Round 5,17,401,1111,tw15800518,,3,tw64656626,,3,,,,,
round_pairing,Round 5,17,408,1112,tw49826410,,3,tw64793736,,3,,,,,
round_pairing,Round 5,17,444,1114,tw34649223,,0,tw66907796,,0,,,,,
round_pairing,Round 5,17,283,1116,tw88780324,,6,tw88860465,,6,,,,,
round_pairing,Round 5,17,273,1122,tw47117803,,6,tw68822994,,6,,,,,
round_pairing,Round 5,17,10,1136,tw67036456,,12,tw18276049,,12,,,,,
round_pairing,Round 5,17,338,1150,tw18458528,,3,tw08740331,,3,,,,,
round_pairing,Round 5,17,269,1155,tw23875590,,6,tw23249034,,6,,,,,
round_pairing,Round 5,17,4,1164,tw86324740,,12,tw63334587,,12,,,,,
round_pairing,Round 5,17,370,1194,tw77975837,,3,tw99373374,,3,,,,,
round_pairing,Round 5,17,254,1199,tw17401165,,6,tw54347311,,6,,,,,
round_pairing,Round 5,17,165,1200,tw64567116,,6,tw96648029,,6,,,,,
round_pairing,Round 5,17,435,1216,tw53090983,,0,tw25188472,,0,,,,,
round_pairing,Round 5,17,125,1223,tw61227623,,9,tw42455002,,9,,,,,
round_pairing,Round 5,17,318,1225,tw11608088,,6,tw45615575,,6,,,,,
round_pairing,Round 5,17,182,1237,tw17763984,,6,tw57196950,,6,,,,,
round_pairing,Round 5,17,372,1243,tw39114696,,3,tw56387935,,3,,,,,
round_pairing,Round 5,17,404,1249,tw42912360,,3,tw87015354,,3,,,,,
round_pairing,Round 5,17,196,1255,tw87844149,,6,tw39290085,,6,,,,,
round_pairing,Round 5,17,402,1274,tw36167036,,3,tw71131892,,3,,,,,
round_pairing,Round 5,17,268,1278,tw21654272,,6,tw18468179,,6,,,,,
round_pairing,Round 5,17,205,1291,tw24694611,,6,tw62197981,,6,,,,,
round_pairing,Round 5,17,307,1303,tw48526697,,6,tw11570874,,6,,,,,
round_pairing,Round 5,17,340,1308,tw18237771,,3,tw85233211,,3,,,,,
round_pairing,Round 5,17,342,1309,tw36869316,,3,tw37823321,,3,,,,,
round_pairing,Round 5,17,306,1310,tw52595130,,6,tw76258268,,6,,,,,
round_pairing,Round 5,17,292,1330,tw93829445,,6,tw53806573,,6,,,,,
round_pairing,Round 5,17,91,1336,tw58776465,,9,tw05207217,,9,,,,,
round_pairing,Round 5,17,409,1338,tw74641243,,3,tw24708906,,3,,,,,
round_pairing,Round 5,17,443,1347,tw90897983,,0,tw59649267,,0,,,,,
round_pairing,Round 5,17,114,1387,tw70891974,,9,tw38086655,,9,,,,,
round_pairing,Round 5,17,102,1405,tw88775820,,9,tw22807189,,9,,,,,
round_pairing,Round 5,17,351,1419,tw97135682,,3,tw45696531,,3,,,,,
round_pairing,Round 5,17,366,1433,tw77798178,,3,tw46643692,,3,,,,,
round_pairing,Round 5,17,170,1444,tw17356132,,6,tw23209128,,6,,,,,
round_pairing,Round 5,17,132,1445,tw67295326,,9,tw17095405,,9,,,,,
round_pairing,Round 5,17,355,1450,tw40188987,,3,tw03376553,,3,,,,,
round_pairing,Round 5,17,447,1456,tw84048586,,0,tw57062134,,0,,,,,
round_pairing,Round 5,17,16,1458,tw27758570,,12,tw57017359,,12,,,,,
round_pairing,Round 5,17,354,1459,tw12331692,,3,tw09914156,,3,,,,,
round_pairing,Round 5,17,389,1476,tw92969664,,3,tw09194772,,3,,,,,
round_pairing,Round 5,17,346,1495,tw24845900,,3,tw69425578,,3,,,,,
round_pairing,Round 5,17,88,1505,tw26175828,,9,tw75204861,,9,,,,,
round_pairing,Round 5,17,85,1522,tw79802506,,9,tw71598135,,9,,,,,
round_pairing,Round 5,18,249,1533,tw52951111,,6,tw96310928,,6,,,,,
round_pairing,Round 5,18,188,1536,tw84386196,,6,tw68046375,,6,,,,,
round_pairing,Round 5,18,4,1556,tw63334587,,12,tw86324740,,12,,,,,
round_pairing,Round 5,18,110,1583,tw69848864,,9,tw50328610,,9,,,,,
round_pairing,Round 5,18,72,1584,tw24261609,,9,tw48793078,,9,,,,,
round_pairing,Round 5,18,123,1606,tw59096586,,9,tw77699656,,9,,,,,
round_pairing,Round 5,18,282,1611,tw93660736,,6,tw45713741,,6,,,,,
round_pairing,Round 5,18,424,1617,tw77637602,,3,tw03472100,,3,,,,,
round_pairing,Round 5,18,437,1618,tw21394889,,0,tw44649735,,0,,,,,
round_pairing,Round 5,18,17,1625,tw39894258,,12,tw55210501,,12,,,,,
round_pairing,Round 5,18,348,1663,tw70378594,,3,tw67984683,,3,,,,,
round_pairing,Round 5,18,78,1683,tw13487252,,9,tw08876514,,9,,,,,
round_pairing,Round 5,18,336,1689,tw39185310,,3,tw40377456,,3,,,,,
round_pairing,Round 5,18,365,1694,tw62300636,,3,tw75964030,,3,,,,,
round_pairing,Round 5,18,443,1726,tw59649267,,0,tw90897983,,0,,,,,
round_pairing,Round 5,18,183,1736,tw37173355,,6,tw40135779,,6,,,,,
round_pairing,Round 5,18,390,1738,tw22480109,,3,tw62459529,,3,,,,,
round_pairing,Round 5,18,193,1745,tw47478004,,6,tw02559687,,6,,,,,
round_pairing,Round 5,18,13,1761,tw71861265,,12,tw45178021,,12,,,,,
round_pairing,Round 5,18,264,1765,tw26319522,,6,tw28285341,,6,,,,,
round_pairing,Round 5,18,51,1772,tw32869182,,9,tw72464013,,9,,,,,
round_pairing,Round 5,18,231,1792,tw59648008,,6,tw41429367,,6,,,,,
round_pairing,Round 5,18,150,1793,tw26089798,,9,tw09964738,,9,,,,,
round_pairing,Round 5,18,74,1795,tw85026999,,9,tw72887037,,9,,,,,
round_pairing,Round 5,18,136,1803,tw88521370,,9,tw60311204,,9,,,,,
round_pairing,Round 5,18,309,1805,tw68790007,,6,tw59462193,,6,,,,,
round_pairing,Round 5,18,182,1815,tw57196950,,6,tw17763984,,6,,,,,
round_pairing,Round 5,18,163,1828,tw02578849,,6,tw09490592,,6,,,,,
round_pairing,Round 5,18,381,1831,tw95521825,,3,tw48962901,,3,,,,,
round_pairing,Round 5,18,343,1847,tw01233994,,3,tw71559250,,3,,,,,
round_pairing,Round 5,18,62,1852,tw84991038,,9,tw04156058,,9,,,,,
round_pairing,Round 5,18,263,1859,tw76039193,,6,tw13090534,,6,,,,,
round_pairing,Round 5,18,186,1869,tw32830944,,6,tw76925363,,6,,,,,
round_pairing,Round 5,18,310,1886,tw86831721,,6,tw98480968,,6,,,,,
round_pairing,Round 5,18,11,1899,tw07314439,,12,tw27736985,,12,,,,,
round_pairing,Round 5,18,394,1913,tw33433069,,3,tw02367054,,3,,,,,
round_pairing,Round 5,18,403,1915,tw63175199,,3,tw63735317,,3,,,,,
round_pairing,Round 5,18,310,1922,tw98480968,,6,tw86831721,,6,,,,,
round_pairing,Round 5,18,40,1944,tw44917576,,9,tw46377157,,9,,,,,
round_pairing,Round 5,18,27,1958,tw36712780,,12,tw26020639,,12,,,,,
round_pairing,Round 5,18,45,1981,tw62529006,,9,tw42938387,,9,,,,,
round_pairing,Round 5,18,244,1987,tw85516442,,6,tw45403885,,6,,,,,
round_pairing,Round 5,18,169,1988,tw53974581,,6,tw60567990,,6,,,,,
round_pairing,Round 5,18,66,1998,tw73831583,,9,tw72333956,,9,,,,,
round_pairing,Round 5,18,160,2000,tw52974697,,6,tw49877892,,6,,,,,
round_pairing,Round 5,18,52,2199,tw50841430,,9,tw78144908,,9,,,,,
round_pairing,Round 6,1,100,1,tw00026251,,9,tw24928885,,9,,,,,
round_pairing,Round 6,1,172,2,tw00106184,,9,tw54347311,,9,,,,,
round_pairing,Round 6,1,360,3,tw00114747,,6,tw00968448,,6,,,,,
round_pairing,Round 6,1,250,4,tw00162182,,6,tw61792938,,6,,,,,
round_pairing,Round 6,1,324,5,tw00181149,,6,tw89040038,,6,,,,,
round_pairing,Round 6,1,126,6,tw00387540,,9,tw46002856,,9,,,,,
round_pairing,Round 6,1,282,7,tw00531440,,6,tw31949622,,6,,,,,
round_pairing,Round 6,1,116,8,tw00572856,,9,tw32722359,,9,,,,,
round_pairing,Round 6,1,49,10,tw00787146,,12,tw50328610,,12,,,,,
round_pairing,Round 6,1,31,11,tw00831574,,12,tw80521031,,12,,,,,
round_pairing,Round 6,1,387,12,tw00918141,,3,tw16569141,,3,,,,,
round_pairing,Round 6,1,360,13,tw00968448,,6,tw00114747,,6,,,,,
round_pairing,Round 6,1,199,15,tw01014532,,9,tw74682364,,9,,,,,
round_pairing,Round 6,1,319,16,tw01024875,,6,tw97703685,,6,,,,,
round_pairing,Round 6,1,110,17,tw01150243,,9,tw61227623,,9,,,,,
round_pairing,Round 6,1,154,18,tw01478107,,9,tw13298067,,9,,,,,
round_pairing,Round 6,1,293,19,tw01909140,,6,tw92986536,,6,,,,,
round_pairing,Round 6,1,380,20,tw02002019,,3,tw22183935,,3,,,,,
round_pairing,Round 6,1,146,21,tw02105248,,9,tw22214921,,9,,,,,
round_pairing,Round 6,1,21,22,tw02172047,,12,tw50841430,,12,,,,,
round_pairing,Round 6,1,187,23,tw02211815,,9,tw96387195,,9,,,,,
round_pairing,Round 6,1,303,24,tw02559687,,6,tw95566595,,6,,,,,
round_pairing,Round 6,1,61,26,tw02826499,,12,tw97567728,,12,,,,,
round_pairing,Round 6,1,230,27,tw02856732,,9,tw41283932,,9,,,,,
round_pairing,Round 6,1,410,29,tw02991787,,3,tw72630270,,3,,,,,
round_pairing,Round 6,1,69,30,tw03094722,,12,tw67295326,,12,,,,,
round_pairing,Round 6,1,179,32,tw03193944,,9,tw26670105,,9,,,,,
round_pairing,Round 6,1,406,33,tw03226408,,3,tw33097520,,3,,,,,
round_pairing,Round 6,1,367,34,tw03376553,,3,tw08969542,,3,,,,,
round_pairing,Round 6,1,383,35,tw03469638,,3,tw25188472,,3,,,,,
round_pairing,Round 6,1,247,36,tw03472100,,6,tw88178510,,6,,,,,
round_pairing,Round 6,1,372,40,tw04057117,,3,tw04255506,,3,,,,,
round_pairing,Round 6,1,14,42,tw04061481,,15,tw89609352,,15,,,,,
round_pairing,Round 6,1,185,43,tw04086904,,9,tw04156058,,9,,,,,
round_pairing,Round 6,1,205,44,tw04119157,,9,tw70273656,,9,,,,,
round_pairing,Round 6,1,185,45,tw04156058,,9,tw04086904,,9,,,,,
round_pairing,Round 6,1,372,46,tw04255506,,3,tw04057117,,3,,,,,
round_pairing,Round 6,1,323,47,tw04457744,,6,tw47077924,,6,,,,,
round_pairing,Round 6,1,121,49,tw04552155,,9,tw29404493,,9,,,,,
round_pairing,Round 6,1,375,50,tw04566463,,3,tw09194772,,3,,,,,
round_pairing,Round 6,1,70,51,tw04713199,,12,tw13487252,,12,,,,,
round_pairing,Round 6,1,122,52,tw04797990,,9,tw67940713,,9,,,,,
round_pairing,Round 6,1,99,53,tw04959593,,9,tw31941216,,9,,,,,
round_pairing,Round 6,1,166,54,tw05130167,,9,tw60920600,,9,,,,,
round_pairing,Round 6,1,353,55,tw05182930,,6,tw64845965,,6,,,,,
round_pairing,Round 6,1,276,56,tw05197795,,6,tw26839664,,6,,,,,
round_pairing,Round 6,1,216,57,tw05207217,,9,tw82001299,,9,,,,,
round_pairing,Round 6,1,336,58,tw05246772,,6,tw84916149,,6,,,,,
round_pairing,Round 6,1,58,59,tw05270520,,12,tw18906406,,12,,,,,
round_pairing,Round 6,1,188,60,tw05399034,,9,tw24266071,,9,,,,,
round_pairing,Round 6,2,398,61,tw05908621,,3,tw07182365,,3,,,,,
round_pairing,Round 6,2,219,62,tw05914722,,9,tw69685808,,9,,,,,
round_pairing,Round 6,2,301,64,tw06072288,,6,tw75820315,,6,,,,,
round_pairing,Round 6,2,299,65,tw06147611,,6,tw97995384,,6,,,,,
round_pairing,Round 6,2,314,66,tw06225308,,6,tw78681290,,6,,,,,
round_pairing,Round 6,2,89,67,tw06393443,,12,tw71550438,,12,,,,,
round_pairing,Round 6,2,352,68,tw06441088,,6,tw27817384,,6,,,,,
round_pairing,Round 6,2,169,69,tw06554451,,9,tw13462937,,9,,,,,
round_pairing,Round 6,2,38,70,tw06911704,,12,tw73358187,,12,,,,,
round_pairing,Round 6,2,39,71,tw06996284,,12,tw41286139,,12,,,,,
round_pairing,Round 6,2,7,72,tw07020662,,15,tw09574160,,15,,,,,
round_pairing,Round 6,2,398,73,tw07182365,,3,tw05908621,,3,,,,,
round_pairing,Round 6,2,124,74,tw07329342,,9,tw42563834,,9,,,,,
round_pairing,Round 6,2,20,75,tw07410887,,12,tw54739989,,12,,,,,
round_pairing,Round 6,2,180,76,tw07460167,,9,tw70903147,,9,,,,,
round_pairing,Round 6,2,256,77,tw07615948,,6,tw81736494,,6,,,,,
round_pairing,Round 6,2,288,78,tw07927124,,6,tw20375005,,6,,,,,
round_pairing,Round 6,2,414,81,tw08740331,,3,tw46945068,,3,,,,,
round_pairing,Round 6,2,167,82,tw08814300,,9,tw82878504,,9,,,,,
round_pairing,Round 6,2,200,83,tw08876514,,9,tw72148746,,9,,,,,
round_pairing,Round 6,2,367,84,tw08969542,,3,tw03376553,,3,,,,,
round_pairing,Round 6,2,375,85,tw09194772,,3,tw04566463,,3,,,,,
round_pairing,Round 6,2,73,86,tw09225948,,12,tw90996252,,12,,,,,
round_pairing,Round 6,2,363,87,tw09239240,,6,tw14910247,,6,,,,,
round_pairing,Round 6,2,78,89,tw09468385,,12,tw85855405,,12,,,,,
round_pairing,Round 6,2,60,90,tw09480115,,12,tw44468313,,12,,,,,
round_pairing,Round 6,2,275,91,tw09490592,,6,tw22007891,,6,,,,,
round_pairing,Round 6,2,268,92,tw09503218,,6,tw09772052,,6,,,,,
round_pairing,Round 6,2,7,93,tw09574160,,15,tw07020662,,15,,,,,
round_pairing,Round 6,2,320,94,tw09704151,,6,tw30976792,,6,,,,,
round_pairing,Round 6,2,268,95,tw09772052,,6,tw09503218,,6,,,,,
round_pairing,Round 6,2,397,96,tw09914156,,3,tw62459529,,3,,,,,
round_pairing,Round 6,2,46,97,tw09964738,,12,tw30898169,,12,,,,,
round_pairing,Round 6,2,421,98,tw10304280,,0,tw35360901,,0,,,,,
round_pairing,Round 6,2,1,99,tw10410998,,15,tw67036456,,15,,,,,
round_pairing,Round 6,2,13,100,tw10467123,,15,tw61279434,,15,,,,,
round_pairing,Round 6,2,125,101,tw10700633,,9,tw50414993,,9,,,,,
round_pairing,Round 6,2,347,102,tw11015212,,6,tw52149734,,6,,,,,
round_pairing,Round 6,2,186,104,tw11292760,,9,tw43322316,,9,,,,,
round_pairing,Round 6,2,300,105,tw11498239,,6,tw81060661,,6,,,,,
round_pairing,Round 6,2,189,106,tw11499785,,9,tw42979297,,9,,,,,
round_pairing,Round 6,2,297,107,tw11570874,,6,tw90553997,,6,,,,,
round_pairing,Round 6,2,287,108,tw11612248,,6,tw50820470,,6,,,,,
round_pairing,Round 6,2,29,109,tw11642031,,12,tw67759215,,12,,,,,
round_pairing,Round 6,2,156,110,tw11739209,,9,tw32907703,,9,,,,,
round_pairing,Round 6,2,193,111,tw12035691,,9,tw52951111,,9,,,,,
round_pairing,Round 6,2,67,114,tw12363623,,12,tw24261609,,12,,,,,
round_pairing,Round 6,2,98,115,tw12573104,,9,tw89297350,,9,,,,,
round_pairing,Round 6,2,196,116,tw12769027,,9,tw68851170,,9,,,,,
round_pairing,Round 6,2,226,118,tw13090534,,9,tw72699030,,9,,,,,
round_pairing,Round 6,3,392,119,tw13120137,,3,tw87510571,,3,,,,,
round_pairing,Round 6,3,181,120,tw13174665,,9,tw44821842,,9,,,,,
round_pairing,Round 6,3,344,121,tw13224458,,6,tw22480109,,6,,,,,
round_pairing,Round 6,3,135,122,tw13229345,,9,tw41398048,,9,,,,,
round_pairing,Round 6,3,154,123,tw13298067,,9,tw01478107,,9,,,,,
round_pairing,Round 6,3,283,124,tw13312253,,6,tw18638755,,6,,,,,
round_pairing,Round 6,3,338,125,tw13434296,,6,tw23209128,,6,,,,,
round_pairing,Round 6,3,204,126,tw13454619,,9,tw59471628,,9,,,,,
round_pairing,Round 6,3,169,127,tw13462937,,9,tw06554451,,9,,,,,
round_pairing,Round 6,3,223,128,tw13569448,,9,tw28193746,,9,,,,,
round_pairing,Round 6,3,63,129,tw13624938,,12,tw88521370,,12,,,,,
round_pairing,Round 6,3,26,130,tw13638158,,12,tw24570904,,12,,,,,
round_pairing,Round 6,3,331,131,tw13779097,,6,tw15023289,,6,,,,,
round_pairing,Round 6,3,240,132,tw13786805,,6,tw61600644,,6,,,,,
round_pairing,Round 6,3,243,133,tw13830995,,6,tw99086788,,6,,,,,
round_pairing,Round 6,3,361,136,tw14152067,,6,tw52488439,,6,,,,,
round_pairing,Round 6,3,309,138,tw14489518,,6,tw37823321,,6,,,,,
round_pairing,Round 6,3,143,139,tw14618138,,9,tw42309306,,9,,,,,
round_pairing,Round 6,3,326,141,tw14710630,,6,tw99373374,,6,,,,,
round_pairing,Round 6,3,103,142,tw14788730,,9,tw33884578,,9,,,,,
round_pairing,Round 6,3,363,143,tw14910247,,6,tw09239240,,6,,,,,
round_pairing,Round 6,3,331,144,tw15023289,,6,tw13779097,,6,,,,,
round_pairing,Round 6,3,79,145,tw15026318,,12,tw44917576,,12,,,,,
round_pairing,Round 6,3,337,146,tw15028008,,6,tw27495272,,6,,,,,
round_pairing,Round 6,3,239,147,tw15173588,,6,tw94370408,,6,,,,,
round_pairing,Round 6,3,134,148,tw15392207,,9,tw23249034,,9,,,,,
round_pairing,Round 6,3,233,149,tw15435377,,9,tw56605426,,9,,,,,
round_pairing,Round 6,3,253,150,tw15475553,,6,tw98211582,,6,,,,,
round_pairing,Round 6,3,366,151,tw15533641,,6,tw88117485,,6,,,,,
round_pairing,Round 6,3,87,155,tw16132632,,12,tw92466220,,12,,,,,
round_pairing,Round 6,3,32,156,tw16152234,,12,tw93076075,,12,,,,,
round_pairing,Round 6,3,159,157,tw16276326,,9,tw98129328,,9,,,,,
round_pairing,Round 6,3,136,158,tw16526802,,9,tw58028303,,9,,,,,
round_pairing,Round 6,3,387,159,tw16569141,,3,tw00918141,,3,,,,,
round_pairing,Round 6,3,50,160,tw16621728,,12,tw90485112,,12,,,,,
round_pairing,Round 6,3,114,161,tw16728082,,9,tw92680673,,9,,,,,
round_pairing,Round 6,3,45,163,tw16965198,,12,tw74568091,,12,,,,,
round_pairing,Round 6,3,358,164,tw17003070,,6,tw84386196,,6,,,,,
round_pairing,Round 6,3,91,165,tw17095405,,9,tw47117803,,9,,,,,
round_pairing,Round 6,3,391,166,tw17108307,,3,tw57767899,,3,,,,,
round_pairing,Round 6,3,66,167,tw17203659,,12,tw89407764,,12,,,,,
round_pairing,Round 6,3,417,169,tw17453360,,0,tw79221888,,0,,,,,
round_pairing,Round 6,3,395,170,tw17488993,,3,tw28728192,,3,,,,,
round_pairing,Round 6,3,393,171,tw17543456,,3,tw71131892,,3,,,,,
round_pairing,Round 6,3,289,173,tw17748447,,6,tw58188995,,6,,,,,
round_pairing,Round 6,3,175,174,tw17830710,,9,tw45458321,,9,,,,,
round_pairing,Round 6,3,371,175,tw18243923,,3,tw67696706,,3,,,,,
round_pairing,Round 6,3,57,176,tw18276049,,12,tw86324740,,12,,,,,
round_pairing,Round 6,3,68,177,tw18412271,,12,tw27758570,,12,,,,,
round_pairing,Round 6,3,139,179,tw18468179,,9,tw11608088,,9,,,,,
round_pairing,Round 6,4,283,180,tw18638755,,6,tw13312253,,6,,,,,
round_pairing,Round 6,4,158,181,tw18641143,,9,tw69602779,,9,,,,,
round_pairing,Round 6,4,165,182,tw18676231,,9,tw02578849,,9,,,,,
round_pairing,Round 6,4,238,183,tw18844404,,9,tw43331901,,9,,,,,
round_pairing,Round 6,4,252,184,tw18850000,,6,tw01233994,,6,,,,,
round_pairing,Round 6,4,58,185,tw18906406,,12,tw05270520,,12,,,,,
round_pairing,Round 6,4,249,186,tw19234685,,6,tw79621968,,6,,,,,
round_pairing,Round 6,4,384,187,tw19291467,,3,tw66575998,,3,,,,,
round_pairing,Round 6,4,273,188,tw19377792,,6,tw26529339,,6,,,,,
round_pairing,Round 6,4,373,189,tw19393681,,3,tw77975837,,3,,,,,
round_pairing,Round 6,4,349,190,tw19640601,,6,tw66555509,,6,,,,,
round_pairing,Round 6,4,236,193,tw20368538,,9,tw94518932,,9,,,,,
round_pairing,Round 6,4,288,194,tw20375005,,6,tw07927124,,6,,,,,
round_pairing,Round 6,4,214,195,tw20707479,,9,tw61583819,,9,,,,,
round_pairing,Round 6,4,244,196,tw20730540,,6,tw80392170,,6,,,,,
round_pairing,Round 6,4,151,197,tw20835300,,9,tw85563070,,9,,,,,
round_pairing,Round 6,4,56,200,tw21820105,,12,tw28750216,,12,,,,,
round_pairing,Round 6,4,385,201,tw21922568,,3,tw48889969,,3,,,,,
round_pairing,Round 6,4,275,202,tw22007891,,6,tw09490592,,6,,,,,
round_pairing,Round 6,4,380,203,tw22183935,,3,tw02002019,,3,,,,,
round_pairing,Round 6,4,146,204,tw22214921,,9,tw02105248,,9,,,,,
round_pairing,Round 6,4,52,205,tw22261784,,12,tw74033297,,12,,,,,
round_pairing,Round 6,4,388,206,tw22301558,,3,tw95547681,,3,,,,,
round_pairing,Round 6,4,173,208,tw22611326,,9,tw22969264,,9,,,,,
round_pairing,Round 6,4,201,209,tw22699669,,9,tw44047226,,9,,,,,
round_pairing,Round 6,4,59,210,tw22807189,,12,tw43380150,,12,,,,,
round_pairing,Round 6,4,173,211,tw22969264,,9,tw22611326,,9,,,,,
round_pairing,Round 6,4,362,212,tw22979539,,6,tw69971650,,6,,,,,
round_pairing,Round 6,4,338,213,tw23209128,,6,tw13434296,,6,,,,,
round_pairing,Round 6,4,134,215,tw23249034,,9,tw15392207,,9,,,,,
round_pairing,Round 6,4,127,217,tw23649439,,9,tw27308734,,9,,,,,
round_pairing,Round 6,4,285,218,tw23712439,,6,tw73917548,,6,,,,,
round_pairing,Round 6,4,24,220,tw23764220,,12,tw69663505,,12,,,,,
round_pairing,Round 6,4,376,221,tw24144676,,3,tw99714386,,3,,,,,
round_pairing,Round 6,4,188,223,tw24266071,,9,tw05399034,,9,,,,,
round_pairing,Round 6,4,322,225,tw24423291,,6,tw45404381,,6,,,,,
round_pairing,Round 6,4,394,226,tw24459657,,3,tw69576075,,3,,,,,
round_pairing,Round 6,4,26,227,tw24570904,,12,tw13638158,,12,,,,,
round_pairing,Round 6,4,258,228,tw24708906,,6,tw42912360,,6,,,,,
round_pairing,Round 6,4,357,229,tw24742864,,6,tw99968646,,6,,,,,
round_pairing,Round 6,4,148,230,tw24854365,,9,tw28510545,,9,,,,,
round_pairing,Round 6,4,100,231,tw24928885,,9,tw00026251,,9,,,,,
round_pairing,Round 6,4,75,232,tw25000553,,12,tw84462905,,12,,,,,
round_pairing,Round 6,4,383,234,tw25188472,,3,tw03469638,,3,,,,,
round_pairing,Round 6,4,330,235,tw25201840,,6,tw76039193,,6,,,,,
round_pairing,Round 6,4,365,236,tw25336636,,6,tw90564971,,6,,,,,
round_pairing,Round 6,4,339,237,tw25411458,,6,tw63171506,,6,,,,,
round_pairing,Round 6,4,274,238,tw25488947,,6,tw17401165,,6,,,,,
round_pairing,Round 6,4,228,239,tw25559677,,9,tw52578543,,9,,,,,
round_pairing,Round 6,4,317,240,tw25571112,,6,tw48927744,,6,,,,,
round_pairing,Round 6,5,318,241,tw25634182,,6,tw72174151,,6,,,,,
round_pairing,Round 6,5,8,244,tw26020639,,15,tw50567676,,15,,,,,
round_pairing,Round 6,5,163,246,tw26528058,,9,tw69804633,,9,,,,,
round_pairing,Round 6,5,273,247,tw26529339,,6,tw19377792,,6,,,,,
round_pairing,Round 6,5,179,248,tw26670105,,9,tw03193944,,9,,,,,
round_pairing,Round 6,5,276,249,tw26839664,,6,tw05197795,,6,,,,,
round_pairing,Round 6,5,47,250,tw26953449,,12,tw42527004,,12,,,,,
round_pairing,Round 6,5,127,252,tw27308734,,9,tw23649439,,9,,,,,
round_pairing,Round 6,5,11,253,tw27347873,,15,tw41805810,,15,,,,,
round_pairing,Round 6,5,3,254,tw27395288,,15,tw31422118,,15,,,,,
round_pairing,Round 6,5,221,255,tw27419844,,9,tw56468849,,9,,,,,
round_pairing,Round 6,5,337,256,tw27495272,,6,tw15028008,,6,,,,,
round_pairing,Round 6,5,6,257,tw27568465,,15,tw07314439,,15,,,,,
round_pairing,Round 6,5,18,260,tw27736985,,12,tw73106123,,12,,,,,
round_pairing,Round 6,5,352,262,tw27817384,,6,tw06441088,,6,,,,,
round_pairing,Round 6,5,333,263,tw27943796,,6,tw35995465,,6,,,,,
round_pairing,Round 6,5,23,266,tw28179733,,12,tw49388371,,12,,,,,
round_pairing,Round 6,5,223,267,tw28193746,,9,tw13569448,,9,,,,,
round_pairing,Round 6,5,356,268,tw28285341,,6,tw83606083,,6,,,,,
round_pairing,Round 6,5,313,269,tw28495767,,6,tw95521825,,6,,,,,
round_pairing,Round 6,5,148,270,tw28510545,,9,tw24854365,,9,,,,,
round_pairing,Round 6,5,415,271,tw28672728,,3,tw35684617,,0,,,,,
round_pairing,Round 6,5,395,272,tw28728192,,3,tw17488993,,3,,,,,
round_pairing,Round 6,5,56,273,tw28750216,,12,tw21820105,,12,,,,,
round_pairing,Round 6,5,420,274,tw28988843,,0,tw53090983,,0,,,,,
round_pairing,Round 6,5,15,275,tw29121960,,12,tw41609662,,12,,,,,
round_pairing,Round 6,5,195,276,tw29372557,,9,tw52806758,,9,,,,,
round_pairing,Round 6,5,403,277,tw29377361,,3,tw97807535,,3,,,,,
round_pairing,Round 6,5,121,278,tw29404493,,9,tw04552155,,9,,,,,
round_pairing,Round 6,5,93,279,tw29518941,,9,tw26319522,,9,,,,,
round_pairing,Round 6,5,149,280,tw29536370,,9,tw33002183,,9,,,,,
round_pairing,Round 6,5,97,281,tw29731640,,9,tw86831721,,9,,,,,
round_pairing,Round 6,5,30,282,tw29821490,,12,tw58776465,,12,,,,,
round_pairing,Round 6,5,65,283,tw30236831,,12,tw74542521,,12,,,,,
round_pairing,Round 6,5,94,285,tw30419396,,9,tw76994845,,9,,,,,
round_pairing,Round 6,5,46,287,tw30898169,,12,tw09964738,,12,,,,,
round_pairing,Round 6,5,378,288,tw30959627,,3,tw70290277,,3,,,,,
round_pairing,Round 6,5,320,289,tw30976792,,6,tw09704151,,6,,,,,
round_pairing,Round 6,5,19,291,tw31279242,,12,tw46030050,,12,,,,,
round_pairing,Round 6,5,3,292,tw31422118,,15,tw27395288,,15,,,,,
round_pairing,Round 6,5,99,294,tw31941216,,9,tw04959593,,9,,,,,
round_pairing,Round 6,5,282,295,tw31949622,,6,tw00531440,,6,,,,,
round_pairing,Round 6,5,164,296,tw32141014,,9,tw60311204,,9,,,,,
round_pairing,Round 6,5,369,298,tw32214798,,3,tw56387935,,3,,,,,
round_pairing,Round 6,5,120,299,tw32240000,,9,tw70591612,,9,,,,,
round_pairing,Round 6,5,321,301,tw32647589,,6,tw85067465,,6,,,,,
round_pairing,Round 6,5,116,302,tw32722359,,9,tw00572856,,9,,,,,
round_pairing,Round 6,5,231,303,tw32893143,,9,tw81291690,,9,,,,,
round_pairing,Round 6,5,156,304,tw32907703,,9,tw11739209,,9,,,,,
round_pairing,Round 6,5,257,305,tw32921509,,6,tw51756189,,6,,,,,
round_pairing,Round 6,6,149,307,tw33002183,,9,tw29536370,,9,,,,,
round_pairing,Round 6,6,54,308,tw33005835,,12,tw78403870,,12,,,,,
round_pairing,Round 6,6,406,309,tw33097520,,3,tw03226408,,3,,,,,
round_pairing,Round 6,6,113,310,tw33274690,,9,tw59616959,,9,,,,,
round_pairing,Round 6,6,350,311,tw33544977,,6,tw77550830,,6,,,,,
round_pairing,Round 6,6,90,312,tw33742727,,12,tw82556653,,9,,,,,
round_pairing,Round 6,6,237,313,tw33785925,,9,tw78539182,,9,,,,,
round_pairing,Round 6,6,327,314,tw33811608,,6,tw24694611,,6,,,,,
round_pairing,Round 6,6,396,315,tw33820039,,3,tw57062134,,3,,,,,
round_pairing,Round 6,6,409,316,tw33852575,,3,tw94142249,,3,,,,,
round_pairing,Round 6,6,308,317,tw33881781,,6,tw50239297,,6,,,,,
round_pairing,Round 6,6,103,318,tw33884578,,9,tw14788730,,9,,,,,
round_pairing,Round 6,6,295,320,tw34396906,,6,tw86700066,,6,,,,,
round_pairing,Round 6,6,191,322,tw34953027,,9,tw52595130,,9,,,,,
round_pairing,Round 6,6,368,323,tw35187586,,3,tw24845900,,3,,,,,
round_pairing,Round 6,6,307,324,tw35246471,,6,tw89811739,,6,,,,,
round_pairing,Round 6,6,421,325,tw35360901,,0,tw10304280,,0,,,,,
round_pairing,Round 6,6,278,326,tw35416653,,6,tw95401245,,6,,,,,
round_pairing,Round 6,6,415,327,tw35684617,,0,tw28672728,,3,,,,,
round_pairing,Round 6,6,208,328,tw35693064,,9,tw97546030,,9,,,,,
round_pairing,Round 6,6,35,329,tw35707148,,12,tw72333956,,12,,,,,
round_pairing,Round 6,6,112,330,tw35735135,,9,tw49759795,,9,,,,,
round_pairing,Round 6,6,27,331,tw35839691,,12,tw44127879,,12,,,,,
round_pairing,Round 6,6,333,332,tw35995465,,6,tw27943796,,6,,,,,
round_pairing,Round 6,6,206,333,tw36074458,,9,tw44380087,,9,,,,,
round_pairing,Round 6,6,246,334,tw36138720,,6,tw93829445,,6,,,,,
round_pairing,Round 6,6,36,335,tw36648556,,12,tw36747145,,12,,,,,
round_pairing,Round 6,6,36,336,tw36747145,,12,tw36648556,,12,,,,,
round_pairing,Round 6,6,22,337,tw36759052,,12,tw62958507,,12,,,,,
round_pairing,Round 6,6,174,338,tw36782228,,9,tw38080173,,9,,,,,
round_pairing,Round 6,6,227,339,tw36810632,,9,tw72313605,,9,,,,,
round_pairing,Round 6,6,413,340,tw36904012,,3,tw39697449,,3,,,,,
round_pairing,Round 6,6,111,341,tw37158463,,9,tw57615176,,9,,,,,
round_pairing,Round 6,6,142,342,tw37453841,,9,tw37855988,,9,,,,,
round_pairing,Round 6,6,309,343,tw37823321,,6,tw14489518,,6,,,,,
round_pairing,Round 6,6,142,344,tw37855988,,9,tw37453841,,9,,,,,
round_pairing,Round 6,6,174,348,tw38080173,,9,tw36782228,,9,,,,,
round_pairing,Round 6,6,43,349,tw38086655,,12,tw46738666,,12,,,,,
round_pairing,Round 6,6,140,351,tw38236579,,9,tw45233917,,9,,,,,
round_pairing,Round 6,6,328,356,tw39192538,,6,tw46969620,,6,,,,,
round_pairing,Round 6,6,92,357,tw39290085,,9,tw96648029,,9,,,,,
round_pairing,Round 6,6,28,358,tw39492637,,12,tw83751916,,12,,,,,
round_pairing,Round 6,6,413,359,tw39697449,,3,tw36904012,,3,,,,,
round_pairing,Round 6,6,316,360,tw39941788,,6,tw79992941,,6,,,,,
round_pairing,Round 6,6,74,361,tw40123518,,12,tw46646319,,12,,,,,
round_pairing,Round 6,6,209,362,tw40135779,,9,tw73831583,,9,,,,,
round_pairing,Round 6,6,370,364,tw40377456,,3,tw52301948,,3,,,,,
round_pairing,Round 6,6,340,365,tw40504902,,6,tw23875590,,6,,,,,
round_pairing,Round 6,6,2,366,tw40555668,,15,tw65483922,,15,,,,,
round_pairing,Round 6,6,254,367,tw40682117,,6,tw41523616,,6,,,,,
round_pairing,Round 6,7,76,368,tw40696414,,12,tw82981600,,12,,,,,
round_pairing,Round 6,7,302,370,tw40786209,,6,tw76258268,,6,,,,,
round_pairing,Round 6,7,265,372,tw41073870,,6,tw62067344,,6,,,,,
round_pairing,Round 6,7,170,373,tw41104694,,9,tw57612114,,9,,,,,
round_pairing,Round 6,7,44,374,tw41238636,,12,tw99386256,,12,,,,,
round_pairing,Round 6,7,230,375,tw41283932,,9,tw02856732,,9,,,,,
round_pairing,Round 6,7,39,376,tw41286139,,12,tw06996284,,12,,,,,
round_pairing,Round 6,7,135,377,tw41398048,,9,tw13229345,,9,,,,,
round_pairing,Round 6,7,334,378,tw41429367,,6,tw45615575,,6,,,,,
round_pairing,Round 6,7,408,379,tw41479406,,3,tw44649735,,3,,,,,
round_pairing,Round 6,7,254,380,tw41523616,,6,tw40682117,,6,,,,,
round_pairing,Round 6,7,15,381,tw41609662,,12,tw29121960,,12,,,,,
round_pairing,Round 6,7,343,382,tw41670381,,6,tw99853156,,6,,,,,
round_pairing,Round 6,7,305,383,tw41731352,,6,tw82289672,,6,,,,,
round_pairing,Round 6,7,11,384,tw41805810,,15,tw27347873,,15,,,,,
round_pairing,Round 6,7,106,386,tw42186430,,9,tw80267696,,9,,,,,
round_pairing,Round 6,7,33,387,tw42246097,,12,tw71598135,,12,,,,,
round_pairing,Round 6,7,143,388,tw42309306,,9,tw14618138,,9,,,,,
round_pairing,Round 6,7,72,389,tw42455002,,12,tw55210501,,12,,,,,
round_pairing,Round 6,7,412,390,tw42505350,,3,tw87015354,,3,,,,,
round_pairing,Round 6,7,47,391,tw42527004,,12,tw26953449,,12,,,,,
round_pairing,Round 6,7,124,392,tw42563834,,9,tw07329342,,9,,,,,
round_pairing,Round 6,7,198,393,tw42619935,,9,tw97370246,,9,,,,,
round_pairing,Round 6,7,292,394,tw42723639,,6,tw55098015,,6,,,,,
round_pairing,Round 6,7,55,396,tw42938387,,12,tw76309421,,12,,,,,
round_pairing,Round 6,7,189,397,tw42979297,,9,tw11499785,,9,,,,,
round_pairing,Round 6,7,182,398,tw43007249,,9,tw82263693,,9,,,,,
round_pairing,Round 6,7,81,399,tw43268758,,12,tw43700622,,12,,,,,
round_pairing,Round 6,7,186,400,tw43322316,,9,tw11292760,,9,,,,,
round_pairing,Round 6,7,238,401,tw43331901,,9,tw18844404,,9,,,,,
round_pairing,Round 6,7,59,402,tw43380150,,12,tw22807189,,12,,,,,
round_pairing,Round 6,7,311,403,tw43487757,,6,tw76784634,,6,,,,,
round_pairing,Round 6,7,10,404,tw43492313,,15,tw39894258,,15,,,,,
round_pairing,Round 6,7,141,405,tw43633449,,9,tw62020476,,9,,,,,
round_pairing,Round 6,7,81,407,tw43700622,,12,tw43268758,,12,,,,,
round_pairing,Round 6,7,201,408,tw44047226,,9,tw22699669,,9,,,,,
round_pairing,Round 6,7,27,411,tw44127879,,12,tw35839691,,12,,,,,
round_pairing,Round 6,7,260,412,tw44206611,,6,tw63238788,,6,,,,,
round_pairing,Round 6,7,155,413,tw44207012,,9,tw49045992,,9,,,,,
round_pairing,Round 6,7,129,414,tw44233591,,9,tw47612491,,9,,,,,
round_pairing,Round 6,7,80,416,tw44344603,,12,tw52663760,,12,,,,,
round_pairing,Round 6,7,206,417,tw44380087,,9,tw36074458,,9,,,,,
round_pairing,Round 6,7,60,418,tw44468313,,12,tw09480115,,12,,,,,
round_pairing,Round 6,7,102,419,tw44475314,,9,tw79411276,,9,,,,,
round_pairing,Round 6,7,408,420,tw44649735,,3,tw41479406,,3,,,,,
round_pairing,Round 6,7,181,421,tw44821842,,9,tw13174665,,9,,,,,
round_pairing,Round 6,7,64,423,tw44874553,,12,tw99958274,,12,,,,,
round_pairing,Round 6,7,37,424,tw45178021,,12,tw99140905,,12,,,,,
round_pairing,Round 6,7,140,425,tw45233917,,9,tw38236579,,9,,,,,
round_pairing,Round 6,7,115,426,tw45324854,,9,tw75551324,,9,,,,,
round_pairing,Round 6,8,242,427,tw45371614,,6,tw93786012,,6,,,,,
round_pairing,Round 6,8,322,429,tw45404381,,6,tw24423291,,6,,,,,
round_pairing,Round 6,8,175,430,tw45458321,,9,tw17830710,,9,,,,,
round_pairing,Round 6,8,334,432,tw45615575,,6,tw41429367,,6,,,,,
round_pairing,Round 6,8,241,435,tw45713741,,6,tw73911906,,6,,,,,
round_pairing,Round 6,8,126,437,tw46002856,,9,tw00387540,,9,,,,,
round_pairing,Round 6,8,294,438,tw46020620,,6,tw49327411,,6,,,,,
round_pairing,Round 6,8,19,439,tw46030050,,12,tw31279242,,12,,,,,
round_pairing,Round 6,8,341,440,tw46321576,,6,tw64567116,,6,,,,,
round_pairing,Round 6,8,222,441,tw46362217,,9,tw95668915,,9,,,,,
round_pairing,Round 6,8,212,442,tw46377157,,9,tw47478004,,9,,,,,
round_pairing,Round 6,8,25,443,tw46423373,,12,tw97165922,,12,,,,,
round_pairing,Round 6,8,411,444,tw46643692,,3,tw83071268,,3,,,,,
round_pairing,Round 6,8,74,445,tw46646319,,12,tw40123518,,12,,,,,
round_pairing,Round 6,8,43,448,tw46738666,,12,tw38086655,,12,,,,,
round_pairing,Round 6,8,183,449,tw46795660,,9,tw51610329,,9,,,,,
round_pairing,Round 6,8,171,450,tw46798799,,9,tw91594481,,9,,,,,
round_pairing,Round 6,8,414,451,tw46945068,,3,tw08740331,,3,,,,,
round_pairing,Round 6,8,328,452,tw46969620,,6,tw39192538,,6,,,,,
round_pairing,Round 6,8,323,453,tw47077924,,6,tw04457744,,6,,,,,
round_pairing,Round 6,8,264,455,tw47341841,,6,tw36167036,,6,,,,,
round_pairing,Round 6,8,53,456,tw47415187,,12,tw26175828,,12,,,,,
round_pairing,Round 6,8,129,458,tw47612491,,9,tw44233591,,9,,,,,
round_pairing,Round 6,8,82,459,tw47904340,,12,tw56550093,,12,,,,,
round_pairing,Round 6,8,263,460,tw47949585,,6,tw66520026,,6,,,,,
round_pairing,Round 6,8,224,461,tw48178410,,9,tw53540804,,9,,,,,
round_pairing,Round 6,8,382,463,tw48357143,,3,tw72928053,,3,,,,,
round_pairing,Round 6,8,402,464,tw48408173,,3,tw77877383,,3,,,,,
round_pairing,Round 6,8,416,466,tw48555786,,0,tw34649223,,0,,,,,
round_pairing,Round 6,8,279,467,tw48596346,,6,tw82370377,,6,,,,,
round_pairing,Round 6,8,379,468,tw48706845,,3,tw97135519,,3,,,,,
round_pairing,Round 6,8,123,469,tw48715949,,9,tw88775820,,9,,,,,
round_pairing,Round 6,8,150,471,tw48793078,,9,tw69069593,,9,,,,,
round_pairing,Round 6,8,385,472,tw48889969,,3,tw21922568,,3,,,,,
round_pairing,Round 6,8,259,473,tw48890271,,6,tw81066465,,6,,,,,
round_pairing,Round 6,8,317,474,tw48927744,,6,tw25571112,,6,,,,,
round_pairing,Round 6,8,381,475,tw48962901,,3,tw79476009,,3,,,,,
round_pairing,Round 6,8,155,476,tw49045992,,9,tw44207012,,9,,,,,
round_pairing,Round 6,8,41,477,tw49113528,,12,tw92544749,,12,,,,,
round_pairing,Round 6,8,4,478,tw49159270,,15,tw57017359,,15,,,,,
round_pairing,Round 6,8,294,479,tw49327411,,6,tw46020620,,6,,,,,
round_pairing,Round 6,8,23,480,tw49388371,,12,tw28179733,,12,,,,,
round_pairing,Round 6,8,281,481,tw49441410,,6,tw93999361,,6,,,,,
round_pairing,Round 6,8,112,483,tw49759795,,9,tw35735135,,9,,,,,
round_pairing,Round 6,8,280,484,tw49877892,,6,tw60567990,,6,,,,,
round_pairing,Round 6,8,308,485,tw50239297,,6,tw33881781,,6,,,,,
round_pairing,Round 6,8,342,486,tw50255396,,6,tw18458528,,6,,,,,
round_pairing,Round 6,8,49,487,tw50328610,,12,tw00787146,,12,,,,,
round_pairing,Round 6,8,125,488,tw50414993,,9,tw10700633,,9,,,,,
round_pairing,Round 6,8,8,490,tw50567676,,15,tw26020639,,15,,,,,
round_pairing,Round 6,9,162,491,tw50702110,,9,tw55765174,,9,,,,,
round_pairing,Round 6,9,272,492,tw50795757,,6,tw58450010,,6,,,,,
round_pairing,Round 6,9,287,493,tw50820470,,6,tw11612248,,6,,,,,
round_pairing,Round 6,9,12,495,tw50858481,,15,tw68165427,,15,,,,,
round_pairing,Round 6,9,207,496,tw51147332,,9,tw55332465,,9,,,,,
round_pairing,Round 6,9,329,497,tw51149657,,6,tw68790007,,6,,,,,
round_pairing,Round 6,9,218,500,tw51489284,,9,tw96887599,,9,,,,,
round_pairing,Round 6,9,183,501,tw51610329,,9,tw46795660,,9,,,,,
round_pairing,Round 6,9,257,502,tw51756189,,6,tw32921509,,6,,,,,
round_pairing,Round 6,9,286,503,tw51891548,,6,tw88792767,,6,,,,,
round_pairing,Round 6,9,347,505,tw52149734,,6,tw11015212,,6,,,,,
round_pairing,Round 6,9,370,506,tw52301948,,3,tw40377456,,3,,,,,
round_pairing,Round 6,9,361,507,tw52488439,,6,tw14152067,,6,,,,,
round_pairing,Round 6,9,298,509,tw52493073,,6,tw76529055,,6,,,,,
round_pairing,Round 6,9,228,510,tw52578543,,9,tw25559677,,9,,,,,
round_pairing,Round 6,9,80,511,tw52663760,,12,tw44344603,,12,,,,,
round_pairing,Round 6,9,271,512,tw52704576,,6,tw85233211,,6,,,,,
round_pairing,Round 6,9,192,513,tw52752742,,9,tw71161066,,9,,,,,
round_pairing,Round 6,9,195,514,tw52806758,,9,tw29372557,,9,,,,,
round_pairing,Round 6,9,296,515,tw53367475,,6,tw40188987,,6,,,,,
round_pairing,Round 6,9,335,516,tw53446977,,6,tw21654272,,6,,,,,
round_pairing,Round 6,9,224,517,tw53540804,,9,tw48178410,,9,,,,,
round_pairing,Round 6,9,34,518,tw53723254,,12,tw61533794,,12,,,,,
round_pairing,Round 6,9,225,519,tw53782031,,9,tw86056382,,9,,,,,
round_pairing,Round 6,9,178,520,tw53806573,,9,tw75091640,,9,,,,,
round_pairing,Round 6,9,172,522,tw54347311,,9,tw00106184,,9,,,,,
round_pairing,Round 6,9,190,523,tw54430001,,9,tw93405316,,9,,,,,
round_pairing,Round 6,9,20,524,tw54739989,,12,tw07410887,,12,,,,,
round_pairing,Round 6,9,306,526,tw54988993,,6,tw91555335,,6,,,,,
round_pairing,Round 6,9,48,527,tw55000893,,12,tw84991038,,12,,,,,
round_pairing,Round 6,9,292,528,tw55098015,,6,tw42723639,,6,,,,,
round_pairing,Round 6,9,72,529,tw55210501,,12,tw42455002,,12,,,,,
round_pairing,Round 6,9,207,530,tw55332465,,9,tw51147332,,9,,,,,
round_pairing,Round 6,9,130,531,tw55359182,,9,tw93660736,,9,,,,,
round_pairing,Round 6,9,162,533,tw55765174,,9,tw50702110,,9,,,,,
round_pairing,Round 6,9,197,534,tw56012620,,9,tw76925363,,9,,,,,
round_pairing,Round 6,9,101,535,tw56240698,,9,tw78144908,,9,,,,,
round_pairing,Round 6,9,51,536,tw56336073,,12,tw68088789,,12,,,,,
round_pairing,Round 6,9,369,537,tw56387935,,3,tw32214798,,3,,,,,
round_pairing,Round 6,9,345,538,tw56416986,,6,tw99241716,,6,,,,,
round_pairing,Round 6,9,221,539,tw56468849,,9,tw27419844,,9,,,,,
round_pairing,Round 6,9,82,540,tw56550093,,12,tw47904340,,12,,,,,
round_pairing,Round 6,9,233,541,tw56605426,,9,tw15435377,,9,,,,,
round_pairing,Round 6,9,4,542,tw57017359,,15,tw49159270,,15,,,,,
round_pairing,Round 6,9,396,543,tw57062134,,3,tw33820039,,3,,,,,
round_pairing,Round 6,9,277,545,tw57531941,,6,tw77798178,,6,,,,,
round_pairing,Round 6,9,170,546,tw57612114,,9,tw41104694,,9,,,,,
round_pairing,Round 6,9,111,547,tw57615176,,9,tw37158463,,9,,,,,
round_pairing,Round 6,9,391,548,tw57767899,,3,tw17108307,,3,,,,,
round_pairing,Round 6,9,136,549,tw58028303,,9,tw16526802,,9,,,,,
round_pairing,Round 6,10,289,550,tw58188995,,6,tw17748447,,6,,,,,
round_pairing,Round 6,10,272,551,tw58450010,,6,tw50795757,,6,,,,,
round_pairing,Round 6,10,77,555,tw58781969,,12,tw78657682,,12,,,,,
round_pairing,Round 6,10,355,556,tw58817602,,6,tw70028105,,6,,,,,
round_pairing,Round 6,10,262,557,tw58835877,,6,tw72829984,,6,,,,,
round_pairing,Round 6,10,248,558,tw59137487,,6,tw59548820,,6,,,,,
round_pairing,Round 6,10,128,560,tw59462193,,9,tw76059026,,9,,,,,
round_pairing,Round 6,10,204,561,tw59471628,,9,tw13454619,,9,,,,,
round_pairing,Round 6,10,248,562,tw59548820,,6,tw59137487,,6,,,,,
round_pairing,Round 6,10,113,563,tw59616959,,9,tw33274690,,9,,,,,
round_pairing,Round 6,10,131,564,tw59842400,,9,tw64203769,,9,,,,,
round_pairing,Round 6,10,351,565,tw59882595,,6,tw82559799,,6,,,,,
round_pairing,Round 6,10,164,568,tw60311204,,9,tw32141014,,9,,,,,
round_pairing,Round 6,10,145,569,tw60440420,,9,tw66806102,,9,,,,,
round_pairing,Round 6,10,160,570,tw60511158,,9,tw53974581,,9,,,,,
round_pairing,Round 6,10,280,571,tw60567990,,6,tw49877892,,6,,,,,
round_pairing,Round 6,10,359,572,tw60794190,,6,tw62300636,,6,,,,,
round_pairing,Round 6,10,166,573,tw60920600,,9,tw05130167,,9,,,,,
round_pairing,Round 6,10,364,574,tw61277104,,6,tw65158876,,6,,,,,
round_pairing,Round 6,10,13,575,tw61279434,,15,tw10467123,,15,,,,,
round_pairing,Round 6,10,34,577,tw61533794,,12,tw53723254,,12,,,,,
round_pairing,Round 6,10,214,578,tw61583819,,9,tw20707479,,9,,,,,
round_pairing,Round 6,10,240,579,tw61600644,,6,tw13786805,,6,,,,,
round_pairing,Round 6,10,250,581,tw61792938,,6,tw00162182,,6,,,,,
round_pairing,Round 6,10,133,582,tw61880666,,9,tw68046375,,9,,,,,
round_pairing,Round 6,10,310,583,tw61895092,,6,tw90337288,,6,,,,,
round_pairing,Round 6,10,141,585,tw62020476,,9,tw43633449,,9,,,,,
round_pairing,Round 6,10,265,586,tw62067344,,6,tw41073870,,6,,,,,
round_pairing,Round 6,10,213,587,tw62197981,,9,tw90183762,,9,,,,,
round_pairing,Round 6,10,217,588,tw62315993,,9,tw94156469,,9,,,,,
round_pairing,Round 6,10,220,589,tw62324389,,9,tw72887037,,9,,,,,
round_pairing,Round 6,10,405,590,tw62435012,,3,tw93529525,,3,,,,,
round_pairing,Round 6,10,397,591,tw62459529,,3,tw09914156,,3,,,,,
round_pairing,Round 6,10,96,592,tw62525194,,9,tw62594682,,9,,,,,
round_pairing,Round 6,10,96,594,tw62594682,,9,tw62525194,,9,,,,,
round_pairing,Round 6,10,137,595,tw62599498,,9,tw68151227,,9,,,,,
round_pairing,Round 6,10,22,597,tw62958507,,12,tw36759052,,12,,,,,
round_pairing,Round 6,10,104,599,tw63031373,,9,tw93786634,,9,,,,,
round_pairing,Round 6,10,339,600,tw63171506,,6,tw25411458,,6,,,,,
round_pairing,Round 6,10,260,601,tw63238788,,6,tw44206611,,6,,,,,
round_pairing,Round 6,10,95,602,tw63343435,,9,tw81562455,,9,,,,,
round_pairing,Round 6,10,266,603,tw63395911,,6,tw88706430,,6,,,,,
round_pairing,Round 6,10,229,604,tw63508480,,9,tw75596823,,9,,,,,
round_pairing,Round 6,10,399,607,tw63898784,,3,tw74641243,,3,,,,,
round_pairing,Round 6,10,131,608,tw64203769,,9,tw59842400,,9,,,,,
round_pairing,Round 6,10,267,609,tw64656626,,6,tw70897596,,6,,,,,
round_pairing,Round 6,10,291,611,tw64793736,,6,tw39114696,,6,,,,,
round_pairing,Round 6,10,353,612,tw64845965,,6,tw05182930,,6,,,,,
round_pairing,Round 6,10,364,615,tw65158876,,6,tw61277104,,6,,,,,
round_pairing,Round 6,10,86,616,tw65235703,,12,tw79834153,,12,,,,,
round_pairing,Round 6,11,2,617,tw65483922,,15,tw40555668,,15,,,,,
round_pairing,Round 6,11,215,618,tw65522783,,9,tw95954871,,9,,,,,
round_pairing,Round 6,11,9,619,tw65741542,,15,tw71861265,,15,,,,,
round_pairing,Round 6,11,263,623,tw66520026,,6,tw47949585,,6,,,,,
round_pairing,Round 6,11,349,624,tw66555509,,6,tw19640601,,6,,,,,
round_pairing,Round 6,11,384,625,tw66575998,,3,tw19291467,,3,,,,,
round_pairing,Round 6,11,83,626,tw66588143,,12,tw67716132,,12,,,,,
round_pairing,Round 6,11,145,628,tw66806102,,9,tw60440420,,9,,,,,
round_pairing,Round 6,11,418,629,tw66816512,,0,tw21394889,,0,,,,,
round_pairing,Round 6,11,374,630,tw66907796,,3,tw15800518,,3,,,,,
round_pairing,Round 6,11,407,632,tw66961355,,3,tw77637602,,3,,,,,
round_pairing,Round 6,11,105,633,tw66992460,,9,tw08457807,,9,,,,,
round_pairing,Round 6,11,346,634,tw67199394,,6,tw69425578,,6,,,,,
round_pairing,Round 6,11,84,635,tw67604361,,12,tw71493841,,12,,,,,
round_pairing,Round 6,11,132,636,tw67665108,,9,tw98707657,,9,,,,,
round_pairing,Round 6,11,371,637,tw67696706,,3,tw18243923,,3,,,,,
round_pairing,Round 6,11,83,638,tw67716132,,12,tw66588143,,12,,,,,
round_pairing,Round 6,11,29,639,tw67759215,,12,tw11642031,,12,,,,,
round_pairing,Round 6,11,122,640,tw67940713,,9,tw04797990,,9,,,,,
round_pairing,Round 6,11,404,641,tw67984683,,3,tw81268957,,3,,,,,
round_pairing,Round 6,11,133,642,tw68046375,,9,tw61880666,,9,,,,,
round_pairing,Round 6,11,51,643,tw68088789,,12,tw56336073,,12,,,,,
round_pairing,Round 6,11,108,644,tw68135684,,9,tw79270381,,9,,,,,
round_pairing,Round 6,11,137,645,tw68151227,,9,tw62599498,,9,,,,,
round_pairing,Round 6,11,12,646,tw68165427,,15,tw50858481,,15,,,,,
round_pairing,Round 6,11,202,649,tw68763677,,9,tw84828731,,9,,,,,
round_pairing,Round 6,11,251,650,tw68822994,,6,tw92969664,,6,,,,,
round_pairing,Round 6,11,196,651,tw68851170,,9,tw12769027,,9,,,,,
round_pairing,Round 6,11,71,652,tw68954029,,12,tw80138989,,12,,,,,
round_pairing,Round 6,11,150,653,tw69069593,,9,tw48793078,,9,,,,,
round_pairing,Round 6,11,346,655,tw69425578,,6,tw67199394,,6,,,,,
round_pairing,Round 6,11,394,656,tw69576075,,3,tw24459657,,3,,,,,
round_pairing,Round 6,11,158,657,tw69602779,,9,tw18641143,,9,,,,,
round_pairing,Round 6,11,304,658,tw69628359,,6,tw88780324,,6,,,,,
round_pairing,Round 6,11,24,659,tw69663505,,12,tw23764220,,12,,,,,
round_pairing,Round 6,11,219,660,tw69685808,,9,tw05914722,,9,,,,,
round_pairing,Round 6,11,163,662,tw69804633,,9,tw26528058,,9,,,,,
round_pairing,Round 6,11,138,663,tw69848771,,9,tw69848864,,9,,,,,
round_pairing,Round 6,11,389,664,tw69925275,,3,tw87745948,,3,,,,,
round_pairing,Round 6,11,362,665,tw69971650,,6,tw22979539,,6,,,,,
round_pairing,Round 6,11,109,666,tw69995586,,9,tw26089798,,9,,,,,
round_pairing,Round 6,11,355,667,tw70028105,,6,tw58817602,,6,,,,,
round_pairing,Round 6,11,205,668,tw70273656,,9,tw04119157,,9,,,,,
round_pairing,Round 6,11,378,669,tw70290277,,3,tw30959627,,3,,,,,
round_pairing,Round 6,11,120,670,tw70591612,,9,tw32240000,,9,,,,,
round_pairing,Round 6,11,267,672,tw70897596,,6,tw64656626,,6,,,,,
round_pairing,Round 6,11,180,673,tw70903147,,9,tw07460167,,9,,,,,
round_pairing,Round 6,11,400,674,tw71035218,,3,tw59649267,,3,,,,,
round_pairing,Round 6,11,393,676,tw71131892,,3,tw17543456,,3,,,,,
round_pairing,Round 6,11,192,677,tw71161066,,9,tw52752742,,9,,,,,
round_pairing,Round 6,12,84,678,tw71493841,,12,tw67604361,,12,,,,,
round_pairing,Round 6,12,89,679,tw71550438,,12,tw06393443,,12,,,,,
round_pairing,Round 6,12,386,680,tw71559250,,3,tw95746707,,3,,,,,
round_pairing,Round 6,12,33,681,tw71598135,,12,tw42246097,,12,,,,,
round_pairing,Round 6,12,119,682,tw71730704,,9,tw82119121,,9,,,,,
round_pairing,Round 6,12,312,683,tw71768773,,6,tw96947201,,6,,,,,
round_pairing,Round 6,12,200,684,tw72148746,,9,tw08876514,,9,,,,,
round_pairing,Round 6,12,318,685,tw72174151,,6,tw25634182,,6,,,,,
round_pairing,Round 6,12,227,686,tw72313605,,9,tw36810632,,9,,,,,
round_pairing,Round 6,12,354,687,tw72318939,,6,tw98480968,,6,,,,,
round_pairing,Round 6,12,35,688,tw72333956,,12,tw35707148,,12,,,,,
round_pairing,Round 6,12,42,689,tw72464013,,12,tw63334587,,12,,,,,
round_pairing,Round 6,12,410,690,tw72630270,,3,tw02991787,,3,,,,,
round_pairing,Round 6,12,226,691,tw72699030,,9,tw13090534,,9,,,,,
round_pairing,Round 6,12,262,694,tw72829984,,6,tw58835877,,6,,,,,
round_pairing,Round 6,12,220,695,tw72887037,,9,tw62324389,,9,,,,,
round_pairing,Round 6,12,382,696,tw72928053,,3,tw48357143,,3,,,,,
round_pairing,Round 6,12,194,697,tw73034465,,9,tw62529006,,9,,,,,
round_pairing,Round 6,12,284,698,tw73048413,,6,tw97135682,,6,,,,,
round_pairing,Round 6,12,18,699,tw73106123,,12,tw27736985,,12,,,,,
round_pairing,Round 6,12,38,700,tw73358187,,12,tw06911704,,12,,,,,
round_pairing,Round 6,12,241,702,tw73911906,,6,tw45713741,,6,,,,,
round_pairing,Round 6,12,285,703,tw73917548,,6,tw23712439,,6,,,,,
round_pairing,Round 6,12,147,704,tw73975912,,9,tw76132946,,9,,,,,
round_pairing,Round 6,12,144,705,tw74196817,,9,tw88860465,,9,,,,,
round_pairing,Round 6,12,65,706,tw74542521,,12,tw30236831,,12,,,,,
round_pairing,Round 6,12,45,707,tw74568091,,12,tw16965198,,12,,,,,
round_pairing,Round 6,12,199,708,tw74682364,,9,tw01014532,,9,,,,,
round_pairing,Round 6,12,178,710,tw75091640,,9,tw53806573,,9,,,,,
round_pairing,Round 6,12,210,711,tw75204861,,9,tw17356132,,9,,,,,
round_pairing,Round 6,12,211,712,tw75352342,,9,tw99256533,,9,,,,,
round_pairing,Round 6,12,115,713,tw75551324,,9,tw45324854,,9,,,,,
round_pairing,Round 6,12,229,714,tw75596823,,9,tw63508480,,9,,,,,
round_pairing,Round 6,12,301,716,tw75820315,,6,tw06072288,,6,,,,,
round_pairing,Round 6,12,128,719,tw76059026,,9,tw59462193,,9,,,,,
round_pairing,Round 6,12,147,720,tw76132946,,9,tw73975912,,9,,,,,
round_pairing,Round 6,12,302,721,tw76258268,,6,tw40786209,,6,,,,,
round_pairing,Round 6,12,55,722,tw76309421,,12,tw42938387,,12,,,,,
round_pairing,Round 6,12,298,723,tw76529055,,6,tw52493073,,6,,,,,
round_pairing,Round 6,12,311,725,tw76784634,,6,tw43487757,,6,,,,,
round_pairing,Round 6,12,197,726,tw76925363,,9,tw56012620,,9,,,,,
round_pairing,Round 6,12,94,727,tw76994845,,9,tw30419396,,9,,,,,
round_pairing,Round 6,12,17,728,tw77206748,,12,tw36712780,,12,,,,,
round_pairing,Round 6,12,350,731,tw77550830,,6,tw33544977,,6,,,,,
round_pairing,Round 6,12,117,732,tw77606795,,9,tw85516442,,9,,,,,
round_pairing,Round 6,12,40,733,tw77699656,,12,tw97138451,,12,,,,,
round_pairing,Round 6,12,270,734,tw77721211,,6,tw81389651,,6,,,,,
round_pairing,Round 6,12,402,735,tw77877383,,3,tw48408173,,3,,,,,
round_pairing,Round 6,12,261,737,tw78077476,,6,tw17763984,,6,,,,,
round_pairing,Round 6,12,101,738,tw78144908,,9,tw56240698,,9,,,,,
round_pairing,Round 6,13,54,739,tw78403870,,12,tw33005835,,12,,,,,
round_pairing,Round 6,13,237,740,tw78539182,,9,tw33785925,,9,,,,,
round_pairing,Round 6,13,77,742,tw78657682,,12,tw58781969,,12,,,,,
round_pairing,Round 6,13,314,743,tw78681290,,6,tw06225308,,6,,,,,
round_pairing,Round 6,13,417,747,tw79221888,,0,tw17453360,,0,,,,,
round_pairing,Round 6,13,269,748,tw79250738,,6,tw70378594,,6,,,,,
round_pairing,Round 6,13,108,749,tw79270381,,9,tw68135684,,9,,,,,
round_pairing,Round 6,13,102,751,tw79411276,,9,tw44475314,,9,,,,,
round_pairing,Round 6,13,176,752,tw79434198,,9,tw97666473,,9,,,,,
round_pairing,Round 6,13,381,753,tw79476009,,3,tw48962901,,3,,,,,
round_pairing,Round 6,13,86,756,tw79834153,,12,tw65235703,,12,,,,,
round_pairing,Round 6,13,316,757,tw79992941,,6,tw39941788,,6,,,,,
round_pairing,Round 6,13,71,759,tw80138989,,12,tw68954029,,12,,,,,
round_pairing,Round 6,13,106,760,tw80267696,,9,tw42186430,,9,,,,,
round_pairing,Round 6,13,244,761,tw80392170,,6,tw20730540,,6,,,,,
round_pairing,Round 6,13,31,762,tw80521031,,12,tw00831574,,12,,,,,
round_pairing,Round 6,13,300,763,tw81060661,,6,tw11498239,,6,,,,,
round_pairing,Round 6,13,259,764,tw81066465,,6,tw48890271,,6,,,,,
round_pairing,Round 6,13,401,765,tw81250238,,3,tw02367054,,3,,,,,
round_pairing,Round 6,13,404,766,tw81268957,,3,tw67984683,,3,,,,,
round_pairing,Round 6,13,231,767,tw81291690,,9,tw32893143,,9,,,,,
round_pairing,Round 6,13,270,768,tw81389651,,6,tw77721211,,6,,,,,
round_pairing,Round 6,13,95,769,tw81562455,,9,tw63343435,,9,,,,,
round_pairing,Round 6,13,118,770,tw81599190,,9,tw88407488,,9,,,,,
round_pairing,Round 6,13,256,771,tw81736494,,6,tw07615948,,6,,,,,
round_pairing,Round 6,13,216,772,tw82001299,,9,tw05207217,,9,,,,,
round_pairing,Round 6,13,232,773,tw82109498,,9,tw99888650,,9,,,,,
round_pairing,Round 6,13,119,774,tw82119121,,9,tw71730704,,9,,,,,
round_pairing,Round 6,13,182,775,tw82263693,,9,tw43007249,,9,,,,,
round_pairing,Round 6,13,279,776,tw82370377,,6,tw48596346,,6,,,,,
round_pairing,Round 6,13,255,777,tw82516603,,6,tw82751826,,6,,,,,
round_pairing,Round 6,13,90,778,tw82556653,,9,tw33742727,,12,,,,,
round_pairing,Round 6,13,351,779,tw82559799,,6,tw59882595,,6,,,,,
round_pairing,Round 6,13,153,780,tw82566333,,9,tw57196950,,9,,,,,
round_pairing,Round 6,13,255,781,tw82751826,,6,tw82516603,,6,,,,,
round_pairing,Round 6,13,167,783,tw82878504,,9,tw08814300,,9,,,,,
round_pairing,Round 6,13,76,784,tw82981600,,12,tw40696414,,12,,,,,
round_pairing,Round 6,13,411,785,tw83071268,,3,tw46643692,,3,,,,,
round_pairing,Round 6,13,348,786,tw83160193,,6,tw93021016,,6,,,,,
round_pairing,Round 6,13,356,788,tw83606083,,6,tw28285341,,6,,,,,
round_pairing,Round 6,13,28,789,tw83751916,,12,tw39492637,,12,,,,,
round_pairing,Round 6,13,177,790,tw83905127,,9,tw92224806,,9,,,,,
round_pairing,Round 6,13,75,793,tw84462905,,12,tw25000553,,12,,,,,
round_pairing,Round 6,13,202,794,tw84828731,,9,tw68763677,,9,,,,,
round_pairing,Round 6,13,336,795,tw84916149,,6,tw05246772,,6,,,,,
round_pairing,Round 6,13,321,797,tw85067465,,6,tw32647589,,6,,,,,
round_pairing,Round 6,13,88,798,tw85147749,,12,tw87316906,,12,,,,,
round_pairing,Round 6,13,271,799,tw85233211,,6,tw52704576,,6,,,,,
round_pairing,Round 6,13,151,801,tw85563070,,9,tw20835300,,9,,,,,
round_pairing,Round 6,13,78,803,tw85855405,,12,tw09468385,,12,,,,,
round_pairing,Round 6,14,225,804,tw86056382,,9,tw53782031,,9,,,,,
round_pairing,Round 6,14,295,806,tw86700066,,6,tw34396906,,6,,,,,
round_pairing,Round 6,14,412,807,tw87015354,,3,tw42505350,,3,,,,,
round_pairing,Round 6,14,88,809,tw87316906,,12,tw85147749,,12,,,,,
round_pairing,Round 6,14,392,810,tw87510571,,3,tw13120137,,3,,,,,
round_pairing,Round 6,14,16,811,tw87713934,,12,tw97885633,,12,,,,,
round_pairing,Round 6,14,389,812,tw87745948,,3,tw69925275,,3,,,,,
round_pairing,Round 6,14,366,814,tw88117485,,6,tw15533641,,6,,,,,
round_pairing,Round 6,14,247,815,tw88178510,,6,tw03472100,,6,,,,,
round_pairing,Round 6,14,118,816,tw88407488,,9,tw81599190,,9,,,,,
round_pairing,Round 6,14,235,817,tw88506619,,9,tw97931731,,9,,,,,
round_pairing,Round 6,14,266,818,tw88706430,,6,tw63395911,,6,,,,,
round_pairing,Round 6,14,286,819,tw88792767,,6,tw51891548,,6,,,,,
round_pairing,Round 6,14,144,820,tw88860465,,9,tw74196817,,9,,,,,
round_pairing,Round 6,14,324,821,tw89040038,,6,tw00181149,,6,,,,,
round_pairing,Round 6,14,168,822,tw89047117,,9,tw95656910,,9,,,,,
round_pairing,Round 6,14,98,823,tw89297350,,9,tw12573104,,9,,,,,
round_pairing,Round 6,14,66,824,tw89407764,,12,tw17203659,,12,,,,,
round_pairing,Round 6,14,62,825,tw89449964,,12,tw85026999,,12,,,,,
round_pairing,Round 6,14,14,826,tw89609352,,15,tw04061481,,15,,,,,
round_pairing,Round 6,14,307,830,tw89811739,,6,tw35246471,,6,,,,,
round_pairing,Round 6,14,332,831,tw90018469,,6,tw97275186,,6,,,,,
round_pairing,Round 6,14,213,832,tw90183762,,9,tw62197981,,9,,,,,
round_pairing,Round 6,14,310,833,tw90337288,,6,tw61895092,,6,,,,,
round_pairing,Round 6,14,50,835,tw90485112,,12,tw16621728,,12,,,,,
round_pairing,Round 6,14,297,836,tw90553997,,6,tw11570874,,6,,,,,
round_pairing,Round 6,14,365,838,tw90564971,,6,tw25336636,,6,,,,,
round_pairing,Round 6,14,73,843,tw90996252,,12,tw09225948,,12,,,,,
round_pairing,Round 6,14,306,844,tw91555335,,6,tw54988993,,6,,,,,
round_pairing,Round 6,14,171,845,tw91594481,,9,tw46798799,,9,,,,,
round_pairing,Round 6,14,157,846,tw91627311,,9,tw93433450,,9,,,,,
round_pairing,Round 6,14,85,847,tw91823318,,12,tw98985840,,12,,,,,
round_pairing,Round 6,14,177,850,tw92224806,,9,tw83905127,,9,,,,,
round_pairing,Round 6,14,87,852,tw92466220,,12,tw16132632,,12,,,,,
round_pairing,Round 6,14,41,853,tw92544749,,12,tw49113528,,12,,,,,
round_pairing,Round 6,14,114,854,tw92680673,,9,tw16728082,,9,,,,,
round_pairing,Round 6,14,377,855,tw92814087,,3,tw33433069,,3,,,,,
round_pairing,Round 6,14,293,857,tw92986536,,6,tw01909140,,6,,,,,
round_pairing,Round 6,14,234,858,tw93020902,,9,tw70891974,,9,,,,,
round_pairing,Round 6,14,348,859,tw93021016,,6,tw83160193,,6,,,,,
round_pairing,Round 6,14,325,860,tw93054506,,6,tw12331692,,6,,,,,
round_pairing,Round 6,14,32,861,tw93076075,,12,tw16152234,,12,,,,,
round_pairing,Round 6,14,190,862,tw93405316,,9,tw54430001,,9,,,,,
round_pairing,Round 6,14,157,863,tw93433450,,9,tw91627311,,9,,,,,
round_pairing,Round 6,14,405,864,tw93529525,,3,tw62435012,,3,,,,,
round_pairing,Round 6,14,152,865,tw93754264,,9,tw93858918,,9,,,,,
round_pairing,Round 6,14,242,866,tw93786012,,6,tw45371614,,6,,,,,
round_pairing,Round 6,14,104,867,tw93786634,,9,tw63031373,,9,,,,,
round_pairing,Round 6,14,152,868,tw93858918,,9,tw93754264,,9,,,,,
round_pairing,Round 6,14,281,871,tw93999361,,6,tw49441410,,6,,,,,
round_pairing,Round 6,15,409,872,tw94142249,,3,tw33852575,,3,,,,,
round_pairing,Round 6,15,217,873,tw94156469,,9,tw62315993,,9,,,,,
round_pairing,Round 6,15,5,874,tw94173678,,15,tw99926791,,15,,,,,
round_pairing,Round 6,15,239,875,tw94370408,,6,tw15173588,,6,,,,,
round_pairing,Round 6,15,236,876,tw94518932,,9,tw20368538,,9,,,,,
round_pairing,Round 6,15,390,878,tw94748404,,3,tw95818310,,3,,,,,
round_pairing,Round 6,15,203,879,tw95198982,,9,tw99346363,,9,,,,,
round_pairing,Round 6,15,161,880,tw95261451,,9,tw48526697,,9,,,,,
round_pairing,Round 6,15,278,881,tw95401245,,6,tw35416653,,6,,,,,
round_pairing,Round 6,15,388,882,tw95547681,,3,tw22301558,,3,,,,,
round_pairing,Round 6,15,303,883,tw95566595,,6,tw02559687,,6,,,,,
round_pairing,Round 6,15,168,885,tw95656910,,9,tw89047117,,9,,,,,
round_pairing,Round 6,15,222,886,tw95668915,,9,tw46362217,,9,,,,,
round_pairing,Round 6,15,386,887,tw95746707,,3,tw71559250,,3,,,,,
round_pairing,Round 6,15,390,888,tw95818310,,3,tw94748404,,3,,,,,
round_pairing,Round 6,15,215,889,tw95954871,,9,tw65522783,,9,,,,,
round_pairing,Round 6,15,419,890,tw96093664,,0,tw84048586,,0,,,,,
round_pairing,Round 6,15,187,893,tw96387195,,9,tw02211815,,9,,,,,
round_pairing,Round 6,15,92,894,tw96648029,,9,tw39290085,,9,,,,,
round_pairing,Round 6,15,218,895,tw96887599,,9,tw51489284,,9,,,,,
round_pairing,Round 6,15,312,896,tw96947201,,6,tw71768773,,6,,,,,
round_pairing,Round 6,15,379,897,tw97135519,,3,tw48706845,,3,,,,,
round_pairing,Round 6,15,40,898,tw97138451,,12,tw77699656,,12,,,,,
round_pairing,Round 6,15,25,899,tw97165922,,12,tw46423373,,12,,,,,
round_pairing,Round 6,15,332,900,tw97275186,,6,tw90018469,,6,,,,,
round_pairing,Round 6,15,198,901,tw97370246,,9,tw42619935,,9,,,,,
round_pairing,Round 6,15,245,902,tw97384556,,6,tw98649601,,6,,,,,
round_pairing,Round 6,15,208,903,tw97546030,,9,tw35693064,,9,,,,,
round_pairing,Round 6,15,61,904,tw97567728,,12,tw02826499,,12,,,,,
round_pairing,Round 6,15,176,905,tw97666473,,9,tw79434198,,9,,,,,
round_pairing,Round 6,15,319,906,tw97703685,,6,tw01024875,,6,,,,,
round_pairing,Round 6,15,403,907,tw97807535,,3,tw29377361,,3,,,,,
round_pairing,Round 6,15,16,908,tw97885633,,12,tw87713934,,12,,,,,
round_pairing,Round 6,15,235,909,tw97931731,,9,tw88506619,,9,,,,,
round_pairing,Round 6,15,299,910,tw97995384,,6,tw06147611,,6,,,,,
round_pairing,Round 6,15,159,911,tw98129328,,9,tw16276326,,9,,,,,
round_pairing,Round 6,15,253,912,tw98211582,,6,tw15475553,,6,,,,,
round_pairing,Round 6,15,245,914,tw98649601,,6,tw97384556,,6,,,,,
round_pairing,Round 6,15,132,915,tw98707657,,9,tw67665108,,9,,,,,
round_pairing,Round 6,15,85,916,tw98985840,,12,tw91823318,,12,,,,,
round_pairing,Round 6,15,243,919,tw99086788,,6,tw13830995,,6,,,,,
round_pairing,Round 6,15,37,920,tw99140905,,12,tw45178021,,12,,,,,
round_pairing,Round 6,15,345,921,tw99241716,,6,tw56416986,,6,,,,,
round_pairing,Round 6,15,211,922,tw99256533,,9,tw75352342,,9,,,,,
round_pairing,Round 6,15,203,923,tw99346363,,9,tw95198982,,9,,,,,
round_pairing,Round 6,15,326,924,tw99373374,,6,tw14710630,,6,,,,,
round_pairing,Round 6,15,44,925,tw99386256,,12,tw41238636,,12,,,,,
round_pairing,Round 6,15,376,927,tw99714386,,3,tw24144676,,3,,,,,
round_pairing,Round 6,15,343,929,tw99853156,,6,tw41670381,,6,,,,,
round_pairing,Round 6,15,232,930,tw99888650,,9,tw82109498,,9,,,,,
round_pairing,Round 6,16,5,931,tw99926791,,15,tw94173678,,15,,,,,
round_pairing,Round 6,16,64,932,tw99958274,,12,tw44874553,,12,,,,,
round_pairing,Round 6,16,357,933,tw99968646,,6,tw24742864,,6,,,,,
round_pairing,Round 6,16,52,1024,tw74033297,,12,tw22261784,,12,,,,,
round_pairing,Round 6,16,249,1044,tw79621968,,6,tw19234685,,6,,,,,
round_pairing,Round 6,16,401,1046,tw02367054,,3,tw81250238,,3,,,,,
round_pairing,Round 6,16,305,1059,tw82289672,,6,tw41731352,,6,,,,,
round_pairing,Round 6,16,105,1065,tw08457807,,9,tw66992460,,9,,,,,
round_pairing,Round 6,16,184,1107,tw42204590,,9,tw52974697,,9,,,,,
round_pairing,Round 6,16,374,1111,tw15800518,,3,tw66907796,,3,,,,,
round_pairing,Round 6,16,416,1114,tw34649223,,0,tw48555786,,0,,,,,
round_pairing,Round 6,16,304,1116,tw88780324,,6,tw69628359,,6,,,,,
round_pairing,Round 6,16,91,1122,tw47117803,,9,tw17095405,,9,,,,,
round_pairing,Round 6,16,1,1136,tw67036456,,15,tw10410998,,15,,,,,
round_pairing,Round 6,16,342,1150,tw18458528,,6,tw50255396,,6,,,,,
round_pairing,Round 6,16,340,1155,tw23875590,,6,tw40504902,,6,,,,,
round_pairing,Round 6,16,57,1164,tw86324740,,12,tw18276049,,12,,,,,
round_pairing,Round 6,16,373,1194,tw77975837,,3,tw19393681,,3,,,,,
round_pairing,Round 6,16,274,1199,tw17401165,,6,tw25488947,,6,,,,,
round_pairing,Round 6,16,341,1200,tw64567116,,6,tw46321576,,6,,,,,
round_pairing,Round 6,16,420,1216,tw53090983,,0,tw28988843,,0,,,,,
round_pairing,Round 6,16,110,1223,tw61227623,,9,tw01150243,,9,,,,,
round_pairing,Round 6,16,139,1225,tw11608088,,9,tw18468179,,9,,,,,
round_pairing,Round 6,16,261,1237,tw17763984,,6,tw78077476,,6,,,,,
round_pairing,Round 6,16,291,1243,tw39114696,,6,tw64793736,,6,,,,,
round_pairing,Round 6,16,258,1249,tw42912360,,6,tw24708906,,6,,,,,
round_pairing,Round 6,16,315,1255,tw87844149,,6,tw37173355,,6,,,,,
round_pairing,Round 6,16,264,1274,tw36167036,,6,tw47341841,,6,,,,,
round_pairing,Round 6,16,335,1278,tw21654272,,6,tw53446977,,6,,,,,
round_pairing,Round 6,16,327,1291,tw24694611,,6,tw33811608,,6,,,,,
round_pairing,Round 6,16,161,1303,tw48526697,,9,tw95261451,,9,,,,,
round_pairing,Round 6,16,191,1310,tw52595130,,9,tw34953027,,9,,,,,
round_pairing,Round 6,16,246,1330,tw93829445,,6,tw36138720,,6,,,,,
round_pairing,Round 6,16,30,1336,tw58776465,,12,tw29821490,,12,,,,,
round_pairing,Round 6,16,399,1338,tw74641243,,3,tw63898784,,3,,,,,
round_pairing,Round 6,16,234,1387,tw70891974,,9,tw93020902,,9,,,,,
round_pairing,Round 6,16,123,1405,tw88775820,,9,tw48715949,,9,,,,,
round_pairing,Round 6,16,284,1419,tw97135682,,6,tw73048413,,6,,,,,
round_pairing,Round 6,16,277,1433,tw77798178,,6,tw57531941,,6,,,,,
round_pairing,Round 6,16,210,1444,tw17356132,,9,tw75204861,,9,,,,,
round_pairing,Round 6,16,69,1445,tw67295326,,12,tw03094722,,12,,,,,
round_pairing,Round 6,16,296,1450,tw40188987,,6,tw53367475,,6,,,,,
round_pairing,Round 6,16,419,1456,tw84048586,,0,tw96093664,,0,,,,,
round_pairing,Round 6,16,68,1458,tw27758570,,12,tw18412271,,12,,,,,
round_pairing,Round 6,16,325,1459,tw12331692,,6,tw93054506,,6,,,,,
round_pairing,Round 6,16,251,1476,tw92969664,,6,tw68822994,,6,,,,,
round_pairing,Round 6,16,368,1495,tw24845900,,3,tw35187586,,3,,,,,
round_pairing,Round 6,16,53,1505,tw26175828,,12,tw47415187,,12,,,,,
round_pairing,Round 6,16,107,1522,tw79802506,,9,tw32869182,,9,,,,,
round_pairing,Round 6,16,193,1533,tw52951111,,9,tw12035691,,9,,,,,
round_pairing,Round 6,17,358,1536,tw84386196,,6,tw17003070,,6,,,,,
round_pairing,Round 6,17,42,1556,tw63334587,,12,tw72464013,,12,,,,,
round_pairing,Round 6,17,138,1583,tw69848864,,9,tw69848771,,9,,,,,
round_pairing,Round 6,17,67,1584,tw24261609,,12,tw12363623,,12,,,,,
round_pairing,Round 6,17,130,1611,tw93660736,,9,tw55359182,,9,,,,,
round_pairing,Round 6,17,407,1617,tw77637602,,3,tw66961355,,3,,,,,
round_pairing,Round 6,17,418,1618,tw21394889,,0,tw66816512,,0,,,,,
round_pairing,Round 6,17,10,1625,tw39894258,,15,tw43492313,,15,,,,,
round_pairing,Round 6,17,269,1663,tw70378594,,6,tw79250738,,6,,,,,
round_pairing,Round 6,17,70,1683,tw13487252,,12,tw04713199,,12,,,,,
round_pairing,Round 6,17,290,1689,tw39185310,,6,tw59648008,,6,,,,,
round_pairing,Round 6,17,359,1694,tw62300636,,6,tw60794190,,6,,,,,
round_pairing,Round 6,17,400,1726,tw59649267,,3,tw71035218,,3,,,,,
round_pairing,Round 6,17,315,1736,tw37173355,,6,tw87844149,,6,,,,,
round_pairing,Round 6,17,344,1738,tw22480109,,6,tw13224458,,6,,,,,
round_pairing,Round 6,17,212,1745,tw47478004,,9,tw46377157,,9,,,,,
round_pairing,Round 6,17,9,1761,tw71861265,,15,tw65741542,,15,,,,,
round_pairing,Round 6,17,93,1765,tw26319522,,9,tw29518941,,9,,,,,
round_pairing,Round 6,17,107,1772,tw32869182,,9,tw79802506,,9,,,,,
round_pairing,Round 6,17,290,1792,tw59648008,,6,tw39185310,,6,,,,,
round_pairing,Round 6,17,109,1793,tw26089798,,9,tw69995586,,9,,,,,
round_pairing,Round 6,17,62,1795,tw85026999,,12,tw89449964,,12,,,,,
round_pairing,Round 6,17,63,1803,tw88521370,,12,tw13624938,,12,,,,,
round_pairing,Round 6,17,329,1805,tw68790007,,6,tw51149657,,6,,,,,
round_pairing,Round 6,17,153,1815,tw57196950,,9,tw82566333,,9,,,,,
round_pairing,Round 6,17,165,1828,tw02578849,,9,tw18676231,,9,,,,,
round_pairing,Round 6,17,313,1831,tw95521825,,6,tw28495767,,6,,,,,
round_pairing,Round 6,17,252,1847,tw01233994,,6,tw18850000,,6,,,,,
round_pairing,Round 6,17,48,1852,tw84991038,,12,tw55000893,,12,,,,,
round_pairing,Round 6,17,330,1859,tw76039193,,6,tw25201840,,6,,,,,
round_pairing,Round 6,17,97,1886,tw86831721,,9,tw29731640,,9,,,,,
round_pairing,Round 6,17,6,1899,tw07314439,,15,tw27568465,,15,,,,,
round_pairing,Round 6,17,377,1913,tw33433069,,3,tw92814087,,3,,,,,
round_pairing,Round 6,17,354,1922,tw98480968,,6,tw72318939,,6,,,,,
round_pairing,Round 6,17,79,1944,tw44917576,,12,tw15026318,,12,,,,,
round_pairing,Round 6,17,17,1958,tw36712780,,12,tw77206748,,12,,,,,
round_pairing,Round 6,17,194,1981,tw62529006,,9,tw73034465,,9,,,,,
round_pairing,Round 6,17,117,1987,tw85516442,,9,tw77606795,,9,,,,,
round_pairing,Round 6,17,160,1988,tw53974581,,9,tw60511158,,9,,,,,
round_pairing,Round 6,17,209,1998,tw73831583,,9,tw40135779,,9,,,,,
round_pairing,Round 6,17,184,2000,tw52974697,,9,tw42204590,,9,,,,,
round_pairing,Round 6,17,21,2199,tw50841430,,12,tw02172047,,12,,,,,
round_pairing,Round 7,1,275,1,tw00026251,,9,tw33785925,,9,,,,,
round_pairing,Round 7,1,99,2,tw00106184,,12,tw53782031,,12,,,,,
round_pairing,Round 7,1,316,3,tw00114747,,6,tw87844149,,6,,,,,
round_pairing,Round 7,1,344,4,tw00162182,,6,tw69925275,,6,,,,,
round_pairing,Round 7,1,176,5,tw00181149,,9,tw14152067,,9,,,,,
round_pairing,Round 7,1,304,7,tw00531440,,6,tw03472100,,6,,,,,
round_pairing,Round 7,1,238,8,tw00572856,,9,tw72829984,,9,,,,,
round_pairing,Round 7,1,33,10,tw00787146,,15,tw97885633,,15,,,,,
round_pairing,Round 7,1,38,11,tw00831574,,15,tw28179733,,15,,,,,
round_pairing,Round 7,1,293,12,tw00918141,,6,tw24459657,,6,,,,,
round_pairing,Round 7,1,206,13,tw00968448,,9,tw73975912,,9,,,,,
round_pairing,Round 7,1,137,15,tw01014532,,12,tw63031373,,12,,,,,
round_pairing,Round 7,1,312,16,tw01024875,,6,tw13224458,,6,,,,,
round_pairing,Round 7,1,283,17,tw01150243,,9,tw46020620,,9,,,,,
round_pairing,Round 7,1,273,18,tw01478107,,9,tw11015212,,9,,,,,
round_pairing,Round 7,1,343,20,tw02002019,,6,tw04255506,,6,,,,,
round_pairing,Round 7,1,95,21,tw02105248,,12,tw53974581,,12,,,,,
round_pairing,Round 7,1,127,22,tw02172047,,12,tw42527004,,12,,,,,
round_pairing,Round 7,1,121,23,tw02211815,,12,tw13229345,,12,,,,,
round_pairing,Round 7,1,349,24,tw02559687,,6,tw22301558,,6,,,,,
round_pairing,Round 7,1,124,26,tw02826499,,12,tw46738666,,12,,,,,
round_pairing,Round 7,1,270,27,tw02856732,,9,tw08457807,,9,,,,,
round_pairing,Round 7,1,346,29,tw02991787,,6,tw77637602,,6,,,,,
round_pairing,Round 7,1,78,30,tw03094722,,12,tw66806102,,12,,,,,
round_pairing,Round 7,1,246,32,tw03193944,,9,tw93021016,,9,,,,,
round_pairing,Round 7,1,304,36,tw03472100,,6,tw00531440,,6,,,,,
round_pairing,Round 7,1,40,42,tw04061481,,15,tw27736985,,15,,,,,
round_pairing,Round 7,1,208,44,tw04119157,,9,tw63395911,,9,,,,,
round_pairing,Round 7,1,122,45,tw04156058,,12,tw74568091,,12,,,,,
round_pairing,Round 7,1,343,46,tw04255506,,6,tw02002019,,6,,,,,
round_pairing,Round 7,1,264,47,tw04457744,,9,tw69602779,,9,,,,,
round_pairing,Round 7,1,62,49,tw04552155,,12,tw47612491,,12,,,,,
round_pairing,Round 7,1,117,51,tw04713199,,12,tw40123518,,12,,,,,
round_pairing,Round 7,1,90,52,tw04797990,,12,tw22261784,,12,,,,,
round_pairing,Round 7,1,108,53,tw04959593,,12,tw78539182,,12,,,,,
round_pairing,Round 7,1,209,55,tw05182930,,9,tw09704151,,9,,,,,
round_pairing,Round 7,1,107,57,tw05207217,,12,tw81599190,,12,,,,,
round_pairing,Round 7,1,279,58,tw05246772,,9,tw12573104,,9,,,,,
round_pairing,Round 7,1,112,59,tw05270520,,12,tw06996284,,12,,,,,
round_pairing,Round 7,1,71,60,tw05399034,,12,tw21820105,,12,,,,,
round_pairing,Round 7,1,340,61,tw05908621,,6,tw48357143,,6,,,,,
round_pairing,Round 7,1,86,62,tw05914722,,12,tw85563070,,12,,,,,
round_pairing,Round 7,1,278,64,tw06072288,,9,tw88178510,,9,,,,,
round_pairing,Round 7,1,322,65,tw06147611,,6,tw88706430,,6,,,,,
round_pairing,Round 7,1,249,66,tw06225308,,9,tw45371614,,9,,,,,
round_pairing,Round 7,1,133,67,tw06393443,,12,tw45178021,,12,,,,,
round_pairing,Round 7,1,310,68,tw06441088,,6,tw95401245,,6,,,,,
round_pairing,Round 7,1,272,69,tw06554451,,9,tw62529006,,9,,,,,
round_pairing,Round 7,1,104,70,tw06911704,,12,tw90485112,,12,,,,,
round_pairing,Round 7,1,112,71,tw06996284,,12,tw05270520,,12,,,,,
round_pairing,Round 7,2,2,72,tw07020662,,18,tw89609352,,18,,,,,
round_pairing,Round 7,2,373,73,tw07182365,,3,tw48555786,,3,,,,,
round_pairing,Round 7,2,98,75,tw07410887,,12,tw27308734,,12,,,,,
round_pairing,Round 7,2,156,76,tw07460167,,12,tw22807189,,12,,,,,
round_pairing,Round 7,2,191,77,tw07615948,,9,tw97546030,,9,,,,,
round_pairing,Round 7,2,175,78,tw07927124,,9,tw86831721,,9,,,,,
round_pairing,Round 7,2,359,81,tw08740331,,3,tw94748404,,3,,,,,
round_pairing,Round 7,2,241,82,tw08814300,,9,tw45615575,,9,,,,,
round_pairing,Round 7,2,53,83,tw08876514,,12,tw41609662,,12,,,,,
round_pairing,Round 7,2,351,84,tw08969542,,6,tw89811739,,6,,,,,
round_pairing,Round 7,2,352,85,tw09194772,,6,tw48889969,,6,,,,,
round_pairing,Round 7,2,29,86,tw09225948,,15,tw09468385,,15,,,,,
round_pairing,Round 7,2,347,87,tw09239240,,6,tw48596346,,6,,,,,
round_pairing,Round 7,2,29,89,tw09468385,,15,tw09225948,,15,,,,,
round_pairing,Round 7,2,126,90,tw09480115,,12,tw36782228,,12,,,,,
round_pairing,Round 7,2,342,91,tw09490592,,6,tw60567990,,6,,,,,
round_pairing,Round 7,2,43,93,tw09574160,,15,tw74033297,,15,,,,,
round_pairing,Round 7,2,209,94,tw09704151,,9,tw05182930,,9,,,,,
round_pairing,Round 7,2,259,95,tw09772052,,9,tw95566595,,9,,,,,
round_pairing,Round 7,2,116,97,tw09964738,,12,tw74542521,,12,,,,,
round_pairing,Round 7,2,360,98,tw10304280,,3,tw22183935,,3,,,,,
round_pairing,Round 7,2,4,99,tw10410998,,18,tw57017359,,18,,,,,
round_pairing,Round 7,2,39,100,tw10467123,,15,tw65483922,,15,,,,,
round_pairing,Round 7,2,135,101,tw10700633,,12,tw62958507,,12,,,,,
round_pairing,Round 7,2,273,102,tw11015212,,9,tw01478107,,9,,,,,
round_pairing,Round 7,2,149,104,tw11292760,,12,tw62197981,,12,,,,,
round_pairing,Round 7,2,308,105,tw11498239,,6,tw24845900,,6,,,,,
round_pairing,Round 7,2,129,106,tw11499785,,12,tw85855405,,12,,,,,
round_pairing,Round 7,2,289,107,tw11570874,,6,tw34396906,,6,,,,,
round_pairing,Round 7,2,341,108,tw11612248,,6,tw27943796,,6,,,,,
round_pairing,Round 7,2,74,109,tw11642031,,12,tw75551324,,12,,,,,
round_pairing,Round 7,2,280,110,tw11739209,,9,tw39114696,,9,,,,,
round_pairing,Round 7,2,146,111,tw12035691,,12,tw54430001,,12,,,,,
round_pairing,Round 7,2,37,114,tw12363623,,15,tw69663505,,15,,,,,
round_pairing,Round 7,2,279,115,tw12573104,,9,tw05246772,,9,,,,,
round_pairing,Round 7,2,145,116,tw12769027,,12,tw49045992,,12,,,,,
round_pairing,Round 7,2,172,118,tw13090534,,9,tw50239297,,9,,,,,
round_pairing,Round 7,2,369,119,tw13120137,,3,tw19291467,,3,,,,,
round_pairing,Round 7,2,312,121,tw13224458,,6,tw01024875,,6,,,,,
round_pairing,Round 7,2,121,122,tw13229345,,12,tw02211815,,12,,,,,
round_pairing,Round 7,2,134,123,tw13298067,,12,tw27758570,,12,,,,,
round_pairing,Round 7,2,323,124,tw13312253,,6,tw99373374,,6,,,,,
round_pairing,Round 7,2,231,125,tw13434296,,9,tw18638755,,9,,,,,
round_pairing,Round 7,2,207,126,tw13454619,,9,tw76994845,,9,,,,,
round_pairing,Round 7,2,140,127,tw13462937,,12,tw30419396,,12,,,,,
round_pairing,Round 7,2,106,128,tw13569448,,12,tw22611326,,12,,,,,
round_pairing,Round 7,2,48,129,tw13624938,,15,tw82981600,,15,,,,,
round_pairing,Round 7,2,13,130,tw13638158,,15,tw42455002,,15,,,,,
round_pairing,Round 7,2,297,131,tw13779097,,6,tw62300636,,6,,,,,
round_pairing,Round 7,2,189,133,tw13830995,,9,tw19377792,,9,,,,,
round_pairing,Round 7,3,176,136,tw14152067,,9,tw00181149,,9,,,,,
round_pairing,Round 7,3,287,138,tw14489518,,6,tw25188472,,6,,,,,
round_pairing,Round 7,3,163,139,tw14618138,,9,tw25634182,,9,,,,,
round_pairing,Round 7,3,271,141,tw14710630,,9,tw82370377,,9,,,,,
round_pairing,Round 7,3,141,142,tw14788730,,12,tw73831583,,12,,,,,
round_pairing,Round 7,3,166,143,tw14910247,,9,tw41398048,,9,,,,,
round_pairing,Round 7,3,243,144,tw15023289,,9,tw29372557,,9,,,,,
round_pairing,Round 7,3,20,145,tw15026318,,15,tw47904340,,15,,,,,
round_pairing,Round 7,3,356,146,tw15028008,,6,tw17543456,,6,,,,,
round_pairing,Round 7,3,114,148,tw15392207,,12,tw42619935,,12,,,,,
round_pairing,Round 7,3,213,149,tw15435377,,9,tw44207012,,9,,,,,
round_pairing,Round 7,3,261,150,tw15475553,,9,tw46795660,,9,,,,,
round_pairing,Round 7,3,250,151,tw15533641,,9,tw51149657,,9,,,,,
round_pairing,Round 7,3,46,155,tw16132632,,15,tw41805810,,15,,,,,
round_pairing,Round 7,3,143,156,tw16152234,,12,tw76925363,,12,,,,,
round_pairing,Round 7,3,223,158,tw16526802,,9,tw60794190,,9,,,,,
round_pairing,Round 7,3,45,160,tw16621728,,15,tw67604361,,15,,,,,
round_pairing,Round 7,3,82,161,tw16728082,,12,tw90996252,,12,,,,,
round_pairing,Round 7,3,14,163,tw16965198,,15,tw68165427,,15,,,,,
round_pairing,Round 7,3,267,164,tw17003070,,9,tw69848771,,9,,,,,
round_pairing,Round 7,3,328,166,tw17108307,,6,tw46643692,,6,,,,,
round_pairing,Round 7,3,44,167,tw17203659,,15,tw67036456,,15,,,,,
round_pairing,Round 7,3,364,169,tw17453360,,3,tw79476009,,3,,,,,
round_pairing,Round 7,3,300,170,tw17488993,,6,tw79250738,,6,,,,,
round_pairing,Round 7,3,356,171,tw17543456,,6,tw15028008,,6,,,,,
round_pairing,Round 7,3,229,173,tw17748447,,9,tw59616959,,9,,,,,
round_pairing,Round 7,3,96,174,tw17830710,,12,tw60920600,,12,,,,,
round_pairing,Round 7,3,330,175,tw18243923,,6,tw71768773,,6,,,,,
round_pairing,Round 7,3,35,176,tw18276049,,15,tw78403870,,15,,,,,
round_pairing,Round 7,3,30,177,tw18412271,,15,tw66588143,,15,,,,,
round_pairing,Round 7,3,54,179,tw18468179,,12,tw87713934,,12,,,,,
round_pairing,Round 7,3,231,180,tw18638755,,9,tw13434296,,9,,,,,
round_pairing,Round 7,3,83,181,tw18641143,,12,tw40696414,,12,,,,,
round_pairing,Round 7,3,148,182,tw18676231,,12,tw44475314,,12,,,,,
round_pairing,Round 7,3,327,184,tw18850000,,6,tw72174151,,6,,,,,
round_pairing,Round 7,3,36,185,tw18906406,,15,tw36759052,,15,,,,,
round_pairing,Round 7,3,186,186,tw19234685,,9,tw18458528,,9,,,,,
round_pairing,Round 7,3,369,187,tw19291467,,3,tw13120137,,3,,,,,
round_pairing,Round 7,3,189,188,tw19377792,,9,tw13830995,,9,,,,,
round_pairing,Round 7,3,335,189,tw19393681,,6,tw28495767,,6,,,,,
round_pairing,Round 7,3,123,195,tw20707479,,12,tw83905127,,12,,,,,
round_pairing,Round 7,3,230,197,tw20835300,,9,tw21654272,,9,,,,,
round_pairing,Round 7,3,71,200,tw21820105,,12,tw05399034,,12,,,,,
round_pairing,Round 7,3,350,202,tw22007891,,6,tw68790007,,6,,,,,
round_pairing,Round 7,3,360,203,tw22183935,,3,tw10304280,,3,,,,,
round_pairing,Round 7,3,245,204,tw22214921,,9,tw47478004,,9,,,,,
round_pairing,Round 7,3,90,205,tw22261784,,12,tw04797990,,12,,,,,
round_pairing,Round 7,3,349,206,tw22301558,,6,tw02559687,,6,,,,,
round_pairing,Round 7,3,106,208,tw22611326,,12,tw13569448,,12,,,,,
round_pairing,Round 7,3,100,209,tw22699669,,12,tw29518941,,12,,,,,
round_pairing,Round 7,4,156,210,tw22807189,,12,tw07460167,,12,,,,,
round_pairing,Round 7,4,161,211,tw22969264,,9,tw82556653,,9,,,,,
round_pairing,Round 7,4,285,212,tw22979539,,9,tw39290085,,9,,,,,
round_pairing,Round 7,4,298,213,tw23209128,,6,tw47077924,,6,,,,,
round_pairing,Round 7,4,225,215,tw23249034,,9,tw44047226,,9,,,,,
round_pairing,Round 7,4,219,217,tw23649439,,9,tw81562455,,9,,,,,
round_pairing,Round 7,4,314,218,tw23712439,,6,tw76258268,,6,,,,,
round_pairing,Round 7,4,67,220,tw23764220,,12,tw95198982,,12,,,,,
round_pairing,Round 7,4,372,221,tw24144676,,3,tw69576075,,3,,,,,
round_pairing,Round 7,4,228,223,tw24266071,,9,tw99346363,,9,,,,,
round_pairing,Round 7,4,234,225,tw24423291,,9,tw97995384,,9,,,,,
round_pairing,Round 7,4,293,226,tw24459657,,6,tw00918141,,6,,,,,
round_pairing,Round 7,4,68,227,tw24570904,,12,tw48715949,,12,,,,,
round_pairing,Round 7,4,248,228,tw24708906,,9,tw79992941,,9,,,,,
round_pairing,Round 7,4,174,229,tw24742864,,9,tw97666473,,9,,,,,
round_pairing,Round 7,4,256,230,tw24854365,,9,tw70378594,,9,,,,,
round_pairing,Round 7,4,61,231,tw24928885,,12,tw74196817,,12,,,,,
round_pairing,Round 7,4,17,232,tw25000553,,15,tw26175828,,15,,,,,
round_pairing,Round 7,4,287,234,tw25188472,,6,tw14489518,,6,,,,,
round_pairing,Round 7,4,301,235,tw25201840,,6,tw72318939,,6,,,,,
round_pairing,Round 7,4,332,236,tw25336636,,6,tw71035218,,6,,,,,
round_pairing,Round 7,4,282,238,tw25488947,,9,tw66555509,,9,,,,,
round_pairing,Round 7,4,151,239,tw25559677,,12,tw79434198,,12,,,,,
round_pairing,Round 7,4,337,240,tw25571112,,6,tw52149734,,6,,,,,
round_pairing,Round 7,4,163,241,tw25634182,,9,tw14618138,,9,,,,,
round_pairing,Round 7,4,26,244,tw26020639,,15,tw93076075,,15,,,,,
round_pairing,Round 7,4,235,246,tw26528058,,9,tw86056382,,9,,,,,
round_pairing,Round 7,4,319,247,tw26529339,,6,tw79621968,,6,,,,,
round_pairing,Round 7,4,105,248,tw26670105,,12,tw93858918,,12,,,,,
round_pairing,Round 7,4,220,249,tw26839664,,9,tw32647589,,9,,,,,
round_pairing,Round 7,4,16,250,tw26953449,,15,tw54739989,,15,,,,,
round_pairing,Round 7,4,98,252,tw27308734,,12,tw07410887,,12,,,,,
round_pairing,Round 7,4,7,253,tw27347873,,18,tw27568465,,18,,,,,
round_pairing,Round 7,4,9,254,tw27395288,,15,tw77206748,,15,,,,,
round_pairing,Round 7,4,97,255,tw27419844,,12,tw29536370,,12,,,,,
round_pairing,Round 7,4,222,256,tw27495272,,9,tw51756189,,9,,,,,
round_pairing,Round 7,4,7,257,tw27568465,,18,tw27347873,,18,,,,,
round_pairing,Round 7,4,40,260,tw27736985,,15,tw04061481,,15,,,,,
round_pairing,Round 7,4,197,262,tw27817384,,9,tw73911906,,9,,,,,
round_pairing,Round 7,4,341,263,tw27943796,,6,tw11612248,,6,,,,,
round_pairing,Round 7,4,38,266,tw28179733,,15,tw00831574,,15,,,,,
round_pairing,Round 7,4,198,267,tw28193746,,9,tw56012620,,9,,,,,
round_pairing,Round 7,4,252,268,tw28285341,,9,tw93754264,,9,,,,,
round_pairing,Round 7,4,335,269,tw28495767,,6,tw19393681,,6,,,,,
round_pairing,Round 7,4,139,270,tw28510545,,12,tw71598135,,12,,,,,
round_pairing,Round 7,4,286,271,tw28672728,,6,tw51147332,,9,,,,,
round_pairing,Round 7,4,12,273,tw28750216,,15,tw65235703,,15,,,,,
round_pairing,Round 7,4,374,274,tw28988843,,3,tw67984683,,3,,,,,
round_pairing,Round 7,4,8,275,tw29121960,,15,tw33742727,,15,,,,,
round_pairing,Round 7,4,243,276,tw29372557,,9,tw15023289,,9,,,,,
round_pairing,Round 7,5,169,278,tw29404493,,9,tw58450010,,9,,,,,
round_pairing,Round 7,5,100,279,tw29518941,,12,tw22699669,,12,,,,,
round_pairing,Round 7,5,97,280,tw29536370,,12,tw27419844,,12,,,,,
round_pairing,Round 7,5,80,281,tw29731640,,12,tw64203769,,12,,,,,
round_pairing,Round 7,5,56,282,tw29821490,,12,tw36712780,,12,,,,,
round_pairing,Round 7,5,19,283,tw30236831,,15,tw42246097,,15,,,,,
round_pairing,Round 7,5,140,285,tw30419396,,12,tw13462937,,12,,,,,
round_pairing,Round 7,5,34,287,tw30898169,,15,tw97567728,,15,,,,,
round_pairing,Round 7,5,348,288,tw30959627,,6,tw45404381,,6,,,,,
round_pairing,Round 7,5,338,289,tw30976792,,6,tw92969664,,6,,,,,
round_pairing,Round 7,5,73,291,tw31279242,,12,tw46423373,,12,,,,,
round_pairing,Round 7,5,1,292,tw31422118,,18,tw50858481,,18,,,,,
round_pairing,Round 7,5,212,294,tw31941216,,9,tw45458321,,9,,,,,
round_pairing,Round 7,5,168,295,tw31949622,,9,tw93829445,,9,,,,,
round_pairing,Round 7,5,142,296,tw32141014,,12,tw56605426,,12,,,,,
round_pairing,Round 7,5,357,298,tw32214798,,6,tw82289672,,6,,,,,
round_pairing,Round 7,5,64,299,tw32240000,,12,tw75596823,,12,,,,,
round_pairing,Round 7,5,220,301,tw32647589,,9,tw26839664,,9,,,,,
round_pairing,Round 7,5,157,302,tw32722359,,12,tw33274690,,12,,,,,
round_pairing,Round 7,5,94,303,tw32893143,,12,tw37453841,,12,,,,,
round_pairing,Round 7,5,87,304,tw32907703,,12,tw72464013,,12,,,,,
round_pairing,Round 7,5,158,308,tw33005835,,12,tw52806758,,12,,,,,
round_pairing,Round 7,5,315,309,tw33097520,,6,tw94370408,,6,,,,,
round_pairing,Round 7,5,157,310,tw33274690,,12,tw32722359,,12,,,,,
round_pairing,Round 7,5,317,311,tw33544977,,6,tw17401165,,6,,,,,
round_pairing,Round 7,5,8,312,tw33742727,,15,tw29121960,,15,,,,,
round_pairing,Round 7,5,275,313,tw33785925,,9,tw00026251,,9,,,,,
round_pairing,Round 7,5,255,314,tw33811608,,9,tw76784634,,9,,,,,
round_pairing,Round 7,5,365,315,tw33820039,,3,tw72630270,,3,,,,,
round_pairing,Round 7,5,358,316,tw33852575,,3,tw48706845,,3,,,,,
round_pairing,Round 7,5,295,317,tw33881781,,6,tw57531941,,6,,,,,
round_pairing,Round 7,5,211,318,tw33884578,,9,tw91594481,,9,,,,,
round_pairing,Round 7,5,289,320,tw34396906,,6,tw11570874,,6,,,,,
round_pairing,Round 7,5,153,322,tw34953027,,12,tw99888650,,12,,,,,
round_pairing,Round 7,5,361,323,tw35187586,,3,tw96093664,,3,,,,,
round_pairing,Round 7,5,202,324,tw35246471,,9,tw35995465,,9,,,,,
round_pairing,Round 7,5,375,325,tw35360901,,0,tw34649223,,0,,,,,
round_pairing,Round 7,5,221,326,tw35416653,,9,tw71730704,,9,,,,,
round_pairing,Round 7,5,376,327,tw35684617,,0,tw79221888,,0,,,,,
round_pairing,Round 7,5,111,328,tw35693064,,12,tw86324740,,12,,,,,
round_pairing,Round 7,5,57,329,tw35707148,,12,tw55210501,,12,,,,,
round_pairing,Round 7,5,263,330,tw35735135,,9,tw66520026,,9,,,,,
round_pairing,Round 7,5,32,331,tw35839691,,15,tw39492637,,15,,,,,
round_pairing,Round 7,5,202,332,tw35995465,,9,tw35246471,,9,,,,,
round_pairing,Round 7,5,291,334,tw36138720,,6,tw50795757,,6,,,,,
round_pairing,Round 7,5,118,335,tw36648556,,12,tw26089798,,12,,,,,
round_pairing,Round 7,5,51,336,tw36747145,,15,tw44468313,,15,,,,,
round_pairing,Round 7,5,36,337,tw36759052,,15,tw18906406,,15,,,,,
round_pairing,Round 7,5,126,338,tw36782228,,12,tw09480115,,12,,,,,
round_pairing,Round 7,5,182,339,tw36810632,,9,tw75204861,,9,,,,,
round_pairing,Round 7,6,138,341,tw37158463,,12,tw48178410,,12,,,,,
round_pairing,Round 7,6,94,342,tw37453841,,12,tw32893143,,12,,,,,
round_pairing,Round 7,6,269,343,tw37823321,,9,tw92680673,,9,,,,,
round_pairing,Round 7,6,23,349,tw38086655,,15,tw76309421,,15,,,,,
round_pairing,Round 7,6,84,351,tw38236579,,12,tw96648029,,12,,,,,
round_pairing,Round 7,6,329,356,tw39192538,,6,tw48890271,,6,,,,,
round_pairing,Round 7,6,285,357,tw39290085,,9,tw22979539,,9,,,,,
round_pairing,Round 7,6,32,358,tw39492637,,15,tw35839691,,15,,,,,
round_pairing,Round 7,6,345,359,tw39697449,,6,tw57062134,,6,,,,,
round_pairing,Round 7,6,326,360,tw39941788,,6,tw24694611,,6,,,,,
round_pairing,Round 7,6,117,361,tw40123518,,12,tw04713199,,12,,,,,
round_pairing,Round 7,6,185,362,tw40135779,,9,tw80267696,,9,,,,,
round_pairing,Round 7,6,363,364,tw40377456,,3,tw72928053,,3,,,,,
round_pairing,Round 7,6,5,366,tw40555668,,18,tw61279434,,18,,,,,
round_pairing,Round 7,6,331,367,tw40682117,,6,tw99714386,,6,,,,,
round_pairing,Round 7,6,83,368,tw40696414,,12,tw18641143,,12,,,,,
round_pairing,Round 7,6,164,370,tw40786209,,9,tw56468849,,9,,,,,
round_pairing,Round 7,6,333,372,tw41073870,,6,tw45713741,,6,,,,,
round_pairing,Round 7,6,154,373,tw41104694,,12,tw46377157,,12,,,,,
round_pairing,Round 7,6,120,374,tw41238636,,12,tw47415187,,12,,,,,
round_pairing,Round 7,6,18,376,tw41286139,,15,tw99140905,,15,,,,,
round_pairing,Round 7,6,166,377,tw41398048,,9,tw14910247,,9,,,,,
round_pairing,Round 7,6,294,378,tw41429367,,6,tw77877383,,6,,,,,
round_pairing,Round 7,6,368,379,tw41479406,,3,tw95547681,,3,,,,,
round_pairing,Round 7,6,262,380,tw41523616,,9,tw69995586,,9,,,,,
round_pairing,Round 7,6,53,381,tw41609662,,12,tw08876514,,12,,,,,
round_pairing,Round 7,6,284,382,tw41670381,,9,tw98649601,,9,,,,,
round_pairing,Round 7,6,171,383,tw41731352,,9,tw62594682,,9,,,,,
round_pairing,Round 7,6,46,384,tw41805810,,15,tw16132632,,15,,,,,
round_pairing,Round 7,6,276,386,tw42186430,,9,tw82751826,,9,,,,,
round_pairing,Round 7,6,19,387,tw42246097,,15,tw30236831,,15,,,,,
round_pairing,Round 7,6,81,388,tw42309306,,12,tw55332465,,12,,,,,
round_pairing,Round 7,6,13,389,tw42455002,,15,tw13638158,,15,,,,,
round_pairing,Round 7,6,127,391,tw42527004,,12,tw02172047,,12,,,,,
round_pairing,Round 7,6,130,392,tw42563834,,12,tw68088789,,12,,,,,
round_pairing,Round 7,6,114,393,tw42619935,,12,tw15392207,,12,,,,,
round_pairing,Round 7,6,187,394,tw42723639,,9,tw68135684,,9,,,,,
round_pairing,Round 7,6,119,396,tw42938387,,12,tw78657682,,12,,,,,
round_pairing,Round 7,6,232,397,tw42979297,,9,tw52951111,,9,,,,,
round_pairing,Round 7,6,66,398,tw43007249,,12,tw89407764,,12,,,,,
round_pairing,Round 7,6,49,399,tw43268758,,15,tw85026999,,15,,,,,
round_pairing,Round 7,6,199,400,tw43322316,,9,tw97703685,,9,,,,,
round_pairing,Round 7,6,79,401,tw43331901,,12,tw47117803,,12,,,,,
round_pairing,Round 7,6,22,402,tw43380150,,15,tw13487252,,15,,,,,
round_pairing,Round 7,6,21,404,tw43492313,,15,tw99958274,,15,,,,,
round_pairing,Round 7,6,91,405,tw43633449,,12,tw82566333,,12,,,,,
round_pairing,Round 7,6,225,408,tw44047226,,9,tw23249034,,9,,,,,
round_pairing,Round 7,6,109,411,tw44127879,,12,tw80521031,,12,,,,,
round_pairing,Round 7,6,277,412,tw44206611,,9,tw50414993,,9,,,,,
round_pairing,Round 7,6,213,413,tw44207012,,9,tw15435377,,9,,,,,
round_pairing,Round 7,7,173,414,tw44233591,,9,tw79802506,,9,,,,,
round_pairing,Round 7,7,159,416,tw44344603,,12,tw93433450,,12,,,,,
round_pairing,Round 7,7,113,417,tw44380087,,12,tw51610329,,12,,,,,
round_pairing,Round 7,7,51,418,tw44468313,,15,tw36747145,,15,,,,,
round_pairing,Round 7,7,148,419,tw44475314,,12,tw18676231,,12,,,,,
round_pairing,Round 7,7,321,420,tw44649735,,6,tw95746707,,6,,,,,
round_pairing,Round 7,7,136,421,tw44821842,,12,tw76132946,,12,,,,,
round_pairing,Round 7,7,60,423,tw44874553,,12,tw95954871,,12,,,,,
round_pairing,Round 7,7,133,424,tw45178021,,12,tw06393443,,12,,,,,
round_pairing,Round 7,7,233,425,tw45233917,,9,tw37173355,,9,,,,,
round_pairing,Round 7,7,281,426,tw45324854,,9,tw84828731,,9,,,,,
round_pairing,Round 7,7,249,427,tw45371614,,9,tw06225308,,9,,,,,
round_pairing,Round 7,7,348,429,tw45404381,,6,tw30959627,,6,,,,,
round_pairing,Round 7,7,212,430,tw45458321,,9,tw31941216,,9,,,,,
round_pairing,Round 7,7,241,432,tw45615575,,9,tw08814300,,9,,,,,
round_pairing,Round 7,7,333,435,tw45713741,,6,tw41073870,,6,,,,,
round_pairing,Round 7,7,89,437,tw46002856,,12,tw75352342,,12,,,,,
round_pairing,Round 7,7,283,438,tw46020620,,9,tw01150243,,9,,,,,
round_pairing,Round 7,7,50,439,tw46030050,,15,tw94173678,,15,,,,,
round_pairing,Round 7,7,355,440,tw46321576,,6,tw90337288,,6,,,,,
round_pairing,Round 7,7,237,441,tw46362217,,9,tw62020476,,9,,,,,
round_pairing,Round 7,7,154,442,tw46377157,,12,tw41104694,,12,,,,,
round_pairing,Round 7,7,73,443,tw46423373,,12,tw31279242,,12,,,,,
round_pairing,Round 7,7,328,444,tw46643692,,6,tw17108307,,6,,,,,
round_pairing,Round 7,7,41,445,tw46646319,,15,tw53723254,,15,,,,,
round_pairing,Round 7,7,124,448,tw46738666,,12,tw02826499,,12,,,,,
round_pairing,Round 7,7,261,449,tw46795660,,9,tw15475553,,9,,,,,
round_pairing,Round 7,7,88,450,tw46798799,,12,tw17356132,,12,,,,,
round_pairing,Round 7,7,325,451,tw46945068,,6,tw58188995,,6,,,,,
round_pairing,Round 7,7,167,452,tw46969620,,9,tw88407488,,9,,,,,
round_pairing,Round 7,7,298,453,tw47077924,,6,tw23209128,,6,,,,,
round_pairing,Round 7,7,253,455,tw47341841,,9,tw90018469,,9,,,,,
round_pairing,Round 7,7,120,456,tw47415187,,12,tw41238636,,12,,,,,
round_pairing,Round 7,7,62,458,tw47612491,,12,tw04552155,,12,,,,,
round_pairing,Round 7,7,20,459,tw47904340,,15,tw15026318,,15,,,,,
round_pairing,Round 7,7,138,461,tw48178410,,12,tw37158463,,12,,,,,
round_pairing,Round 7,7,340,463,tw48357143,,6,tw05908621,,6,,,,,
round_pairing,Round 7,7,373,466,tw48555786,,3,tw07182365,,3,,,,,
round_pairing,Round 7,7,347,467,tw48596346,,6,tw09239240,,6,,,,,
round_pairing,Round 7,7,358,468,tw48706845,,3,tw33852575,,3,,,,,
round_pairing,Round 7,7,68,469,tw48715949,,12,tw24570904,,12,,,,,
round_pairing,Round 7,7,160,471,tw48793078,,12,tw67716132,,12,,,,,
round_pairing,Round 7,7,352,472,tw48889969,,6,tw09194772,,6,,,,,
round_pairing,Round 7,7,329,473,tw48890271,,6,tw39192538,,6,,,,,
round_pairing,Round 7,7,247,474,tw48927744,,9,tw77721211,,9,,,,,
round_pairing,Round 7,7,354,475,tw48962901,,6,tw82516603,,6,,,,,
round_pairing,Round 7,7,145,476,tw49045992,,12,tw12769027,,12,,,,,
round_pairing,Round 7,7,42,477,tw49113528,,15,tw85147749,,15,,,,,
round_pairing,Round 7,7,15,478,tw49159270,,15,tw07314439,,15,,,,,
round_pairing,Round 7,7,305,479,tw49327411,,6,tw93054506,,6,,,,,
round_pairing,Round 7,8,59,480,tw49388371,,12,tw75091640,,12,,,,,
round_pairing,Round 7,8,180,481,tw49441410,,9,tw90564971,,9,,,,,
round_pairing,Round 7,8,132,483,tw49759795,,12,tw73106123,,12,,,,,
round_pairing,Round 7,8,204,484,tw49877892,,9,tw96887599,,9,,,,,
round_pairing,Round 7,8,172,485,tw50239297,,9,tw13090534,,9,,,,,
round_pairing,Round 7,8,303,486,tw50255396,,6,tw36167036,,6,,,,,
round_pairing,Round 7,8,103,487,tw50328610,,12,tw89449964,,12,,,,,
round_pairing,Round 7,8,277,488,tw50414993,,9,tw44206611,,9,,,,,
round_pairing,Round 7,8,6,490,tw50567676,,18,tw99926791,,18,,,,,
round_pairing,Round 7,8,216,491,tw50702110,,9,tw60511158,,9,,,,,
round_pairing,Round 7,8,291,492,tw50795757,,6,tw36138720,,6,,,,,
round_pairing,Round 7,8,244,493,tw50820470,,9,tw65522783,,9,,,,,
round_pairing,Round 7,8,1,495,tw50858481,,18,tw31422118,,18,,,,,
round_pairing,Round 7,8,286,496,tw51147332,,9,tw28672728,,6,,,,,
round_pairing,Round 7,8,250,497,tw51149657,,9,tw15533641,,9,,,,,
round_pairing,Round 7,8,70,500,tw51489284,,12,tw73034465,,12,,,,,
round_pairing,Round 7,8,113,501,tw51610329,,12,tw44380087,,12,,,,,
round_pairing,Round 7,8,222,502,tw51756189,,9,tw27495272,,9,,,,,
round_pairing,Round 7,8,337,505,tw52149734,,6,tw25571112,,6,,,,,
round_pairing,Round 7,8,324,506,tw52301948,,6,tw85067465,,6,,,,,
round_pairing,Round 7,8,299,509,tw52493073,,6,tw78077476,,6,,,,,
round_pairing,Round 7,8,47,511,tw52663760,,15,tw68954029,,15,,,,,
round_pairing,Round 7,8,306,512,tw52704576,,6,tw66907796,,6,,,,,
round_pairing,Round 7,8,258,513,tw52752742,,9,tw01233994,,9,,,,,
round_pairing,Round 7,8,158,514,tw52806758,,12,tw33005835,,12,,,,,
round_pairing,Round 7,8,309,516,tw53446977,,6,tw83160193,,6,,,,,
round_pairing,Round 7,8,224,517,tw53540804,,9,tw52595130,,9,,,,,
round_pairing,Round 7,8,41,518,tw53723254,,15,tw46646319,,15,,,,,
round_pairing,Round 7,8,99,519,tw53782031,,12,tw00106184,,12,,,,,
round_pairing,Round 7,8,236,520,tw53806573,,9,tw98480968,,9,,,,,
round_pairing,Round 7,8,214,522,tw54347311,,9,tw81066465,,9,,,,,
round_pairing,Round 7,8,146,523,tw54430001,,12,tw12035691,,12,,,,,
round_pairing,Round 7,8,16,524,tw54739989,,15,tw26953449,,15,,,,,
round_pairing,Round 7,8,288,526,tw54988993,,6,tw87015354,,6,,,,,
round_pairing,Round 7,8,27,527,tw55000893,,15,tw56336073,,15,,,,,
round_pairing,Round 7,8,57,529,tw55210501,,12,tw35707148,,12,,,,,
round_pairing,Round 7,8,81,530,tw55332465,,12,tw42309306,,12,,,,,
round_pairing,Round 7,8,192,531,tw55359182,,9,tw67199394,,9,,,,,
round_pairing,Round 7,8,55,533,tw55765174,,12,tw68046375,,12,,,,,
round_pairing,Round 7,8,198,534,tw56012620,,9,tw28193746,,9,,,,,
round_pairing,Round 7,8,110,535,tw56240698,,12,tw56550093,,12,,,,,
round_pairing,Round 7,8,27,536,tw56336073,,15,tw55000893,,15,,,,,
round_pairing,Round 7,8,371,537,tw56387935,,3,tw57767899,,3,,,,,
round_pairing,Round 7,8,164,539,tw56468849,,9,tw40786209,,9,,,,,
round_pairing,Round 7,8,110,540,tw56550093,,12,tw56240698,,12,,,,,
round_pairing,Round 7,8,142,541,tw56605426,,12,tw32141014,,12,,,,,
round_pairing,Round 7,8,4,542,tw57017359,,18,tw10410998,,18,,,,,
round_pairing,Round 7,8,345,543,tw57062134,,6,tw39697449,,6,,,,,
round_pairing,Round 7,8,295,545,tw57531941,,6,tw33881781,,6,,,,,
round_pairing,Round 7,8,203,546,tw57612114,,9,tw82001299,,9,,,,,
round_pairing,Round 7,9,165,547,tw57615176,,9,tw22480109,,9,,,,,
round_pairing,Round 7,9,371,548,tw57767899,,3,tw56387935,,3,,,,,
round_pairing,Round 7,9,150,549,tw58028303,,12,tw82878504,,12,,,,,
round_pairing,Round 7,9,325,550,tw58188995,,6,tw46945068,,6,,,,,
round_pairing,Round 7,9,169,551,tw58450010,,9,tw29404493,,9,,,,,
round_pairing,Round 7,9,31,555,tw58781969,,15,tw97165922,,15,,,,,
round_pairing,Round 7,9,217,556,tw58817602,,9,tw76529055,,9,,,,,
round_pairing,Round 7,9,320,557,tw58835877,,6,tw81250238,,6,,,,,
round_pairing,Round 7,9,195,560,tw59462193,,9,tw48526697,,9,,,,,
round_pairing,Round 7,9,75,561,tw59471628,,12,tw98129328,,12,,,,,
round_pairing,Round 7,9,268,562,tw59548820,,9,tw70591612,,9,,,,,
round_pairing,Round 7,9,229,563,tw59616959,,9,tw17748447,,9,,,,,
round_pairing,Round 7,9,179,564,tw59842400,,9,tw62324389,,9,,,,,
round_pairing,Round 7,9,178,565,tw59882595,,9,tw60440420,,9,,,,,
round_pairing,Round 7,9,178,569,tw60440420,,9,tw59882595,,9,,,,,
round_pairing,Round 7,9,216,570,tw60511158,,9,tw50702110,,9,,,,,
round_pairing,Round 7,9,342,571,tw60567990,,6,tw09490592,,6,,,,,
round_pairing,Round 7,9,223,572,tw60794190,,9,tw16526802,,9,,,,,
round_pairing,Round 7,9,96,573,tw60920600,,12,tw17830710,,12,,,,,
round_pairing,Round 7,9,210,574,tw61277104,,9,tw68851170,,9,,,,,
round_pairing,Round 7,9,5,575,tw61279434,,18,tw40555668,,18,,,,,
round_pairing,Round 7,9,85,577,tw61533794,,12,tw62525194,,12,,,,,
round_pairing,Round 7,9,170,578,tw61583819,,9,tw69685808,,9,,,,,
round_pairing,Round 7,9,177,579,tw61600644,,9,tw95656910,,9,,,,,
round_pairing,Round 7,9,215,581,tw61792938,,9,tw40188987,,9,,,,,
round_pairing,Round 7,9,183,582,tw61880666,,9,tw76059026,,9,,,,,
round_pairing,Round 7,9,188,583,tw61895092,,9,tw88792767,,9,,,,,
round_pairing,Round 7,9,237,585,tw62020476,,9,tw46362217,,9,,,,,
round_pairing,Round 7,9,240,586,tw62067344,,9,tw57196950,,9,,,,,
round_pairing,Round 7,9,149,587,tw62197981,,12,tw11292760,,12,,,,,
round_pairing,Round 7,9,93,588,tw62315993,,12,tw69848864,,12,,,,,
round_pairing,Round 7,9,179,589,tw62324389,,9,tw59842400,,9,,,,,
round_pairing,Round 7,9,302,590,tw62435012,,6,tw65158876,,6,,,,,
round_pairing,Round 7,9,367,591,tw62459529,,3,tw59649267,,3,,,,,
round_pairing,Round 7,9,85,592,tw62525194,,12,tw61533794,,12,,,,,
round_pairing,Round 7,9,171,594,tw62594682,,9,tw41731352,,9,,,,,
round_pairing,Round 7,9,102,595,tw62599498,,12,tw93020902,,12,,,,,
round_pairing,Round 7,9,135,597,tw62958507,,12,tw10700633,,12,,,,,
round_pairing,Round 7,9,137,599,tw63031373,,12,tw01014532,,12,,,,,
round_pairing,Round 7,9,77,602,tw63343435,,12,tw71161066,,12,,,,,
round_pairing,Round 7,9,208,603,tw63395911,,9,tw04119157,,9,,,,,
round_pairing,Round 7,9,196,604,tw63508480,,9,tw86700066,,9,,,,,
round_pairing,Round 7,9,362,607,tw63898784,,3,tw77975837,,3,,,,,
round_pairing,Round 7,9,80,608,tw64203769,,12,tw29731640,,12,,,,,
round_pairing,Round 7,9,307,611,tw64793736,,6,tw69425578,,6,,,,,
round_pairing,Round 7,9,334,612,tw64845965,,6,tw92814087,,6,,,,,
round_pairing,Round 7,9,302,615,tw65158876,,6,tw62435012,,6,,,,,
round_pairing,Round 7,9,12,616,tw65235703,,15,tw28750216,,15,,,,,
round_pairing,Round 7,9,39,617,tw65483922,,15,tw10467123,,15,,,,,
round_pairing,Round 7,9,244,618,tw65522783,,9,tw50820470,,9,,,,,
round_pairing,Round 7,10,28,619,tw65741542,,15,tw67759215,,15,,,,,
round_pairing,Round 7,10,263,623,tw66520026,,9,tw35735135,,9,,,,,
round_pairing,Round 7,10,282,624,tw66555509,,9,tw25488947,,9,,,,,
round_pairing,Round 7,10,296,625,tw66575998,,6,tw94142249,,6,,,,,
round_pairing,Round 7,10,30,626,tw66588143,,15,tw18412271,,15,,,,,
round_pairing,Round 7,10,78,628,tw66806102,,12,tw03094722,,12,,,,,
round_pairing,Round 7,10,370,629,tw66816512,,3,tw93529525,,3,,,,,
round_pairing,Round 7,10,306,630,tw66907796,,6,tw52704576,,6,,,,,
round_pairing,Round 7,10,366,632,tw66961355,,3,tw87745948,,3,,,,,
round_pairing,Round 7,10,65,633,tw66992460,,12,tw68763677,,12,,,,,
round_pairing,Round 7,10,192,634,tw67199394,,9,tw55359182,,9,,,,,
round_pairing,Round 7,10,45,635,tw67604361,,15,tw16621728,,15,,,,,
round_pairing,Round 7,10,69,636,tw67665108,,12,tw72313605,,12,,,,,
round_pairing,Round 7,10,160,638,tw67716132,,12,tw48793078,,12,,,,,
round_pairing,Round 7,10,28,639,tw67759215,,15,tw65741542,,15,,,,,
round_pairing,Round 7,10,260,640,tw67940713,,9,tw96387195,,9,,,,,
round_pairing,Round 7,10,374,641,tw67984683,,3,tw28988843,,3,,,,,
round_pairing,Round 7,10,55,642,tw68046375,,12,tw55765174,,12,,,,,
round_pairing,Round 7,10,130,643,tw68088789,,12,tw42563834,,12,,,,,
round_pairing,Round 7,10,187,644,tw68135684,,9,tw42723639,,9,,,,,
round_pairing,Round 7,10,14,646,tw68165427,,15,tw16965198,,15,,,,,
round_pairing,Round 7,10,65,649,tw68763677,,12,tw66992460,,12,,,,,
round_pairing,Round 7,10,162,650,tw68822994,,9,tw42204590,,9,,,,,
round_pairing,Round 7,10,210,651,tw68851170,,9,tw61277104,,9,,,,,
round_pairing,Round 7,10,47,652,tw68954029,,15,tw52663760,,15,,,,,
round_pairing,Round 7,10,307,655,tw69425578,,6,tw64793736,,6,,,,,
round_pairing,Round 7,10,372,656,tw69576075,,3,tw24144676,,3,,,,,
round_pairing,Round 7,10,264,657,tw69602779,,9,tw04457744,,9,,,,,
round_pairing,Round 7,10,37,659,tw69663505,,15,tw12363623,,15,,,,,
round_pairing,Round 7,10,170,660,tw69685808,,9,tw61583819,,9,,,,,
round_pairing,Round 7,10,265,662,tw69804633,,9,tw77798178,,9,,,,,
round_pairing,Round 7,10,267,663,tw69848771,,9,tw17003070,,9,,,,,
round_pairing,Round 7,10,344,664,tw69925275,,6,tw00162182,,6,,,,,
round_pairing,Round 7,10,262,666,tw69995586,,9,tw41523616,,9,,,,,
round_pairing,Round 7,10,311,667,tw70028105,,6,tw87510571,,6,,,,,
round_pairing,Round 7,10,152,668,tw70273656,,12,tw32869182,,12,,,,,
round_pairing,Round 7,10,268,670,tw70591612,,9,tw59548820,,9,,,,,
round_pairing,Round 7,10,239,672,tw70897596,,9,tw80392170,,9,,,,,
round_pairing,Round 7,10,242,673,tw70903147,,9,tw93405316,,9,,,,,
round_pairing,Round 7,10,332,674,tw71035218,,6,tw25336636,,6,,,,,
round_pairing,Round 7,10,77,677,tw71161066,,12,tw63343435,,12,,,,,
round_pairing,Round 7,10,25,679,tw71550438,,15,tw58776465,,15,,,,,
round_pairing,Round 7,10,139,681,tw71598135,,12,tw28510545,,12,,,,,
round_pairing,Round 7,10,221,682,tw71730704,,9,tw35416653,,9,,,,,
round_pairing,Round 7,10,330,683,tw71768773,,6,tw18243923,,6,,,,,
round_pairing,Round 7,10,257,684,tw72148746,,9,tw64567116,,9,,,,,
round_pairing,Round 7,10,327,685,tw72174151,,6,tw18850000,,6,,,,,
round_pairing,Round 7,10,69,686,tw72313605,,12,tw67665108,,12,,,,,
round_pairing,Round 7,10,301,687,tw72318939,,6,tw25201840,,6,,,,,
round_pairing,Round 7,10,52,688,tw72333956,,15,tw99386256,,15,,,,,
round_pairing,Round 7,11,87,689,tw72464013,,12,tw32907703,,12,,,,,
round_pairing,Round 7,11,365,690,tw72630270,,3,tw33820039,,3,,,,,
round_pairing,Round 7,11,76,691,tw72699030,,12,tw52974697,,12,,,,,
round_pairing,Round 7,11,238,694,tw72829984,,9,tw00572856,,9,,,,,
round_pairing,Round 7,11,92,695,tw72887037,,12,tw79834153,,12,,,,,
round_pairing,Round 7,11,363,696,tw72928053,,3,tw40377456,,3,,,,,
round_pairing,Round 7,11,70,697,tw73034465,,12,tw51489284,,12,,,,,
round_pairing,Round 7,11,205,698,tw73048413,,9,tw79411276,,9,,,,,
round_pairing,Round 7,11,132,699,tw73106123,,12,tw49759795,,12,,,,,
round_pairing,Round 7,11,10,700,tw73358187,,15,tw50841430,,15,,,,,
round_pairing,Round 7,11,197,702,tw73911906,,9,tw27817384,,9,,,,,
round_pairing,Round 7,11,227,703,tw73917548,,9,tw99256533,,9,,,,,
round_pairing,Round 7,11,206,704,tw73975912,,9,tw00968448,,9,,,,,
round_pairing,Round 7,11,61,705,tw74196817,,12,tw24928885,,12,,,,,
round_pairing,Round 7,11,116,706,tw74542521,,12,tw09964738,,12,,,,,
round_pairing,Round 7,11,122,707,tw74568091,,12,tw04156058,,12,,,,,
round_pairing,Round 7,11,266,708,tw74682364,,9,tw96947201,,9,,,,,
round_pairing,Round 7,11,59,710,tw75091640,,12,tw49388371,,12,,,,,
round_pairing,Round 7,11,182,711,tw75204861,,9,tw36810632,,9,,,,,
round_pairing,Round 7,11,89,712,tw75352342,,12,tw46002856,,12,,,,,
round_pairing,Round 7,11,74,713,tw75551324,,12,tw11642031,,12,,,,,
round_pairing,Round 7,11,64,714,tw75596823,,12,tw32240000,,12,,,,,
round_pairing,Round 7,11,313,716,tw75820315,,6,tw59648008,,6,,,,,
round_pairing,Round 7,11,183,719,tw76059026,,9,tw61880666,,9,,,,,
round_pairing,Round 7,11,136,720,tw76132946,,12,tw44821842,,12,,,,,
round_pairing,Round 7,11,314,721,tw76258268,,6,tw23712439,,6,,,,,
round_pairing,Round 7,11,23,722,tw76309421,,15,tw38086655,,15,,,,,
round_pairing,Round 7,11,217,723,tw76529055,,9,tw58817602,,9,,,,,
round_pairing,Round 7,11,255,725,tw76784634,,9,tw33811608,,9,,,,,
round_pairing,Round 7,11,143,726,tw76925363,,12,tw16152234,,12,,,,,
round_pairing,Round 7,11,207,727,tw76994845,,9,tw13454619,,9,,,,,
round_pairing,Round 7,11,9,728,tw77206748,,15,tw27395288,,15,,,,,
round_pairing,Round 7,11,190,731,tw77550830,,9,tw95521825,,9,,,,,
round_pairing,Round 7,11,131,732,tw77606795,,12,tw95668915,,12,,,,,
round_pairing,Round 7,11,11,733,tw77699656,,15,tw63334587,,15,,,,,
round_pairing,Round 7,11,247,734,tw77721211,,9,tw48927744,,9,,,,,
round_pairing,Round 7,11,294,735,tw77877383,,6,tw41429367,,6,,,,,
round_pairing,Round 7,11,299,737,tw78077476,,6,tw52493073,,6,,,,,
round_pairing,Round 7,11,35,739,tw78403870,,15,tw18276049,,15,,,,,
round_pairing,Round 7,11,108,740,tw78539182,,12,tw04959593,,12,,,,,
round_pairing,Round 7,11,119,742,tw78657682,,12,tw42938387,,12,,,,,
round_pairing,Round 7,11,376,747,tw79221888,,0,tw35684617,,0,,,,,
round_pairing,Round 7,11,300,748,tw79250738,,6,tw17488993,,6,,,,,
round_pairing,Round 7,11,125,749,tw79270381,,12,tw61227623,,12,,,,,
round_pairing,Round 7,11,205,751,tw79411276,,9,tw73048413,,9,,,,,
round_pairing,Round 7,11,151,752,tw79434198,,12,tw25559677,,12,,,,,
round_pairing,Round 7,11,364,753,tw79476009,,3,tw17453360,,3,,,,,
round_pairing,Round 7,11,92,756,tw79834153,,12,tw72887037,,12,,,,,
round_pairing,Round 7,11,248,757,tw79992941,,9,tw24708906,,9,,,,,
round_pairing,Round 7,11,58,759,tw80138989,,12,tw92544749,,12,,,,,
round_pairing,Round 7,12,185,760,tw80267696,,9,tw40135779,,9,,,,,
round_pairing,Round 7,12,239,761,tw80392170,,9,tw70897596,,9,,,,,
round_pairing,Round 7,12,109,762,tw80521031,,12,tw44127879,,12,,,,,
round_pairing,Round 7,12,194,763,tw81060661,,9,tw85516442,,9,,,,,
round_pairing,Round 7,12,214,764,tw81066465,,9,tw54347311,,9,,,,,
round_pairing,Round 7,12,320,765,tw81250238,,6,tw58835877,,6,,,,,
round_pairing,Round 7,12,290,766,tw81268957,,6,tw95818310,,6,,,,,
round_pairing,Round 7,12,218,767,tw81291690,,9,tw90553997,,9,,,,,
round_pairing,Round 7,12,219,769,tw81562455,,9,tw23649439,,9,,,,,
round_pairing,Round 7,12,107,770,tw81599190,,12,tw05207217,,12,,,,,
round_pairing,Round 7,12,203,772,tw82001299,,9,tw57612114,,9,,,,,
round_pairing,Round 7,12,155,774,tw82119121,,12,tw89047117,,12,,,,,
round_pairing,Round 7,12,271,776,tw82370377,,9,tw14710630,,9,,,,,
round_pairing,Round 7,12,354,777,tw82516603,,6,tw48962901,,6,,,,,
round_pairing,Round 7,12,161,778,tw82556653,,9,tw22969264,,9,,,,,
round_pairing,Round 7,12,292,779,tw82559799,,6,tw93999361,,6,,,,,
round_pairing,Round 7,12,91,780,tw82566333,,12,tw43633449,,12,,,,,
round_pairing,Round 7,12,276,781,tw82751826,,9,tw42186430,,9,,,,,
round_pairing,Round 7,12,150,783,tw82878504,,12,tw58028303,,12,,,,,
round_pairing,Round 7,12,48,784,tw82981600,,15,tw13624938,,15,,,,,
round_pairing,Round 7,12,309,786,tw83160193,,6,tw53446977,,6,,,,,
round_pairing,Round 7,12,353,788,tw83606083,,6,tw97807535,,6,,,,,
round_pairing,Round 7,12,147,789,tw83751916,,12,tw24261609,,12,,,,,
round_pairing,Round 7,12,123,790,tw83905127,,12,tw20707479,,12,,,,,
round_pairing,Round 7,12,281,794,tw84828731,,9,tw45324854,,9,,,,,
round_pairing,Round 7,12,324,797,tw85067465,,6,tw52301948,,6,,,,,
round_pairing,Round 7,12,42,798,tw85147749,,15,tw49113528,,15,,,,,
round_pairing,Round 7,12,254,799,tw85233211,,9,tw76039193,,9,,,,,
round_pairing,Round 7,12,86,801,tw85563070,,12,tw05914722,,12,,,,,
round_pairing,Round 7,12,129,803,tw85855405,,12,tw11499785,,12,,,,,
round_pairing,Round 7,12,235,804,tw86056382,,9,tw26528058,,9,,,,,
round_pairing,Round 7,12,196,806,tw86700066,,9,tw63508480,,9,,,,,
round_pairing,Round 7,12,288,807,tw87015354,,6,tw54988993,,6,,,,,
round_pairing,Round 7,12,128,809,tw87316906,,12,tw93660736,,12,,,,,
round_pairing,Round 7,12,311,810,tw87510571,,6,tw70028105,,6,,,,,
round_pairing,Round 7,12,54,811,tw87713934,,12,tw18468179,,12,,,,,
round_pairing,Round 7,12,366,812,tw87745948,,3,tw66961355,,3,,,,,
round_pairing,Round 7,12,318,814,tw88117485,,6,tw74641243,,6,,,,,
round_pairing,Round 7,12,278,815,tw88178510,,9,tw06072288,,9,,,,,
round_pairing,Round 7,12,167,816,tw88407488,,9,tw46969620,,9,,,,,
round_pairing,Round 7,12,101,817,tw88506619,,12,tw95261451,,12,,,,,
round_pairing,Round 7,12,322,818,tw88706430,,6,tw06147611,,6,,,,,
round_pairing,Round 7,12,188,819,tw88792767,,9,tw61895092,,9,,,,,
round_pairing,Round 7,12,201,820,tw88860465,,9,tw70891974,,9,,,,,
round_pairing,Round 7,12,155,822,tw89047117,,12,tw82119121,,12,,,,,
round_pairing,Round 7,12,115,823,tw89297350,,12,tw92466220,,12,,,,,
round_pairing,Round 7,12,66,824,tw89407764,,12,tw43007249,,12,,,,,
round_pairing,Round 7,12,103,825,tw89449964,,12,tw50328610,,12,,,,,
round_pairing,Round 7,12,2,826,tw89609352,,18,tw07020662,,18,,,,,
round_pairing,Round 7,12,351,830,tw89811739,,6,tw08969542,,6,,,,,
round_pairing,Round 7,13,253,831,tw90018469,,9,tw47341841,,9,,,,,
round_pairing,Round 7,13,274,832,tw90183762,,9,tw12331692,,9,,,,,
round_pairing,Round 7,13,355,833,tw90337288,,6,tw46321576,,6,,,,,
round_pairing,Round 7,13,104,835,tw90485112,,12,tw06911704,,12,,,,,
round_pairing,Round 7,13,218,836,tw90553997,,9,tw81291690,,9,,,,,
round_pairing,Round 7,13,180,838,tw90564971,,9,tw49441410,,9,,,,,
round_pairing,Round 7,13,82,843,tw90996252,,12,tw16728082,,12,,,,,
round_pairing,Round 7,13,251,844,tw91555335,,9,tw93786634,,9,,,,,
round_pairing,Round 7,13,211,845,tw91594481,,9,tw33884578,,9,,,,,
round_pairing,Round 7,13,200,846,tw91627311,,9,tw11608088,,9,,,,,
round_pairing,Round 7,13,63,847,tw91823318,,12,tw94518932,,12,,,,,
round_pairing,Round 7,13,193,850,tw92224806,,9,tw23875590,,9,,,,,
round_pairing,Round 7,13,115,852,tw92466220,,12,tw89297350,,12,,,,,
round_pairing,Round 7,13,58,853,tw92544749,,12,tw80138989,,12,,,,,
round_pairing,Round 7,13,269,854,tw92680673,,9,tw37823321,,9,,,,,
round_pairing,Round 7,13,334,855,tw92814087,,6,tw64845965,,6,,,,,
round_pairing,Round 7,13,184,857,tw92986536,,9,tw99241716,,9,,,,,
round_pairing,Round 7,13,102,858,tw93020902,,12,tw62599498,,12,,,,,
round_pairing,Round 7,13,246,859,tw93021016,,9,tw03193944,,9,,,,,
round_pairing,Round 7,13,305,860,tw93054506,,6,tw49327411,,6,,,,,
round_pairing,Round 7,13,26,861,tw93076075,,15,tw26020639,,15,,,,,
round_pairing,Round 7,13,242,862,tw93405316,,9,tw70903147,,9,,,,,
round_pairing,Round 7,13,159,863,tw93433450,,12,tw44344603,,12,,,,,
round_pairing,Round 7,13,370,864,tw93529525,,3,tw66816512,,3,,,,,
round_pairing,Round 7,13,252,865,tw93754264,,9,tw28285341,,9,,,,,
round_pairing,Round 7,13,339,866,tw93786012,,6,tw98211582,,6,,,,,
round_pairing,Round 7,13,251,867,tw93786634,,9,tw91555335,,9,,,,,
round_pairing,Round 7,13,105,868,tw93858918,,12,tw26670105,,12,,,,,
round_pairing,Round 7,13,292,871,tw93999361,,6,tw82559799,,6,,,,,
round_pairing,Round 7,13,296,872,tw94142249,,6,tw66575998,,6,,,,,
round_pairing,Round 7,13,50,874,tw94173678,,15,tw46030050,,15,,,,,
round_pairing,Round 7,13,315,875,tw94370408,,6,tw33097520,,6,,,,,
round_pairing,Round 7,13,63,876,tw94518932,,12,tw91823318,,12,,,,,
round_pairing,Round 7,13,359,878,tw94748404,,3,tw08740331,,3,,,,,
round_pairing,Round 7,13,67,879,tw95198982,,12,tw23764220,,12,,,,,
round_pairing,Round 7,13,101,880,tw95261451,,12,tw88506619,,12,,,,,
round_pairing,Round 7,13,310,881,tw95401245,,6,tw06441088,,6,,,,,
round_pairing,Round 7,13,368,882,tw95547681,,3,tw41479406,,3,,,,,
round_pairing,Round 7,13,259,883,tw95566595,,9,tw09772052,,9,,,,,
round_pairing,Round 7,13,177,885,tw95656910,,9,tw61600644,,9,,,,,
round_pairing,Round 7,13,131,886,tw95668915,,12,tw77606795,,12,,,,,
round_pairing,Round 7,13,321,887,tw95746707,,6,tw44649735,,6,,,,,
round_pairing,Round 7,13,290,888,tw95818310,,6,tw81268957,,6,,,,,
round_pairing,Round 7,13,60,889,tw95954871,,12,tw44874553,,12,,,,,
round_pairing,Round 7,13,361,890,tw96093664,,3,tw35187586,,3,,,,,
round_pairing,Round 7,13,260,893,tw96387195,,9,tw67940713,,9,,,,,
round_pairing,Round 7,13,84,894,tw96648029,,12,tw38236579,,12,,,,,
round_pairing,Round 7,13,204,895,tw96887599,,9,tw49877892,,9,,,,,
round_pairing,Round 7,13,266,896,tw96947201,,9,tw74682364,,9,,,,,
round_pairing,Round 7,13,336,897,tw97135519,,6,tw99968646,,6,,,,,
round_pairing,Round 7,14,72,898,tw97138451,,12,tw84991038,,12,,,,,
round_pairing,Round 7,14,31,899,tw97165922,,15,tw58781969,,15,,,,,
round_pairing,Round 7,14,181,901,tw97370246,,9,tw98707657,,9,,,,,
round_pairing,Round 7,14,191,903,tw97546030,,9,tw07615948,,9,,,,,
round_pairing,Round 7,14,34,904,tw97567728,,15,tw30898169,,15,,,,,
round_pairing,Round 7,14,174,905,tw97666473,,9,tw24742864,,9,,,,,
round_pairing,Round 7,14,199,906,tw97703685,,9,tw43322316,,9,,,,,
round_pairing,Round 7,14,353,907,tw97807535,,6,tw83606083,,6,,,,,
round_pairing,Round 7,14,33,908,tw97885633,,15,tw00787146,,15,,,,,
round_pairing,Round 7,14,234,910,tw97995384,,9,tw24423291,,9,,,,,
round_pairing,Round 7,14,75,911,tw98129328,,12,tw59471628,,12,,,,,
round_pairing,Round 7,14,339,912,tw98211582,,6,tw93786012,,6,,,,,
round_pairing,Round 7,14,284,914,tw98649601,,9,tw41670381,,9,,,,,
round_pairing,Round 7,14,181,915,tw98707657,,9,tw97370246,,9,,,,,
round_pairing,Round 7,14,24,916,tw98985840,,15,tw67295326,,15,,,,,
round_pairing,Round 7,14,18,920,tw99140905,,15,tw41286139,,15,,,,,
round_pairing,Round 7,14,184,921,tw99241716,,9,tw92986536,,9,,,,,
round_pairing,Round 7,14,227,922,tw99256533,,9,tw73917548,,9,,,,,
round_pairing,Round 7,14,228,923,tw99346363,,9,tw24266071,,9,,,,,
round_pairing,Round 7,14,323,924,tw99373374,,6,tw13312253,,6,,,,,
round_pairing,Round 7,14,52,925,tw99386256,,15,tw72333956,,15,,,,,
round_pairing,Round 7,14,331,927,tw99714386,,6,tw40682117,,6,,,,,
round_pairing,Round 7,14,153,930,tw99888650,,12,tw34953027,,12,,,,,
round_pairing,Round 7,14,6,931,tw99926791,,18,tw50567676,,18,,,,,
round_pairing,Round 7,14,21,932,tw99958274,,15,tw43492313,,15,,,,,
round_pairing,Round 7,14,336,933,tw99968646,,6,tw97135519,,6,,,,,
round_pairing,Round 7,14,43,1024,tw74033297,,15,tw09574160,,15,,,,,
round_pairing,Round 7,14,319,1044,tw79621968,,6,tw26529339,,6,,,,,
round_pairing,Round 7,14,357,1059,tw82289672,,6,tw32214798,,6,,,,,
round_pairing,Round 7,14,270,1065,tw08457807,,9,tw02856732,,9,,,,,
round_pairing,Round 7,14,162,1107,tw42204590,,9,tw68822994,,9,,,,,
round_pairing,Round 7,14,375,1114,tw34649223,,0,tw35360901,,0,,,,,
round_pairing,Round 7,14,79,1122,tw47117803,,12,tw43331901,,12,,,,,
round_pairing,Round 7,14,44,1136,tw67036456,,15,tw17203659,,15,,,,,
round_pairing,Round 7,14,186,1150,tw18458528,,9,tw19234685,,9,,,,,
round_pairing,Round 7,14,193,1155,tw23875590,,9,tw92224806,,9,,,,,
round_pairing,Round 7,14,111,1164,tw86324740,,12,tw35693064,,12,,,,,
round_pairing,Round 7,14,362,1194,tw77975837,,3,tw63898784,,3,,,,,
round_pairing,Round 7,14,317,1199,tw17401165,,6,tw33544977,,6,,,,,
round_pairing,Round 7,14,257,1200,tw64567116,,9,tw72148746,,9,,,,,
round_pairing,Round 7,14,125,1223,tw61227623,,12,tw79270381,,12,,,,,
round_pairing,Round 7,14,200,1225,tw11608088,,9,tw91627311,,9,,,,,
round_pairing,Round 7,14,226,1237,tw17763984,,9,tw39185310,,9,,,,,
round_pairing,Round 7,14,280,1243,tw39114696,,9,tw11739209,,9,,,,,
round_pairing,Round 7,14,316,1255,tw87844149,,6,tw00114747,,6,,,,,
round_pairing,Round 7,14,303,1274,tw36167036,,6,tw50255396,,6,,,,,
round_pairing,Round 7,14,230,1278,tw21654272,,9,tw20835300,,9,,,,,
round_pairing,Round 7,14,326,1291,tw24694611,,6,tw39941788,,6,,,,,
round_pairing,Round 7,14,195,1303,tw48526697,,9,tw59462193,,9,,,,,
round_pairing,Round 7,14,224,1310,tw52595130,,9,tw53540804,,9,,,,,
round_pairing,Round 7,15,168,1330,tw93829445,,9,tw31949622,,9,,,,,
round_pairing,Round 7,15,25,1336,tw58776465,,15,tw71550438,,15,,,,,
round_pairing,Round 7,15,318,1338,tw74641243,,6,tw88117485,,6,,,,,
round_pairing,Round 7,15,201,1387,tw70891974,,9,tw88860465,,9,,,,,
round_pairing,Round 7,15,265,1433,tw77798178,,9,tw69804633,,9,,,,,
round_pairing,Round 7,15,88,1444,tw17356132,,12,tw46798799,,12,,,,,
round_pairing,Round 7,15,24,1445,tw67295326,,15,tw98985840,,15,,,,,
round_pairing,Round 7,15,215,1450,tw40188987,,9,tw61792938,,9,,,,,
round_pairing,Round 7,15,377,1456,tw84048586,,0,,,,,,,,
round_pairing,Round 7,15,134,1458,tw27758570,,12,tw13298067,,12,,,,,
round_pairing,Round 7,15,274,1459,tw12331692,,9,tw90183762,,9,,,,,
round_pairing,Round 7,15,338,1476,tw92969664,,6,tw30976792,,6,,,,,
round_pairing,Round 7,15,308,1495,tw24845900,,6,tw11498239,,6,,,,,
round_pairing,Round 7,15,17,1505,tw26175828,,15,tw25000553,,15,,,,,
round_pairing,Round 7,15,173,1522,tw79802506,,9,tw44233591,,9,,,,,
round_pairing,Round 7,15,232,1533,tw52951111,,9,tw42979297,,9,,,,,
round_pairing,Round 7,15,11,1556,tw63334587,,15,tw77699656,,15,,,,,
round_pairing,Round 7,15,93,1583,tw69848864,,12,tw62315993,,12,,,,,
round_pairing,Round 7,15,147,1584,tw24261609,,12,tw83751916,,12,,,,,
round_pairing,Round 7,15,128,1611,tw93660736,,12,tw87316906,,12,,,,,
round_pairing,Round 7,15,346,1617,tw77637602,,6,tw02991787,,6,,,,,
round_pairing,Round 7,15,3,1625,tw39894258,,18,tw71861265,,18,,,,,
round_pairing,Round 7,15,256,1663,tw70378594,,9,tw24854365,,9,,,,,
round_pairing,Round 7,15,22,1683,tw13487252,,15,tw43380150,,15,,,,,
round_pairing,Round 7,15,226,1689,tw39185310,,9,tw17763984,,9,,,,,
round_pairing,Round 7,15,297,1694,tw62300636,,6,tw13779097,,6,,,,,
round_pairing,Round 7,15,367,1726,tw59649267,,3,tw62459529,,3,,,,,
round_pairing,Round 7,15,233,1736,tw37173355,,9,tw45233917,,9,,,,,
round_pairing,Round 7,15,165,1738,tw22480109,,9,tw57615176,,9,,,,,
round_pairing,Round 7,15,245,1745,tw47478004,,9,tw22214921,,9,,,,,
round_pairing,Round 7,15,3,1761,tw71861265,,18,tw39894258,,18,,,,,
round_pairing,Round 7,15,152,1772,tw32869182,,12,tw70273656,,12,,,,,
round_pairing,Round 7,15,313,1792,tw59648008,,6,tw75820315,,6,,,,,
round_pairing,Round 7,15,118,1793,tw26089798,,12,tw36648556,,12,,,,,
round_pairing,Round 7,15,49,1795,tw85026999,,15,tw43268758,,15,,,,,
round_pairing,Round 7,15,144,1803,tw88521370,,12,tw44917576,,12,,,,,
round_pairing,Round 7,15,350,1805,tw68790007,,6,tw22007891,,6,,,,,
round_pairing,Round 7,15,240,1815,tw57196950,,9,tw62067344,,9,,,,,
round_pairing,Round 7,15,190,1831,tw95521825,,9,tw77550830,,9,,,,,
round_pairing,Round 7,15,258,1847,tw01233994,,9,tw52752742,,9,,,,,
round_pairing,Round 7,15,72,1852,tw84991038,,12,tw97138451,,12,,,,,
round_pairing,Round 7,15,254,1859,tw76039193,,9,tw85233211,,9,,,,,
round_pairing,Round 7,15,175,1886,tw86831721,,9,tw07927124,,9,,,,,
round_pairing,Round 7,15,15,1899,tw07314439,,15,tw49159270,,15,,,,,
round_pairing,Round 7,15,236,1922,tw98480968,,9,tw53806573,,9,,,,,
round_pairing,Round 7,15,144,1944,tw44917576,,12,tw88521370,,12,,,,,
round_pairing,Round 7,15,56,1958,tw36712780,,12,tw29821490,,12,,,,,
round_pairing,Round 7,15,272,1981,tw62529006,,9,tw06554451,,9,,,,,
round_pairing,Round 7,15,194,1987,tw85516442,,9,tw81060661,,9,,,,,
round_pairing,Round 7,15,95,1988,tw53974581,,12,tw02105248,,12,,,,,
round_pairing,Round 7,16,141,1998,tw73831583,,12,tw14788730,,12,,,,,
round_pairing,Round 7,16,76,2000,tw52974697,,12,tw72699030,,12,,,,,
round_pairing,Round 7,16,10,2199,tw50841430,,15,tw73358187,,15,,,,,
round_pairing,Round 8,1,255,1,tw00026251,,9,tw50414993,,9,,,,,
round_pairing,Round 8,1,31,2,tw00106184,,15,tw87713934,,15,,,,,
round_pairing,Round 8,1,325,3,tw00114747,,6,tw35187586,,6,,,,,
round_pairing,Round 8,1,234,4,tw00162182,,9,tw97546030,,9,,,,,
round_pairing,Round 8,1,265,5,tw00181149,,9,tw70897596,,9,,,,,
round_pairing,Round 8,1,275,7,tw00531440,,9,tw93999361,,9,,,,,
round_pairing,Round 8,1,285,8,tw00572856,,9,tw18243923,,9,,,,,
round_pairing,Round 8,1,63,10,tw00787146,,15,tw30419396,,15,,,,,
round_pairing,Round 8,1,72,11,tw00831574,,15,tw65741542,,15,,,,,
round_pairing,Round 8,1,324,12,tw00918141,,6,tw13120137,,6,,,,,
round_pairing,Round 8,1,298,13,tw00968448,,9,tw35995465,,9,,,,,
round_pairing,Round 8,1,147,15,tw01014532,,12,tw75204861,,12,,,,,
round_pairing,Round 8,1,154,17,tw01150243,,12,tw86056382,,12,,,,,
round_pairing,Round 8,1,124,18,tw01478107,,12,tw41238636,,12,,,,,
round_pairing,Round 8,1,331,20,tw02002019,,6,tw40682117,,6,,,,,
round_pairing,Round 8,1,73,21,tw02105248,,15,tw43007249,,15,,,,,
round_pairing,Round 8,1,57,22,tw02172047,,15,tw48178410,,15,,,,,
round_pairing,Round 8,1,203,23,tw02211815,,12,tw27817384,,12,,,,,
round_pairing,Round 8,1,294,24,tw02559687,,9,tw46969620,,9,,,,,
round_pairing,Round 8,1,102,26,tw02826499,,15,tw85855405,,15,,,,,
round_pairing,Round 8,1,166,27,tw02856732,,12,tw22261784,,12,,,,,
round_pairing,Round 8,1,305,29,tw02991787,,6,tw17453360,,6,,,,,
round_pairing,Round 8,1,81,30,tw03094722,,15,tw36747145,,15,,,,,
round_pairing,Round 8,1,117,32,tw03193944,,12,tw89047117,,12,,,,,
round_pairing,Round 8,1,306,36,tw03472100,,6,tw24144676,,6,,,,,
round_pairing,Round 8,1,17,42,tw04061481,,18,tw63334587,,18,,,,,
round_pairing,Round 8,1,175,44,tw04119157,,12,tw95261451,,12,,,,,
round_pairing,Round 8,1,41,45,tw04156058,,15,tw42455002,,15,,,,,
round_pairing,Round 8,1,245,46,tw04255506,,9,tw58835877,,9,,,,,
round_pairing,Round 8,1,233,47,tw04457744,,9,tw49441410,,9,,,,,
round_pairing,Round 8,1,71,49,tw04552155,,15,tw18641143,,15,,,,,
round_pairing,Round 8,1,99,51,tw04713199,,15,tw06393443,,15,,,,,
round_pairing,Round 8,1,39,52,tw04797990,,15,tw98129328,,15,,,,,
round_pairing,Round 8,1,209,53,tw04959593,,12,tw25559677,,12,,,,,
round_pairing,Round 8,1,144,55,tw05182930,,12,tw24928885,,12,,,,,
round_pairing,Round 8,1,80,57,tw05207217,,15,tw07460167,,15,,,,,
round_pairing,Round 8,1,227,58,tw05246772,,9,tw44649735,,9,,,,,
round_pairing,Round 8,1,69,59,tw05270520,,15,tw43492313,,15,,,,,
round_pairing,Round 8,1,167,60,tw05399034,,12,tw69602779,,12,,,,,
round_pairing,Round 8,1,201,62,tw05914722,,12,tw37173355,,12,,,,,
round_pairing,Round 8,1,133,64,tw06072288,,12,tw62197981,,12,,,,,
round_pairing,Round 8,1,317,65,tw06147611,,6,tw48555786,,6,,,,,
round_pairing,Round 8,1,139,66,tw06225308,,12,tw22969264,,12,,,,,
round_pairing,Round 8,1,99,67,tw06393443,,15,tw04713199,,15,,,,,
round_pairing,Round 8,1,238,68,tw06441088,,9,tw25336636,,9,,,,,
round_pairing,Round 8,1,125,69,tw06554451,,12,tw84991038,,12,,,,,
round_pairing,Round 8,1,138,71,tw06996284,,12,tw10700633,,12,,,,,
round_pairing,Round 8,1,14,72,tw07020662,,18,tw97165922,,18,,,,,
round_pairing,Round 8,1,336,73,tw07182365,,3,tw59649267,,3,,,,,
round_pairing,Round 8,1,112,75,tw07410887,,12,tw82370377,,12,,,,,
round_pairing,Round 8,2,80,76,tw07460167,,15,tw05207217,,15,,,,,
round_pairing,Round 8,2,141,77,tw07615948,,12,tw13830995,,12,,,,,
round_pairing,Round 8,2,127,78,tw07927124,,12,tw22699669,,12,,,,,
round_pairing,Round 8,2,342,81,tw08740331,,3,tw96093664,,3,,,,,
round_pairing,Round 8,2,202,82,tw08814300,,12,tw64567116,,12,,,,,
round_pairing,Round 8,2,151,83,tw08876514,,12,tw36648556,,12,,,,,
round_pairing,Round 8,2,249,85,tw09194772,,9,tw79250738,,9,,,,,
round_pairing,Round 8,2,82,86,tw09225948,,15,tw09964738,,15,,,,,
round_pairing,Round 8,2,304,87,tw09239240,,6,tw82516603,,6,,,,,
round_pairing,Round 8,2,22,89,tw09468385,,18,tw40555668,,18,,,,,
round_pairing,Round 8,2,195,90,tw09480115,,12,tw42309306,,12,,,,,
round_pairing,Round 8,2,25,93,tw09574160,,18,tw85147749,,18,,,,,
round_pairing,Round 8,2,278,94,tw09704151,,9,tw40786209,,9,,,,,
round_pairing,Round 8,2,82,97,tw09964738,,15,tw09225948,,15,,,,,
round_pairing,Round 8,2,311,98,tw10304280,,6,tw23209128,,6,,,,,
round_pairing,Round 8,2,13,99,tw10410998,,18,tw69663505,,18,,,,,
round_pairing,Round 8,2,103,100,tw10467123,,15,tw75091640,,15,,,,,
round_pairing,Round 8,2,138,101,tw10700633,,12,tw06996284,,12,,,,,
round_pairing,Round 8,2,219,102,tw11015212,,9,tw63395911,,9,,,,,
round_pairing,Round 8,2,77,104,tw11292760,,15,tw27308734,,15,,,,,
round_pairing,Round 8,2,326,105,tw11498239,,6,tw52149734,,6,,,,,
round_pairing,Round 8,2,156,106,tw11499785,,12,tw62594682,,12,,,,,
round_pairing,Round 8,2,270,107,tw11570874,,9,tw76994845,,9,,,,,
round_pairing,Round 8,2,292,108,tw11612248,,9,tw66555509,,9,,,,,
round_pairing,Round 8,2,136,109,tw11642031,,12,tw62315993,,12,,,,,
round_pairing,Round 8,2,126,110,tw11739209,,12,tw52806758,,12,,,,,
round_pairing,Round 8,2,70,111,tw12035691,,15,tw13487252,,15,,,,,
round_pairing,Round 8,2,105,114,tw12363623,,15,tw15173588,,12,,,,,
round_pairing,Round 8,2,132,115,tw12573104,,12,tw24570904,,12,,,,,
round_pairing,Round 8,2,47,116,tw12769027,,15,tw55332465,,15,,,,,
round_pairing,Round 8,2,143,118,tw13090534,,12,tw80392170,,12,,,,,
round_pairing,Round 8,2,324,119,tw13120137,,6,tw00918141,,6,,,,,
round_pairing,Round 8,2,250,121,tw13224458,,9,tw21654272,,9,,,,,
round_pairing,Round 8,2,78,122,tw13229345,,15,tw95198982,,15,,,,,
round_pairing,Round 8,2,100,123,tw13298067,,15,tw88521370,,15,,,,,
round_pairing,Round 8,2,267,124,tw13312253,,9,tw70891974,,9,,,,,
round_pairing,Round 8,2,236,125,tw13434296,,9,tw45404381,,9,,,,,
round_pairing,Round 8,2,164,126,tw13454619,,12,tw74542521,,12,,,,,
round_pairing,Round 8,2,181,127,tw13462937,,12,tw16728082,,12,,,,,
round_pairing,Round 8,2,66,128,tw13569448,,15,tw68763677,,15,,,,,
round_pairing,Round 8,2,26,129,tw13624938,,18,tw93076075,,18,,,,,
round_pairing,Round 8,2,12,130,tw13638158,,18,tw78403870,,18,,,,,
round_pairing,Round 8,2,221,131,tw13779097,,9,tw48927744,,9,,,,,
round_pairing,Round 8,2,141,133,tw13830995,,12,tw07615948,,12,,,,,
round_pairing,Round 8,2,207,136,tw14152067,,12,tw24708906,,12,,,,,
round_pairing,Round 8,2,277,138,tw14489518,,9,tw69425578,,9,,,,,
round_pairing,Round 8,2,231,139,tw14618138,,9,tw41073870,,9,,,,,
round_pairing,Round 8,2,301,141,tw14710630,,9,tw28672728,,6,,,,,
round_pairing,Round 8,2,86,142,tw14788730,,15,tw75551324,,15,,,,,
round_pairing,Round 8,2,286,144,tw15023289,,9,tw61600644,,9,,,,,
round_pairing,Round 8,3,16,145,tw15026318,,18,tw50858481,,18,,,,,
round_pairing,Round 8,3,239,146,tw15028008,,9,tw48962901,,9,,,,,
round_pairing,Round 8,3,105,147,tw15173588,,12,tw12363623,,15,,,,,
round_pairing,Round 8,3,131,148,tw15392207,,12,tw58817602,,12,,,,,
round_pairing,Round 8,3,212,149,tw15435377,,12,tw91627311,,12,,,,,
round_pairing,Round 8,3,158,150,tw15475553,,12,tw80267696,,12,,,,,
round_pairing,Round 8,3,163,151,tw15533641,,12,tw44344603,,12,,,,,
round_pairing,Round 8,3,7,155,tw16132632,,18,tw44468313,,18,,,,,
round_pairing,Round 8,3,121,156,tw16152234,,12,tw55210501,,12,,,,,
round_pairing,Round 8,3,28,160,tw16621728,,18,tw67759215,,18,,,,,
round_pairing,Round 8,3,181,161,tw16728082,,12,tw13462937,,12,,,,,
round_pairing,Round 8,3,23,163,tw16965198,,18,tw43380150,,18,,,,,
round_pairing,Round 8,3,119,164,tw17003070,,12,tw40123518,,12,,,,,
round_pairing,Round 8,3,64,167,tw17203659,,15,tw91823318,,15,,,,,
round_pairing,Round 8,3,305,169,tw17453360,,6,tw02991787,,6,,,,,
round_pairing,Round 8,3,322,171,tw17543456,,6,tw41429367,,6,,,,,
round_pairing,Round 8,3,272,173,tw17748447,,9,tw50820470,,9,,,,,
round_pairing,Round 8,3,214,174,tw17830710,,12,tw29404493,,12,,,,,
round_pairing,Round 8,3,285,175,tw18243923,,9,tw00572856,,9,,,,,
round_pairing,Round 8,3,89,176,tw18276049,,15,tw41286139,,15,,,,,
round_pairing,Round 8,3,44,177,tw18412271,,15,tw76925363,,15,,,,,
round_pairing,Round 8,3,106,179,tw18468179,,12,tw63343435,,12,,,,,
round_pairing,Round 8,3,169,180,tw18638755,,12,tw22480109,,12,,,,,
round_pairing,Round 8,3,71,181,tw18641143,,15,tw04552155,,15,,,,,
round_pairing,Round 8,3,46,182,tw18676231,,15,tw78539182,,15,,,,,
round_pairing,Round 8,3,315,184,tw18850000,,6,tw70028105,,6,,,,,
round_pairing,Round 8,3,9,185,tw18906406,,18,tw27568465,,18,,,,,
round_pairing,Round 8,3,244,186,tw19234685,,9,tw68822994,,9,,,,,
round_pairing,Round 8,3,262,188,tw19377792,,9,tw92969664,,9,,,,,
round_pairing,Round 8,3,251,189,tw19393681,,9,tw61880666,,9,,,,,
round_pairing,Round 8,3,157,195,tw20707479,,12,tw66992460,,12,,,,,
round_pairing,Round 8,3,135,197,tw20835300,,12,tw75596823,,12,,,,,
round_pairing,Round 8,3,48,200,tw21820105,,15,tw44380087,,15,,,,,
round_pairing,Round 8,3,339,203,tw22183935,,3,tw40377456,,3,,,,,
round_pairing,Round 8,3,166,205,tw22261784,,12,tw02856732,,12,,,,,
round_pairing,Round 8,3,330,206,tw22301558,,6,tw64793736,,6,,,,,
round_pairing,Round 8,3,215,208,tw22611326,,12,tw69995586,,12,,,,,
round_pairing,Round 8,3,127,209,tw22699669,,12,tw07927124,,12,,,,,
round_pairing,Round 8,3,168,210,tw22807189,,12,tw33811608,,12,,,,,
round_pairing,Round 8,3,139,211,tw22969264,,12,tw06225308,,12,,,,,
round_pairing,Round 8,3,297,212,tw22979539,,9,tw61277104,,9,,,,,
round_pairing,Round 8,3,311,213,tw23209128,,6,tw10304280,,6,,,,,
round_pairing,Round 8,3,200,215,tw23249034,,12,tw42563834,,12,,,,,
round_pairing,Round 8,3,241,218,tw23712439,,9,tw45371614,,9,,,,,
round_pairing,Round 8,3,306,221,tw24144676,,6,tw03472100,,6,,,,,
round_pairing,Round 8,3,268,223,tw24266071,,9,tw86700066,,9,,,,,
round_pairing,Round 8,3,291,226,tw24459657,,9,tw32214798,,9,,,,,
round_pairing,Round 8,3,132,227,tw24570904,,12,tw12573104,,12,,,,,
round_pairing,Round 8,3,207,228,tw24708906,,12,tw14152067,,12,,,,,
round_pairing,Round 8,3,122,229,tw24742864,,12,tw81066465,,12,,,,,
round_pairing,Round 8,4,144,231,tw24928885,,12,tw05182930,,12,,,,,
round_pairing,Round 8,4,6,232,tw25000553,,18,tw56336073,,18,,,,,
round_pairing,Round 8,4,307,234,tw25188472,,6,tw46321576,,6,,,,,
round_pairing,Round 8,4,252,235,tw25201840,,9,tw98649601,,9,,,,,
round_pairing,Round 8,4,238,236,tw25336636,,9,tw06441088,,9,,,,,
round_pairing,Round 8,4,190,238,tw25488947,,12,tw53974581,,12,,,,,
round_pairing,Round 8,4,209,239,tw25559677,,12,tw04959593,,12,,,,,
round_pairing,Round 8,4,247,240,tw25571112,,9,tw26528058,,9,,,,,
round_pairing,Round 8,4,118,241,tw25634182,,12,tw93829445,,12,,,,,
round_pairing,Round 8,4,75,244,tw26020639,,15,tw47117803,,15,,,,,
round_pairing,Round 8,4,247,246,tw26528058,,9,tw25571112,,9,,,,,
round_pairing,Round 8,4,197,248,tw26670105,,12,tw56605426,,12,,,,,
round_pairing,Round 8,4,230,249,tw26839664,,9,tw44207012,,9,,,,,
round_pairing,Round 8,4,61,250,tw26953449,,15,tw82119121,,15,,,,,
round_pairing,Round 8,4,77,252,tw27308734,,15,tw11292760,,15,,,,,
round_pairing,Round 8,4,1,253,tw27347873,,21,tw61279434,,21,,,,,
round_pairing,Round 8,4,55,254,tw27395288,,15,tw17356132,,15,,,,,
round_pairing,Round 8,4,145,255,tw27419844,,12,tw68046375,,12,,,,,
round_pairing,Round 8,4,225,256,tw27495272,,9,tw75820315,,9,,,,,
round_pairing,Round 8,4,9,257,tw27568465,,18,tw18906406,,18,,,,,
round_pairing,Round 8,4,79,260,tw27736985,,15,tw30236831,,15,,,,,
round_pairing,Round 8,4,203,262,tw27817384,,12,tw02211815,,12,,,,,
round_pairing,Round 8,4,334,263,tw27943796,,6,tw72928053,,6,,,,,
round_pairing,Round 8,4,30,266,tw28179733,,18,tw29121960,,15,,,,,
round_pairing,Round 8,4,293,268,tw28285341,,9,tw52493073,,9,,,,,
round_pairing,Round 8,4,319,269,tw28495767,,6,tw71768773,,6,,,,,
round_pairing,Round 8,4,97,270,tw28510545,,15,tw50841430,,15,,,,,
round_pairing,Round 8,4,301,271,tw28672728,,6,tw14710630,,9,,,,,
round_pairing,Round 8,4,54,273,tw28750216,,15,tw49113528,,15,,,,,
round_pairing,Round 8,4,340,274,tw28988843,,3,tw95547681,,3,,,,,
round_pairing,Round 8,4,30,275,tw29121960,,15,tw28179733,,18,,,,,
round_pairing,Round 8,4,174,276,tw29372557,,12,tw50328610,,12,,,,,
round_pairing,Round 8,4,214,278,tw29404493,,12,tw17830710,,12,,,,,
round_pairing,Round 8,4,96,279,tw29518941,,15,tw26175828,,15,,,,,
round_pairing,Round 8,4,62,280,tw29536370,,15,tw62525194,,15,,,,,
round_pairing,Round 8,4,137,281,tw29731640,,12,tw81060661,,12,,,,,
round_pairing,Round 8,4,123,282,tw29821490,,12,tw33274690,,12,,,,,
round_pairing,Round 8,4,79,283,tw30236831,,15,tw27736985,,15,,,,,
round_pairing,Round 8,4,63,285,tw30419396,,15,tw00787146,,15,,,,,
round_pairing,Round 8,4,21,287,tw30898169,,18,tw65235703,,18,,,,,
round_pairing,Round 8,4,310,288,tw30959627,,6,tw39941788,,6,,,,,
round_pairing,Round 8,4,314,289,tw30976792,,6,tw93786012,,6,,,,,
round_pairing,Round 8,4,134,291,tw31279242,,12,tw76059026,,12,,,,,
round_pairing,Round 8,4,4,292,tw31422118,,21,tw33742727,,18,,,,,
round_pairing,Round 8,4,296,294,tw31941216,,9,tw85233211,,9,,,,,
round_pairing,Round 8,4,273,295,tw31949622,,9,tw96887599,,9,,,,,
round_pairing,Round 8,4,104,296,tw32141014,,15,tw47904340,,15,,,,,
round_pairing,Round 8,4,291,298,tw32214798,,9,tw24459657,,9,,,,,
round_pairing,Round 8,4,90,299,tw32240000,,15,tw90996252,,15,,,,,
round_pairing,Round 8,4,153,301,tw32647589,,12,tw45458321,,12,,,,,
round_pairing,Round 8,5,36,302,tw32722359,,15,tw46423373,,15,,,,,
round_pairing,Round 8,5,204,303,tw32893143,,12,tw95521825,,12,,,,,
round_pairing,Round 8,5,172,304,tw32907703,,12,tw71730704,,12,,,,,
round_pairing,Round 8,5,76,308,tw33005835,,15,tw70273656,,15,,,,,
round_pairing,Round 8,5,279,309,tw33097520,,9,tw74682364,,9,,,,,
round_pairing,Round 8,5,123,310,tw33274690,,12,tw29821490,,12,,,,,
round_pairing,Round 8,5,229,311,tw33544977,,9,tw99714386,,9,,,,,
round_pairing,Round 8,5,4,312,tw33742727,,18,tw31422118,,21,,,,,
round_pairing,Round 8,5,168,314,tw33811608,,12,tw22807189,,12,,,,,
round_pairing,Round 8,5,341,315,tw33820039,,3,tw56387935,,3,,,,,
round_pairing,Round 8,5,313,316,tw33852575,,6,tw71035218,,6,,,,,
round_pairing,Round 8,5,323,320,tw34396906,,6,tw97807535,,6,,,,,
round_pairing,Round 8,5,68,322,tw34953027,,15,tw44821842,,15,,,,,
round_pairing,Round 8,5,325,323,tw35187586,,6,tw00114747,,6,,,,,
round_pairing,Round 8,5,149,324,tw35246471,,12,tw46798799,,12,,,,,
round_pairing,Round 8,5,338,325,tw35360901,,3,tw79221888,,3,,,,,
round_pairing,Round 8,5,300,326,tw35416653,,9,tw87015354,,9,,,,,
round_pairing,Round 8,5,343,327,tw35684617,,0,tw66816512,,3,,,,,
round_pairing,Round 8,5,74,328,tw35693064,,15,tw55000893,,15,,,,,
round_pairing,Round 8,5,67,329,tw35707148,,15,tw98985840,,15,,,,,
round_pairing,Round 8,5,276,330,tw35735135,,9,tw52752742,,9,,,,,
round_pairing,Round 8,5,58,331,tw35839691,,15,tw52974697,,15,,,,,
round_pairing,Round 8,5,298,332,tw35995465,,9,tw00968448,,9,,,,,
round_pairing,Round 8,5,335,334,tw36138720,,6,tw48889969,,6,,,,,
round_pairing,Round 8,5,151,335,tw36648556,,12,tw08876514,,12,,,,,
round_pairing,Round 8,5,81,336,tw36747145,,15,tw03094722,,15,,,,,
round_pairing,Round 8,5,43,337,tw36759052,,15,tw38236579,,15,,,,,
round_pairing,Round 8,5,60,338,tw36782228,,15,tw55765174,,15,,,,,
round_pairing,Round 8,5,242,339,tw36810632,,9,tw88706430,,9,,,,,
round_pairing,Round 8,5,101,342,tw37453841,,15,tw93433450,,15,,,,,
round_pairing,Round 8,5,288,343,tw37823321,,9,tw24694611,,9,,,,,
round_pairing,Round 8,5,20,349,tw38086655,,18,tw65483922,,18,,,,,
round_pairing,Round 8,5,43,351,tw38236579,,15,tw36759052,,15,,,,,
round_pairing,Round 8,5,309,356,tw39192538,,6,tw93529525,,6,,,,,
round_pairing,Round 8,5,140,357,tw39290085,,12,tw44874553,,12,,,,,
round_pairing,Round 8,5,18,358,tw39492637,,18,tw67295326,,18,,,,,
round_pairing,Round 8,5,320,359,tw39697449,,6,tw17401165,,6,,,,,
round_pairing,Round 8,5,310,360,tw39941788,,6,tw30959627,,6,,,,,
round_pairing,Round 8,5,119,361,tw40123518,,12,tw17003070,,12,,,,,
round_pairing,Round 8,5,240,362,tw40135779,,9,tw90018469,,9,,,,,
round_pairing,Round 8,5,339,364,tw40377456,,3,tw22183935,,3,,,,,
round_pairing,Round 8,5,22,366,tw40555668,,18,tw09468385,,18,,,,,
round_pairing,Round 8,5,331,367,tw40682117,,6,tw02002019,,6,,,,,
round_pairing,Round 8,5,196,368,tw40696414,,12,tw87316906,,12,,,,,
round_pairing,Round 8,5,278,370,tw40786209,,9,tw09704151,,9,,,,,
round_pairing,Round 8,5,231,372,tw41073870,,9,tw14618138,,9,,,,,
round_pairing,Round 8,5,51,373,tw41104694,,15,tw68088789,,15,,,,,
round_pairing,Round 8,5,124,374,tw41238636,,12,tw01478107,,12,,,,,
round_pairing,Round 8,5,89,376,tw41286139,,15,tw18276049,,15,,,,,
round_pairing,Round 8,5,142,377,tw41398048,,12,tw48793078,,12,,,,,
round_pairing,Round 8,6,322,378,tw41429367,,6,tw17543456,,6,,,,,
round_pairing,Round 8,6,232,380,tw41523616,,9,tw39114696,,9,,,,,
round_pairing,Round 8,6,32,381,tw41609662,,15,tw74196817,,15,,,,,
round_pairing,Round 8,6,178,382,tw41670381,,12,tw56012620,,12,,,,,
round_pairing,Round 8,6,53,384,tw41805810,,15,tw77606795,,15,,,,,
round_pairing,Round 8,6,243,386,tw42186430,,9,tw47077924,,9,,,,,
round_pairing,Round 8,6,29,387,tw42246097,,18,tw71861265,,18,,,,,
round_pairing,Round 8,6,195,388,tw42309306,,12,tw09480115,,12,,,,,
round_pairing,Round 8,6,41,389,tw42455002,,15,tw04156058,,15,,,,,
round_pairing,Round 8,6,107,391,tw42527004,,12,tw66806102,,12,,,,,
round_pairing,Round 8,6,200,392,tw42563834,,12,tw23249034,,12,,,,,
round_pairing,Round 8,6,34,393,tw42619935,,15,tw68954029,,15,,,,,
round_pairing,Round 8,6,220,394,tw42723639,,9,tw77550830,,9,,,,,
round_pairing,Round 8,6,161,396,tw42938387,,12,tw93754264,,12,,,,,
round_pairing,Round 8,6,108,397,tw42979297,,12,tw59471628,,12,,,,,
round_pairing,Round 8,6,73,398,tw43007249,,15,tw02105248,,15,,,,,
round_pairing,Round 8,6,56,399,tw43268758,,15,tw89449964,,15,,,,,
round_pairing,Round 8,6,184,401,tw43331901,,12,tw62020476,,12,,,,,
round_pairing,Round 8,6,23,402,tw43380150,,18,tw16965198,,18,,,,,
round_pairing,Round 8,6,69,404,tw43492313,,15,tw05270520,,15,,,,,
round_pairing,Round 8,6,35,405,tw43633449,,15,tw56240698,,15,,,,,
round_pairing,Round 8,6,290,408,tw44047226,,9,tw48357143,,9,,,,,
round_pairing,Round 8,6,205,411,tw44127879,,12,tw61895092,,12,,,,,
round_pairing,Round 8,6,193,412,tw44206611,,12,tw66520026,,12,,,,,
round_pairing,Round 8,6,230,413,tw44207012,,9,tw26839664,,9,,,,,
round_pairing,Round 8,6,274,414,tw44233591,,9,tw76529055,,9,,,,,
round_pairing,Round 8,6,163,416,tw44344603,,12,tw15533641,,12,,,,,
round_pairing,Round 8,6,48,417,tw44380087,,15,tw21820105,,15,,,,,
round_pairing,Round 8,6,7,418,tw44468313,,18,tw16132632,,18,,,,,
round_pairing,Round 8,6,116,419,tw44475314,,12,tw88860465,,12,,,,,
round_pairing,Round 8,6,227,420,tw44649735,,9,tw05246772,,9,,,,,
round_pairing,Round 8,6,68,421,tw44821842,,15,tw34953027,,15,,,,,
round_pairing,Round 8,6,140,423,tw44874553,,12,tw39290085,,12,,,,,
round_pairing,Round 8,6,176,424,tw45178021,,12,tw60794190,,12,,,,,
round_pairing,Round 8,6,287,425,tw45233917,,9,tw61792938,,9,,,,,
round_pairing,Round 8,6,228,426,tw45324854,,9,tw58450010,,9,,,,,
round_pairing,Round 8,6,241,427,tw45371614,,9,tw23712439,,9,,,,,
round_pairing,Round 8,6,236,429,tw45404381,,9,tw13434296,,9,,,,,
round_pairing,Round 8,6,153,430,tw45458321,,12,tw32647589,,12,,,,,
round_pairing,Round 8,6,256,432,tw45615575,,9,tw46020620,,9,,,,,
round_pairing,Round 8,6,92,437,tw46002856,,15,tw97567728,,15,,,,,
round_pairing,Round 8,6,256,438,tw46020620,,9,tw45615575,,9,,,,,
round_pairing,Round 8,6,27,439,tw46030050,,18,tw53723254,,18,,,,,
round_pairing,Round 8,6,307,440,tw46321576,,6,tw25188472,,6,,,,,
round_pairing,Round 8,6,271,441,tw46362217,,9,tw89811739,,9,,,,,
round_pairing,Round 8,6,109,442,tw46377157,,12,tw59616959,,12,,,,,
round_pairing,Round 8,6,36,443,tw46423373,,15,tw32722359,,15,,,,,
round_pairing,Round 8,6,303,444,tw46643692,,6,tw88117485,,6,,,,,
round_pairing,Round 8,6,87,445,tw46646319,,15,tw69848864,,15,,,,,
round_pairing,Round 8,6,192,448,tw46738666,,12,tw83751916,,12,,,,,
round_pairing,Round 8,7,258,449,tw46795660,,9,tw93405316,,9,,,,,
round_pairing,Round 8,7,149,450,tw46798799,,12,tw35246471,,12,,,,,
round_pairing,Round 8,7,329,451,tw46945068,,6,tw99373374,,6,,,,,
round_pairing,Round 8,7,294,452,tw46969620,,9,tw02559687,,9,,,,,
round_pairing,Round 8,7,243,453,tw47077924,,9,tw42186430,,9,,,,,
round_pairing,Round 8,7,213,455,tw47341841,,12,tw99888650,,12,,,,,
round_pairing,Round 8,7,37,456,tw47415187,,15,tw78657682,,15,,,,,
round_pairing,Round 8,7,104,459,tw47904340,,15,tw32141014,,15,,,,,
round_pairing,Round 8,7,57,461,tw48178410,,15,tw02172047,,15,,,,,
round_pairing,Round 8,7,290,463,tw48357143,,9,tw44047226,,9,,,,,
round_pairing,Round 8,7,317,466,tw48555786,,6,tw06147611,,6,,,,,
round_pairing,Round 8,7,259,467,tw48596346,,9,tw66575998,,9,,,,,
round_pairing,Round 8,7,40,469,tw48715949,,15,tw97138451,,15,,,,,
round_pairing,Round 8,7,142,471,tw48793078,,12,tw41398048,,12,,,,,
round_pairing,Round 8,7,335,472,tw48889969,,6,tw36138720,,6,,,,,
round_pairing,Round 8,7,289,473,tw48890271,,9,tw85067465,,9,,,,,
round_pairing,Round 8,7,221,474,tw48927744,,9,tw13779097,,9,,,,,
round_pairing,Round 8,7,239,475,tw48962901,,9,tw15028008,,9,,,,,
round_pairing,Round 8,7,165,476,tw49045992,,12,tw57612114,,12,,,,,
round_pairing,Round 8,7,54,477,tw49113528,,15,tw28750216,,15,,,,,
round_pairing,Round 8,7,24,478,tw49159270,,18,tw58776465,,18,,,,,
round_pairing,Round 8,7,318,479,tw49327411,,6,tw62459529,,6,,,,,
round_pairing,Round 8,7,173,480,tw49388371,,12,tw86324740,,12,,,,,
round_pairing,Round 8,7,233,481,tw49441410,,9,tw04457744,,9,,,,,
round_pairing,Round 8,7,162,483,tw49759795,,12,tw73048413,,12,,,,,
round_pairing,Round 8,7,152,484,tw49877892,,12,tw88407488,,12,,,,,
round_pairing,Round 8,7,281,485,tw50239297,,9,tw36167036,,9,,,,,
round_pairing,Round 8,7,174,487,tw50328610,,12,tw29372557,,12,,,,,
round_pairing,Round 8,7,255,488,tw50414993,,9,tw00026251,,9,,,,,
round_pairing,Round 8,7,5,490,tw50567676,,18,tw66588143,,18,,,,,
round_pairing,Round 8,7,295,491,tw50702110,,9,tw87844149,,9,,,,,
round_pairing,Round 8,7,299,492,tw50795757,,9,tw57531941,,9,,,,,
round_pairing,Round 8,7,272,493,tw50820470,,9,tw17748447,,9,,,,,
round_pairing,Round 8,7,16,495,tw50858481,,18,tw15026318,,18,,,,,
round_pairing,Round 8,7,246,497,tw51149657,,9,tw97370246,,9,,,,,
round_pairing,Round 8,7,33,500,tw51489284,,15,tw80138989,,15,,,,,
round_pairing,Round 8,7,150,502,tw51756189,,12,tw62067344,,12,,,,,
round_pairing,Round 8,7,326,505,tw52149734,,6,tw11498239,,6,,,,,
round_pairing,Round 8,7,293,509,tw52493073,,9,tw28285341,,9,,,,,
round_pairing,Round 8,7,15,511,tw52663760,,18,tw99958274,,18,,,,,
round_pairing,Round 8,7,226,512,tw52704576,,9,tw85516442,,9,,,,,
round_pairing,Round 8,7,276,513,tw52752742,,9,tw35735135,,9,,,,,
round_pairing,Round 8,7,126,514,tw52806758,,12,tw11739209,,12,,,,,
round_pairing,Round 8,7,237,516,tw53446977,,9,tw68790007,,9,,,,,
round_pairing,Round 8,7,248,517,tw53540804,,9,tw76784634,,9,,,,,
round_pairing,Round 8,7,27,518,tw53723254,,18,tw46030050,,18,,,,,
round_pairing,Round 8,7,113,519,tw53782031,,12,tw76132946,,12,,,,,
round_pairing,Round 8,7,114,520,tw53806573,,12,tw67665108,,12,,,,,
round_pairing,Round 8,7,128,523,tw54430001,,12,tw73917548,,12,,,,,
round_pairing,Round 8,7,8,524,tw54739989,,18,tw85026999,,18,,,,,
round_pairing,Round 8,8,312,526,tw54988993,,6,tw67984683,,6,,,,,
round_pairing,Round 8,8,74,527,tw55000893,,15,tw35693064,,15,,,,,
round_pairing,Round 8,8,121,529,tw55210501,,12,tw16152234,,12,,,,,
round_pairing,Round 8,8,47,530,tw55332465,,15,tw12769027,,15,,,,,
round_pairing,Round 8,8,257,531,tw55359182,,9,tw72148746,,9,,,,,
round_pairing,Round 8,8,60,533,tw55765174,,15,tw36782228,,15,,,,,
round_pairing,Round 8,8,178,534,tw56012620,,12,tw41670381,,12,,,,,
round_pairing,Round 8,8,35,535,tw56240698,,15,tw43633449,,15,,,,,
round_pairing,Round 8,8,6,536,tw56336073,,18,tw25000553,,18,,,,,
round_pairing,Round 8,8,341,537,tw56387935,,3,tw33820039,,3,,,,,
round_pairing,Round 8,8,115,539,tw56468849,,12,tw61227623,,12,,,,,
round_pairing,Round 8,8,210,540,tw56550093,,12,tw89297350,,12,,,,,
round_pairing,Round 8,8,197,541,tw56605426,,12,tw26670105,,12,,,,,
round_pairing,Round 8,8,2,542,tw57017359,,21,tw89609352,,21,,,,,
round_pairing,Round 8,8,316,543,tw57062134,,6,tw69925275,,6,,,,,
round_pairing,Round 8,8,299,545,tw57531941,,9,tw50795757,,9,,,,,
round_pairing,Round 8,8,165,546,tw57612114,,12,tw49045992,,12,,,,,
round_pairing,Round 8,8,216,547,tw57615176,,9,tw82556653,,9,,,,,
round_pairing,Round 8,8,308,548,tw57767899,,6,tw82559799,,6,,,,,
round_pairing,Round 8,8,95,549,tw58028303,,15,tw72464013,,15,,,,,
round_pairing,Round 8,8,217,550,tw58188995,,9,tw81268957,,9,,,,,
round_pairing,Round 8,8,228,551,tw58450010,,9,tw45324854,,9,,,,,
round_pairing,Round 8,8,42,555,tw58781969,,15,tw36712780,,15,,,,,
round_pairing,Round 8,8,131,556,tw58817602,,12,tw15392207,,12,,,,,
round_pairing,Round 8,8,245,557,tw58835877,,9,tw04255506,,9,,,,,
round_pairing,Round 8,8,264,560,tw59462193,,9,tw72174151,,9,,,,,
round_pairing,Round 8,8,108,561,tw59471628,,12,tw42979297,,12,,,,,
round_pairing,Round 8,8,159,562,tw59548820,,12,tw95954871,,12,,,,,
round_pairing,Round 8,8,109,563,tw59616959,,12,tw46377157,,12,,,,,
round_pairing,Round 8,8,266,565,tw59882595,,9,tw79992941,,9,,,,,
round_pairing,Round 8,8,177,569,tw60440420,,12,tw94518932,,12,,,,,
round_pairing,Round 8,8,194,570,tw60511158,,12,tw99241716,,12,,,,,
round_pairing,Round 8,8,269,571,tw60567990,,9,tw79621968,,9,,,,,
round_pairing,Round 8,8,176,572,tw60794190,,12,tw45178021,,12,,,,,
round_pairing,Round 8,8,85,573,tw60920600,,15,tw74033297,,15,,,,,
round_pairing,Round 8,8,297,574,tw61277104,,9,tw22979539,,9,,,,,
round_pairing,Round 8,8,1,575,tw61279434,,21,tw27347873,,21,,,,,
round_pairing,Round 8,8,130,577,tw61533794,,12,tw76039193,,12,,,,,
round_pairing,Round 8,8,129,578,tw61583819,,12,tw91555335,,12,,,,,
round_pairing,Round 8,8,286,579,tw61600644,,9,tw15023289,,9,,,,,
round_pairing,Round 8,8,287,581,tw61792938,,9,tw45233917,,9,,,,,
round_pairing,Round 8,8,251,582,tw61880666,,9,tw19393681,,9,,,,,
round_pairing,Round 8,8,205,583,tw61895092,,12,tw44127879,,12,,,,,
round_pairing,Round 8,8,184,585,tw62020476,,12,tw43331901,,12,,,,,
round_pairing,Round 8,8,150,586,tw62067344,,12,tw51756189,,12,,,,,
round_pairing,Round 8,8,133,587,tw62197981,,12,tw06072288,,12,,,,,
round_pairing,Round 8,8,136,588,tw62315993,,12,tw11642031,,12,,,,,
round_pairing,Round 8,8,171,589,tw62324389,,12,tw62599498,,12,,,,,
round_pairing,Round 8,8,318,591,tw62459529,,6,tw49327411,,6,,,,,
round_pairing,Round 8,8,62,592,tw62525194,,15,tw29536370,,15,,,,,
round_pairing,Round 8,9,156,594,tw62594682,,12,tw11499785,,12,,,,,
round_pairing,Round 8,9,171,595,tw62599498,,12,tw62324389,,12,,,,,
round_pairing,Round 8,9,59,597,tw62958507,,15,tw93858918,,15,,,,,
round_pairing,Round 8,9,110,599,tw63031373,,12,tw72313605,,12,,,,,
round_pairing,Round 8,9,106,602,tw63343435,,12,tw18468179,,12,,,,,
round_pairing,Round 8,9,219,603,tw63395911,,9,tw11015212,,9,,,,,
round_pairing,Round 8,9,188,604,tw63508480,,12,tw69804633,,12,,,,,
round_pairing,Round 8,9,337,607,tw63898784,,3,tw84048586,,3,,,,,
round_pairing,Round 8,9,50,608,tw64203769,,15,tw68165427,,15,,,,,
round_pairing,Round 8,9,330,611,tw64793736,,6,tw22301558,,6,,,,,
round_pairing,Round 8,9,284,612,tw64845965,,9,tw98211582,,9,,,,,
round_pairing,Round 8,9,260,615,tw65158876,,9,tw92986536,,9,,,,,
round_pairing,Round 8,9,21,616,tw65235703,,18,tw30898169,,18,,,,,
round_pairing,Round 8,9,20,617,tw65483922,,18,tw38086655,,18,,,,,
round_pairing,Round 8,9,211,618,tw65522783,,12,tw67199394,,12,,,,,
round_pairing,Round 8,9,72,619,tw65741542,,15,tw00831574,,15,,,,,
round_pairing,Round 8,9,193,623,tw66520026,,12,tw44206611,,12,,,,,
round_pairing,Round 8,9,292,624,tw66555509,,9,tw11612248,,9,,,,,
round_pairing,Round 8,9,259,625,tw66575998,,9,tw48596346,,9,,,,,
round_pairing,Round 8,9,5,626,tw66588143,,18,tw50567676,,18,,,,,
round_pairing,Round 8,9,107,628,tw66806102,,12,tw42527004,,12,,,,,
round_pairing,Round 8,9,343,629,tw66816512,,3,tw35684617,,0,,,,,
round_pairing,Round 8,9,302,630,tw66907796,,6,tw95818310,,6,,,,,
round_pairing,Round 8,9,328,632,tw66961355,,6,tw94142249,,6,,,,,
round_pairing,Round 8,9,157,633,tw66992460,,12,tw20707479,,12,,,,,
round_pairing,Round 8,9,211,634,tw67199394,,12,tw65522783,,12,,,,,
round_pairing,Round 8,9,91,635,tw67604361,,15,tw79434198,,15,,,,,
round_pairing,Round 8,9,114,636,tw67665108,,12,tw53806573,,12,,,,,
round_pairing,Round 8,9,93,638,tw67716132,,15,tw73106123,,15,,,,,
round_pairing,Round 8,9,28,639,tw67759215,,18,tw16621728,,18,,,,,
round_pairing,Round 8,9,206,640,tw67940713,,12,tw39185310,,12,,,,,
round_pairing,Round 8,9,312,641,tw67984683,,6,tw54988993,,6,,,,,
round_pairing,Round 8,9,145,642,tw68046375,,12,tw27419844,,12,,,,,
round_pairing,Round 8,9,51,643,tw68088789,,15,tw41104694,,15,,,,,
round_pairing,Round 8,9,191,644,tw68135684,,12,tw32869182,,12,,,,,
round_pairing,Round 8,9,50,646,tw68165427,,15,tw64203769,,15,,,,,
round_pairing,Round 8,9,66,649,tw68763677,,15,tw13569448,,15,,,,,
round_pairing,Round 8,9,244,650,tw68822994,,9,tw19234685,,9,,,,,
round_pairing,Round 8,9,187,651,tw68851170,,12,tw73831583,,12,,,,,
round_pairing,Round 8,9,34,652,tw68954029,,15,tw42619935,,15,,,,,
round_pairing,Round 8,9,277,655,tw69425578,,9,tw14489518,,9,,,,,
round_pairing,Round 8,9,167,657,tw69602779,,12,tw05399034,,12,,,,,
round_pairing,Round 8,9,13,659,tw69663505,,18,tw10410998,,18,,,,,
round_pairing,Round 8,9,188,662,tw69804633,,12,tw63508480,,12,,,,,
round_pairing,Round 8,9,316,664,tw69925275,,6,tw57062134,,6,,,,,
round_pairing,Round 8,9,215,666,tw69995586,,12,tw22611326,,12,,,,,
round_pairing,Round 8,9,315,667,tw70028105,,6,tw18850000,,6,,,,,
round_pairing,Round 8,9,76,668,tw70273656,,15,tw33005835,,15,,,,,
round_pairing,Round 8,9,265,672,tw70897596,,9,tw00181149,,9,,,,,
round_pairing,Round 8,9,182,673,tw70903147,,12,tw99346363,,12,,,,,
round_pairing,Round 8,10,313,674,tw71035218,,6,tw33852575,,6,,,,,
round_pairing,Round 8,10,88,677,tw71161066,,15,tw76309421,,15,,,,,
round_pairing,Round 8,10,49,679,tw71550438,,15,tw93020902,,15,,,,,
round_pairing,Round 8,10,183,681,tw71598135,,12,tw82751826,,12,,,,,
round_pairing,Round 8,10,172,682,tw71730704,,12,tw32907703,,12,,,,,
round_pairing,Round 8,10,319,683,tw71768773,,6,tw28495767,,6,,,,,
round_pairing,Round 8,10,257,684,tw72148746,,9,tw55359182,,9,,,,,
round_pairing,Round 8,10,264,685,tw72174151,,9,tw59462193,,9,,,,,
round_pairing,Round 8,10,110,686,tw72313605,,12,tw63031373,,12,,,,,
round_pairing,Round 8,10,321,687,tw72318939,,6,tw77975837,,6,,,,,
round_pairing,Round 8,10,38,688,tw72333956,,15,tw92466220,,15,,,,,
round_pairing,Round 8,10,95,689,tw72464013,,15,tw58028303,,15,,,,,
round_pairing,Round 8,10,333,690,tw72630270,,6,tw78077476,,6,,,,,
round_pairing,Round 8,10,148,691,tw72699030,,12,tw91594481,,12,,,,,
round_pairing,Round 8,10,189,694,tw72829984,,12,tw77721211,,12,,,,,
round_pairing,Round 8,10,84,695,tw72887037,,15,tw24261609,,15,,,,,
round_pairing,Round 8,10,334,696,tw72928053,,6,tw27943796,,6,,,,,
round_pairing,Round 8,10,160,697,tw73034465,,12,tw75352342,,12,,,,,
round_pairing,Round 8,10,162,698,tw73048413,,12,tw49759795,,12,,,,,
round_pairing,Round 8,10,93,699,tw73106123,,15,tw67716132,,15,,,,,
round_pairing,Round 8,10,11,700,tw73358187,,18,tw99140905,,18,,,,,
round_pairing,Round 8,10,254,702,tw73911906,,9,tw98480968,,9,,,,,
round_pairing,Round 8,10,128,703,tw73917548,,12,tw54430001,,12,,,,,
round_pairing,Round 8,10,111,704,tw73975912,,12,tw52595130,,12,,,,,
round_pairing,Round 8,10,32,705,tw74196817,,15,tw41609662,,15,,,,,
round_pairing,Round 8,10,164,706,tw74542521,,12,tw13454619,,12,,,,,
round_pairing,Round 8,10,155,707,tw74568091,,12,tw40188987,,12,,,,,
round_pairing,Round 8,10,279,708,tw74682364,,9,tw33097520,,9,,,,,
round_pairing,Round 8,10,103,710,tw75091640,,15,tw10467123,,15,,,,,
round_pairing,Round 8,10,147,711,tw75204861,,12,tw01014532,,12,,,,,
round_pairing,Round 8,10,160,712,tw75352342,,12,tw73034465,,12,,,,,
round_pairing,Round 8,10,86,713,tw75551324,,15,tw14788730,,15,,,,,
round_pairing,Round 8,10,135,714,tw75596823,,12,tw20835300,,12,,,,,
round_pairing,Round 8,10,225,716,tw75820315,,9,tw27495272,,9,,,,,
round_pairing,Round 8,10,134,719,tw76059026,,12,tw31279242,,12,,,,,
round_pairing,Round 8,10,113,720,tw76132946,,12,tw53782031,,12,,,,,
round_pairing,Round 8,10,88,722,tw76309421,,15,tw71161066,,15,,,,,
round_pairing,Round 8,10,274,723,tw76529055,,9,tw44233591,,9,,,,,
round_pairing,Round 8,10,248,725,tw76784634,,9,tw53540804,,9,,,,,
round_pairing,Round 8,10,44,726,tw76925363,,15,tw18412271,,15,,,,,
round_pairing,Round 8,10,270,727,tw76994845,,9,tw11570874,,9,,,,,
round_pairing,Round 8,10,10,728,tw77206748,,18,tw67036456,,18,,,,,
round_pairing,Round 8,10,220,731,tw77550830,,9,tw42723639,,9,,,,,
round_pairing,Round 8,10,53,732,tw77606795,,15,tw41805810,,15,,,,,
round_pairing,Round 8,10,98,733,tw77699656,,15,tw85563070,,15,,,,,
round_pairing,Round 8,10,189,734,tw77721211,,12,tw72829984,,12,,,,,
round_pairing,Round 8,10,261,735,tw77877383,,9,tw87510571,,9,,,,,
round_pairing,Round 8,10,333,737,tw78077476,,6,tw72630270,,6,,,,,
round_pairing,Round 8,10,12,739,tw78403870,,18,tw13638158,,18,,,,,
round_pairing,Round 8,10,46,740,tw78539182,,15,tw18676231,,15,,,,,
round_pairing,Round 8,11,37,742,tw78657682,,15,tw47415187,,15,,,,,
round_pairing,Round 8,11,338,747,tw79221888,,3,tw35360901,,3,,,,,
round_pairing,Round 8,11,249,748,tw79250738,,9,tw09194772,,9,,,,,
round_pairing,Round 8,11,83,749,tw79270381,,15,tw80521031,,15,,,,,
round_pairing,Round 8,11,282,751,tw79411276,,9,tw93021016,,9,,,,,
round_pairing,Round 8,11,91,752,tw79434198,,15,tw67604361,,15,,,,,
round_pairing,Round 8,11,266,757,tw79992941,,9,tw59882595,,9,,,,,
round_pairing,Round 8,11,33,759,tw80138989,,15,tw51489284,,15,,,,,
round_pairing,Round 8,11,158,760,tw80267696,,12,tw15475553,,12,,,,,
round_pairing,Round 8,11,143,761,tw80392170,,12,tw13090534,,12,,,,,
round_pairing,Round 8,11,83,762,tw80521031,,15,tw79270381,,15,,,,,
round_pairing,Round 8,11,137,763,tw81060661,,12,tw29731640,,12,,,,,
round_pairing,Round 8,11,122,764,tw81066465,,12,tw24742864,,12,,,,,
round_pairing,Round 8,11,332,765,tw81250238,,6,tw92814087,,6,,,,,
round_pairing,Round 8,11,217,766,tw81268957,,9,tw58188995,,9,,,,,
round_pairing,Round 8,11,120,769,tw81562455,,12,tw70378594,,12,,,,,
round_pairing,Round 8,11,179,770,tw81599190,,12,tw12331692,,12,,,,,
round_pairing,Round 8,11,263,772,tw82001299,,9,tw93054506,,9,,,,,
round_pairing,Round 8,11,61,774,tw82119121,,15,tw26953449,,15,,,,,
round_pairing,Round 8,11,112,776,tw82370377,,12,tw07410887,,12,,,,,
round_pairing,Round 8,11,304,777,tw82516603,,6,tw09239240,,6,,,,,
round_pairing,Round 8,11,216,778,tw82556653,,9,tw57615176,,9,,,,,
round_pairing,Round 8,11,308,779,tw82559799,,6,tw57767899,,6,,,,,
round_pairing,Round 8,11,198,780,tw82566333,,12,tw48526697,,12,,,,,
round_pairing,Round 8,11,183,781,tw82751826,,12,tw71598135,,12,,,,,
round_pairing,Round 8,11,146,783,tw82878504,,12,tw92224806,,12,,,,,
round_pairing,Round 8,11,65,784,tw82981600,,15,tw93660736,,15,,,,,
round_pairing,Round 8,11,223,788,tw83606083,,9,tw97995384,,9,,,,,
round_pairing,Round 8,11,192,789,tw83751916,,12,tw46738666,,12,,,,,
round_pairing,Round 8,11,52,790,tw83905127,,15,tw90485112,,15,,,,,
round_pairing,Round 8,11,199,794,tw84828731,,12,tw42204590,,12,,,,,
round_pairing,Round 8,11,289,797,tw85067465,,9,tw48890271,,9,,,,,
round_pairing,Round 8,11,25,798,tw85147749,,18,tw09574160,,18,,,,,
round_pairing,Round 8,11,296,799,tw85233211,,9,tw31941216,,9,,,,,
round_pairing,Round 8,11,98,801,tw85563070,,15,tw77699656,,15,,,,,
round_pairing,Round 8,11,102,803,tw85855405,,15,tw02826499,,15,,,,,
round_pairing,Round 8,11,154,804,tw86056382,,12,tw01150243,,12,,,,,
round_pairing,Round 8,11,268,806,tw86700066,,9,tw24266071,,9,,,,,
round_pairing,Round 8,11,300,807,tw87015354,,9,tw35416653,,9,,,,,
round_pairing,Round 8,11,196,809,tw87316906,,12,tw40696414,,12,,,,,
round_pairing,Round 8,11,261,810,tw87510571,,9,tw77877383,,9,,,,,
round_pairing,Round 8,11,31,811,tw87713934,,15,tw00106184,,15,,,,,
round_pairing,Round 8,11,303,814,tw88117485,,6,tw46643692,,6,,,,,
round_pairing,Round 8,11,235,815,tw88178510,,9,tw97666473,,9,,,,,
round_pairing,Round 8,11,152,816,tw88407488,,12,tw49877892,,12,,,,,
round_pairing,Round 8,11,45,817,tw88506619,,15,tw94173678,,15,,,,,
round_pairing,Round 8,11,242,818,tw88706430,,9,tw36810632,,9,,,,,
round_pairing,Round 8,11,116,820,tw88860465,,12,tw44475314,,12,,,,,
round_pairing,Round 8,11,117,822,tw89047117,,12,tw03193944,,12,,,,,
round_pairing,Round 8,11,210,823,tw89297350,,12,tw56550093,,12,,,,,
round_pairing,Round 8,12,56,825,tw89449964,,15,tw43268758,,15,,,,,
round_pairing,Round 8,12,2,826,tw89609352,,21,tw57017359,,21,,,,,
round_pairing,Round 8,12,271,830,tw89811739,,9,tw46362217,,9,,,,,
round_pairing,Round 8,12,240,831,tw90018469,,9,tw40135779,,9,,,,,
round_pairing,Round 8,12,280,833,tw90337288,,9,tw90553997,,9,,,,,
round_pairing,Round 8,12,52,835,tw90485112,,15,tw83905127,,15,,,,,
round_pairing,Round 8,12,280,836,tw90553997,,9,tw90337288,,9,,,,,
round_pairing,Round 8,12,186,838,tw90564971,,12,tw79802506,,12,,,,,
round_pairing,Round 8,12,90,843,tw90996252,,15,tw32240000,,15,,,,,
round_pairing,Round 8,12,129,844,tw91555335,,12,tw61583819,,12,,,,,
round_pairing,Round 8,12,148,845,tw91594481,,12,tw72699030,,12,,,,,
round_pairing,Round 8,12,212,846,tw91627311,,12,tw15435377,,12,,,,,
round_pairing,Round 8,12,64,847,tw91823318,,15,tw17203659,,15,,,,,
round_pairing,Round 8,12,146,850,tw92224806,,12,tw82878504,,12,,,,,
round_pairing,Round 8,12,38,852,tw92466220,,15,tw72333956,,15,,,,,
round_pairing,Round 8,12,222,854,tw92680673,,9,tw74641243,,9,,,,,
round_pairing,Round 8,12,332,855,tw92814087,,6,tw81250238,,6,,,,,
round_pairing,Round 8,12,260,857,tw92986536,,9,tw65158876,,9,,,,,
round_pairing,Round 8,12,49,858,tw93020902,,15,tw71550438,,15,,,,,
round_pairing,Round 8,12,282,859,tw93021016,,9,tw79411276,,9,,,,,
round_pairing,Round 8,12,263,860,tw93054506,,9,tw82001299,,9,,,,,
round_pairing,Round 8,12,26,861,tw93076075,,18,tw13624938,,18,,,,,
round_pairing,Round 8,12,258,862,tw93405316,,9,tw46795660,,9,,,,,
round_pairing,Round 8,12,101,863,tw93433450,,15,tw37453841,,15,,,,,
round_pairing,Round 8,12,309,864,tw93529525,,6,tw39192538,,6,,,,,
round_pairing,Round 8,12,161,865,tw93754264,,12,tw42938387,,12,,,,,
round_pairing,Round 8,12,314,866,tw93786012,,6,tw30976792,,6,,,,,
round_pairing,Round 8,12,253,867,tw93786634,,9,tw77637602,,9,,,,,
round_pairing,Round 8,12,59,868,tw93858918,,15,tw62958507,,15,,,,,
round_pairing,Round 8,12,275,871,tw93999361,,9,tw00531440,,9,,,,,
round_pairing,Round 8,12,328,872,tw94142249,,6,tw66961355,,6,,,,,
round_pairing,Round 8,12,45,874,tw94173678,,15,tw88506619,,15,,,,,
round_pairing,Round 8,12,177,876,tw94518932,,12,tw60440420,,12,,,,,
round_pairing,Round 8,12,78,879,tw95198982,,15,tw13229345,,15,,,,,
round_pairing,Round 8,12,175,880,tw95261451,,12,tw04119157,,12,,,,,
round_pairing,Round 8,12,327,881,tw95401245,,6,tw99968646,,6,,,,,
round_pairing,Round 8,12,340,882,tw95547681,,3,tw28988843,,3,,,,,
round_pairing,Round 8,12,208,883,tw95566595,,12,tw97703685,,12,,,,,
round_pairing,Round 8,12,185,885,tw95656910,,12,tw18458528,,12,,,,,
round_pairing,Round 8,12,302,888,tw95818310,,6,tw66907796,,6,,,,,
round_pairing,Round 8,12,159,889,tw95954871,,12,tw59548820,,12,,,,,
round_pairing,Round 8,12,342,890,tw96093664,,3,tw08740331,,3,,,,,
round_pairing,Round 8,12,180,894,tw96648029,,12,tw47478004,,12,,,,,
round_pairing,Round 8,12,273,895,tw96887599,,9,tw31949622,,9,,,,,
round_pairing,Round 8,12,170,896,tw96947201,,12,tw27758570,,12,,,,,
round_pairing,Round 8,12,224,897,tw97135519,,9,tw24845900,,9,,,,,
round_pairing,Round 8,12,40,898,tw97138451,,15,tw48715949,,15,,,,,
round_pairing,Round 8,12,14,899,tw97165922,,18,tw07020662,,18,,,,,
round_pairing,Round 8,12,246,901,tw97370246,,9,tw51149657,,9,,,,,
round_pairing,Round 8,12,234,903,tw97546030,,9,tw00162182,,9,,,,,
round_pairing,Round 8,13,92,904,tw97567728,,15,tw46002856,,15,,,,,
round_pairing,Round 8,13,235,905,tw97666473,,9,tw88178510,,9,,,,,
round_pairing,Round 8,13,208,906,tw97703685,,12,tw95566595,,12,,,,,
round_pairing,Round 8,13,323,907,tw97807535,,6,tw34396906,,6,,,,,
round_pairing,Round 8,13,19,908,tw97885633,,18,tw99386256,,18,,,,,
round_pairing,Round 8,13,223,910,tw97995384,,9,tw83606083,,9,,,,,
round_pairing,Round 8,13,39,911,tw98129328,,15,tw04797990,,15,,,,,
round_pairing,Round 8,13,284,912,tw98211582,,9,tw64845965,,9,,,,,
round_pairing,Round 8,13,252,914,tw98649601,,9,tw25201840,,9,,,,,
round_pairing,Round 8,13,67,916,tw98985840,,15,tw35707148,,15,,,,,
round_pairing,Round 8,13,11,920,tw99140905,,18,tw73358187,,18,,,,,
round_pairing,Round 8,13,194,921,tw99241716,,12,tw60511158,,12,,,,,
round_pairing,Round 8,13,182,923,tw99346363,,12,tw70903147,,12,,,,,
round_pairing,Round 8,13,329,924,tw99373374,,6,tw46945068,,6,,,,,
round_pairing,Round 8,13,19,925,tw99386256,,18,tw97885633,,18,,,,,
round_pairing,Round 8,13,229,927,tw99714386,,9,tw33544977,,9,,,,,
round_pairing,Round 8,13,213,930,tw99888650,,12,tw47341841,,12,,,,,
round_pairing,Round 8,13,3,931,tw99926791,,21,tw39894258,,21,,,,,
round_pairing,Round 8,13,15,932,tw99958274,,18,tw52663760,,18,,,,,
round_pairing,Round 8,13,327,933,tw99968646,,6,tw95401245,,6,,,,,
round_pairing,Round 8,13,85,1024,tw74033297,,15,tw60920600,,15,,,,,
round_pairing,Round 8,13,269,1044,tw79621968,,9,tw60567990,,9,,,,,
round_pairing,Round 8,13,199,1107,tw42204590,,12,tw84828731,,12,,,,,
round_pairing,Round 8,13,344,1114,tw34649223,,0,,,,,,,,
round_pairing,Round 8,13,75,1122,tw47117803,,15,tw26020639,,15,,,,,
round_pairing,Round 8,13,10,1136,tw67036456,,18,tw77206748,,18,,,,,
round_pairing,Round 8,13,185,1150,tw18458528,,12,tw95656910,,12,,,,,
round_pairing,Round 8,13,173,1164,tw86324740,,12,tw49388371,,12,,,,,
round_pairing,Round 8,13,321,1194,tw77975837,,6,tw72318939,,6,,,,,
round_pairing,Round 8,13,320,1199,tw17401165,,6,tw39697449,,6,,,,,
round_pairing,Round 8,13,202,1200,tw64567116,,12,tw08814300,,12,,,,,
round_pairing,Round 8,13,115,1223,tw61227623,,12,tw56468849,,12,,,,,
round_pairing,Round 8,13,232,1243,tw39114696,,9,tw41523616,,9,,,,,
round_pairing,Round 8,13,295,1255,tw87844149,,9,tw50702110,,9,,,,,
round_pairing,Round 8,13,281,1274,tw36167036,,9,tw50239297,,9,,,,,
round_pairing,Round 8,13,250,1278,tw21654272,,9,tw13224458,,9,,,,,
round_pairing,Round 8,13,288,1291,tw24694611,,9,tw37823321,,9,,,,,
round_pairing,Round 8,13,198,1303,tw48526697,,12,tw82566333,,12,,,,,
round_pairing,Round 8,13,111,1310,tw52595130,,12,tw73975912,,12,,,,,
round_pairing,Round 8,13,118,1330,tw93829445,,12,tw25634182,,12,,,,,
round_pairing,Round 8,13,24,1336,tw58776465,,18,tw49159270,,18,,,,,
round_pairing,Round 8,13,222,1338,tw74641243,,9,tw92680673,,9,,,,,
round_pairing,Round 8,13,267,1387,tw70891974,,9,tw13312253,,9,,,,,
round_pairing,Round 8,13,218,1433,tw77798178,,9,tw52951111,,9,,,,,
round_pairing,Round 8,13,55,1444,tw17356132,,15,tw27395288,,15,,,,,
round_pairing,Round 8,13,18,1445,tw67295326,,18,tw39492637,,18,,,,,
round_pairing,Round 8,13,155,1450,tw40188987,,12,tw74568091,,12,,,,,
round_pairing,Round 8,13,337,1456,tw84048586,,3,tw63898784,,3,,,,,
round_pairing,Round 8,13,170,1458,tw27758570,,12,tw96947201,,12,,,,,
round_pairing,Round 8,13,179,1459,tw12331692,,12,tw81599190,,12,,,,,
round_pairing,Round 8,14,262,1476,tw92969664,,9,tw19377792,,9,,,,,
round_pairing,Round 8,14,224,1495,tw24845900,,9,tw97135519,,9,,,,,
round_pairing,Round 8,14,96,1505,tw26175828,,15,tw29518941,,15,,,,,
round_pairing,Round 8,14,186,1522,tw79802506,,12,tw90564971,,12,,,,,
round_pairing,Round 8,14,218,1533,tw52951111,,9,tw77798178,,9,,,,,
round_pairing,Round 8,14,17,1556,tw63334587,,18,tw04061481,,18,,,,,
round_pairing,Round 8,14,87,1583,tw69848864,,15,tw46646319,,15,,,,,
round_pairing,Round 8,14,84,1584,tw24261609,,15,tw72887037,,15,,,,,
round_pairing,Round 8,14,65,1611,tw93660736,,15,tw82981600,,15,,,,,
round_pairing,Round 8,14,253,1617,tw77637602,,9,tw93786634,,9,,,,,
round_pairing,Round 8,14,3,1625,tw39894258,,21,tw99926791,,21,,,,,
round_pairing,Round 8,14,120,1663,tw70378594,,12,tw81562455,,12,,,,,
round_pairing,Round 8,14,70,1683,tw13487252,,15,tw12035691,,15,,,,,
round_pairing,Round 8,14,206,1689,tw39185310,,12,tw67940713,,12,,,,,
round_pairing,Round 8,14,336,1726,tw59649267,,3,tw07182365,,3,,,,,
round_pairing,Round 8,14,201,1736,tw37173355,,12,tw05914722,,12,,,,,
round_pairing,Round 8,14,169,1738,tw22480109,,12,tw18638755,,12,,,,,
round_pairing,Round 8,14,180,1745,tw47478004,,12,tw96648029,,12,,,,,
round_pairing,Round 8,14,29,1761,tw71861265,,18,tw42246097,,18,,,,,
round_pairing,Round 8,14,191,1772,tw32869182,,12,tw68135684,,12,,,,,
round_pairing,Round 8,14,94,1793,tw26089798,,15,tw07314439,,15,,,,,
round_pairing,Round 8,14,8,1795,tw85026999,,18,tw54739989,,18,,,,,
round_pairing,Round 8,14,100,1803,tw88521370,,15,tw13298067,,15,,,,,
round_pairing,Round 8,14,237,1805,tw68790007,,9,tw53446977,,9,,,,,
round_pairing,Round 8,14,204,1831,tw95521825,,12,tw32893143,,12,,,,,
round_pairing,Round 8,14,125,1852,tw84991038,,12,tw06554451,,12,,,,,
round_pairing,Round 8,14,130,1859,tw76039193,,12,tw61533794,,12,,,,,
round_pairing,Round 8,14,283,1886,tw86831721,,9,tw62529006,,9,,,,,
round_pairing,Round 8,14,94,1899,tw07314439,,15,tw26089798,,15,,,,,
round_pairing,Round 8,14,254,1922,tw98480968,,9,tw73911906,,9,,,,,
round_pairing,Round 8,14,42,1958,tw36712780,,15,tw58781969,,15,,,,,
round_pairing,Round 8,14,283,1981,tw62529006,,9,tw86831721,,9,,,,,
round_pairing,Round 8,14,226,1987,tw85516442,,9,tw52704576,,9,,,,,
round_pairing,Round 8,14,190,1988,tw53974581,,12,tw25488947,,12,,,,,
round_pairing,Round 8,14,187,1998,tw73831583,,12,tw68851170,,12,,,,,
round_pairing,Round 8,14,58,2000,tw52974697,,15,tw35839691,,15,,,,,
round_pairing,Round 8,14,97,2199,tw50841430,,15,tw28510545,,15,,,,,
round_pairing,Round 9,1,293,1,tw00026251,,9,tw13120137,,9,,,,,
round_pairing,Round 9,1,298,3,tw00114747,,6,tw95401245,,6,,,,,
round_pairing,Round 9,1,194,4,tw00162182,,12,tw95521825,,12,,,,,
round_pairing,Round 9,1,172,7,tw00531440,,12,tw52595130,,12,,,,,
round_pairing,Round 9,1,202,8,tw00572856,,12,tw13454619,,12,,,,,
round_pairing,Round 9,1,145,10,tw00787146,,15,tw43007249,,15,,,,,
round_pairing,Round 9,1,130,11,tw00831574,,15,tw29821490,,15,,,,,
round_pairing,Round 9,1,299,12,tw00918141,,6,tw69925275,,6,,,,,
round_pairing,Round 9,1,164,13,tw00968448,,12,tw47077924,,12,,,,,
round_pairing,Round 9,1,68,15,tw01014532,,15,tw27419844,,15,,,,,
round_pairing,Round 9,1,186,17,tw01150243,,12,tw27758570,,12,,,,,
round_pairing,Round 9,1,70,18,tw01478107,,15,tw67199394,,15,,,,,
round_pairing,Round 9,1,47,21,tw02105248,,18,tw88521370,,18,,,,,
round_pairing,Round 9,1,34,22,tw02172047,,18,tw97138451,,18,,,,,
round_pairing,Round 9,1,239,23,tw02211815,,12,tw13462937,,12,,,,,
round_pairing,Round 9,1,269,24,tw02559687,,9,tw94142249,,9,,,,,
round_pairing,Round 9,1,119,26,tw02826499,,15,tw63343435,,15,,,,,
round_pairing,Round 9,1,170,27,tw02856732,,12,tw84828731,,12,,,,,
round_pairing,Round 9,1,110,30,tw03094722,,15,tw48715949,,15,,,,,
round_pairing,Round 9,1,166,32,tw03193944,,12,tw60440420,,12,,,,,
round_pairing,Round 9,1,249,36,tw03472100,,9,tw72630270,,9,,,,,
round_pairing,Round 9,1,52,42,tw04061481,,18,tw27568465,,18,,,,,
round_pairing,Round 9,1,228,44,tw04119157,,12,tw70891974,,12,,,,,
round_pairing,Round 9,1,48,45,tw04156058,,18,tw42619935,,18,,,,,
round_pairing,Round 9,1,212,46,tw04255506,,12,tw40123518,,12,,,,,
round_pairing,Round 9,1,261,47,tw04457744,,9,tw92680673,,9,,,,,
round_pairing,Round 9,1,122,49,tw04552155,,15,tw91823318,,15,,,,,
round_pairing,Round 9,1,61,51,tw04713199,,18,tw24261609,,18,,,,,
round_pairing,Round 9,1,101,52,tw04797990,,15,tw74196817,,15,,,,,
round_pairing,Round 9,1,125,53,tw04959593,,15,tw62020476,,15,,,,,
round_pairing,Round 9,1,242,55,tw05182930,,12,tw75352342,,12,,,,,
round_pairing,Round 9,1,53,57,tw05207217,,18,tw14788730,,18,,,,,
round_pairing,Round 9,1,256,58,tw05246772,,9,tw41429367,,9,,,,,
round_pairing,Round 9,1,97,59,tw05270520,,15,tw42527004,,15,,,,,
round_pairing,Round 9,1,190,60,tw05399034,,12,tw70903147,,12,,,,,
round_pairing,Round 9,1,174,62,tw05914722,,12,tw77877383,,12,,,,,
round_pairing,Round 9,1,165,64,tw06072288,,12,tw96887599,,12,,,,,
round_pairing,Round 9,1,296,65,tw06147611,,6,tw66816512,,6,,,,,
round_pairing,Round 9,1,81,66,tw06225308,,15,tw96947201,,15,,,,,
round_pairing,Round 9,1,85,67,tw06393443,,15,tw76132946,,15,,,,,
round_pairing,Round 9,1,225,68,tw06441088,,12,tw56550093,,12,,,,,
round_pairing,Round 9,1,82,71,tw06996284,,15,tw13298067,,15,,,,,
round_pairing,Round 9,1,50,72,tw07020662,,18,tw53723254,,18,,,,,
round_pairing,Round 9,1,153,75,tw07410887,,15,tw93829445,,15,,,,,
round_pairing,Round 9,1,139,76,tw07460167,,15,tw66520026,,15,,,,,
round_pairing,Round 9,1,236,77,tw07615948,,12,tw95954871,,12,,,,,
round_pairing,Round 9,1,178,78,tw07927124,,12,tw44475314,,12,,,,,
round_pairing,Round 9,1,315,81,tw08740331,,3,tw33820039,,3,,,,,
round_pairing,Round 9,1,107,86,tw09225948,,15,tw58817602,,15,,,,,
round_pairing,Round 9,1,259,87,tw09239240,,9,tw50795757,,9,,,,,
round_pairing,Round 9,2,16,89,tw09468385,,21,tw10410998,,21,,,,,
round_pairing,Round 9,2,184,90,tw09480115,,12,tw52493073,,12,,,,,
round_pairing,Round 9,2,4,93,tw09574160,,21,tw43380150,,21,,,,,
round_pairing,Round 9,2,263,94,tw09704151,,9,tw51149657,,9,,,,,
round_pairing,Round 9,2,20,97,tw09964738,,18,tw88506619,,18,,,,,
round_pairing,Round 9,2,262,98,tw10304280,,9,tw25188472,,9,,,,,
round_pairing,Round 9,2,16,99,tw10410998,,21,tw09468385,,21,,,,,
round_pairing,Round 9,2,114,100,tw10467123,,15,tw48793078,,15,,,,,
round_pairing,Round 9,2,287,102,tw11015212,,9,tw40682117,,9,,,,,
round_pairing,Round 9,2,22,104,tw11292760,,18,tw77699656,,18,,,,,
round_pairing,Round 9,2,294,105,tw11498239,,9,tw17453360,,9,,,,,
round_pairing,Round 9,2,105,106,tw11499785,,15,tw68954029,,15,,,,,
round_pairing,Round 9,2,231,107,tw11570874,,12,tw96648029,,12,,,,,
round_pairing,Round 9,2,271,108,tw11612248,,9,tw35995465,,9,,,,,
round_pairing,Round 9,2,154,109,tw11642031,,15,tw76925363,,15,,,,,
round_pairing,Round 9,2,128,110,tw11739209,,15,tw22611326,,15,,,,,
round_pairing,Round 9,2,23,111,tw12035691,,18,tw75091640,,18,,,,,
round_pairing,Round 9,2,18,114,tw12363623,,18,tw87713934,,18,,,,,
round_pairing,Round 9,2,227,115,tw12573104,,12,tw76059026,,12,,,,,
round_pairing,Round 9,2,21,116,tw12769027,,18,tw39492637,,18,,,,,
round_pairing,Round 9,2,191,118,tw13090534,,12,tw80267696,,12,,,,,
round_pairing,Round 9,2,293,119,tw13120137,,9,tw00026251,,9,,,,,
round_pairing,Round 9,2,59,122,tw13229345,,18,tw99140905,,18,,,,,
round_pairing,Round 9,2,82,123,tw13298067,,15,tw06996284,,15,,,,,
round_pairing,Round 9,2,274,124,tw13312253,,9,tw40135779,,9,,,,,
round_pairing,Round 9,2,208,125,tw13434296,,12,tw91627311,,12,,,,,
round_pairing,Round 9,2,202,126,tw13454619,,12,tw00572856,,12,,,,,
round_pairing,Round 9,2,239,127,tw13462937,,12,tw02211815,,12,,,,,
round_pairing,Round 9,2,141,128,tw13569448,,15,tw27395288,,15,,,,,
round_pairing,Round 9,2,6,129,tw13624938,,21,tw42246097,,21,,,,,
round_pairing,Round 9,2,41,130,tw13638158,,18,tw26953449,,18,,,,,
round_pairing,Round 9,2,177,131,tw13779097,,12,tw86700066,,12,,,,,
round_pairing,Round 9,2,113,133,tw13830995,,15,tw61895092,,15,,,,,
round_pairing,Round 9,2,142,136,tw14152067,,15,tw58028303,,15,,,,,
round_pairing,Round 9,2,196,138,tw14489518,,12,tw44233591,,12,,,,,
round_pairing,Round 9,2,158,141,tw14710630,,12,tw15173588,,12,,,,,
round_pairing,Round 9,2,53,142,tw14788730,,18,tw05207217,,18,,,,,
round_pairing,Round 9,2,10,145,tw15026318,,21,tw73358187,,21,,,,,
round_pairing,Round 9,2,158,147,tw15173588,,12,tw14710630,,12,,,,,
round_pairing,Round 9,2,214,148,tw15392207,,12,tw49877892,,12,,,,,
round_pairing,Round 9,2,102,149,tw15435377,,15,tw79802506,,15,,,,,
round_pairing,Round 9,2,90,150,tw15475553,,15,tw72699030,,15,,,,,
round_pairing,Round 9,2,91,151,tw15533641,,15,tw42309306,,15,,,,,
round_pairing,Round 9,2,7,155,tw16132632,,21,tw99386256,,21,,,,,
round_pairing,Round 9,2,88,156,tw16152234,,15,tw73106123,,15,,,,,
round_pairing,Round 9,2,33,160,tw16621728,,18,tw38086655,,18,,,,,
round_pairing,Round 9,2,147,161,tw16728082,,15,tw93858918,,15,,,,,
round_pairing,Round 9,2,37,163,tw16965198,,18,tw51489284,,18,,,,,
round_pairing,Round 9,2,93,164,tw17003070,,15,tw82878504,,15,,,,,
round_pairing,Round 9,2,56,167,tw17203659,,18,tw79270381,,18,,,,,
round_pairing,Round 9,3,294,169,tw17453360,,9,tw11498239,,9,,,,,
round_pairing,Round 9,3,300,171,tw17543456,,6,tw72318939,,6,,,,,
round_pairing,Round 9,3,187,173,tw17748447,,12,tw41238636,,12,,,,,
round_pairing,Round 9,3,276,175,tw18243923,,9,tw27943796,,9,,,,,
round_pairing,Round 9,3,152,176,tw18276049,,15,tw73917548,,15,,,,,
round_pairing,Round 9,3,58,177,tw18412271,,18,tw79434198,,18,,,,,
round_pairing,Round 9,3,111,180,tw18638755,,15,tw75551324,,15,,,,,
round_pairing,Round 9,3,45,181,tw18641143,,18,tw60920600,,18,,,,,
round_pairing,Round 9,3,112,182,tw18676231,,15,tw56240698,,15,,,,,
round_pairing,Round 9,3,282,184,tw18850000,,9,tw77975837,,9,,,,,
round_pairing,Round 9,3,12,185,tw18906406,,21,tw63334587,,21,,,,,
round_pairing,Round 9,3,279,188,tw19377792,,9,tw55359182,,9,,,,,
round_pairing,Round 9,3,226,189,tw19393681,,12,tw45458321,,12,,,,,
round_pairing,Round 9,3,135,195,tw20707479,,15,tw72313605,,15,,,,,
round_pairing,Round 9,3,106,197,tw20835300,,15,tw84991038,,15,,,,,
round_pairing,Round 9,3,26,200,tw21820105,,18,tw44468313,,18,,,,,
round_pairing,Round 9,3,316,203,tw22183935,,3,tw34649223,,3,,,,,
round_pairing,Round 9,3,103,205,tw22261784,,15,tw69602779,,15,,,,,
round_pairing,Round 9,3,286,206,tw22301558,,9,tw68790007,,9,,,,,
round_pairing,Round 9,3,128,208,tw22611326,,15,tw11739209,,15,,,,,
round_pairing,Round 9,3,151,209,tw22699669,,15,tw80392170,,15,,,,,
round_pairing,Round 9,3,188,210,tw22807189,,12,tw61583819,,12,,,,,
round_pairing,Round 9,3,195,211,tw22969264,,12,tw63031373,,12,,,,,
round_pairing,Round 9,3,268,212,tw22979539,,9,tw50702110,,9,,,,,
round_pairing,Round 9,3,302,213,tw23209128,,6,tw57767899,,6,,,,,
round_pairing,Round 9,3,160,215,tw23249034,,12,tw23712439,,12,,,,,
round_pairing,Round 9,3,160,218,tw23712439,,12,tw23249034,,12,,,,,
round_pairing,Round 9,3,301,221,tw24144676,,6,tw46643692,,6,,,,,
round_pairing,Round 9,3,251,223,tw24266071,,9,tw73911906,,9,,,,,
round_pairing,Round 9,3,181,226,tw24459657,,12,tw98480968,,12,,,,,
round_pairing,Round 9,3,77,227,tw24570904,,15,tw72829984,,15,,,,,
round_pairing,Round 9,3,198,228,tw24708906,,12,tw87844149,,12,,,,,
round_pairing,Round 9,3,210,229,tw24742864,,12,tw72148746,,12,,,,,
round_pairing,Round 9,3,78,231,tw24928885,,15,tw32893143,,15,,,,,
round_pairing,Round 9,3,32,232,tw25000553,,18,tw71861265,,18,,,,,
round_pairing,Round 9,3,262,234,tw25188472,,9,tw10304280,,9,,,,,
round_pairing,Round 9,3,260,236,tw25336636,,9,tw99968646,,9,,,,,
round_pairing,Round 9,3,199,238,tw25488947,,12,tw63395911,,12,,,,,
round_pairing,Round 9,3,281,240,tw25571112,,9,tw45324854,,9,,,,,
round_pairing,Round 9,3,219,241,tw25634182,,12,tw87015354,,12,,,,,
round_pairing,Round 9,3,87,244,tw26020639,,15,tw67604361,,15,,,,,
round_pairing,Round 9,3,238,246,tw26528058,,12,tw81562455,,12,,,,,
round_pairing,Round 9,3,83,248,tw26670105,,15,tw33811608,,15,,,,,
round_pairing,Round 9,3,41,250,tw26953449,,18,tw13638158,,18,,,,,
round_pairing,Round 9,3,84,252,tw27308734,,15,tw44821842,,15,,,,,
round_pairing,Round 9,3,1,253,tw27347873,,24,tw39894258,,24,,,,,
round_pairing,Round 9,3,141,254,tw27395288,,15,tw13569448,,15,,,,,
round_pairing,Round 9,3,68,255,tw27419844,,15,tw01014532,,15,,,,,
round_pairing,Round 9,3,247,256,tw27495272,,9,tw32214798,,9,,,,,
round_pairing,Round 9,3,52,257,tw27568465,,18,tw04061481,,18,,,,,
round_pairing,Round 9,4,24,260,tw27736985,,18,tw54739989,,18,,,,,
round_pairing,Round 9,4,104,262,tw27817384,,15,tw91555335,,15,,,,,
round_pairing,Round 9,4,276,263,tw27943796,,9,tw18243923,,9,,,,,
round_pairing,Round 9,4,3,266,tw28179733,,21,tw31422118,,21,,,,,
round_pairing,Round 9,4,253,268,tw28285341,,9,tw76529055,,9,,,,,
round_pairing,Round 9,4,304,269,tw28495767,,6,tw62459529,,6,,,,,
round_pairing,Round 9,4,36,270,tw28510545,,18,tw69848864,,18,,,,,
round_pairing,Round 9,4,295,271,tw28672728,,6,tw79992941,,9,,,,,
round_pairing,Round 9,4,155,273,tw28750216,,15,tw29404493,,15,,,,,
round_pairing,Round 9,4,314,274,tw28988843,,3,tw35360901,,3,,,,,
round_pairing,Round 9,4,67,275,tw29121960,,15,tw50858481,,18,,,,,
round_pairing,Round 9,4,92,276,tw29372557,,15,tw47478004,,15,,,,,
round_pairing,Round 9,4,155,278,tw29404493,,15,tw28750216,,15,,,,,
round_pairing,Round 9,4,42,279,tw29518941,,18,tw62525194,,18,,,,,
round_pairing,Round 9,4,76,280,tw29536370,,15,tw97703685,,15,,,,,
round_pairing,Round 9,4,182,281,tw29731640,,12,tw32869182,,12,,,,,
round_pairing,Round 9,4,130,282,tw29821490,,15,tw00831574,,15,,,,,
round_pairing,Round 9,4,100,283,tw30236831,,15,tw86324740,,15,,,,,
round_pairing,Round 9,4,51,285,tw30419396,,18,tw93076075,,18,,,,,
round_pairing,Round 9,4,5,287,tw30898169,,21,tw67295326,,21,,,,,
round_pairing,Round 9,4,313,289,tw30976792,,6,tw63898784,,3,,,,,
round_pairing,Round 9,4,74,291,tw31279242,,15,tw82566333,,15,,,,,
round_pairing,Round 9,4,3,292,tw31422118,,21,tw28179733,,21,,,,,
round_pairing,Round 9,4,171,294,tw31941216,,12,tw74641243,,12,,,,,
round_pairing,Round 9,4,266,295,tw31949622,,9,tw93999361,,9,,,,,
round_pairing,Round 9,4,30,296,tw32141014,,18,tw77206748,,18,,,,,
round_pairing,Round 9,4,247,298,tw32214798,,9,tw27495272,,9,,,,,
round_pairing,Round 9,4,39,299,tw32240000,,18,tw97567728,,18,,,,,
round_pairing,Round 9,4,73,301,tw32647589,,15,tw95656910,,15,,,,,
round_pairing,Round 9,4,40,302,tw32722359,,18,tw35693064,,18,,,,,
round_pairing,Round 9,4,78,303,tw32893143,,15,tw24928885,,15,,,,,
round_pairing,Round 9,4,140,304,tw32907703,,15,tw53806573,,15,,,,,
round_pairing,Round 9,4,62,308,tw33005835,,18,tw17356132,,18,,,,,
round_pairing,Round 9,4,183,309,tw33097520,,12,tw48962901,,12,,,,,
round_pairing,Round 9,4,179,310,tw33274690,,12,tw85067465,,12,,,,,
round_pairing,Round 9,4,267,311,tw33544977,,9,tw36138720,,9,,,,,
round_pairing,Round 9,4,2,312,tw33742727,,21,tw89609352,,24,,,,,
round_pairing,Round 9,4,83,314,tw33811608,,15,tw26670105,,15,,,,,
round_pairing,Round 9,4,315,315,tw33820039,,3,tw08740331,,3,,,,,
round_pairing,Round 9,4,306,316,tw33852575,,6,tw39697449,,6,,,,,
round_pairing,Round 9,4,289,320,tw34396906,,9,tw83606083,,9,,,,,
round_pairing,Round 9,4,64,322,tw34953027,,18,tw62958507,,18,,,,,
round_pairing,Round 9,4,265,323,tw35187586,,9,tw48890271,,9,,,,,
round_pairing,Round 9,4,218,324,tw35246471,,12,tw40786209,,12,,,,,
round_pairing,Round 9,4,314,325,tw35360901,,3,tw28988843,,3,,,,,
round_pairing,Round 9,4,292,326,tw35416653,,9,tw36810632,,9,,,,,
round_pairing,Round 9,4,317,327,tw35684617,,0,,,,,,,,
round_pairing,Round 9,4,40,328,tw35693064,,18,tw32722359,,18,,,,,
round_pairing,Round 9,4,124,329,tw35707148,,15,tw95261451,,15,,,,,
round_pairing,Round 9,4,189,330,tw35735135,,12,tw60567990,,12,,,,,
round_pairing,Round 9,5,116,331,tw35839691,,15,tw99346363,,15,,,,,
round_pairing,Round 9,5,271,332,tw35995465,,9,tw11612248,,9,,,,,
round_pairing,Round 9,5,267,334,tw36138720,,9,tw33544977,,9,,,,,
round_pairing,Round 9,5,65,336,tw36747145,,18,tw72464013,,18,,,,,
round_pairing,Round 9,5,66,337,tw36759052,,18,tw65235703,,18,,,,,
round_pairing,Round 9,5,29,338,tw36782228,,18,tw43633449,,18,,,,,
round_pairing,Round 9,5,292,339,tw36810632,,9,tw35416653,,9,,,,,
round_pairing,Round 9,5,150,342,tw37453841,,15,tw49045992,,15,,,,,
round_pairing,Round 9,5,272,343,tw37823321,,9,tw64845965,,9,,,,,
round_pairing,Round 9,5,33,349,tw38086655,,18,tw16621728,,18,,,,,
round_pairing,Round 9,5,115,351,tw38236579,,15,tw44874553,,15,,,,,
round_pairing,Round 9,5,311,356,tw39192538,,6,tw96093664,,6,,,,,
round_pairing,Round 9,5,241,357,tw39290085,,12,tw41073870,,12,,,,,
round_pairing,Round 9,5,21,358,tw39492637,,18,tw12769027,,18,,,,,
round_pairing,Round 9,5,306,359,tw39697449,,6,tw33852575,,6,,,,,
round_pairing,Round 9,5,244,360,tw39941788,,9,tw41398048,,12,,,,,
round_pairing,Round 9,5,212,361,tw40123518,,12,tw04255506,,12,,,,,
round_pairing,Round 9,5,274,362,tw40135779,,9,tw13312253,,9,,,,,
round_pairing,Round 9,5,310,364,tw40377456,,6,tw99373374,,6,,,,,
round_pairing,Round 9,5,63,366,tw40555668,,18,tw58776465,,18,,,,,
round_pairing,Round 9,5,287,367,tw40682117,,9,tw11015212,,9,,,,,
round_pairing,Round 9,5,207,368,tw40696414,,12,tw53782031,,12,,,,,
round_pairing,Round 9,5,218,370,tw40786209,,12,tw35246471,,12,,,,,
round_pairing,Round 9,5,241,372,tw41073870,,12,tw39290085,,12,,,,,
round_pairing,Round 9,5,38,373,tw41104694,,18,tw69663505,,18,,,,,
round_pairing,Round 9,5,187,374,tw41238636,,12,tw17748447,,12,,,,,
round_pairing,Round 9,5,55,376,tw41286139,,18,tw78539182,,18,,,,,
round_pairing,Round 9,5,244,377,tw41398048,,12,tw39941788,,9,,,,,
round_pairing,Round 9,5,256,378,tw41429367,,9,tw05246772,,9,,,,,
round_pairing,Round 9,5,234,380,tw41523616,,12,tw73831583,,12,,,,,
round_pairing,Round 9,5,19,381,tw41609662,,18,tw68165427,,18,,,,,
round_pairing,Round 9,5,146,382,tw41670381,,15,tw81599190,,15,,,,,
round_pairing,Round 9,5,57,384,tw41805810,,18,tw98985840,,18,,,,,
round_pairing,Round 9,5,277,386,tw42186430,,9,tw49327411,,9,,,,,
round_pairing,Round 9,5,6,387,tw42246097,,21,tw13624938,,21,,,,,
round_pairing,Round 9,5,91,388,tw42309306,,15,tw15533641,,15,,,,,
round_pairing,Round 9,5,120,389,tw42455002,,15,tw62599498,,15,,,,,
round_pairing,Round 9,5,97,391,tw42527004,,15,tw05270520,,15,,,,,
round_pairing,Round 9,5,86,392,tw42563834,,15,tw44380087,,15,,,,,
round_pairing,Round 9,5,48,393,tw42619935,,18,tw04156058,,18,,,,,
round_pairing,Round 9,5,275,394,tw42723639,,9,tw95818310,,9,,,,,
round_pairing,Round 9,5,201,396,tw42938387,,12,tw91594481,,12,,,,,
round_pairing,Round 9,5,94,397,tw42979297,,15,tw46798799,,15,,,,,
round_pairing,Round 9,5,145,398,tw43007249,,15,tw00787146,,15,,,,,
round_pairing,Round 9,5,25,399,tw43268758,,18,tw67716132,,18,,,,,
round_pairing,Round 9,5,175,401,tw43331901,,12,tw90018469,,12,,,,,
round_pairing,Round 9,5,4,402,tw43380150,,21,tw09574160,,21,,,,,
round_pairing,Round 9,5,44,404,tw43492313,,18,tw76309421,,18,,,,,
round_pairing,Round 9,5,29,405,tw43633449,,18,tw36782228,,18,,,,,
round_pairing,Round 9,5,280,408,tw44047226,,9,tw77637602,,9,,,,,
round_pairing,Round 9,6,216,412,tw44206611,,12,tw21654272,,12,,,,,
round_pairing,Round 9,6,203,413,tw44207012,,12,tw69995586,,12,,,,,
round_pairing,Round 9,6,196,414,tw44233591,,12,tw14489518,,12,,,,,
round_pairing,Round 9,6,233,416,tw44344603,,12,tw65158876,,12,,,,,
round_pairing,Round 9,6,86,417,tw44380087,,15,tw42563834,,15,,,,,
round_pairing,Round 9,6,26,418,tw44468313,,18,tw21820105,,18,,,,,
round_pairing,Round 9,6,178,419,tw44475314,,12,tw07927124,,12,,,,,
round_pairing,Round 9,6,159,420,tw44649735,,12,tw82556653,,12,,,,,
round_pairing,Round 9,6,84,421,tw44821842,,15,tw27308734,,15,,,,,
round_pairing,Round 9,6,115,423,tw44874553,,15,tw38236579,,15,,,,,
round_pairing,Round 9,6,221,424,tw45178021,,12,tw88706430,,12,,,,,
round_pairing,Round 9,6,193,425,tw45233917,,12,tw48357143,,12,,,,,
round_pairing,Round 9,6,281,426,tw45324854,,9,tw25571112,,9,,,,,
round_pairing,Round 9,6,270,427,tw45371614,,9,tw59462193,,9,,,,,
round_pairing,Round 9,6,248,429,tw45404381,,9,tw61792938,,9,,,,,
round_pairing,Round 9,6,226,430,tw45458321,,12,tw19393681,,12,,,,,
round_pairing,Round 9,6,211,432,tw45615575,,12,tw62067344,,12,,,,,
round_pairing,Round 9,6,157,437,tw46002856,,15,tw90996252,,15,,,,,
round_pairing,Round 9,6,285,438,tw46020620,,9,tw48927744,,9,,,,,
round_pairing,Round 9,6,15,439,tw46030050,,21,tw67759215,,21,,,,,
round_pairing,Round 9,6,312,440,tw46321576,,6,tw78077476,,6,,,,,
round_pairing,Round 9,6,290,441,tw46362217,,9,tw52704576,,9,,,,,
round_pairing,Round 9,6,108,443,tw46423373,,15,tw72887037,,15,,,,,
round_pairing,Round 9,6,301,444,tw46643692,,6,tw24144676,,6,,,,,
round_pairing,Round 9,6,118,445,tw46646319,,15,tw89297350,,15,,,,,
round_pairing,Round 9,6,133,448,tw46738666,,15,tw63508480,,15,,,,,
round_pairing,Round 9,6,94,450,tw46798799,,15,tw42979297,,15,,,,,
round_pairing,Round 9,6,284,451,tw46945068,,9,tw74682364,,9,,,,,
round_pairing,Round 9,6,209,452,tw46969620,,12,tw71730704,,12,,,,,
round_pairing,Round 9,6,164,453,tw47077924,,12,tw00968448,,12,,,,,
round_pairing,Round 9,6,230,455,tw47341841,,12,tw79411276,,12,,,,,
round_pairing,Round 9,6,137,456,tw47415187,,15,tw49113528,,15,,,,,
round_pairing,Round 9,6,131,459,tw47904340,,15,tw99241716,,15,,,,,
round_pairing,Round 9,6,95,461,tw48178410,,15,tw39185310,,15,,,,,
round_pairing,Round 9,6,193,463,tw48357143,,12,tw45233917,,12,,,,,
round_pairing,Round 9,6,252,466,tw48555786,,9,tw57615176,,9,,,,,
round_pairing,Round 9,6,278,467,tw48596346,,9,tw67984683,,9,,,,,
round_pairing,Round 9,6,110,469,tw48715949,,15,tw03094722,,15,,,,,
round_pairing,Round 9,6,114,471,tw48793078,,15,tw10467123,,15,,,,,
round_pairing,Round 9,6,307,472,tw48889969,,6,tw64793736,,6,,,,,
round_pairing,Round 9,6,265,473,tw48890271,,9,tw35187586,,9,,,,,
round_pairing,Round 9,6,285,474,tw48927744,,9,tw46020620,,9,,,,,
round_pairing,Round 9,6,183,475,tw48962901,,12,tw33097520,,12,,,,,
round_pairing,Round 9,6,150,476,tw49045992,,15,tw37453841,,15,,,,,
round_pairing,Round 9,6,137,477,tw49113528,,15,tw47415187,,15,,,,,
round_pairing,Round 9,6,8,478,tw49159270,,21,tw50567676,,21,,,,,
round_pairing,Round 9,6,277,479,tw49327411,,9,tw42186430,,9,,,,,
round_pairing,Round 9,6,235,480,tw49388371,,12,tw70897596,,12,,,,,
round_pairing,Round 9,6,205,481,tw49441410,,12,tw67940713,,12,,,,,
round_pairing,Round 9,6,197,483,tw49759795,,12,tw92224806,,12,,,,,
round_pairing,Round 9,7,214,484,tw49877892,,12,tw15392207,,12,,,,,
round_pairing,Round 9,7,213,485,tw50239297,,12,tw69804633,,12,,,,,
round_pairing,Round 9,7,237,487,tw50328610,,12,tw75596823,,12,,,,,
round_pairing,Round 9,7,224,488,tw50414993,,12,tw68046375,,12,,,,,
round_pairing,Round 9,7,8,490,tw50567676,,21,tw49159270,,21,,,,,
round_pairing,Round 9,7,268,491,tw50702110,,9,tw22979539,,9,,,,,
round_pairing,Round 9,7,259,492,tw50795757,,9,tw09239240,,9,,,,,
round_pairing,Round 9,7,250,493,tw50820470,,9,tw71768773,,9,,,,,
round_pairing,Round 9,7,67,495,tw50858481,,18,tw29121960,,15,,,,,
round_pairing,Round 9,7,263,497,tw51149657,,9,tw09704151,,9,,,,,
round_pairing,Round 9,7,37,500,tw51489284,,18,tw16965198,,18,,,,,
round_pairing,Round 9,7,132,502,tw51756189,,15,tw89449964,,15,,,,,
round_pairing,Round 9,7,309,505,tw52149734,,6,tw95547681,,6,,,,,
round_pairing,Round 9,7,184,509,tw52493073,,12,tw09480115,,12,,,,,
round_pairing,Round 9,7,14,511,tw52663760,,21,tw97165922,,21,,,,,
round_pairing,Round 9,7,290,512,tw52704576,,9,tw46362217,,9,,,,,
round_pairing,Round 9,7,168,514,tw52806758,,12,tw93405316,,12,,,,,
round_pairing,Round 9,7,173,516,tw53446977,,12,tw85516442,,12,,,,,
round_pairing,Round 9,7,288,517,tw53540804,,9,tw93786012,,9,,,,,
round_pairing,Round 9,7,50,518,tw53723254,,18,tw07020662,,18,,,,,
round_pairing,Round 9,7,207,519,tw53782031,,12,tw40696414,,12,,,,,
round_pairing,Round 9,7,140,520,tw53806573,,15,tw32907703,,15,,,,,
round_pairing,Round 9,7,24,524,tw54739989,,18,tw27736985,,18,,,,,
round_pairing,Round 9,7,305,526,tw54988993,,6,tw84048586,,6,,,,,
round_pairing,Round 9,7,99,527,tw55000893,,15,tw59548820,,15,,,,,
round_pairing,Round 9,7,185,529,tw55210501,,12,tw61600644,,12,,,,,
round_pairing,Round 9,7,109,530,tw55332465,,15,tw83905127,,15,,,,,
round_pairing,Round 9,7,279,531,tw55359182,,9,tw19377792,,9,,,,,
round_pairing,Round 9,7,75,533,tw55765174,,15,tw72333956,,15,,,,,
round_pairing,Round 9,7,163,534,tw56012620,,12,tw48526697,,12,,,,,
round_pairing,Round 9,7,112,535,tw56240698,,15,tw18676231,,15,,,,,
round_pairing,Round 9,7,9,536,tw56336073,,21,tw78403870,,21,,,,,
round_pairing,Round 9,7,308,537,tw56387935,,6,tw72928053,,6,,,,,
round_pairing,Round 9,7,126,539,tw56468849,,15,tw74033297,,15,,,,,
round_pairing,Round 9,7,225,540,tw56550093,,12,tw06441088,,12,,,,,
round_pairing,Round 9,7,11,542,tw57017359,,21,tw99926791,,21,,,,,
round_pairing,Round 9,7,291,543,tw57062134,,9,tw36167036,,9,,,,,
round_pairing,Round 9,7,229,545,tw57531941,,12,tw58450010,,12,,,,,
round_pairing,Round 9,7,223,546,tw57612114,,12,tw76784634,,12,,,,,
round_pairing,Round 9,7,252,547,tw57615176,,9,tw48555786,,9,,,,,
round_pairing,Round 9,7,302,548,tw57767899,,6,tw23209128,,6,,,,,
round_pairing,Round 9,7,142,549,tw58028303,,15,tw14152067,,15,,,,,
round_pairing,Round 9,7,257,550,tw58188995,,9,tw24845900,,9,,,,,
round_pairing,Round 9,7,229,551,tw58450010,,12,tw57531941,,12,,,,,
round_pairing,Round 9,7,27,555,tw58781969,,18,tw98129328,,18,,,,,
round_pairing,Round 9,7,107,556,tw58817602,,15,tw09225948,,15,,,,,
round_pairing,Round 9,7,270,560,tw59462193,,9,tw45371614,,9,,,,,
round_pairing,Round 9,7,99,562,tw59548820,,15,tw55000893,,15,,,,,
round_pairing,Round 9,7,136,563,tw59616959,,15,tw99888650,,15,,,,,
round_pairing,Round 9,7,243,565,tw59882595,,12,tw61227623,,12,,,,,
round_pairing,Round 9,8,166,569,tw60440420,,12,tw03193944,,12,,,,,
round_pairing,Round 9,8,206,570,tw60511158,,12,tw95566595,,12,,,,,
round_pairing,Round 9,8,189,571,tw60567990,,12,tw35735135,,12,,,,,
round_pairing,Round 9,8,149,572,tw60794190,,15,tw80138989,,15,,,,,
round_pairing,Round 9,8,45,573,tw60920600,,18,tw18641143,,18,,,,,
round_pairing,Round 9,8,169,574,tw61277104,,12,tw18458528,,12,,,,,
round_pairing,Round 9,8,17,575,tw61279434,,21,tw65483922,,21,,,,,
round_pairing,Round 9,8,134,577,tw61533794,,15,tw53974581,,15,,,,,
round_pairing,Round 9,8,188,578,tw61583819,,12,tw22807189,,12,,,,,
round_pairing,Round 9,8,185,579,tw61600644,,12,tw55210501,,12,,,,,
round_pairing,Round 9,8,248,581,tw61792938,,9,tw45404381,,9,,,,,
round_pairing,Round 9,8,258,582,tw61880666,,9,tw93529525,,9,,,,,
round_pairing,Round 9,8,113,583,tw61895092,,15,tw13830995,,15,,,,,
round_pairing,Round 9,8,125,585,tw62020476,,15,tw04959593,,15,,,,,
round_pairing,Round 9,8,211,586,tw62067344,,12,tw45615575,,12,,,,,
round_pairing,Round 9,8,121,587,tw62197981,,15,tw73975912,,15,,,,,
round_pairing,Round 9,8,204,588,tw62315993,,12,tw92969664,,12,,,,,
round_pairing,Round 9,8,167,589,tw62324389,,12,tw24694611,,12,,,,,
round_pairing,Round 9,8,304,591,tw62459529,,6,tw28495767,,6,,,,,
round_pairing,Round 9,8,42,592,tw62525194,,18,tw29518941,,18,,,,,
round_pairing,Round 9,8,120,595,tw62599498,,15,tw42455002,,15,,,,,
round_pairing,Round 9,8,64,597,tw62958507,,18,tw34953027,,18,,,,,
round_pairing,Round 9,8,195,599,tw63031373,,12,tw22969264,,12,,,,,
round_pairing,Round 9,8,119,602,tw63343435,,15,tw02826499,,15,,,,,
round_pairing,Round 9,8,199,603,tw63395911,,12,tw25488947,,12,,,,,
round_pairing,Round 9,8,133,604,tw63508480,,15,tw46738666,,15,,,,,
round_pairing,Round 9,8,313,607,tw63898784,,3,tw30976792,,6,,,,,
round_pairing,Round 9,8,80,608,tw64203769,,15,tw68088789,,15,,,,,
round_pairing,Round 9,8,307,611,tw64793736,,6,tw48889969,,6,,,,,
round_pairing,Round 9,8,272,612,tw64845965,,9,tw37823321,,9,,,,,
round_pairing,Round 9,8,233,615,tw65158876,,12,tw44344603,,12,,,,,
round_pairing,Round 9,8,66,616,tw65235703,,18,tw36759052,,18,,,,,
round_pairing,Round 9,8,17,617,tw65483922,,21,tw61279434,,21,,,,,
round_pairing,Round 9,8,60,619,tw65741542,,18,tw92466220,,18,,,,,
round_pairing,Round 9,8,139,623,tw66520026,,15,tw07460167,,15,,,,,
round_pairing,Round 9,8,273,624,tw66555509,,9,tw99714386,,9,,,,,
round_pairing,Round 9,8,222,625,tw66575998,,12,tw81268957,,12,,,,,
round_pairing,Round 9,8,31,626,tw66588143,,18,tw97885633,,18,,,,,
round_pairing,Round 9,8,161,628,tw66806102,,12,tw97370246,,12,,,,,
round_pairing,Round 9,8,296,629,tw66816512,,6,tw06147611,,6,,,,,
round_pairing,Round 9,8,70,634,tw67199394,,15,tw01478107,,15,,,,,
round_pairing,Round 9,8,87,635,tw67604361,,15,tw26020639,,15,,,,,
round_pairing,Round 9,8,25,638,tw67716132,,18,tw43268758,,18,,,,,
round_pairing,Round 9,8,15,639,tw67759215,,21,tw46030050,,21,,,,,
round_pairing,Round 9,8,205,640,tw67940713,,12,tw49441410,,12,,,,,
round_pairing,Round 9,8,278,641,tw67984683,,9,tw48596346,,9,,,,,
round_pairing,Round 9,8,224,642,tw68046375,,12,tw50414993,,12,,,,,
round_pairing,Round 9,8,80,643,tw68088789,,15,tw64203769,,15,,,,,
round_pairing,Round 9,8,138,644,tw68135684,,15,tw73034465,,15,,,,,
round_pairing,Round 9,8,19,646,tw68165427,,18,tw41609662,,18,,,,,
round_pairing,Round 9,9,54,649,tw68763677,,18,tw90485112,,18,,,,,
round_pairing,Round 9,9,129,651,tw68851170,,15,tw94173678,,15,,,,,
round_pairing,Round 9,9,105,652,tw68954029,,15,tw11499785,,15,,,,,
round_pairing,Round 9,9,246,655,tw69425578,,9,tw86831721,,9,,,,,
round_pairing,Round 9,9,103,657,tw69602779,,15,tw22261784,,15,,,,,
round_pairing,Round 9,9,38,659,tw69663505,,18,tw41104694,,18,,,,,
round_pairing,Round 9,9,213,662,tw69804633,,12,tw50239297,,12,,,,,
round_pairing,Round 9,9,299,664,tw69925275,,6,tw00918141,,6,,,,,
round_pairing,Round 9,9,203,666,tw69995586,,12,tw44207012,,12,,,,,
round_pairing,Round 9,9,297,667,tw70028105,,6,tw81250238,,6,,,,,
round_pairing,Round 9,9,143,668,tw70273656,,15,tw85563070,,15,,,,,
round_pairing,Round 9,9,235,672,tw70897596,,12,tw49388371,,12,,,,,
round_pairing,Round 9,9,190,673,tw70903147,,12,tw05399034,,12,,,,,
round_pairing,Round 9,9,283,674,tw71035218,,9,tw17401165,,9,,,,,
round_pairing,Round 9,9,71,677,tw71161066,,15,tw81060661,,15,,,,,
round_pairing,Round 9,9,148,679,tw71550438,,15,tw64567116,,15,,,,,
round_pairing,Round 9,9,123,681,tw71598135,,15,tw88860465,,15,,,,,
round_pairing,Round 9,9,209,682,tw71730704,,12,tw46969620,,12,,,,,
round_pairing,Round 9,9,250,683,tw71768773,,9,tw50820470,,9,,,,,
round_pairing,Round 9,9,210,684,tw72148746,,12,tw24742864,,12,,,,,
round_pairing,Round 9,9,215,685,tw72174151,,12,tw75204861,,12,,,,,
round_pairing,Round 9,9,135,686,tw72313605,,15,tw20707479,,15,,,,,
round_pairing,Round 9,9,300,687,tw72318939,,6,tw17543456,,6,,,,,
round_pairing,Round 9,9,75,688,tw72333956,,15,tw55765174,,15,,,,,
round_pairing,Round 9,9,65,689,tw72464013,,18,tw36747145,,18,,,,,
round_pairing,Round 9,9,249,690,tw72630270,,9,tw03472100,,9,,,,,
round_pairing,Round 9,9,90,691,tw72699030,,15,tw15475553,,15,,,,,
round_pairing,Round 9,9,77,694,tw72829984,,15,tw24570904,,15,,,,,
round_pairing,Round 9,9,108,695,tw72887037,,15,tw46423373,,15,,,,,
round_pairing,Round 9,9,308,696,tw72928053,,6,tw56387935,,6,,,,,
round_pairing,Round 9,9,138,697,tw73034465,,15,tw68135684,,15,,,,,
round_pairing,Round 9,9,96,698,tw73048413,,15,tw81066465,,15,,,,,
round_pairing,Round 9,9,88,699,tw73106123,,15,tw16152234,,15,,,,,
round_pairing,Round 9,9,10,700,tw73358187,,21,tw15026318,,21,,,,,
round_pairing,Round 9,9,251,702,tw73911906,,9,tw24266071,,9,,,,,
round_pairing,Round 9,9,152,703,tw73917548,,15,tw18276049,,15,,,,,
round_pairing,Round 9,9,121,704,tw73975912,,15,tw62197981,,15,,,,,
round_pairing,Round 9,9,101,705,tw74196817,,15,tw04797990,,15,,,,,
round_pairing,Round 9,9,144,706,tw74542521,,15,tw37173355,,15,,,,,
round_pairing,Round 9,9,69,707,tw74568091,,15,tw95198982,,15,,,,,
round_pairing,Round 9,9,284,708,tw74682364,,9,tw46945068,,9,,,,,
round_pairing,Round 9,9,23,710,tw75091640,,18,tw12035691,,18,,,,,
round_pairing,Round 9,9,215,711,tw75204861,,12,tw72174151,,12,,,,,
round_pairing,Round 9,9,242,712,tw75352342,,12,tw05182930,,12,,,,,
round_pairing,Round 9,9,111,713,tw75551324,,15,tw18638755,,15,,,,,
round_pairing,Round 9,9,237,714,tw75596823,,12,tw50328610,,12,,,,,
round_pairing,Round 9,9,180,716,tw75820315,,12,tw89811739,,12,,,,,
round_pairing,Round 9,9,227,719,tw76059026,,12,tw12573104,,12,,,,,
round_pairing,Round 9,9,85,720,tw76132946,,15,tw06393443,,15,,,,,
round_pairing,Round 9,9,44,722,tw76309421,,18,tw43492313,,18,,,,,
round_pairing,Round 9,10,253,723,tw76529055,,9,tw28285341,,9,,,,,
round_pairing,Round 9,10,223,725,tw76784634,,12,tw57612114,,12,,,,,
round_pairing,Round 9,10,154,726,tw76925363,,15,tw11642031,,15,,,,,
round_pairing,Round 9,10,254,727,tw76994845,,9,tw82559799,,9,,,,,
round_pairing,Round 9,10,30,728,tw77206748,,18,tw32141014,,18,,,,,
round_pairing,Round 9,10,220,731,tw77550830,,12,tw97995384,,12,,,,,
round_pairing,Round 9,10,72,732,tw77606795,,15,tw87316906,,15,,,,,
round_pairing,Round 9,10,22,733,tw77699656,,18,tw11292760,,18,,,,,
round_pairing,Round 9,10,232,734,tw77721211,,12,tw90564971,,12,,,,,
round_pairing,Round 9,10,174,735,tw77877383,,12,tw05914722,,12,,,,,
round_pairing,Round 9,10,312,737,tw78077476,,6,tw46321576,,6,,,,,
round_pairing,Round 9,10,9,739,tw78403870,,21,tw56336073,,21,,,,,
round_pairing,Round 9,10,55,740,tw78539182,,18,tw41286139,,18,,,,,
round_pairing,Round 9,10,46,742,tw78657682,,18,tw47117803,,18,,,,,
round_pairing,Round 9,10,303,747,tw79221888,,6,tw59649267,,6,,,,,
round_pairing,Round 9,10,240,748,tw79250738,,12,tw97135519,,12,,,,,
round_pairing,Round 9,10,56,749,tw79270381,,18,tw17203659,,18,,,,,
round_pairing,Round 9,10,230,751,tw79411276,,12,tw47341841,,12,,,,,
round_pairing,Round 9,10,58,752,tw79434198,,18,tw18412271,,18,,,,,
round_pairing,Round 9,10,295,757,tw79992941,,9,tw28672728,,6,,,,,
round_pairing,Round 9,10,149,759,tw80138989,,15,tw60794190,,15,,,,,
round_pairing,Round 9,10,191,760,tw80267696,,12,tw13090534,,12,,,,,
round_pairing,Round 9,10,151,761,tw80392170,,15,tw22699669,,15,,,,,
round_pairing,Round 9,10,79,762,tw80521031,,15,tw42204590,,15,,,,,
round_pairing,Round 9,10,71,763,tw81060661,,15,tw71161066,,15,,,,,
round_pairing,Round 9,10,96,764,tw81066465,,15,tw73048413,,15,,,,,
round_pairing,Round 9,10,297,765,tw81250238,,6,tw70028105,,6,,,,,
round_pairing,Round 9,10,222,766,tw81268957,,12,tw66575998,,12,,,,,
round_pairing,Round 9,10,238,769,tw81562455,,12,tw26528058,,12,,,,,
round_pairing,Round 9,10,146,770,tw81599190,,15,tw41670381,,15,,,,,
round_pairing,Round 9,10,98,774,tw82119121,,15,tw86056382,,15,,,,,
round_pairing,Round 9,10,217,776,tw82370377,,12,tw93786634,,12,,,,,
round_pairing,Round 9,10,159,778,tw82556653,,12,tw44649735,,12,,,,,
round_pairing,Round 9,10,254,779,tw82559799,,9,tw76994845,,9,,,,,
round_pairing,Round 9,10,74,780,tw82566333,,15,tw31279242,,15,,,,,
round_pairing,Round 9,10,192,781,tw82751826,,12,tw40188987,,12,,,,,
round_pairing,Round 9,10,93,783,tw82878504,,15,tw17003070,,15,,,,,
round_pairing,Round 9,10,49,784,tw82981600,,18,tw99958274,,18,,,,,
round_pairing,Round 9,10,289,788,tw83606083,,9,tw34396906,,9,,,,,
round_pairing,Round 9,10,109,790,tw83905127,,15,tw55332465,,15,,,,,
round_pairing,Round 9,10,170,794,tw84828731,,12,tw02856732,,12,,,,,
round_pairing,Round 9,10,179,797,tw85067465,,12,tw33274690,,12,,,,,
round_pairing,Round 9,10,28,798,tw85147749,,18,tw85855405,,18,,,,,
round_pairing,Round 9,10,143,801,tw85563070,,15,tw70273656,,15,,,,,
round_pairing,Round 9,10,28,803,tw85855405,,18,tw85147749,,18,,,,,
round_pairing,Round 9,10,98,804,tw86056382,,15,tw82119121,,15,,,,,
round_pairing,Round 9,10,177,806,tw86700066,,12,tw13779097,,12,,,,,
round_pairing,Round 9,10,219,807,tw87015354,,12,tw25634182,,12,,,,,
round_pairing,Round 9,10,72,809,tw87316906,,15,tw77606795,,15,,,,,
round_pairing,Round 9,10,264,810,tw87510571,,9,tw88117485,,9,,,,,
round_pairing,Round 9,11,18,811,tw87713934,,18,tw12363623,,18,,,,,
round_pairing,Round 9,11,264,814,tw88117485,,9,tw87510571,,9,,,,,
round_pairing,Round 9,11,127,816,tw88407488,,15,tw89047117,,15,,,,,
round_pairing,Round 9,11,20,817,tw88506619,,18,tw09964738,,18,,,,,
round_pairing,Round 9,11,221,818,tw88706430,,12,tw45178021,,12,,,,,
round_pairing,Round 9,11,123,820,tw88860465,,15,tw71598135,,15,,,,,
round_pairing,Round 9,11,127,822,tw89047117,,15,tw88407488,,15,,,,,
round_pairing,Round 9,11,118,823,tw89297350,,15,tw46646319,,15,,,,,
round_pairing,Round 9,11,132,825,tw89449964,,15,tw51756189,,15,,,,,
round_pairing,Round 9,11,2,826,tw89609352,,24,tw33742727,,21,,,,,
round_pairing,Round 9,11,180,830,tw89811739,,12,tw75820315,,12,,,,,
round_pairing,Round 9,11,175,831,tw90018469,,12,tw43331901,,12,,,,,
round_pairing,Round 9,11,176,833,tw90337288,,12,tw22480109,,12,,,,,
round_pairing,Round 9,11,54,835,tw90485112,,18,tw68763677,,18,,,,,
round_pairing,Round 9,11,232,838,tw90564971,,12,tw77721211,,12,,,,,
round_pairing,Round 9,11,157,843,tw90996252,,15,tw46002856,,15,,,,,
round_pairing,Round 9,11,104,844,tw91555335,,15,tw27817384,,15,,,,,
round_pairing,Round 9,11,201,845,tw91594481,,12,tw42938387,,12,,,,,
round_pairing,Round 9,11,208,846,tw91627311,,12,tw13434296,,12,,,,,
round_pairing,Round 9,11,122,847,tw91823318,,15,tw04552155,,15,,,,,
round_pairing,Round 9,11,197,850,tw92224806,,12,tw49759795,,12,,,,,
round_pairing,Round 9,11,60,852,tw92466220,,18,tw65741542,,18,,,,,
round_pairing,Round 9,11,261,854,tw92680673,,9,tw04457744,,9,,,,,
round_pairing,Round 9,11,255,855,tw92814087,,9,tw92986536,,9,,,,,
round_pairing,Round 9,11,255,857,tw92986536,,9,tw92814087,,9,,,,,
round_pairing,Round 9,11,35,858,tw93020902,,18,tw07314439,,18,,,,,
round_pairing,Round 9,11,200,860,tw93054506,,12,tw77798178,,12,,,,,
round_pairing,Round 9,11,51,861,tw93076075,,18,tw30419396,,18,,,,,
round_pairing,Round 9,11,168,862,tw93405316,,12,tw52806758,,12,,,,,
round_pairing,Round 9,11,43,863,tw93433450,,18,tw52974697,,18,,,,,
round_pairing,Round 9,11,258,864,tw93529525,,9,tw61880666,,9,,,,,
round_pairing,Round 9,11,117,865,tw93754264,,15,tw13487252,,15,,,,,
round_pairing,Round 9,11,288,866,tw93786012,,9,tw53540804,,9,,,,,
round_pairing,Round 9,11,217,867,tw93786634,,12,tw82370377,,12,,,,,
round_pairing,Round 9,11,147,868,tw93858918,,15,tw16728082,,15,,,,,
round_pairing,Round 9,11,266,871,tw93999361,,9,tw31949622,,9,,,,,
round_pairing,Round 9,11,269,872,tw94142249,,9,tw02559687,,9,,,,,
round_pairing,Round 9,11,129,874,tw94173678,,15,tw68851170,,15,,,,,
round_pairing,Round 9,11,89,876,tw94518932,,15,tw93660736,,15,,,,,
round_pairing,Round 9,11,69,879,tw95198982,,15,tw74568091,,15,,,,,
round_pairing,Round 9,11,124,880,tw95261451,,15,tw35707148,,15,,,,,
round_pairing,Round 9,11,298,881,tw95401245,,6,tw00114747,,6,,,,,
round_pairing,Round 9,11,309,882,tw95547681,,6,tw52149734,,6,,,,,
round_pairing,Round 9,11,206,883,tw95566595,,12,tw60511158,,12,,,,,
round_pairing,Round 9,11,73,885,tw95656910,,15,tw32647589,,15,,,,,
round_pairing,Round 9,11,275,888,tw95818310,,9,tw42723639,,9,,,,,
round_pairing,Round 9,11,236,889,tw95954871,,12,tw07615948,,12,,,,,
round_pairing,Round 9,11,311,890,tw96093664,,6,tw39192538,,6,,,,,
round_pairing,Round 9,11,231,894,tw96648029,,12,tw11570874,,12,,,,,
round_pairing,Round 9,11,165,895,tw96887599,,12,tw06072288,,12,,,,,
round_pairing,Round 9,12,81,896,tw96947201,,15,tw06225308,,15,,,,,
round_pairing,Round 9,12,240,897,tw97135519,,12,tw79250738,,12,,,,,
round_pairing,Round 9,12,34,898,tw97138451,,18,tw02172047,,18,,,,,
round_pairing,Round 9,12,14,899,tw97165922,,21,tw52663760,,21,,,,,
round_pairing,Round 9,12,161,901,tw97370246,,12,tw66806102,,12,,,,,
round_pairing,Round 9,12,39,904,tw97567728,,18,tw32240000,,18,,,,,
round_pairing,Round 9,12,76,906,tw97703685,,15,tw29536370,,15,,,,,
round_pairing,Round 9,12,31,908,tw97885633,,18,tw66588143,,18,,,,,
round_pairing,Round 9,12,220,910,tw97995384,,12,tw77550830,,12,,,,,
round_pairing,Round 9,12,27,911,tw98129328,,18,tw58781969,,18,,,,,
round_pairing,Round 9,12,162,912,tw98211582,,12,tw76039193,,12,,,,,
round_pairing,Round 9,12,57,916,tw98985840,,18,tw41805810,,18,,,,,
round_pairing,Round 9,12,59,920,tw99140905,,18,tw13229345,,18,,,,,
round_pairing,Round 9,12,131,921,tw99241716,,15,tw47904340,,15,,,,,
round_pairing,Round 9,12,116,923,tw99346363,,15,tw35839691,,15,,,,,
round_pairing,Round 9,12,310,924,tw99373374,,6,tw40377456,,6,,,,,
round_pairing,Round 9,12,7,925,tw99386256,,21,tw16132632,,21,,,,,
round_pairing,Round 9,12,273,927,tw99714386,,9,tw66555509,,9,,,,,
round_pairing,Round 9,12,136,930,tw99888650,,15,tw59616959,,15,,,,,
round_pairing,Round 9,12,11,931,tw99926791,,21,tw57017359,,21,,,,,
round_pairing,Round 9,12,49,932,tw99958274,,18,tw82981600,,18,,,,,
round_pairing,Round 9,12,260,933,tw99968646,,9,tw25336636,,9,,,,,
round_pairing,Round 9,12,126,1024,tw74033297,,15,tw56468849,,15,,,,,
round_pairing,Round 9,12,79,1107,tw42204590,,15,tw80521031,,15,,,,,
round_pairing,Round 9,12,316,1114,tw34649223,,3,tw22183935,,3,,,,,
round_pairing,Round 9,12,46,1122,tw47117803,,18,tw78657682,,18,,,,,
round_pairing,Round 9,12,13,1136,tw67036456,,21,tw85026999,,21,,,,,
round_pairing,Round 9,12,169,1150,tw18458528,,12,tw61277104,,12,,,,,
round_pairing,Round 9,12,100,1164,tw86324740,,15,tw30236831,,15,,,,,
round_pairing,Round 9,12,282,1194,tw77975837,,9,tw18850000,,9,,,,,
round_pairing,Round 9,12,283,1199,tw17401165,,9,tw71035218,,9,,,,,
round_pairing,Round 9,12,148,1200,tw64567116,,15,tw71550438,,15,,,,,
round_pairing,Round 9,12,243,1223,tw61227623,,12,tw59882595,,12,,,,,
round_pairing,Round 9,12,245,1243,tw39114696,,9,tw52951111,,9,,,,,
round_pairing,Round 9,12,198,1255,tw87844149,,12,tw24708906,,12,,,,,
round_pairing,Round 9,12,291,1274,tw36167036,,9,tw57062134,,9,,,,,
round_pairing,Round 9,12,216,1278,tw21654272,,12,tw44206611,,12,,,,,
round_pairing,Round 9,12,167,1291,tw24694611,,12,tw62324389,,12,,,,,
round_pairing,Round 9,12,163,1303,tw48526697,,12,tw56012620,,12,,,,,
round_pairing,Round 9,12,172,1310,tw52595130,,12,tw00531440,,12,,,,,
round_pairing,Round 9,12,153,1330,tw93829445,,15,tw07410887,,15,,,,,
round_pairing,Round 9,12,63,1336,tw58776465,,18,tw40555668,,18,,,,,
round_pairing,Round 9,12,171,1338,tw74641243,,12,tw31941216,,12,,,,,
round_pairing,Round 9,12,228,1387,tw70891974,,12,tw04119157,,12,,,,,
round_pairing,Round 9,12,200,1433,tw77798178,,12,tw93054506,,12,,,,,
round_pairing,Round 9,12,62,1444,tw17356132,,18,tw33005835,,18,,,,,
round_pairing,Round 9,12,5,1445,tw67295326,,21,tw30898169,,21,,,,,
round_pairing,Round 9,12,192,1450,tw40188987,,12,tw82751826,,12,,,,,
round_pairing,Round 9,12,305,1456,tw84048586,,6,tw54988993,,6,,,,,
round_pairing,Round 9,12,186,1458,tw27758570,,12,tw01150243,,12,,,,,
round_pairing,Round 9,13,204,1476,tw92969664,,12,tw62315993,,12,,,,,
round_pairing,Round 9,13,257,1495,tw24845900,,9,tw58188995,,9,,,,,
round_pairing,Round 9,13,102,1522,tw79802506,,15,tw15435377,,15,,,,,
round_pairing,Round 9,13,245,1533,tw52951111,,9,tw39114696,,9,,,,,
round_pairing,Round 9,13,12,1556,tw63334587,,21,tw18906406,,21,,,,,
round_pairing,Round 9,13,36,1583,tw69848864,,18,tw28510545,,18,,,,,
round_pairing,Round 9,13,61,1584,tw24261609,,18,tw04713199,,18,,,,,
round_pairing,Round 9,13,89,1611,tw93660736,,15,tw94518932,,15,,,,,
round_pairing,Round 9,13,280,1617,tw77637602,,9,tw44047226,,9,,,,,
round_pairing,Round 9,13,1,1625,tw39894258,,24,tw27347873,,24,,,,,
round_pairing,Round 9,13,156,1663,tw70378594,,15,tw26089798,,15,,,,,
round_pairing,Round 9,13,117,1683,tw13487252,,15,tw93754264,,15,,,,,
round_pairing,Round 9,13,95,1689,tw39185310,,15,tw48178410,,15,,,,,
round_pairing,Round 9,13,303,1726,tw59649267,,6,tw79221888,,6,,,,,
round_pairing,Round 9,13,144,1736,tw37173355,,15,tw74542521,,15,,,,,
round_pairing,Round 9,13,176,1738,tw22480109,,12,tw90337288,,12,,,,,
round_pairing,Round 9,13,92,1745,tw47478004,,15,tw29372557,,15,,,,,
round_pairing,Round 9,13,32,1761,tw71861265,,18,tw25000553,,18,,,,,
round_pairing,Round 9,13,182,1772,tw32869182,,12,tw29731640,,12,,,,,
round_pairing,Round 9,13,156,1793,tw26089798,,15,tw70378594,,15,,,,,
round_pairing,Round 9,13,13,1795,tw85026999,,21,tw67036456,,21,,,,,
round_pairing,Round 9,13,47,1803,tw88521370,,18,tw02105248,,18,,,,,
round_pairing,Round 9,13,286,1805,tw68790007,,9,tw22301558,,9,,,,,
round_pairing,Round 9,13,194,1831,tw95521825,,12,tw00162182,,12,,,,,
round_pairing,Round 9,13,106,1852,tw84991038,,15,tw20835300,,15,,,,,
round_pairing,Round 9,13,162,1859,tw76039193,,12,tw98211582,,12,,,,,
round_pairing,Round 9,13,246,1886,tw86831721,,9,tw69425578,,9,,,,,
round_pairing,Round 9,13,35,1899,tw07314439,,18,tw93020902,,18,,,,,
round_pairing,Round 9,13,181,1922,tw98480968,,12,tw24459657,,12,,,,,
round_pairing,Round 9,13,173,1987,tw85516442,,12,tw53446977,,12,,,,,
round_pairing,Round 9,13,134,1988,tw53974581,,15,tw61533794,,15,,,,,
round_pairing,Round 9,13,234,1998,tw73831583,,12,tw41523616,,12,,,,,
round_pairing,Round 9,13,43,2000,tw52974697,,18,tw93433450,,18,,,,,
final_rank,,1,,1625,tw39894258,,,,,,1,27,65,150,60
final_rank,,1,,826,tw89609352,,,,,,2,27,64,150,61.78
final_rank,,1,,899,tw97165922,,,,,,3,24,67,135,59.44
final_rank,,1,,253,tw27347873,,,,,,4,24,65,126,59.22
final_rank,,1,,542,tw57017359,,,,,,5,24,65,117,60.11
final_rank,,1,,185,tw18906406,,,,,,6,24,64,135,60.56
final_rank,,1,,287,tw30898169,,,,,,7,24,64,135,58.78
final_rank,,1,,266,tw28179733,,,,,,8,24,63,135,61
final_rank,,1,,575,tw61279434,,,,,,9,24,63,126,58.22
final_rank,,1,,93,tw09574160,,,,,,10,24,62,123,60.67
final_rank,,1,,490,tw50567676,,,,,,11,24,61,120,62.78
final_rank,,1,,129,tw13624938,,,,,,12,24,60,111,55
final_rank,,1,,739,tw78403870,,,,,,13,24,59,117,58.67
final_rank,,1,,639,tw67759215,,,,,,14,24,59,111,59.11
final_rank,,1,,1795,tw85026999,,,,,,15,24,58,108,58.22
final_rank,,1,,89,tw09468385,,,,,,16,24,57,114,57.78
final_rank,,1,,700,tw73358187,,,,,,17,24,57,111,58.33
final_rank,,1,,478,tw49159270,,,,,,18,21,72,126,60.22
final_rank,,1,,312,tw33742727,,,,,,19,21,70,120,58.44
final_rank,,1,,99,tw10410998,,,,,,20,21,69,111,57.11
final_rank,,1,,257,tw27568465,,,,,,21,21,68,114,60.78
final_rank,,1,,72,tw07020662,,,,,,22,21,67,105,59.67
final_rank,,1,,145,tw15026318,,,,,,23,21,66,108,57.56
final_rank,,1,,404,tw43492313,,,,,,24,21,66,105,61.44
final_rank,,1,,337,tw36759052,,,,,,25,21,65,105,58.22
final_rank,,1,,292,tw31422118,,,,,,26,21,64,111,57.89
final_rank,,1,,536,tw56336073,,,,,,27,21,64,108,56.56
final_rank,,1,,155,tw16132632,,,,,,28,21,64,105,57.11
final_rank,,1,,1556,tw63334587,,,,,,29,21,64,102,60.89
final_rank,,1,,511,tw52663760,,,,,,29,21,64,102,60.89
final_rank,,1,,931,tw99926791,,,,,,31,21,64,96,60.67
final_rank,,1,,1336,tw58776465,,,,,,32,21,63,117,61
final_rank,,1,,920,tw99140905,,,,,,33,21,63,102,55.11
final_rank,,1,,617,tw65483922,,,,,,34,21,62,105,57.56
final_rank,,1,,798,tw85147749,,,,,,35,21,62,105,57.22
final_rank,,1,,399,tw43268758,,,,,,36,21,62,99,56.44
final_rank,,1,,130,tw13638158,,,,,,37,21,61,105,56.56
final_rank,,1,,852,tw92466220,,,,,,38,21,61,102,57.78
final_rank,,1,,418,tw44468313,,,,,,39,21,61,99,58
final_rank,,1,,1445,tw67295326,,,,,,40,21,61,96,59.22
final_rank,,1,,21,tw02105248,,,,,,41,21,60,102,56.56
final_rank,,1,,302,tw32722359,,,,,,42,21,60,96,55
final_rank,,1,,163,tw16965198,,,,,,43,21,60,93,58.78
final_rank,,1,,57,tw05207217,,,,,,44,21,60,93,54.78
final_rank,,1,,916,tw98985840,,,,,,45,21,59,108,57.11
final_rank,,1,,51,tw04713199,,,,,,46,21,59,102,56.89
final_rank,,1,,260,tw27736985,,,,,,47,21,59,99,61
final_rank,,1,,908,tw97885633,,,,,,48,21,59,93,57.22
final_rank,,1,,495,tw50858481,,,,,,49,21,59,87,62
final_rank,,1,,381,tw41609662,,,,,,50,21,58,96,58.11
final_rank,,2,,376,tw41286139,,,,,,51,21,58,93,55.33
final_rank,,2,,336,tw36747145,,,,,,52,21,58,90,59.89
final_rank,,2,,387,tw42246097,,,,,,53,21,58,90,58.67
final_rank,,2,,402,tw43380150,,,,,,54,21,58,87,58
final_rank,,2,,181,tw18641143,,,,,,55,21,57,105,55.11
final_rank,,2,,749,tw79270381,,,,,,56,21,57,102,55.89
final_rank,,2,,784,tw82981600,,,,,,57,21,57,96,56.89
final_rank,,2,,1136,tw67036456,,,,,,58,21,57,81,58.89
final_rank,,2,,649,tw68763677,,,,,,59,21,56,108,54.56
final_rank,,2,,858,tw93020902,,,,,,60,21,56,102,57.44
final_rank,,2,,349,tw38086655,,,,,,61,21,56,99,58.11
final_rank,,2,,925,tw99386256,,,,,,62,21,56,84,58.11
final_rank,,2,,659,tw69663505,,,,,,63,21,56,84,57.44
final_rank,,2,,232,tw25000553,,,,,,64,21,56,84,56.56
final_rank,,2,,114,tw12363623,,,,,,65,21,56,84,55.33
final_rank,,2,,817,tw88506619,,,,,,66,21,56,69,62.78
final_rank,,2,,2000,tw52974697,,,,,,67,21,55,108,56.67
final_rank,,2,,322,tw34953027,,,,,,68,21,55,102,55.78
final_rank,,2,,116,tw12769027,,,,,,69,21,54,108,54.89
final_rank,,2,,1583,tw69848864,,,,,,70,21,54,96,55.22
final_rank,,2,,898,tw97138451,,,,,,71,21,54,93,56.11
final_rank,,2,,393,tw42619935,,,,,,72,21,53,90,58.11
final_rank,,2,,308,tw33005835,,,,,,73,21,53,90,55.56
final_rank,,2,,742,tw78657682,,,,,,74,21,53,87,58.44
final_rank,,2,,338,tw36782228,,,,,,75,21,53,81,56.78
final_rank,,2,,592,tw62525194,,,,,,76,21,53,75,57.78
final_rank,,2,,439,tw46030050,,,,,,77,21,52,84,53.89
final_rank,,2,,104,tw11292760,,,,,,78,21,52,72,54.44
final_rank,,2,,861,tw93076075,,,,,,79,21,51,81,54.44
final_rank,,2,,111,tw12035691,,,,,,80,21,50,87,53
final_rank,,2,,911,tw98129328,,,,,,81,21,50,84,54.78
final_rank,,2,,752,tw79434198,,,,,,82,21,48,78,55.44
final_rank,,2,,42,tw04061481,,,,,,83,18,72,105,58.67
final_rank,,2,,59,tw05270520,,,,,,84,18,66,90,59.67
final_rank,,2,,626,tw66588143,,,,,,85,18,66,87,57.56
final_rank,,2,,11,tw00831574,,,,,,86,18,65,87,59.22
final_rank,,2,,384,tw41805810,,,,,,87,18,65,78,58.67
final_rank,,2,,366,tw40555668,,,,,,88,18,65,75,57.67
final_rank,,2,,100,tw10467123,,,,,,89,18,64,90,57
final_rank,,2,,904,tw97567728,,,,,,90,18,64,87,56.67
final_rank,,2,,619,tw65741542,,,,,,91,18,64,84,58.89
final_rank,,2,,273,tw28750216,,,,,,92,18,63,96,57
final_rank,,2,,863,tw93433450,,,,,,93,18,63,90,55
final_rank,,2,,932,tw99958274,,,,,,94,18,63,87,57.33
final_rank,,2,,1899,tw07314439,,,,,,95,18,63,87,57
final_rank,,2,,733,tw77699656,,,,,,96,18,63,81,55.89
final_rank,,2,,97,tw09964738,,,,,,97,18,63,75,56.11
final_rank,,2,,646,tw68165427,,,,,,98,18,63,75,55.56
final_rank,,2,,555,tw58781969,,,,,,99,18,63,75,54.44
final_rank,,2,,177,tw18412271,,,,,,100,18,62,87,57.11
final_rank,,3,,728,tw77206748,,,,,,100,18,62,87,57.11
final_rank,,3,,524,tw54739989,,,,,,102,18,62,84,55
final_rank,,3,,635,tw67604361,,,,,,103,18,62,84,54.67
final_rank,,3,,477,tw49113528,,,,,,104,18,62,81,56.33
final_rank,,3,,67,tw06393443,,,,,,105,18,61,90,56
final_rank,,3,,250,tw26953449,,,,,,106,18,61,87,55.89
final_rank,,3,,679,tw71550438,,,,,,107,18,61,81,54.78
final_rank,,3,,597,tw62958507,,,,,,108,18,61,78,59.44
final_rank,,3,,167,tw17203659,,,,,,109,18,61,78,56.33
final_rank,,3,,530,tw55332465,,,,,,110,18,61,75,55.22
final_rank,,3,,868,tw93858918,,,,,,111,18,60,87,56.22
final_rank,,3,,270,tw28510545,,,,,,112,18,60,84,58.33
final_rank,,3,,200,tw21820105,,,,,,113,18,60,81,54.56
final_rank,,3,,1584,tw24261609,,,,,,114,18,60,78,55.89
final_rank,,3,,1444,tw17356132,,,,,,115,18,60,78,55.44
final_rank,,3,,835,tw90485112,,,,,,116,18,60,78,54.67
final_rank,,3,,45,tw04156058,,,,,,117,18,60,75,55.33
final_rank,,3,,405,tw43633449,,,,,,118,18,60,75,54
final_rank,,3,,803,tw85855405,,,,,,119,18,60,69,53.67
final_rank,,3,,373,tw41104694,,,,,,120,18,59,84,54.33
final_rank,,3,,1164,tw86324740,,,,,,121,18,59,81,58.67
final_rank,,3,,638,tw67716132,,,,,,122,18,59,81,56.33
final_rank,,3,,160,tw16621728,,,,,,123,18,59,81,55.78
final_rank,,3,,30,tw03094722,,,,,,124,18,59,81,54.11
final_rank,,3,,280,tw29536370,,,,,,125,18,59,78,52.33
final_rank,,3,,123,tw13298067,,,,,,126,18,59,75,56.89
final_rank,,3,,825,tw89449964,,,,,,127,18,59,75,53.89
final_rank,,3,,527,tw55000893,,,,,,128,18,59,75,53.56
final_rank,,3,,616,tw65235703,,,,,,129,18,59,72,57.67
final_rank,,3,,1761,tw71861265,,,,,,130,18,59,66,57.67
final_rank,,3,,10,tw00787146,,,,,,131,18,58,87,55.11
final_rank,,3,,710,tw75091640,,,,,,132,18,58,78,55.22
final_rank,,3,,651,tw68851170,,,,,,133,18,58,75,55.33
final_rank,,3,,279,tw29518941,,,,,,134,18,58,75,54.89
final_rank,,3,,358,tw39492637,,,,,,135,18,58,72,58.33
final_rank,,3,,86,tw09225948,,,,,,136,18,58,72,54.22
final_rank,,3,,811,tw87713934,,,,,,137,18,58,66,53.78
final_rank,,3,,1852,tw84991038,,,,,,138,18,57,81,54.89
final_rank,,3,,518,tw53723254,,,,,,139,18,57,75,55.11
final_rank,,3,,443,tw46423373,,,,,,140,18,57,72,56.33
final_rank,,3,,49,tw04552155,,,,,,141,18,57,69,56.33
final_rank,,3,,22,tw02172047,,,,,,142,18,57,69,55
final_rank,,3,,722,tw76309421,,,,,,143,18,57,69,53.33
final_rank,,3,,1988,tw53974581,,,,,,144,18,56,87,51.89
final_rank,,3,,608,tw64203769,,,,,,145,18,56,84,56.33
final_rank,,3,,823,tw89297350,,,,,,146,18,56,84,53.78
final_rank,,3,,209,tw22699669,,,,,,147,18,56,81,53.22
final_rank,,3,,706,tw74542521,,,,,,148,18,56,78,58
final_rank,,3,,248,tw26670105,,,,,,149,18,56,78,54.11
final_rank,,3,,227,tw24570904,,,,,,150,18,56,78,53.44
final_rank,,4,,879,tw95198982,,,,,,151,18,56,78,51.33
final_rank,,4,,389,tw42455002,,,,,,152,18,56,69,56.11
final_rank,,4,,533,tw55765174,,,,,,153,18,55,75,52.67
final_rank,,4,,106,tw11499785,,,,,,154,18,55,72,53.33
final_rank,,4,,1107,tw42204590,,,,,,155,18,55,69,55.22
final_rank,,4,,1611,tw93660736,,,,,,156,18,55,69,54.33
final_rank,,4,,668,tw70273656,,,,,,157,18,55,69,54
final_rank,,4,,1803,tw88521370,,,,,,158,18,55,66,54
final_rank,,4,,764,tw81066465,,,,,,159,18,55,60,53.56
final_rank,,4,,809,tw87316906,,,,,,160,18,55,60,52.56
final_rank,,4,,500,tw51489284,,,,,,161,18,54,81,55.67
final_rank,,4,,26,tw02826499,,,,,,162,18,54,78,55.33
final_rank,,4,,585,tw62020476,,,,,,163,18,54,78,53.67
final_rank,,4,,713,tw75551324,,,,,,164,18,54,78,53.44
final_rank,,4,,205,tw22261784,,,,,,165,18,54,75,55.67
final_rank,,4,,1122,tw47117803,,,,,,166,18,54,75,54
final_rank,,4,,128,tw13569448,,,,,,167,18,54,75,53.89
final_rank,,4,,770,tw81599190,,,,,,168,18,54,75,52.78
final_rank,,4,,156,tw16152234,,,,,,169,18,54,69,53.22
final_rank,,4,,573,tw60920600,,,,,,170,18,54,66,56
final_rank,,4,,421,tw44821842,,,,,,171,18,54,66,53.33
final_rank,,4,,689,tw72464013,,,,,,172,18,54,66,52
final_rank,,4,,740,tw78539182,,,,,,173,18,54,60,52.56
final_rank,,4,,804,tw86056382,,,,,,174,18,53,81,53.78
final_rank,,4,,285,tw30419396,,,,,,175,18,53,78,52.11
final_rank,,4,,705,tw74196817,,,,,,176,18,53,78,49.33
final_rank,,4,,122,tw13229345,,,,,,177,18,53,69,57.33
final_rank,,4,,691,tw72699030,,,,,,178,18,53,69,52.56
final_rank,,4,,15,tw01014532,,,,,,179,18,53,69,51.67
final_rank,,4,,342,tw37453841,,,,,,180,18,53,66,57.44
final_rank,,4,,392,tw42563834,,,,,,181,18,53,66,54
final_rank,,4,,304,tw32907703,,,,,,182,18,52,78,54
final_rank,,4,,351,tw38236579,,,,,,183,18,52,69,53.78
final_rank,,4,,110,tw11739209,,,,,,184,18,52,69,50.89
final_rank,,4,,299,tw32240000,,,,,,185,18,52,66,55.67
final_rank,,4,,539,tw56468849,,,,,,186,18,52,66,55.44
final_rank,,4,,142,tw14788730,,,,,,187,18,52,66,51
final_rank,,4,,1663,tw70378594,,,,,,188,18,52,63,54
final_rank,,4,,296,tw32141014,,,,,,189,18,52,60,58
final_rank,,4,,763,tw81060661,,,,,,190,18,51,81,54.33
final_rank,,4,,1522,tw79802506,,,,,,191,18,51,78,54.56
final_rank,,4,,634,tw67199394,,,,,,191,18,51,78,54.56
final_rank,,4,,231,tw24928885,,,,,,193,18,51,72,53.22
final_rank,,4,,726,tw76925363,,,,,,194,18,51,69,56.78
final_rank,,4,,604,tw63508480,,,,,,195,18,51,69,55.22
final_rank,,4,,843,tw90996252,,,,,,196,18,51,66,54.22
final_rank,,4,,704,tw73975912,,,,,,197,18,51,63,53.78
final_rank,,4,,450,tw46798799,,,,,,198,18,51,57,54.78
final_rank,,4,,885,tw95656910,,,,,,199,18,51,54,52.67
final_rank,,4,,644,tw68135684,,,,,,200,18,49,72,52.78
final_rank,,5,,686,tw72313605,,,,,,201,18,49,69,54.44
final_rank,,5,,328,tw35693064,,,,,,202,18,49,69,53.11
final_rank,,5,,329,tw35707148,,,,,,203,18,49,63,54
final_rank,,5,,563,tw59616959,,,,,,204,18,48,69,53.56
final_rank,,5,,182,tw18676231,,,,,,205,18,48,66,52.89
final_rank,,5,,703,tw73917548,,,,,,206,18,48,63,53.89
final_rank,,5,,822,tw89047117,,,,,,207,18,48,60,53.78
final_rank,,5,,783,tw82878504,,,,,,208,18,47,69,52.78
final_rank,,5,,1689,tw39185310,,,,,,209,18,47,60,51.22
final_rank,,5,,133,tw13830995,,,,,,210,18,47,51,52.67
final_rank,,5,,820,tw88860465,,,,,,211,18,46,66,52.22
final_rank,,5,,262,tw27817384,,,,,,212,18,46,60,53.33
final_rank,,5,,623,tw66520026,,,,,,213,18,46,60,51.33
final_rank,,5,,1745,tw47478004,,,,,,214,18,46,57,55.22
final_rank,,5,,136,tw14152067,,,,,,215,18,46,57,49.11
final_rank,,5,,1330,tw93829445,,,,,,216,18,46,51,54.22
final_rank,,5,,865,tw93754264,,,,,,217,18,45,57,53.11
final_rank,,5,,923,tw99346363,,,,,,218,18,45,54,55
final_rank,,5,,66,tw06225308,,,,,,219,18,44,60,55.78
final_rank,,5,,572,tw60794190,,,,,,220,18,44,51,52.33
final_rank,,5,,151,tw15533641,,,,,,221,18,43,57,51.89
final_rank,,5,,921,tw99241716,,,,,,222,18,41,48,52.89
final_rank,,5,,176,tw18276049,,,,,,223,15,68,81,54.22
final_rank,,5,,254,tw27395288,,,,,,224,15,67,87,56.56
final_rank,,5,,459,tw47904340,,,,,,225,15,67,81,55.56
final_rank,,5,,244,tw26020639,,,,,,226,15,66,66,54.67
final_rank,,5,,652,tw68954029,,,,,,227,15,64,75,54.56
final_rank,,5,,874,tw94173678,,,,,,228,15,64,72,54.67
final_rank,,5,,275,tw29121960,,,,,,229,15,64,66,55.33
final_rank,,5,,762,tw80521031,,,,,,230,15,63,66,56.22
final_rank,,5,,109,tw11642031,,,,,,231,15,63,54,53.22
final_rank,,5,,283,tw30236831,,,,,,232,15,62,78,52.89
final_rank,,5,,681,tw71598135,,,,,,233,15,62,78,50.78
final_rank,,5,,847,tw91823318,,,,,,234,15,62,72,53.33
final_rank,,5,,707,tw74568091,,,,,,235,15,62,66,57
final_rank,,5,,688,tw72333956,,,,,,236,15,62,57,53.89
final_rank,,5,,1223,tw61227623,,,,,,237,15,61,72,52.11
final_rank,,5,,699,tw73106123,,,,,,238,15,61,69,54.11
final_rank,,5,,529,tw55210501,,,,,,239,15,61,57,53.89
final_rank,,5,,456,tw47415187,,,,,,240,15,60,51,57.22
final_rank,,5,,448,tw46738666,,,,,,241,15,60,51,54.78
final_rank,,5,,695,tw72887037,,,,,,242,15,60,48,56.44
final_rank,,5,,391,tw42527004,,,,,,243,15,59,78,55.44
final_rank,,5,,1683,tw13487252,,,,,,244,15,59,66,52.11
final_rank,,5,,480,tw49388371,,,,,,245,15,59,66,51.78
final_rank,,5,,643,tw68088789,,,,,,246,15,59,51,56.67
final_rank,,5,,535,tw56240698,,,,,,247,15,59,51,53.56
final_rank,,5,,445,tw46646319,,,,,,248,15,58,69,54.11
final_rank,,5,,520,tw53806573,,,,,,249,15,58,69,51.56
final_rank,,5,,1200,tw64567116,,,,,,250,15,58,63,54.56
final_rank,,6,,1024,tw74033297,,,,,,251,15,58,60,50.89
final_rank,,6,,487,tw50328610,,,,,,252,15,58,57,55.56
final_rank,,6,,794,tw84828731,,,,,,253,15,58,45,56
final_rank,,6,,423,tw44874553,,,,,,254,15,57,69,56.11
final_rank,,6,,720,tw76132946,,,,,,255,15,57,63,53.22
final_rank,,6,,896,tw96947201,,,,,,256,15,57,63,52.56
final_rank,,6,,118,tw13090534,,,,,,257,15,57,63,49.89
final_rank,,6,,599,tw63031373,,,,,,258,15,57,60,51.33
final_rank,,6,,282,tw29821490,,,,,,259,15,57,57,56.33
final_rank,,6,,388,tw42309306,,,,,,260,15,57,57,55.11
final_rank,,6,,416,tw44344603,,,,,,261,15,57,51,52.78
final_rank,,6,,469,tw48715949,,,,,,262,15,57,48,52.44
final_rank,,6,,417,tw44380087,,,,,,263,15,57,45,52.11
final_rank,,6,,75,tw07410887,,,,,,264,15,56,66,53.56
final_rank,,6,,361,tw40123518,,,,,,265,15,56,66,53.33
final_rank,,6,,281,tw29731640,,,,,,266,15,56,63,51.89
final_rank,,6,,1998,tw73831583,,,,,,267,15,56,60,53.33
final_rank,,6,,195,tw20707479,,,,,,268,15,56,60,51.89
final_rank,,6,,331,tw35839691,,,,,,269,15,56,57,53
final_rank,,6,,577,tw61533794,,,,,,270,15,56,57,52.22
final_rank,,6,,396,tw42938387,,,,,,271,15,56,54,51.11
final_rank,,6,,161,tw16728082,,,,,,272,15,56,51,54.11
final_rank,,6,,880,tw95261451,,,,,,273,15,56,51,50.22
final_rank,,6,,595,tw62599498,,,,,,274,15,56,45,51.78
final_rank,,6,,255,tw27419844,,,,,,275,15,55,66,52.33
final_rank,,6,,876,tw94518932,,,,,,276,15,55,63,53
final_rank,,6,,801,tw85563070,,,,,,277,15,55,63,52.56
final_rank,,6,,291,tw31279242,,,,,,278,15,55,54,52.89
final_rank,,6,,894,tw96648029,,,,,,279,15,55,51,51.44
final_rank,,6,,71,tw06996284,,,,,,280,15,55,45,54.78
final_rank,,6,,382,tw41670381,,,,,,281,15,55,42,52.22
final_rank,,6,,778,tw82556653,,,,,,282,15,54,69,52.78
final_rank,,6,,602,tw63343435,,,,,,283,15,54,63,51.11
final_rank,,6,,774,tw82119121,,,,,,284,15,54,63,49.33
final_rank,,6,,476,tw49045992,,,,,,285,15,54,60,50.67
final_rank,,6,,816,tw88407488,,,,,,286,15,54,57,50.44
final_rank,,6,,368,tw40696414,,,,,,287,15,54,48,54.11
final_rank,,6,,147,tw15173588,,,,,,288,15,54,48,53.88
final_rank,,6,,471,tw48793078,,,,,,289,15,54,48,53.78
final_rank,,6,,252,tw27308734,,,,,,290,15,54,48,53.33
final_rank,,6,,657,tw69602779,,,,,,291,15,54,45,52.89
final_rank,,6,,180,tw18638755,,,,,,292,15,53,66,50.33
final_rank,,6,,1736,tw37173355,,,,,,293,15,53,63,50.44
final_rank,,6,,694,tw72829984,,,,,,294,15,53,60,51.78
final_rank,,6,,484,tw49877892,,,,,,295,15,53,57,53.56
final_rank,,6,,895,tw96887599,,,,,,296,15,53,57,53.33
final_rank,,6,,76,tw07460167,,,,,,297,15,53,57,52.44
final_rank,,6,,303,tw32893143,,,,,,298,15,53,57,51.56
final_rank,,6,,838,tw90564971,,,,,,299,15,53,57,50.56
final_rank,,6,,844,tw91555335,,,,,,300,15,53,54,50.67
final_rank,,7,,732,tw77606795,,,,,,301,15,53,54,49.67
final_rank,,7,,549,tw58028303,,,,,,302,15,53,54,49
final_rank,,7,,278,tw29404493,,,,,,303,15,53,51,55.22
final_rank,,7,,759,tw80138989,,,,,,304,15,53,48,52.67
final_rank,,7,,208,tw22611326,,,,,,305,15,53,48,51.56
final_rank,,7,,398,tw43007249,,,,,,306,15,53,45,55
final_rank,,7,,698,tw73048413,,,,,,307,15,53,45,52.11
final_rank,,7,,540,tw56550093,,,,,,308,15,52,63,54
final_rank,,7,,276,tw29372557,,,,,,309,15,52,63,50.56
final_rank,,7,,797,tw85067465,,,,,,310,15,52,57,53.22
final_rank,,7,,583,tw61895092,,,,,,311,15,52,57,50.11
final_rank,,7,,52,tw04797990,,,,,,312,15,52,54,53
final_rank,,7,,1793,tw26089798,,,,,,313,15,52,48,55.56
final_rank,,7,,642,tw68046375,,,,,,314,15,52,48,50.89
final_rank,,7,,534,tw56012620,,,,,,315,15,52,42,52.89
final_rank,,7,,569,tw60440420,,,,,,316,15,51,66,50.56
final_rank,,7,,149,tw15435377,,,,,,317,15,51,60,49.56
final_rank,,7,,437,tw46002856,,,,,,318,15,51,57,55.33
final_rank,,7,,131,tw13779097,,,,,,319,15,51,54,52.22
final_rank,,7,,173,tw17748447,,,,,,320,15,51,54,50.89
final_rank,,7,,790,tw83905127,,,,,,321,15,51,51,55
final_rank,,7,,314,tw33811608,,,,,,322,15,51,51,52.11
final_rank,,7,,556,tw58817602,,,,,,323,15,51,48,52.78
final_rank,,7,,697,tw73034465,,,,,,324,15,51,48,51.56
final_rank,,7,,8,tw00572856,,,,,,325,15,51,45,53.11
final_rank,,7,,930,tw99888650,,,,,,326,15,51,39,47.56
final_rank,,7,,546,tw57612114,,,,,,327,15,50,57,54.33
final_rank,,7,,215,tw23249034,,,,,,328,15,50,57,52.11
final_rank,,7,,372,tw41073870,,,,,,329,15,50,54,51.11
final_rank,,7,,578,tw61583819,,,,,,330,15,50,51,53.22
final_rank,,7,,18,tw01478107,,,,,,331,15,50,48,53.78
final_rank,,7,,587,tw62197981,,,,,,332,15,50,45,49.33
final_rank,,7,,731,tw77550830,,,,,,333,15,49,63,51
final_rank,,7,,483,tw49759795,,,,,,334,15,49,54,52.44
final_rank,,7,,712,tw75352342,,,,,,335,15,49,54,50.56
final_rank,,7,,197,tw20835300,,,,,,336,15,49,51,53.67
final_rank,,7,,127,tw13462937,,,,,,337,15,49,51,52.11
final_rank,,7,,461,tw48178410,,,,,,338,15,49,51,50
final_rank,,7,,906,tw97703685,,,,,,339,15,49,48,51.22
final_rank,,7,,77,tw07615948,,,,,,340,15,49,45,53.56
final_rank,,7,,485,tw50239297,,,,,,341,15,49,45,53
final_rank,,7,,571,tw60567990,,,,,,342,15,49,45,50.56
final_rank,,7,,370,tw40786209,,,,,,343,15,49,42,50.67
final_rank,,7,,397,tw42979297,,,,,,344,15,49,30,51
final_rank,,7,,761,tw80392170,,,,,,345,15,48,54,52.89
final_rank,,7,,430,tw45458321,,,,,,346,15,48,54,50.78
final_rank,,7,,867,tw93786634,,,,,,347,15,48,51,49.67
final_rank,,7,,301,tw32647589,,,,,,348,15,48,51,48.67
final_rank,,7,,588,tw62315993,,,,,,349,15,48,48,53.56
final_rank,,7,,677,tw71161066,,,,,,350,15,48,45,55
final_rank,,8,,17,tw01150243,,,,,,351,15,48,45,53.33
final_rank,,8,,53,tw04959593,,,,,,352,15,48,45,52.67
final_rank,,8,,628,tw66806102,,,,,,353,15,48,45,51.89
final_rank,,8,,1278,tw21654272,,,,,,354,15,48,39,51.11
final_rank,,8,,502,tw51756189,,,,,,355,15,48,36,51.89
final_rank,,8,,238,tw25488947,,,,,,356,15,48,33,53
final_rank,,8,,685,tw72174151,,,,,,357,15,48,33,50.33
final_rank,,8,,1831,tw95521825,,,,,,358,15,47,60,50
final_rank,,8,,735,tw77877383,,,,,,359,15,47,54,49.56
final_rank,,8,,1922,tw98480968,,,,,,360,15,47,51,51.11
final_rank,,8,,150,tw15475553,,,,,,361,15,47,48,50.78
final_rank,,8,,780,tw82566333,,,,,,362,15,47,45,53.44
final_rank,,8,,514,tw52806758,,,,,,363,15,47,45,51.78
final_rank,,8,,751,tw79411276,,,,,,364,15,47,45,51.11
final_rank,,8,,1738,tw22480109,,,,,,365,15,47,45,50.56
final_rank,,8,,425,tw45233917,,,,,,366,15,47,45,50.33
final_rank,,8,,453,tw47077924,,,,,,367,15,47,39,52.56
final_rank,,8,,164,tw17003070,,,,,,368,15,47,39,52.33
final_rank,,8,,78,tw07927124,,,,,,369,15,47,39,50
final_rank,,8,,769,tw81562455,,,,,,370,15,47,36,49.67
final_rank,,8,,413,tw44207012,,,,,,371,15,46,51,51.44
final_rank,,8,,481,tw49441410,,,,,,372,15,46,51,48.78
final_rank,,8,,44,tw04119157,,,,,,373,15,46,39,51
final_rank,,8,,138,tw14489518,,,,,,374,15,46,39,49.89
final_rank,,8,,589,tw62324389,,,,,,375,15,46,33,50.89
final_rank,,8,,719,tw76059026,,,,,,376,15,45,54,49.67
final_rank,,8,,586,tw62067344,,,,,,377,15,45,51,48.89
final_rank,,8,,1150,tw18458528,,,,,,378,15,45,45,49.22
final_rank,,8,,766,tw81268957,,,,,,379,15,45,45,47.56
final_rank,,8,,883,tw95566595,,,,,,380,15,45,42,52.22
final_rank,,8,,509,tw52493073,,,,,,381,15,44,54,52.78
final_rank,,8,,716,tw75820315,,,,,,382,15,44,54,50.22
final_rank,,8,,818,tw88706430,,,,,,383,15,44,48,51.44
final_rank,,8,,60,tw05399034,,,,,,384,15,44,45,52.89
final_rank,,8,,682,tw71730704,,,,,,385,15,44,39,51.78
final_rank,,8,,897,tw97135519,,,,,,386,15,44,39,48.11
final_rank,,8,,831,tw90018469,,,,,,387,15,44,33,52.22
final_rank,,8,,860,tw93054506,,,,,,388,15,44,33,51
final_rank,,8,,7,tw00531440,,,,,,389,15,43,51,51
final_rank,,8,,1859,tw76039193,,,,,,390,15,43,39,49.78
final_rank,,8,,807,tw87015354,,,,,,391,15,43,39,48.11
final_rank,,8,,125,tw13434296,,,,,,392,15,43,33,49.44
final_rank,,8,,562,tw59548820,,,,,,393,15,42,42,53
final_rank,,8,,1255,tw87844149,,,,,,394,15,42,42,49.56
final_rank,,8,,1338,tw74641243,,,,,,395,15,42,42,49
final_rank,,8,,545,tw57531941,,,,,,396,15,42,42,48.56
final_rank,,8,,684,tw72148746,,,,,,397,15,41,39,51.78
final_rank,,8,,781,tw82751826,,,,,,398,15,40,48,50.78
final_rank,,8,,516,tw53446977,,,,,,399,15,40,42,48.56
final_rank,,8,,309,tw33097520,,,,,,400,15,37,42,47.11
final_rank,,9,,27,tw02856732,,,,,,401,12,62,51,53.78
final_rank,,9,,1458,tw27758570,,,,,,402,12,61,57,53.78
final_rank,,9,,210,tw22807189,,,,,,403,12,60,54,53.22
final_rank,,9,,148,tw15392207,,,,,,404,12,60,48,54.33
final_rank,,9,,519,tw53782031,,,,,,405,12,59,48,51.78
final_rank,,9,,374,tw41238636,,,,,,406,12,58,51,52.33
final_rank,,9,,90,tw09480115,,,,,,407,12,58,48,52
final_rank,,9,,640,tw67940713,,,,,,408,12,58,48,49.22
final_rank,,9,,424,tw45178021,,,,,,409,12,58,45,52.44
final_rank,,9,,55,tw05182930,,,,,,410,12,58,45,51.67
final_rank,,9,,517,tw53540804,,,,,,411,12,57,63,51.89
final_rank,,9,,714,tw75596823,,,,,,412,12,57,60,52.56
final_rank,,9,,377,tw41398048,,,,,,413,12,57,60,50.33
final_rank,,9,,901,tw97370246,,,,,,414,12,57,51,52.78
final_rank,,9,,889,tw95954871,,,,,,415,12,57,48,50.89
final_rank,,9,,570,tw60511158,,,,,,416,12,57,48,50.22
final_rank,,9,,211,tw22969264,,,,,,417,12,57,39,53.33
final_rank,,9,,1387,tw70891974,,,,,,418,12,57,39,50.44
final_rank,,9,,310,tw33274690,,,,,,419,12,56,54,51.22
final_rank,,9,,339,tw36810632,,,,,,420,12,56,48,49.56
final_rank,,9,,1310,tw52595130,,,,,,421,12,56,45,49.78
final_rank,,9,,47,tw04457744,,,,,,422,12,56,42,49.89
final_rank,,9,,1772,tw32869182,,,,,,423,12,56,30,50.67
final_rank,,9,,579,tw61600644,,,,,,424,12,55,48,54.33
final_rank,,9,,94,tw09704151,,,,,,425,12,55,45,51.56
final_rank,,9,,401,tw43331901,,,,,,426,12,55,36,49
final_rank,,9,,330,tw35735135,,,,,,427,12,54,54,48
final_rank,,9,,662,tw69804633,,,,,,428,12,54,51,49.44
final_rank,,9,,702,tw73911906,,,,,,429,12,54,48,50.22
final_rank,,9,,32,tw03193944,,,,,,430,12,54,48,49.89
final_rank,,9,,850,tw92224806,,,,,,431,12,54,42,50
final_rank,,9,,1987,tw85516442,,,,,,432,12,54,42,49.89
final_rank,,9,,414,tw44233591,,,,,,433,12,54,33,51.22
final_rank,,9,,666,tw69995586,,,,,,434,12,53,42,49.11
final_rank,,9,,115,tw12573104,,,,,,435,12,53,39,52.44
final_rank,,9,,380,tw41523616,,,,,,436,12,53,36,52.44
final_rank,,9,,189,tw19393681,,,,,,437,12,52,51,49.44
final_rank,,9,,126,tw13454619,,,,,,438,12,52,45,52.11
final_rank,,9,,62,tw05914722,,,,,,439,12,52,45,48.78
final_rank,,9,,725,tw76784634,,,,,,440,12,52,42,50.78
final_rank,,9,,188,tw19377792,,,,,,441,12,52,33,50.44
final_rank,,9,,64,tw06072288,,,,,,442,12,52,30,50.89
final_rank,,9,,473,tw48890271,,,,,,443,12,52,30,49.67
final_rank,,9,,386,tw42186430,,,,,,444,12,51,48,49.33
final_rank,,9,,455,tw47341841,,,,,,445,12,51,45,48.78
final_rank,,9,,612,tw64845965,,,,,,446,12,51,45,47.22
final_rank,,9,,871,tw93999361,,,,,,447,12,51,42,46.22
final_rank,,9,,711,tw75204861,,,,,,448,12,51,36,53.22
final_rank,,9,,408,tw44047226,,,,,,449,12,51,36,52.44
final_rank,,9,,830,tw89811739,,,,,,450,12,51,27,49.44
final_rank,,10,,218,tw23712439,,,,,,451,12,51,27,48.11
final_rank,,10,,23,tw02211815,,,,,,452,12,51,18,49.88
final_rank,,10,,603,tw63395911,,,,,,453,12,50,48,47.33
final_rank,,10,,776,tw82370377,,,,,,454,12,50,45,49.67
final_rank,,10,,175,tw18243923,,,,,,455,12,50,39,49.33
final_rank,,10,,833,tw90337288,,,,,,456,12,50,36,49.89
final_rank,,10,,294,tw31941216,,,,,,457,12,50,30,48
final_rank,,10,,910,tw97995384,,,,,,458,12,50,27,49.44
final_rank,,10,,426,tw45324854,,,,,,459,12,49,48,49.44
final_rank,,10,,1303,tw48526697,,,,,,460,12,49,42,51.56
final_rank,,10,,362,tw40135779,,,,,,461,12,49,42,48.78
final_rank,,10,,547,tw57615176,,,,,,462,12,49,42,48.33
final_rank,,10,,419,tw44475314,,,,,,463,12,49,39,50.22
final_rank,,10,,474,tw48927744,,,,,,464,12,49,39,48.56
final_rank,,10,,673,tw70903147,,,,,,465,12,49,39,48
final_rank,,10,,441,tw46362217,,,,,,466,12,49,36,51.78
final_rank,,10,,241,tw25634182,,,,,,467,12,49,36,48.44
final_rank,,10,,655,tw69425578,,,,,,468,12,49,36,47.44
final_rank,,10,,332,tw35995465,,,,,,469,12,49,33,49
final_rank,,10,,357,tw39290085,,,,,,470,12,49,30,52.11
final_rank,,10,,757,tw79992941,,,,,,471,12,49,30,48.11
final_rank,,10,,394,tw42723639,,,,,,472,12,49,18,48.33
final_rank,,10,,565,tw59882595,,,,,,473,12,48,45,53.22
final_rank,,10,,13,tw00968448,,,,,,474,12,48,36,49.67
final_rank,,10,,912,tw98211582,,,,,,475,12,48,36,46.44
final_rank,,10,,68,tw06441088,,,,,,476,12,48,33,46.78
final_rank,,10,,845,tw91594481,,,,,,477,12,48,18,50.56
final_rank,,10,,760,tw80267696,,,,,,478,12,47,42,49.22
final_rank,,10,,1291,tw24694611,,,,,,479,12,47,39,51.11
final_rank,,10,,311,tw33544977,,,,,,480,12,47,36,50.56
final_rank,,10,,734,tw77721211,,,,,,481,12,47,33,50.67
final_rank,,10,,268,tw28285341,,,,,,482,12,47,33,47.44
final_rank,,10,,927,tw99714386,,,,,,483,12,47,27,47.78
final_rank,,10,,412,tw44206611,,,,,,484,12,47,24,49.89
final_rank,,10,,933,tw99968646,,,,,,485,12,47,18,50.22
final_rank,,10,,488,tw50414993,,,,,,486,12,46,33,49.44
final_rank,,10,,641,tw67984683,,,,,,487,12,46,33,48.22
final_rank,,10,,107,tw11570874,,,,,,488,12,46,30,51.33
final_rank,,10,,806,tw86700066,,,,,,489,12,46,30,49.56
final_rank,,10,,229,tw24742864,,,,,,490,12,46,30,48.56
final_rank,,10,,1243,tw39114696,,,,,,491,12,46,30,47.11
final_rank,,10,,708,tw74682364,,,,,,492,12,46,30,45.11
final_rank,,10,,574,tw61277104,,,,,,493,12,46,27,49.56
final_rank,,10,,452,tw46969620,,,,,,494,12,46,27,46.11
final_rank,,10,,226,tw24459657,,,,,,495,12,46,24,49.56
final_rank,,10,,105,tw11498239,,,,,,496,12,46,24,47.78
final_rank,,10,,615,tw65158876,,,,,,497,12,46,21,50.56
final_rank,,10,,788,tw83606083,,,,,,498,12,46,21,50
final_rank,,10,,551,tw58450010,,,,,,499,12,45,45,48.89
final_rank,,10,,58,tw05246772,,,,,,500,12,45,33,51.11
final_rank,,11,,1476,tw92969664,,,,,,501,12,45,33,48.11
final_rank,,11,,846,tw91627311,,,,,,502,12,45,27,51.44
final_rank,,11,,475,tw48962901,,,,,,503,12,45,18,48
final_rank,,11,,228,tw24708906,,,,,,504,12,44,39,46.67
final_rank,,11,,463,tw48357143,,,,,,505,12,44,39,46.33
final_rank,,11,,324,tw35246471,,,,,,506,12,44,36,48
final_rank,,11,,810,tw87510571,,,,,,507,12,44,36,47.22
final_rank,,11,,1495,tw24845900,,,,,,508,12,44,36,47
final_rank,,11,,748,tw79250738,,,,,,509,12,44,27,45.33
final_rank,,11,,46,tw04255506,,,,,,510,12,44,24,48.67
final_rank,,11,,1450,tw40188987,,,,,,511,12,44,21,50.11
final_rank,,11,,683,tw71768773,,,,,,512,12,43,42,47.22
final_rank,,11,,779,tw82559799,,,,,,513,12,43,42,46.44
final_rank,,11,,862,tw93405316,,,,,,514,12,43,36,49.33
final_rank,,11,,582,tw61880666,,,,,,515,12,43,30,47.56
final_rank,,11,,1194,tw77975837,,,,,,516,12,43,27,51.33
final_rank,,11,,87,tw09239240,,,,,,517,12,43,27,49.89
final_rank,,11,,4,tw00162182,,,,,,518,12,42,36,49
final_rank,,11,,1433,tw77798178,,,,,,519,12,42,33,49.11
final_rank,,11,,674,tw71035218,,,,,,520,12,42,33,47.67
final_rank,,11,,427,tw45371614,,,,,,521,12,42,33,45.44
final_rank,,11,,491,tw50702110,,,,,,522,12,42,30,48.56
final_rank,,11,,672,tw70897596,,,,,,523,12,42,24,49.67
final_rank,,11,,429,tw45404381,,,,,,524,12,42,24,48.44
final_rank,,11,,420,tw44649735,,,,,,525,12,42,24,47.22
final_rank,,11,,246,tw26528058,,,,,,526,12,42,21,49.89
final_rank,,11,,298,tw32214798,,,,,,527,12,42,21,46.33
final_rank,,11,,141,tw14710630,,,,,,528,12,42,18,50.88
final_rank,,11,,119,tw13120137,,,,,,529,12,41,27,47.67
final_rank,,11,,690,tw72630270,,,,,,530,12,41,21,50.56
final_rank,,11,,206,tw22301558,,,,,,531,12,41,21,47
final_rank,,11,,625,tw66575998,,,,,,532,12,40,33,44.78
final_rank,,11,,432,tw45615575,,,,,,533,12,40,30,49.67
final_rank,,11,,543,tw57062134,,,,,,534,12,39,27,44.78
final_rank,,11,,102,tw11015212,,,,,,535,12,39,21,48.56
final_rank,,11,,855,tw92814087,,,,,,536,12,38,27,45.22
final_rank,,11,,872,tw94142249,,,,,,537,12,36,24,46.67
final_rank,,11,,98,tw10304280,,,,,,538,12,36,24,45.11
final_rank,,11,,581,tw61792938,,,,,,539,9,57,42,48.56
final_rank,,11,,526,tw54988993,,,,,,540,9,56,42,47.67
final_rank,,11,,184,tw18850000,,,,,,541,9,56,21,49
final_rank,,11,,223,tw24266071,,,,,,542,9,55,39,51.33
final_rank,,11,,531,tw55359182,,,,,,543,9,55,24,49.89
final_rank,,11,,1,tw00026251,,,,,,544,9,53,36,49
final_rank,,11,,854,tw92680673,,,,,,545,9,53,27,50.11
final_rank,,11,,492,tw50795757,,,,,,546,9,52,36,47.56
final_rank,,11,,438,tw46020620,,,,,,547,9,52,33,46.56
final_rank,,11,,1199,tw17401165,,,,,,548,9,52,27,47.44
final_rank,,11,,1886,tw86831721,,,,,,549,9,51,36,49.22
final_rank,,11,,326,tw35416653,,,,,,550,9,51,30,47.44
final_rank,,12,,497,tw51149657,,,,,,551,9,51,27,50.67
final_rank,,12,,3,tw00114747,,,,,,552,9,51,27,47.33
final_rank,,12,,124,tw13312253,,,,,,553,9,50,36,49.56
final_rank,,12,,360,tw39941788,,,,,,554,9,50,27,50.33
final_rank,,12,,295,tw31949622,,,,,,555,9,50,18,44.11
final_rank,,12,,256,tw27495272,,,,,,556,9,50,15,48.22
final_rank,,12,,723,tw76529055,,,,,,557,9,49,39,47.44
final_rank,,12,,727,tw76994845,,,,,,558,9,49,27,48.33
final_rank,,12,,212,tw22979539,,,,,,559,9,49,24,47.33
final_rank,,12,,36,tw03472100,,,,,,560,9,49,24,43.89
final_rank,,12,,765,tw81250238,,,,,,561,9,49,21,47.56
final_rank,,12,,236,tw25336636,,,,,,562,9,48,36,47.56
final_rank,,12,,560,tw59462193,,,,,,563,9,48,18,47.89
final_rank,,12,,1274,tw36167036,,,,,,564,9,48,15,47.44
final_rank,,12,,512,tw52704576,,,,,,565,9,47,21,49
final_rank,,12,,737,tw78077476,,,,,,566,9,47,21,47.44
final_rank,,12,,814,tw88117485,,,,,,567,9,47,18,46.89
final_rank,,12,,1617,tw77637602,,,,,,568,9,47,15,48.78
final_rank,,12,,269,tw28495767,,,,,,569,9,47,9,49.22
final_rank,,12,,320,tw34396906,,,,,,570,9,46,27,48.56
final_rank,,12,,378,tw41429367,,,,,,571,9,46,27,47
final_rank,,12,,343,tw37823321,,,,,,572,9,46,21,48.56
final_rank,,12,,334,tw36138720,,,,,,573,9,46,21,46.67
final_rank,,12,,687,tw72318939,,,,,,574,9,46,18,46.11
final_rank,,12,,624,tw66555509,,,,,,575,9,46,15,49.89
final_rank,,12,,550,tw58188995,,,,,,576,9,46,12,44.78
final_rank,,12,,367,tw40682117,,,,,,577,9,45,27,47.11
final_rank,,12,,479,tw49327411,,,,,,578,9,45,9,49.44
final_rank,,12,,1533,tw52951111,,,,,,579,9,45,9,45
final_rank,,12,,467,tw48596346,,,,,,580,9,44,27,46.33
final_rank,,12,,24,tw02559687,,,,,,581,9,44,27,43.89
final_rank,,12,,472,tw48889969,,,,,,582,9,44,18,45.56
final_rank,,12,,466,tw48555786,,,,,,583,9,44,15,49
final_rank,,12,,323,tw35187586,,,,,,584,9,44,15,46.67
final_rank,,12,,505,tw52149734,,,,,,585,9,44,15,45.44
final_rank,,12,,664,tw69925275,,,,,,586,9,44,9,45.67
final_rank,,12,,493,tw50820470,,,,,,587,9,43,21,47.11
final_rank,,12,,857,tw92986536,,,,,,588,9,43,21,45.67
final_rank,,12,,234,tw25188472,,,,,,589,9,43,9,44.44
final_rank,,12,,288,tw30959627,,,,,,590,9,43,3,47.33
final_rank,,12,,108,tw11612248,,,,,,591,9,42,30,46.56
final_rank,,12,,316,tw33852575,,,,,,592,9,42,21,43.67
final_rank,,12,,356,tw39192538,,,,,,593,9,42,18,46.89
final_rank,,12,,169,tw17453360,,,,,,594,9,42,18,44.67
final_rank,,12,,864,tw93529525,,,,,,595,9,42,18,44.11
final_rank,,12,,696,tw72928053,,,,,,596,9,42,15,43.78
final_rank,,12,,263,tw27943796,,,,,,597,9,42,12,45.44
final_rank,,12,,888,tw95818310,,,,,,597,9,42,12,45.44
final_rank,,12,,240,tw25571112,,,,,,599,9,40,21,48.67
final_rank,,12,,866,tw93786012,,,,,,600,9,40,21,46.63
final_rank,,13,,548,tw57767899,,,,,,601,9,40,18,43.56
final_rank,,13,,1805,tw68790007,,,,,,602,9,40,9,45.67
final_rank,,13,,629,tw66816512,,,,,,603,9,40,6,45.56
final_rank,,13,,747,tw79221888,,,,,,604,9,39,12,43.56
final_rank,,13,,364,tw40377456,,,,,,605,9,38,9,42.56
final_rank,,13,,451,tw46945068,,,,,,606,9,37,21,46.11
final_rank,,13,,221,tw24144676,,,,,,607,9,37,12,45.67
final_rank,,13,,213,tw23209128,,,,,,608,6,51,18,47.89
final_rank,,13,,667,tw70028105,,,,,,609,6,51,15,51.78
final_rank,,13,,440,tw46321576,,,,,,610,6,49,15,51.56
final_rank,,13,,12,tw00918141,,,,,,611,6,49,15,46.22
final_rank,,13,,65,tw06147611,,,,,,612,6,46,18,46.89
final_rank,,13,,882,tw95547681,,,,,,613,6,45,9,45
final_rank,,13,,924,tw99373374,,,,,,614,6,44,18,43.33
final_rank,,13,,1114,tw34649223,,,,,,615,6,44,3,44.25
final_rank,,13,,607,tw63898784,,,,,,616,6,43,12,43.67
final_rank,,13,,444,tw46643692,,,,,,617,6,43,9,45.67
final_rank,,13,,881,tw95401245,,,,,,618,6,43,3,49.78
final_rank,,13,,271,tw28672728,,,,,,619,6,43,0,45
final_rank,,13,,591,tw62459529,,,,,,620,6,42,21,47.44
final_rank,,13,,611,tw64793736,,,,,,621,6,42,12,45.89
final_rank,,13,,537,tw56387935,,,,,,622,6,41,12,45.33
final_rank,,13,,359,tw39697449,,,,,,623,6,41,6,47
final_rank,,13,,1726,tw59649267,,,,,,624,6,41,3,45
final_rank,,13,,890,tw96093664,,,,,,625,6,39,12,46.56
final_rank,,13,,81,tw08740331,,,,,,626,6,39,3,42.56
final_rank,,13,,325,tw35360901,,,,,,627,6,37,9,40.89
final_rank,,13,,171,tw17543456,,,,,,628,6,36,9,45.11
final_rank,,13,,289,tw30976792,,,,,,629,6,36,3,46.78
final_rank,,13,,1456,tw84048586,,,,,,630,6,34,6,42.5
final_rank,,13,,315,tw33820039,,,,,,631,3,43,0,42.33
final_rank,,13,,203,tw22183935,,,,,,632,3,39,6,40.33
final_rank,,13,,274,tw28988843,,,,,,633,3,37,0,42.78
final_rank,,13,,327,tw35684617,,,,,,634,0,40,0,43.67
