record_type,round,page_index,table_no,player_no,player_id,player_name,player_score,opponent_id,opponent_name,opponent_score,rank,total_score,omw_pct,wo_score,avomw_pct
round_pairing,Round 1,1,1,150,tw28187058,,,tw66459371,,,,,,,
round_pairing,Round 1,1,1,332,tw66459371,,,tw28187058,,,,,,,
round_pairing,Round 1,1,2,183,tw35214784,,,tw54988993,,,,,,,
round_pairing,Round 1,1,2,279,tw54988993,,,tw35214784,,,,,,,
round_pairing,Round 1,1,3,300,tw59914357,,,tw77550830,,,,,,,
round_pairing,Round 1,1,3,392,tw77550830,,,tw59914357,,,,,,,
round_pairing,Round 1,1,4,258,tw49388371,,,tw19640601,,,,,,,
round_pairing,Round 1,1,4,533,tw19640601,,,tw49388371,,,,,,,
round_pairing,Round 1,1,5,218,tw42563834,,,tw78539182,,,,,,,
round_pairing,Round 1,1,5,396,tw78539182,,,tw42563834,,,,,,,
round_pairing,Round 1,1,6,295,tw58984162,,,tw65483922,,,,,,,
round_pairing,Round 1,1,6,327,tw65483922,,,tw58984162,,,,,,,
round_pairing,Round 1,1,7,389,tw76529055,,,tw85568194,,,,,,,
round_pairing,Round 1,1,7,427,tw85568194,,,tw76529055,,,,,,,
round_pairing,Round 1,1,8,103,tw19377792,,,tw24854365,,,,,,,
round_pairing,Round 1,1,8,127,tw24854365,,,tw19377792,,,,,,,
round_pairing,Round 1,1,9,118,tw22487155,,,tw43633449,,,,,,,
round_pairing,Round 1,1,9,223,tw43633449,,,tw22487155,,,,,,,
round_pairing,Round 1,1,10,189,tw36173804,,,tw09638604,,,,,,,
round_pairing,Round 1,1,10,48,tw09638604,,,tw36173804,,,,,,,
round_pairing,Round 1,1,11,45,tw09490592,,,tw95954871,,,,,,,
round_pairing,Round 1,1,11,473,tw95954871,,,tw09490592,,,,,,,
round_pairing,Round 1,1,12,119,tw22529091,,,tw45485735,,,,,,,
round_pairing,Round 1,1,12,233,tw45485735,,,tw22529091,,,,,,,
round_pairing,Round 1,1,13,175,tw33274690,,,tw65235703,,,,,,,
round_pairing,Round 1,1,13,326,tw65235703,,,tw33274690,,,,,,,
round_pairing,Round 1,1,14,309,tw61583819,,,tw94737903,,,,,,,
round_pairing,Round 1,1,14,468,tw94737903,,,tw61583819,,,,,,,
round_pairing,Round 1,1,15,234,tw45498080,,,tw09574160,,,,,,,
round_pairing,Round 1,1,15,47,tw09574160,,,tw45498080,,,,,,,
round_pairing,Round 1,1,16,100,tw18638755,,,tw43692869,,,,,,,
round_pairing,Round 1,1,16,224,tw43692869,,,tw18638755,,,,,,,
round_pairing,Round 1,1,17,209,tw41286139,,,tw77123317,,,,,,,
round_pairing,Round 1,1,17,391,tw77123317,,,tw41286139,,,,,,,
round_pairing,Round 1,1,18,323,tw64793736,,,tw84249252,,,,,,,
round_pairing,Round 1,1,18,419,tw84249252,,,tw64793736,,,,,,,
round_pairing,Round 1,1,19,496,tw99714386,,,tw15533641,,,,,,,
round_pairing,Round 1,1,19,80,tw15533641,,,tw99714386,,,,,,,
round_pairing,Round 1,1,20,11,tw02559687,,,tw12134806,,,,,,,
round_pairing,Round 1,1,20,62,tw12134806,,,tw02559687,,,,,,,
round_pairing,Round 1,1,21,134,tw25974925,,,tw95570205,,,,,,,
round_pairing,Round 1,1,21,471,tw95570205,,,tw25974925,,,,,,,
round_pairing,Round 1,1,22,393,tw77699656,,,tw79723871,,,,,,,
round_pairing,Round 1,1,22,404,tw79723871,,,tw77699656,,,,,,,
round_pairing,Round 1,1,23,187,tw35861851,,,tw76086171,,,,,,,
round_pairing,Round 1,1,23,384,tw76086171,,,tw35861851,,,,,,,
round_pairing,Round 1,1,24,184,tw35246471,,,tw19127861,,,,,,,
round_pairing,Round 1,1,24,531,tw19127861,,,tw35246471,,,,,,,
round_pairing,Round 1,1,25,105,tw20116252,,,tw47033046,,,,,,,
round_pairing,Round 1,1,25,245,tw47033046,,,tw20116252,,,,,,,
round_pairing,Round 1,2,26,315,tw63508480,,,tw58380842,,,,,,,
round_pairing,Round 1,2,26,522,tw58380842,,,tw63508480,,,,,,,
round_pairing,Round 1,2,27,380,tw75551324,,,tw90337288,,,,,,,
round_pairing,Round 1,2,27,445,tw90337288,,,tw75551324,,,,,,,
round_pairing,Round 1,2,28,230,tw44562605,,,tw89297350,,,,,,,
round_pairing,Round 1,2,28,439,tw89297350,,,tw44562605,,,,,,,
round_pairing,Round 1,2,29,216,tw42309306,,,tw99958274,,,,,,,
round_pairing,Round 1,2,29,500,tw99958274,,,tw42309306,,,,,,,
round_pairing,Round 1,2,30,32,tw06400208,,,tw11570874,,,,,,,
round_pairing,Round 1,2,30,55,tw11570874,,,tw06400208,,,,,,,
round_pairing,Round 1,2,31,479,tw97165922,,,tw89609352,,,,,,,
round_pairing,Round 1,2,31,538,tw89609352,,,tw97165922,,,,,,,
round_pairing,Round 1,2,32,377,tw75037148,,,tw14487551,,,,,,,
round_pairing,Round 1,2,32,75,tw14487551,,,tw75037148,,,,,,,
round_pairing,Round 1,2,33,481,tw97627454,,,tw12035691,,,,,,,
round_pairing,Round 1,2,33,61,tw12035691,,,tw97627454,,,,,,,
round_pairing,Round 1,2,34,143,tw27419844,,,tw56416986,,,,,,,
round_pairing,Round 1,2,34,286,tw56416986,,,tw27419844,,,,,,,
round_pairing,Round 1,2,35,188,tw36138720,,,tw30011078,,,,,,,
round_pairing,Round 1,2,35,528,tw30011078,,,tw36138720,,,,,,,
round_pairing,Round 1,2,36,222,tw43380150,,,tw73911906,,,,,,,
round_pairing,Round 1,2,36,369,tw73911906,,,tw43380150,,,,,,,
round_pairing,Round 1,2,37,226,tw44127879,,,tw68088789,,,,,,,
round_pairing,Round 1,2,37,342,tw68088789,,,tw44127879,,,,,,,
round_pairing,Round 1,2,38,153,tw29121960,,,tw08855722,,,,,,,
round_pairing,Round 1,2,38,41,tw08855722,,,tw29121960,,,,,,,
round_pairing,Round 1,2,39,446,tw90556916,,,tw91720502,,,,,,,
round_pairing,Round 1,2,39,451,tw91720502,,,tw90556916,,,,,,,
round_pairing,Round 1,2,40,176,tw33446875,,,tw08560123,,,,,,,
round_pairing,Round 1,2,40,40,tw08560123,,,tw33446875,,,,,,,
round_pairing,Round 1,2,41,343,tw68151227,,,tw12769027,,,,,,,
round_pairing,Round 1,2,41,532,tw12769027,,,tw68151227,,,,,,,
round_pairing,Round 1,2,42,195,tw37556303,,,tw71029745,,,,,,,
round_pairing,Round 1,2,42,358,tw71029745,,,tw37556303,,,,,,,
round_pairing,Round 1,2,43,324,tw65156718,,,tw85855405,,,,,,,
round_pairing,Round 1,2,43,429,tw85855405,,,tw65156718,,,,,,,
round_pairing,Round 1,2,44,122,tw23249034,,,tw55000893,,,,,,,
round_pairing,Round 1,2,44,280,tw55000893,,,tw23249034,,,,,,,
round_pairing,Round 1,2,45,269,tw52488439,,,tw65233698,,,,,,,
round_pairing,Round 1,2,45,325,tw65233698,,,tw52488439,,,,,,,
round_pairing,Round 1,2,46,302,tw60256639,,,tw69376751,,,,,,,
round_pairing,Round 1,2,46,349,tw69376751,,,tw60256639,,,,,,,
round_pairing,Round 1,2,47,128,tw24928885,,,tw37257975,,,,,,,
round_pairing,Round 1,2,47,193,tw37257975,,,tw24928885,,,,,,,
round_pairing,Round 1,2,48,22,tw04564553,,,tw58781969,,,,,,,
round_pairing,Round 1,2,48,293,tw58781969,,,tw04564553,,,,,,,
round_pairing,Round 1,2,49,227,tw44206611,,,tw79476009,,,,,,,
round_pairing,Round 1,2,49,403,tw79476009,,,tw44206611,,,,,,,
round_pairing,Round 1,2,50,213,tw41682200,,,tw04566463,,,,,,,
round_pairing,Round 1,2,50,23,tw04566463,,,tw41682200,,,,,,,
round_pairing,Round 1,3,51,253,tw48962901,,,tw90806836,,,,,,,
round_pairing,Round 1,3,51,534,tw90806836,,,tw48962901,,,,,,,
round_pairing,Round 1,3,52,232,tw45233917,,,tw68822994,,,,,,,
round_pairing,Round 1,3,52,346,tw68822994,,,tw45233917,,,,,,,
round_pairing,Round 1,3,53,255,tw49159270,,,tw14152067,,,,,,,
round_pairing,Round 1,3,53,74,tw14152067,,,tw49159270,,,,,,,
round_pairing,Round 1,3,54,259,tw49759795,,,tw85563070,,,,,,,
round_pairing,Round 1,3,54,426,tw85563070,,,tw49759795,,,,,,,
round_pairing,Round 1,3,55,139,tw26839664,,,tw74568091,,,,,,,
round_pairing,Round 1,3,55,375,tw74568091,,,tw26839664,,,,,,,
round_pairing,Round 1,3,56,10,tw02106832,,,tw02752748,,,,,,,
round_pairing,Round 1,3,56,536,tw02752748,,,tw02106832,,,,,,,
round_pairing,Round 1,3,57,304,tw60311204,,,tw62020476,,,,,,,
round_pairing,Round 1,3,57,310,tw62020476,,,tw60311204,,,,,,,
round_pairing,Round 1,3,58,131,tw25488947,,,tw87316906,,,,,,,
round_pairing,Round 1,3,58,433,tw87316906,,,tw25488947,,,,,,,
round_pairing,Round 1,3,59,207,tw40595661,,,tw59842400,,,,,,,
round_pairing,Round 1,3,59,298,tw59842400,,,tw40595661,,,,,,,
round_pairing,Round 1,3,60,162,tw31422118,,,tw07927124,,,,,,,
round_pairing,Round 1,3,60,39,tw07927124,,,tw31422118,,,,,,,
round_pairing,Round 1,3,61,194,tw37453841,,,tw53028908,,,,,,,
round_pairing,Round 1,3,61,272,tw53028908,,,tw37453841,,,,,,,
round_pairing,Round 1,3,62,331,tw66327435,,,tw32830944,,,,,,,
round_pairing,Round 1,3,62,512,tw32830944,,,tw66327435,,,,,,,
round_pairing,Round 1,3,63,338,tw67716132,,,tw31348624,,,,,,,
round_pairing,Round 1,3,63,514,tw31348624,,,tw67716132,,,,,,,
round_pairing,Round 1,3,64,299,tw59882595,,,tw76407729,,,,,,,
round_pairing,Round 1,3,64,388,tw76407729,,,tw59882595,,,,,,,
round_pairing,Round 1,3,65,277,tw54430001,,,tw56970260,,,,,,,
round_pairing,Round 1,3,65,540,tw56970260,,,tw54430001,,,,,,,
round_pairing,Round 1,3,66,141,tw26935289,,,tw47904340,,,,,,,
round_pairing,Round 1,3,66,247,tw47904340,,,tw26935289,,,,,,,
round_pairing,Round 1,3,67,38,tw07460167,,,tw86177796,,,,,,,
round_pairing,Round 1,3,67,430,tw86177796,,,tw07460167,,,,,,,
round_pairing,Round 1,3,68,483,tw97857197,,,tw45696531,,,,,,,
round_pairing,Round 1,3,68,525,tw45696531,,,tw97857197,,,,,,,
round_pairing,Round 1,3,69,273,tw53540804,,,tw16569141,,,,,,,
round_pairing,Round 1,3,69,88,tw16569141,,,tw53540804,,,,,,,
round_pairing,Round 1,3,70,307,tw60751700,,,tw32980664,,,,,,,
round_pairing,Round 1,3,70,506,tw32980664,,,tw60751700,,,,,,,
round_pairing,Round 1,3,71,135,tw26095879,,,tw45725328,,,,,,,
round_pairing,Round 1,3,71,236,tw45725328,,,tw26095879,,,,,,,
round_pairing,Round 1,3,72,4,tw00587002,,,tw97885633,,,,,,,
round_pairing,Round 1,3,72,484,tw97885633,,,tw00587002,,,,,,,
round_pairing,Round 1,3,73,340,tw67886635,,,tw75712938,,,,,,,
round_pairing,Round 1,3,73,381,tw75712938,,,tw67886635,,,,,,,
round_pairing,Round 1,3,74,12,tw02856732,,,tw46798799,,,,,,,
round_pairing,Round 1,3,74,244,tw46798799,,,tw02856732,,,,,,,
round_pairing,Round 1,3,75,410,tw81250238,,,tw24111275,,,,,,,
round_pairing,Round 1,3,75,511,tw24111275,,,tw81250238,,,,,,,
round_pairing,Round 1,4,76,276,tw54351682,,,tw79188375,,,,,,,
round_pairing,Round 1,4,76,400,tw79188375,,,tw54351682,,,,,,,
round_pairing,Round 1,4,77,422,tw84828731,,,tw13830995,,,,,,,
round_pairing,Round 1,4,77,70,tw13830995,,,tw84828731,,,,,,,
round_pairing,Round 1,4,78,155,tw29518941,,,tw82946495,,,,,,,
round_pairing,Round 1,4,78,415,tw82946495,,,tw29518941,,,,,,,
round_pairing,Round 1,4,79,432,tw87015354,,,tw13174665,,,,,,,
round_pairing,Round 1,4,79,64,tw13174665,,,tw87015354,,,,,,,
round_pairing,Round 1,4,80,383,tw75774280,,,tw09704151,,,,,,,
round_pairing,Round 1,4,80,504,tw09704151,,,tw75774280,,,,,,,
round_pairing,Round 1,4,81,386,tw76258268,,,tw83751916,,,,,,,
round_pairing,Round 1,4,81,417,tw83751916,,,tw76258268,,,,,,,
round_pairing,Round 1,4,82,344,tw68209178,,,tw69628359,,,,,,,
round_pairing,Round 1,4,82,351,tw69628359,,,tw68209178,,,,,,,
round_pairing,Round 1,4,83,243,tw46795660,,,tw96093664,,,,,,,
round_pairing,Round 1,4,83,474,tw96093664,,,tw46795660,,,,,,,
round_pairing,Round 1,4,84,337,tw67604361,,,tw13965222,,,,,,,
round_pairing,Round 1,4,84,71,tw13965222,,,tw67604361,,,,,,,
round_pairing,Round 1,4,85,434,tw88117485,,,tw90967766,,,,,,,
round_pairing,Round 1,4,85,449,tw90967766,,,tw88117485,,,,,,,
round_pairing,Round 1,4,86,229,tw44380087,,,tw65753780,,,,,,,
round_pairing,Round 1,4,86,328,tw65753780,,,tw44380087,,,,,,,
round_pairing,Round 1,4,87,296,tw59054436,,,tw01478107,,,,,,,
round_pairing,Round 1,4,87,8,tw01478107,,,tw59054436,,,,,,,
round_pairing,Round 1,4,88,287,tw56468849,,,tw79100139,,,,,,,
round_pairing,Round 1,4,88,529,tw79100139,,,tw56468849,,,,,,,
round_pairing,Round 1,4,89,364,tw72776789,,,tw89047117,,,,,,,
round_pairing,Round 1,4,89,438,tw89047117,,,tw72776789,,,,,,,
round_pairing,Round 1,4,90,370,tw73917548,,,tw77679011,,,,,,,
round_pairing,Round 1,4,90,523,tw77679011,,,tw73917548,,,,,,,
round_pairing,Round 1,4,91,156,tw29536370,,,tw54347311,,,,,,,
round_pairing,Round 1,4,91,275,tw54347311,,,tw29536370,,,,,,,
round_pairing,Round 1,4,92,174,tw33097520,,,tw84665181,,,,,,,
round_pairing,Round 1,4,92,421,tw84665181,,,tw33097520,,,,,,,
round_pairing,Round 1,4,93,3,tw00572856,,,tw33742727,,,,,,,
round_pairing,Round 1,4,93,507,tw33742727,,,tw00572856,,,,,,,
round_pairing,Round 1,4,94,508,tw44133543,,,tw13786805,,,,,,,
round_pairing,Round 1,4,94,69,tw13786805,,,tw44133543,,,,,,,
round_pairing,Round 1,4,95,221,tw43118125,,,tw08856107,,,,,,,
round_pairing,Round 1,4,95,42,tw08856107,,,tw43118125,,,,,,,
round_pairing,Round 1,4,96,470,tw95120042,,,tw99373374,,,,,,,
round_pairing,Round 1,4,96,495,tw99373374,,,tw95120042,,,,,,,
round_pairing,Round 1,4,97,14,tw03389371,,,tw50328610,,,,,,,
round_pairing,Round 1,4,97,261,tw50328610,,,tw03389371,,,,,,,
round_pairing,Round 1,4,98,260,tw50239297,,,tw71976921,,,,,,,
round_pairing,Round 1,4,98,360,tw71976921,,,tw50239297,,,,,,,
round_pairing,Round 1,4,99,120,tw23209128,,,tw33820039,,,,,,,
round_pairing,Round 1,4,99,180,tw33820039,,,tw23209128,,,,,,,
round_pairing,Round 1,4,100,178,tw33785925,,,tw37870020,,,,,,,
round_pairing,Round 1,4,100,197,tw37870020,,,tw33785925,,,,,,,
round_pairing,Round 1,5,101,146,tw27632184,,,tw05197795,,,,,,,
round_pairing,Round 1,5,101,24,tw05197795,,,tw27632184,,,,,,,
round_pairing,Round 1,5,102,112,tw21246264,,,tw60511158,,,,,,,
round_pairing,Round 1,5,102,306,tw60511158,,,tw21246264,,,,,,,
round_pairing,Round 1,5,103,20,tw04255506,,,tw75380665,,,,,,,
round_pairing,Round 1,5,103,379,tw75380665,,,tw04255506,,,,,,,
round_pairing,Round 1,5,104,246,tw47551870,,,tw64220350,,,,,,,
round_pairing,Round 1,5,104,321,tw64220350,,,tw47551870,,,,,,,
round_pairing,Round 1,5,105,266,tw52127289,,,tw74542521,,,,,,,
round_pairing,Round 1,5,105,374,tw74542521,,,tw52127289,,,,,,,
round_pairing,Round 1,5,106,313,tw63238788,,,tw17203659,,,,,,,
round_pairing,Round 1,5,106,92,tw17203659,,,tw63238788,,,,,,,
round_pairing,Round 1,5,107,169,tw32452069,,,tw52162016,,,,,,,
round_pairing,Round 1,5,107,267,tw52162016,,,tw32452069,,,,,,,
round_pairing,Round 1,5,108,448,tw90875911,,,tw45178021,,,,,,,
round_pairing,Round 1,5,108,535,tw45178021,,,tw90875911,,,,,,,
round_pairing,Round 1,5,109,142,tw27347873,,,tw07237919,,,,,,,
round_pairing,Round 1,5,109,510,tw07237919,,,tw27347873,,,,,,,
round_pairing,Round 1,5,110,463,tw93405316,,,tw16728082,,,,,,,
round_pairing,Round 1,5,110,526,tw16728082,,,tw93405316,,,,,,,
round_pairing,Round 1,5,111,443,tw89811739,,,tw95656910,,,,,,,
round_pairing,Round 1,5,111,472,tw95656910,,,tw89811739,,,,,,,
round_pairing,Round 1,5,112,50,tw09881291,,,tw15115105,,,,,,,
round_pairing,Round 1,5,112,79,tw15115105,,,tw09881291,,,,,,,
round_pairing,Round 1,5,113,163,tw31738493,,,tw41073870,,,,,,,
round_pairing,Round 1,5,113,208,tw41073870,,,tw31738493,,,,,,,
round_pairing,Round 1,5,114,202,tw39174853,,,tw55332465,,,,,,,
round_pairing,Round 1,5,114,283,tw55332465,,,tw39174853,,,,,,,
round_pairing,Round 1,5,115,173,tw33005835,,,tw70061764,,,,,,,
round_pairing,Round 1,5,115,354,tw70061764,,,tw33005835,,,,,,,
round_pairing,Round 1,5,116,274,tw53723254,,,tw72829984,,,,,,,
round_pairing,Round 1,5,116,365,tw72829984,,,tw53723254,,,,,,,
round_pairing,Round 1,5,117,126,tw24144676,,,tw92252047,,,,,,,
round_pairing,Round 1,5,117,519,tw92252047,,,tw24144676,,,,,,,
round_pairing,Round 1,5,118,117,tw22462226,,,tw65994043,,,,,,,
round_pairing,Round 1,5,118,520,tw65994043,,,tw22462226,,,,,,,
round_pairing,Round 1,5,119,211,tw41429367,,,tw53806573,,,,,,,
round_pairing,Round 1,5,119,503,tw53806573,,,tw41429367,,,,,,,
round_pairing,Round 1,5,120,35,tw07020662,,,tw09347309,,,,,,,
round_pairing,Round 1,5,120,43,tw09347309,,,tw07020662,,,,,,,
round_pairing,Round 1,5,121,408,tw81121676,,,tw98870995,,,,,,,
round_pairing,Round 1,5,121,488,tw98870995,,,tw81121676,,,,,,,
round_pairing,Round 1,5,122,157,tw29731640,,,tw54760232,,,,,,,
round_pairing,Round 1,5,122,278,tw54760232,,,tw29731640,,,,,,,
round_pairing,Round 1,5,123,284,tw56012620,,,tw99732460,,,,,,,
round_pairing,Round 1,5,123,497,tw99732460,,,tw56012620,,,,,,,
round_pairing,Round 1,5,124,171,tw32902575,,,tw10410998,,,,,,,
round_pairing,Round 1,5,124,52,tw10410998,,,tw32902575,,,,,,,
round_pairing,Round 1,5,125,84,tw16132632,,,tw18276049,,,,,,,
round_pairing,Round 1,5,125,96,tw18276049,,,tw16132632,,,,,,,
round_pairing,Round 1,6,126,159,tw30267620,,,tw63518115,,,,,,,
round_pairing,Round 1,6,126,316,tw63518115,,,tw30267620,,,,,,,
round_pairing,Round 1,6,127,185,tw35693064,,,tw49160488,,,,,,,
round_pairing,Round 1,6,127,256,tw49160488,,,tw35693064,,,,,,,
round_pairing,Round 1,6,128,113,tw21543308,,,tw28728192,,,,,,,
round_pairing,Round 1,6,128,151,tw28728192,,,tw21543308,,,,,,,
round_pairing,Round 1,6,129,138,tw26670105,,,tw58817602,,,,,,,
round_pairing,Round 1,6,129,294,tw58817602,,,tw26670105,,,,,,,
round_pairing,Round 1,6,130,51,tw09914156,,,tw18468179,,,,,,,
round_pairing,Round 1,6,130,97,tw18468179,,,tw09914156,,,,,,,
round_pairing,Round 1,6,131,265,tw51465600,,,tw57948434,,,,,,,
round_pairing,Round 1,6,131,291,tw57948434,,,tw51465600,,,,,,,
round_pairing,Round 1,6,132,490,tw99072428,,,tw11292760,,,,,,,
round_pairing,Round 1,6,132,54,tw11292760,,,tw99072428,,,,,,,
round_pairing,Round 1,6,133,241,tw46705939,,,tw69069593,,,,,,,
round_pairing,Round 1,6,133,347,tw69069593,,,tw46705939,,,,,,,
round_pairing,Round 1,6,134,124,tw23712439,,,tw61279434,,,,,,,
round_pairing,Round 1,6,134,308,tw61279434,,,tw23712439,,,,,,,
round_pairing,Round 1,6,135,33,tw06554451,,,tw79834153,,,,,,,
round_pairing,Round 1,6,135,405,tw79834153,,,tw06554451,,,,,,,
round_pairing,Round 1,6,136,401,tw79280986,,,tw93999361,,,,,,,
round_pairing,Round 1,6,136,466,tw93999361,,,tw79280986,,,,,,,
round_pairing,Round 1,6,137,26,tw05373669,,,tw88607252,,,,,,,
round_pairing,Round 1,6,137,436,tw88607252,,,tw05373669,,,,,,,
round_pairing,Round 1,6,138,240,tw46423373,,,tw99926791,,,,,,,
round_pairing,Round 1,6,138,499,tw99926791,,,tw46423373,,,,,,,
round_pairing,Round 1,6,139,18,tw04061481,,,tw39185310,,,,,,,
round_pairing,Round 1,6,139,204,tw39185310,,,tw04061481,,,,,,,
round_pairing,Round 1,6,140,394,tw77877383,,,tw18584107,,,,,,,
round_pairing,Round 1,6,140,99,tw18584107,,,tw77877383,,,,,,,
round_pairing,Round 1,6,141,101,tw18844404,,,tw73048413,,,,,,,
round_pairing,Round 1,6,141,366,tw73048413,,,tw18844404,,,,,,,
round_pairing,Round 1,6,142,387,tw76371566,,,tw13120137,,,,,,,
round_pairing,Round 1,6,142,63,tw13120137,,,tw76371566,,,,,,,
round_pairing,Round 1,6,143,167,tw32214798,,,tw13454619,,,,,,,
round_pairing,Round 1,6,143,67,tw13454619,,,tw32214798,,,,,,,
round_pairing,Round 1,6,144,172,tw33002183,,,tw66520026,,,,,,,
round_pairing,Round 1,6,144,333,tw66520026,,,tw33002183,,,,,,,
round_pairing,Round 1,6,145,104,tw19522331,,,tw99241716,,,,,,,
round_pairing,Round 1,6,145,493,tw99241716,,,tw19522331,,,,,,,
round_pairing,Round 1,6,146,140,tw26851444,,,tw46738666,,,,,,,
round_pairing,Round 1,6,146,242,tw46738666,,,tw26851444,,,,,,,
round_pairing,Round 1,6,147,238,tw46030050,,,tw16645990,,,,,,,
round_pairing,Round 1,6,147,90,tw16645990,,,tw46030050,,,,,,,
round_pairing,Round 1,6,148,154,tw29404493,,,tw44874553,,,,,,,
round_pairing,Round 1,6,148,231,tw44874553,,,tw29404493,,,,,,,
round_pairing,Round 1,6,149,262,tw50567676,,,tw00918141,,,,,,,
round_pairing,Round 1,6,149,6,tw00918141,,,tw50567676,,,,,,,
round_pairing,Round 1,6,150,237,tw45806310,,,tw82981600,,,,,,,
round_pairing,Round 1,6,150,416,tw82981600,,,tw45806310,,,,,,,
round_pairing,Round 1,7,151,116,tw22007891,,,tw36759052,,,,,,,
round_pairing,Round 1,7,151,190,tw36759052,,,tw22007891,,,,,,,
round_pairing,Round 1,7,152,289,tw57017359,,,tw84991038,,,,,,,
round_pairing,Round 1,7,152,423,tw84991038,,,tw57017359,,,,,,,
round_pairing,Round 1,7,153,355,tw70273656,,,tw89643656,,,,,,,
round_pairing,Round 1,7,153,442,tw89643656,,,tw70273656,,,,,,,
round_pairing,Round 1,7,154,450,tw91555335,,,tw15946908,,,,,,,
round_pairing,Round 1,7,154,83,tw15946908,,,tw91555335,,,,,,,
round_pairing,Round 1,7,155,110,tw21064937,,,tw00787146,,,,,,,
round_pairing,Round 1,7,155,5,tw00787146,,,tw21064937,,,,,,,
round_pairing,Round 1,7,156,170,tw32709946,,,tw15849812,,,,,,,
round_pairing,Round 1,7,156,82,tw15849812,,,tw32709946,,,,,,,
round_pairing,Round 1,7,157,107,tw20156409,,,tw73106123,,,,,,,
round_pairing,Round 1,7,157,367,tw73106123,,,tw20156409,,,,,,,
round_pairing,Round 1,7,158,121,tw23228412,,,tw05399034,,,,,,,
round_pairing,Round 1,7,158,27,tw05399034,,,tw23228412,,,,,,,
round_pairing,Round 1,7,159,106,tw20118339,,,tw05932500,,,,,,,
round_pairing,Round 1,7,159,29,tw05932500,,,tw20118339,,,,,,,
round_pairing,Round 1,7,160,114,tw21654272,,,tw81736494,,,,,,,
round_pairing,Round 1,7,160,412,tw81736494,,,tw21654272,,,,,,,
round_pairing,Round 1,7,161,292,tw58028303,,,tw59471628,,,,,,,
round_pairing,Round 1,7,161,297,tw59471628,,,tw58028303,,,,,,,
round_pairing,Round 1,7,162,217,tw42455002,,,tw91797530,,,,,,,
round_pairing,Round 1,7,162,452,tw91797530,,,tw42455002,,,,,,,
round_pairing,Round 1,7,163,25,tw05346170,,,tw98649601,,,,,,,
round_pairing,Round 1,7,163,487,tw98649601,,,tw05346170,,,,,,,
round_pairing,Round 1,7,164,164,tw32020032,,,tw78077476,,,,,,,
round_pairing,Round 1,7,164,395,tw78077476,,,tw32020032,,,,,,,
round_pairing,Round 1,7,165,133,tw25684532,,,tw18480972,,,,,,,
round_pairing,Round 1,7,165,98,tw18480972,,,tw25684532,,,,,,,
round_pairing,Round 1,7,166,13,tw03063725,,,tw95045687,,,,,,,
round_pairing,Round 1,7,166,469,tw95045687,,,tw03063725,,,,,,,
round_pairing,Round 1,7,167,177,tw33544977,,,tw16207920,,,,,,,
round_pairing,Round 1,7,167,86,tw16207920,,,tw33544977,,,,,,,
round_pairing,Round 1,7,168,198,tw37918429,,,tw16152234,,,,,,,
round_pairing,Round 1,7,168,85,tw16152234,,,tw37918429,,,,,,,
round_pairing,Round 1,7,169,165,tw32141014,,,tw92544749,,,,,,,
round_pairing,Round 1,7,169,458,tw92544749,,,tw32141014,,,,,,,
round_pairing,Round 1,7,170,418,tw84048586,,,tw84406921,,,,,,,
round_pairing,Round 1,7,170,420,tw84406921,,,tw84048586,,,,,,,
round_pairing,Round 1,7,171,239,tw46076033,,,tw62315993,,,,,,,
round_pairing,Round 1,7,171,311,tw62315993,,,tw46076033,,,,,,,
round_pairing,Round 1,7,172,453,tw91803326,,,tw09710972,,,,,,,
round_pairing,Round 1,7,172,49,tw09710972,,,tw91803326,,,,,,,
round_pairing,Round 1,7,173,359,tw71730704,,,tw58450010,,,,,,,
round_pairing,Round 1,7,173,502,tw58450010,,,tw71730704,,,,,,,
round_pairing,Round 1,7,174,111,tw21206685,,,tw01012666,,,,,,,
round_pairing,Round 1,7,174,7,tw01012666,,,tw21206685,,,,,,,
round_pairing,Round 1,7,175,182,tw34557355,,,tw14788730,,,,,,,
round_pairing,Round 1,7,175,76,tw14788730,,,tw34557355,,,,,,,
round_pairing,Round 1,8,176,160,tw30379002,,,tw16621728,,,,,,,
round_pairing,Round 1,8,176,89,tw16621728,,,tw30379002,,,,,,,
round_pairing,Round 1,8,177,148,tw28113144,,,tw99213849,,,,,,,
round_pairing,Round 1,8,177,491,tw99213849,,,tw28113144,,,,,,,
round_pairing,Round 1,8,178,254,tw49045992,,,tw70378594,,,,,,,
round_pairing,Round 1,8,178,517,tw70378594,,,tw49045992,,,,,,,
round_pairing,Round 1,8,179,362,tw72244502,,,tw13257786,,,,,,,
round_pairing,Round 1,8,179,66,tw13257786,,,tw72244502,,,,,,,
round_pairing,Round 1,8,180,15,tw03463518,,,tw02559687,,,,,,,
round_pairing,Round 1,8,180,515,tw02559687,,,tw03463518,,,,,,,
round_pairing,Round 1,8,181,31,tw06169660,,,tw66588143,,,,,,,
round_pairing,Round 1,8,181,334,tw66588143,,,tw06169660,,,,,,,
round_pairing,Round 1,8,182,28,tw05925639,,,tw11795582,,,,,,,
round_pairing,Round 1,8,182,59,tw11795582,,,tw05925639,,,,,,,
round_pairing,Round 1,8,183,136,tw26528058,,,tw38671111,,,,,,,
round_pairing,Round 1,8,183,200,tw38671111,,,tw26528058,,,,,,,
round_pairing,Round 1,8,184,312,tw62977877,,,tw92496269,,,,,,,
round_pairing,Round 1,8,184,457,tw92496269,,,tw62977877,,,,,,,
round_pairing,Round 1,8,185,132,tw25634182,,,tw87970697,,,,,,,
round_pairing,Round 1,8,185,509,tw87970697,,,tw25634182,,,,,,,
round_pairing,Round 1,8,186,144,tw27563265,,,tw10467123,,,,,,,
round_pairing,Round 1,8,186,53,tw10467123,,,tw27563265,,,,,,,
round_pairing,Round 1,8,187,345,tw68763677,,,tw79411276,,,,,,,
round_pairing,Round 1,8,187,402,tw79411276,,,tw68763677,,,,,,,
round_pairing,Round 1,8,188,248,tw47949585,,,tw57615176,,,,,,,
round_pairing,Round 1,8,188,290,tw57615176,,,tw47949585,,,,,,,
round_pairing,Round 1,8,189,413,tw82119121,,,tw96947201,,,,,,,
round_pairing,Round 1,8,189,477,tw96947201,,,tw82119121,,,,,,,
round_pairing,Round 1,8,190,397,tw78657682,,,tw97351630,,,,,,,
round_pairing,Round 1,8,190,480,tw97351630,,,tw78657682,,,,,,,
round_pairing,Round 1,8,191,212,tw41563340,,,tw55069236,,,,,,,
round_pairing,Round 1,8,191,281,tw55069236,,,tw41563340,,,,,,,
round_pairing,Round 1,8,192,270,tw52663760,,,tw06996284,,,,,,,
round_pairing,Round 1,8,192,34,tw06996284,,,tw52663760,,,,,,,
round_pairing,Round 1,8,193,125,tw23764220,,,tw91823318,,,,,,,
round_pairing,Round 1,8,193,454,tw91823318,,,tw23764220,,,,,,,
round_pairing,Round 1,8,194,129,tw25188472,,,tw11612248,,,,,,,
round_pairing,Round 1,8,194,56,tw11612248,,,tw25188472,,,,,,,
round_pairing,Round 1,8,195,201,tw38784734,,,tw16526802,,,,,,,
round_pairing,Round 1,8,195,87,tw16526802,,,tw38784734,,,,,,,
round_pairing,Round 1,8,196,440,tw89407764,,,tw93020902,,,,,,,
round_pairing,Round 1,8,196,460,tw93020902,,,tw89407764,,,,,,,
round_pairing,Round 1,8,197,376,tw74945392,,,tw11978505,,,,,,,
round_pairing,Round 1,8,197,60,tw11978505,,,tw74945392,,,,,,,
round_pairing,Round 1,8,198,199,tw38482720,,,tw11739209,,,,,,,
round_pairing,Round 1,8,198,58,tw11739209,,,tw38482720,,,,,,,
round_pairing,Round 1,8,199,115,tw21820105,,,tw32167594,,,,,,,
round_pairing,Round 1,8,199,166,tw32167594,,,tw21820105,,,,,,,
round_pairing,Round 1,8,200,356,tw70588343,,,tw98988500,,,,,,,
round_pairing,Round 1,8,200,489,tw98988500,,,tw70588343,,,,,,,
round_pairing,Round 1,9,201,192,tw36824056,,,tw97138451,,,,,,,
round_pairing,Round 1,9,201,478,tw97138451,,,tw36824056,,,,,,,
round_pairing,Round 1,9,202,210,tw41398048,,,tw13229345,,,,,,,
round_pairing,Round 1,9,202,65,tw13229345,,,tw41398048,,,,,,,
round_pairing,Round 1,9,203,425,tw85470107,,,tw85823053,,,,,,,
round_pairing,Round 1,9,203,428,tw85823053,,,tw85470107,,,,,,,
round_pairing,Round 1,9,204,373,tw74371443,,,tw75204861,,,,,,,
round_pairing,Round 1,9,204,378,tw75204861,,,tw74371443,,,,,,,
round_pairing,Round 1,9,205,447,tw90601321,,,tw17748447,,,,,,,
round_pairing,Round 1,9,205,94,tw17748447,,,tw90601321,,,,,,,
round_pairing,Round 1,9,206,482,tw97807535,,,tw14942902,,,,,,,
round_pairing,Round 1,9,206,77,tw14942902,,,tw97807535,,,,,,,
round_pairing,Round 1,9,207,152,tw29023076,,,tw86878630,,,,,,,
round_pairing,Round 1,9,207,431,tw86878630,,,tw29023076,,,,,,,
round_pairing,Round 1,9,208,102,tw18906406,,,tw81218142,,,,,,,
round_pairing,Round 1,9,208,409,tw81218142,,,tw18906406,,,,,,,
round_pairing,Round 1,9,209,330,tw66292564,,,tw93739401,,,,,,,
round_pairing,Round 1,9,209,464,tw93739401,,,tw66292564,,,,,,,
round_pairing,Round 1,9,210,19,tw04237407,,,tw63898784,,,,,,,
round_pairing,Round 1,9,210,319,tw63898784,,,tw04237407,,,,,,,
round_pairing,Round 1,9,211,158,tw30043028,,,tw96648029,,,,,,,
round_pairing,Round 1,9,211,476,tw96648029,,,tw30043028,,,,,,,
round_pairing,Round 1,9,212,271,tw52806758,,,tw90018469,,,,,,,
round_pairing,Round 1,9,212,444,tw90018469,,,tw52806758,,,,,,,
round_pairing,Round 1,9,213,335,tw66907796,,,tw89548879,,,,,,,
round_pairing,Round 1,9,213,441,tw89548879,,,tw66907796,,,,,,,
round_pairing,Round 1,9,214,219,tw42619935,,,tw15712728,,,,,,,
round_pairing,Round 1,9,214,81,tw15712728,,,tw42619935,,,,,,,
round_pairing,Round 1,9,215,390,tw76994845,,,tw85147749,,,,,,,
round_pairing,Round 1,9,215,424,tw85147749,,,tw76994845,,,,,,,
round_pairing,Round 1,9,216,285,tw56336073,,,tw97931731,,,,,,,
round_pairing,Round 1,9,216,485,tw97931731,,,tw56336073,,,,,,,
round_pairing,Round 1,9,217,339,tw67759215,,,tw69372013,,,,,,,
round_pairing,Round 1,9,217,348,tw69372013,,,tw67759215,,,,,,,
round_pairing,Round 1,9,218,30,tw05980017,,,tw70897596,,,,,,,
round_pairing,Round 1,9,218,357,tw70897596,,,tw05980017,,,,,,,
round_pairing,Round 1,9,219,108,tw20730540,,,tw81599190,,,,,,,
round_pairing,Round 1,9,219,411,tw81599190,,,tw20730540,,,,,,,
round_pairing,Round 1,9,220,305,tw60490031,,,tw81191547,,,,,,,
round_pairing,Round 1,9,220,539,tw81191547,,,tw60490031,,,,,,,
round_pairing,Round 1,9,221,179,tw33811608,,,tw93076075,,,,,,,
round_pairing,Round 1,9,221,462,tw93076075,,,tw33811608,,,,,,,
round_pairing,Round 1,9,222,220,tw43007249,,,tw63735317,,,,,,,
round_pairing,Round 1,9,222,318,tw63735317,,,tw43007249,,,,,,,
round_pairing,Round 1,9,223,149,tw28179733,,,tw35707148,,,,,,,
round_pairing,Round 1,9,223,186,tw35707148,,,tw28179733,,,,,,,
round_pairing,Round 1,9,224,203,tw39179779,,,tw67984683,,,,,,,
round_pairing,Round 1,9,224,341,tw67984683,,,tw39179779,,,,,,,
round_pairing,Round 1,9,225,459,tw92616365,,,tw94173678,,,,,,,
round_pairing,Round 1,9,225,467,tw94173678,,,tw92616365,,,,,,,
round_pairing,Round 1,10,226,16,tw03478711,,,tw13997688,,,,,,,
round_pairing,Round 1,10,226,72,tw13997688,,,tw03478711,,,,,,,
round_pairing,Round 1,10,227,130,tw25411458,,,tw31401549,,,,,,,
round_pairing,Round 1,10,227,161,tw31401549,,,tw25411458,,,,,,,
round_pairing,Round 1,10,228,353,tw69848864,,,tw17505073,,,,,,,
round_pairing,Round 1,10,228,93,tw17505073,,,tw69848864,,,,,,,
round_pairing,Round 1,10,229,398,tw78866457,,,tw96137948,,,,,,,
round_pairing,Round 1,10,229,475,tw96137948,,,tw78866457,,,,,,,
round_pairing,Round 1,10,230,252,tw48949077,,,tw56605426,,,,,,,
round_pairing,Round 1,10,230,288,tw56605426,,,tw48949077,,,,,,,
round_pairing,Round 1,10,231,363,tw72630270,,,tw73237577,,,,,,,
round_pairing,Round 1,10,231,368,tw73237577,,,tw72630270,,,,,,,
round_pairing,Round 1,10,232,205,tw39894258,,,tw48596346,,,,,,,
round_pairing,Round 1,10,232,250,tw48596346,,,tw39894258,,,,,,,
round_pairing,Round 1,10,233,137,tw26567324,,,tw50820470,,,,,,,
round_pairing,Round 1,10,233,263,tw50820470,,,tw26567324,,,,,,,
round_pairing,Round 1,10,234,109,tw20800375,,,tw11642031,,,,,,,
round_pairing,Round 1,10,234,57,tw11642031,,,tw20800375,,,,,,,
round_pairing,Round 1,10,235,249,tw48178410,,,tw80138989,,,,,,,
round_pairing,Round 1,10,235,406,tw80138989,,,tw48178410,,,,,,,
round_pairing,Round 1,10,236,399,tw79180495,,,tw52974697,,,,,,,
round_pairing,Round 1,10,236,527,tw52974697,,,tw79180495,,,,,,,
round_pairing,Round 1,10,237,320,tw64203769,,,tw09503218,,,,,,,
round_pairing,Round 1,10,237,46,tw09503218,,,tw64203769,,,,,,,
round_pairing,Round 1,10,238,168,tw32240000,,,tw73975912,,,,,,,
round_pairing,Round 1,10,238,371,tw73975912,,,tw32240000,,,,,,,
round_pairing,Round 1,10,239,516,tw03132048,,,tw38086655,,,,,,,
round_pairing,Round 1,10,239,537,tw38086655,,,tw03132048,,,,,,,
round_pairing,Round 1,10,240,1,tw00114747,,,tw99229780,,,,,,,
round_pairing,Round 1,10,240,492,tw99229780,,,tw00114747,,,,,,,
round_pairing,Round 1,10,241,225,tw43768909,,,tw72174151,,,,,,,
round_pairing,Round 1,10,241,361,tw72174151,,,tw43768909,,,,,,,
round_pairing,Round 1,10,242,123,tw23475905,,,tw07410887,,,,,,,
round_pairing,Round 1,10,242,37,tw07410887,,,tw23475905,,,,,,,
round_pairing,Round 1,10,243,251,tw48793078,,,tw67199394,,,,,,,
round_pairing,Round 1,10,243,336,tw67199394,,,tw48793078,,,,,,,
round_pairing,Round 1,10,244,73,tw14120018,,,tw18057901,,,,,,,
round_pairing,Round 1,10,244,95,tw18057901,,,tw14120018,,,,,,,
round_pairing,Round 1,10,245,317,tw63573774,,,tw82560565,,,,,,,
round_pairing,Round 1,10,245,414,tw82560565,,,tw63573774,,,,,,,
round_pairing,Round 1,10,246,314,tw63343435,,,tw24177121,,,,,,,
round_pairing,Round 1,10,246,524,tw24177121,,,tw63343435,,,,,,,
round_pairing,Round 1,10,247,145,tw27568465,,,tw04457744,,,,,,,
round_pairing,Round 1,10,247,21,tw04457744,,,tw27568465,,,,,,,
round_pairing,Round 1,10,248,214,tw41805810,,,tw88506619,,,,,,,
round_pairing,Round 1,10,248,501,tw88506619,,,tw41805810,,,,,,,
round_pairing,Round 1,10,249,181,tw33884578,,,tw00531440,,,,,,,
round_pairing,Round 1,10,249,2,tw00531440,,,tw33884578,,,,,,,
round_pairing,Round 1,10,250,147,tw28101734,,,tw76132946,,,,,,,
round_pairing,Round 1,10,250,385,tw76132946,,,tw28101734,,,,,,,
round_pairing,Round 1,11,251,465,tw93955100,,,tw99814098,,,,,,,
round_pairing,Round 1,11,251,498,tw99814098,,,tw93955100,,,,,,,
round_pairing,Round 1,11,252,228,tw44344603,,,tw51147332,,,,,,,
round_pairing,Round 1,11,252,264,tw51147332,,,tw44344603,,,,,,,
round_pairing,Round 1,11,253,301,tw60169670,,,tw69804633,,,,,,,
round_pairing,Round 1,11,253,352,tw69804633,,,tw60169670,,,,,,,
round_pairing,Round 1,11,254,235,tw45713741,,,tw15026318,,,,,,,
round_pairing,Round 1,11,254,78,tw15026318,,,tw45713741,,,,,,,
round_pairing,Round 1,11,255,382,tw75755528,,,tw92250919,,,,,,,
round_pairing,Round 1,11,255,456,tw92250919,,,tw75755528,,,,,,,
round_pairing,Round 1,11,256,44,tw09472918,,,tw04215857,,,,,,,
round_pairing,Round 1,11,256,513,tw04215857,,,tw09472918,,,,,,,
round_pairing,Round 1,11,257,329,tw66134077,,,tw80392170,,,,,,,
round_pairing,Round 1,11,257,407,tw80392170,,,tw66134077,,,,,,,
round_pairing,Round 1,11,258,191,tw36782228,,,tw42126524,,,,,,,
round_pairing,Round 1,11,258,215,tw42126524,,,tw36782228,,,,,,,
round_pairing,Round 1,11,259,268,tw52194649,,,tw16963151,,,,,,,
round_pairing,Round 1,11,259,91,tw16963151,,,tw52194649,,,,,,,
round_pairing,Round 1,11,260,17,tw04057117,,,tw88209015,,,,,,,
round_pairing,Round 1,11,260,435,tw88209015,,,tw04057117,,,,,,,
round_pairing,Round 1,11,261,206,tw40377456,,,tw98129328,,,,,,,
round_pairing,Round 1,11,261,486,tw98129328,,,tw40377456,,,,,,,
round_pairing,Round 1,11,262,530,tw11976300,,,tw02105248,,,,,,,
round_pairing,Round 1,11,262,9,tw02105248,,,tw11976300,,,,,,,
round_pairing,Round 1,11,263,257,tw49340794,,,tw60273793,,,,,,,
round_pairing,Round 1,11,263,303,tw60273793,,,tw49340794,,,,,,,
round_pairing,Round 1,11,264,437,tw88633827,,,tw88559975,,,,,,,
round_pairing,Round 1,11,264,518,tw88559975,,,tw88633827,,,,,,,
round_pairing,Round 1,11,265,350,tw69425578,,,tw93062100,,,,,,,
round_pairing,Round 1,11,265,461,tw93062100,,,tw69425578,,,,,,,
round_pairing,Round 1,11,266,196,tw37855988,,,tw13779097,,,,,,,
round_pairing,Round 1,11,266,68,tw13779097,,,tw37855988,,,,,,,
round_pairing,Round 1,11,267,282,tw55210501,,,tw35603412,,,,,,,
round_pairing,Round 1,11,267,521,tw35603412,,,tw55210501,,,,,,,
round_pairing,Round 1,11,268,322,tw64656626,,,tw07333117,,,,,,,
round_pairing,Round 1,11,268,36,tw07333117,,,tw64656626,,,,,,,
round_pairing,Round 1,11,269,455,tw91997638,,,tw38080173,,,,,,,
round_pairing,Round 1,11,269,505,tw38080173,,,tw91997638,,,,,,,
round_pairing,Round 2,1,1,120,tw23209128,,3,tw24854365,,3,,,,,
round_pairing,Round 2,1,1,127,tw24854365,,3,tw23209128,,3,,,,,
round_pairing,Round 2,1,2,290,tw57615176,,3,tw45178021,,3,,,,,
round_pairing,Round 2,1,2,535,tw45178021,,3,tw57615176,,3,,,,,
round_pairing,Round 2,1,3,367,tw73106123,,3,tw07460167,,3,,,,,
round_pairing,Round 2,1,3,38,tw07460167,,3,tw73106123,,3,,,,,
round_pairing,Round 2,1,4,231,tw44874553,,3,tw48178410,,3,,,,,
round_pairing,Round 2,1,4,249,tw48178410,,3,tw44874553,,3,,,,,
round_pairing,Round 2,1,5,211,tw41429367,,3,tw11739209,,3,,,,,
round_pairing,Round 2,1,5,58,tw11739209,,3,tw41429367,,3,,,,,
round_pairing,Round 2,1,6,319,tw63898784,,3,tw72244502,,3,,,,,
round_pairing,Round 2,1,6,362,tw72244502,,3,tw63898784,,3,,,,,
round_pairing,Round 2,1,7,213,tw41682200,,3,tw60511158,,3,,,,,
round_pairing,Round 2,1,7,306,tw60511158,,3,tw41682200,,3,,,,,
round_pairing,Round 2,1,8,114,tw21654272,,3,tw16645990,,3,,,,,
round_pairing,Round 2,1,8,90,tw16645990,,3,tw21654272,,3,,,,,
round_pairing,Round 2,1,9,177,tw33544977,,3,tw14788730,,3,,,,,
round_pairing,Round 2,1,9,76,tw14788730,,3,tw33544977,,3,,,,,
round_pairing,Round 2,1,10,373,tw74371443,,3,tw95045687,,3,,,,,
round_pairing,Round 2,1,10,469,tw95045687,,3,tw74371443,,3,,,,,
round_pairing,Round 2,1,11,419,tw84249252,,3,tw08856107,,3,,,,,
round_pairing,Round 2,1,11,42,tw08856107,,3,tw84249252,,3,,,,,
round_pairing,Round 2,1,12,101,tw18844404,,3,tw69376751,,3,,,,,
round_pairing,Round 2,1,12,349,tw69376751,,3,tw18844404,,3,,,,,
round_pairing,Round 2,1,13,315,tw63508480,,3,tw91797530,,3,,,,,
round_pairing,Round 2,1,13,452,tw91797530,,3,tw63508480,,3,,,,,
round_pairing,Round 2,1,14,244,tw46798799,,3,tw06996284,,3,,,,,
round_pairing,Round 2,1,14,34,tw06996284,,3,tw46798799,,3,,,,,
round_pairing,Round 2,1,15,104,tw19522331,,3,tw98988500,,3,,,,,
round_pairing,Round 2,1,15,489,tw98988500,,3,tw19522331,,3,,,,,
round_pairing,Round 2,1,16,172,tw33002183,,3,tw58817602,,3,,,,,
round_pairing,Round 2,1,16,294,tw58817602,,3,tw33002183,,3,,,,,
round_pairing,Round 2,1,17,304,tw60311204,,3,tw82981600,,3,,,,,
round_pairing,Round 2,1,17,416,tw82981600,,3,tw60311204,,3,,,,,
round_pairing,Round 2,1,18,198,tw37918429,,3,tw75380665,,3,,,,,
round_pairing,Round 2,1,18,379,tw75380665,,3,tw37918429,,3,,,,,
round_pairing,Round 2,1,19,316,tw63518115,,3,tw97857197,,3,,,,,
round_pairing,Round 2,1,19,483,tw97857197,,3,tw63518115,,3,,,,,
round_pairing,Round 2,1,20,223,tw43633449,,3,tw57948434,,3,,,,,
round_pairing,Round 2,1,20,291,tw57948434,,3,tw43633449,,3,,,,,
round_pairing,Round 2,1,21,395,tw78077476,,3,tw11976300,,3,,,,,
round_pairing,Round 2,1,21,530,tw11976300,,3,tw78077476,,3,,,,,
round_pairing,Round 2,1,22,202,tw39174853,,3,tw72174151,,3,,,,,
round_pairing,Round 2,1,22,361,tw72174151,,3,tw39174853,,3,,,,,
round_pairing,Round 2,1,23,119,tw22529091,,3,tw52974697,,3,,,,,
round_pairing,Round 2,1,23,527,tw52974697,,3,tw22529091,,3,,,,,
round_pairing,Round 2,1,24,161,tw31401549,,3,tw52194649,,3,,,,,
round_pairing,Round 2,1,24,268,tw52194649,,3,tw31401549,,3,,,,,
round_pairing,Round 2,1,25,116,tw22007891,,3,tw18276049,,3,,,,,
round_pairing,Round 2,1,25,96,tw18276049,,3,tw22007891,,3,,,,,
round_pairing,Round 2,2,26,179,tw33811608,,3,tw82119121,,3,,,,,
round_pairing,Round 2,2,26,413,tw82119121,,3,tw33811608,,3,,,,,
round_pairing,Round 2,2,27,526,tw16728082,,3,tw11570874,,3,,,,,
round_pairing,Round 2,2,27,55,tw11570874,,3,tw16728082,,3,,,,,
round_pairing,Round 2,2,28,229,tw44380087,,3,tw14152067,,3,,,,,
round_pairing,Round 2,2,28,74,tw14152067,,3,tw44380087,,3,,,,,
round_pairing,Round 2,2,29,282,tw55210501,,3,tw85823053,,3,,,,,
round_pairing,Round 2,2,29,428,tw85823053,,3,tw55210501,,3,,,,,
round_pairing,Round 2,2,30,241,tw46705939,,3,tw46795660,,3,,,,,
round_pairing,Round 2,2,30,243,tw46795660,,3,tw46705939,,3,,,,,
round_pairing,Round 2,2,31,142,tw27347873,,3,tw88607252,,3,,,,,
round_pairing,Round 2,2,31,436,tw88607252,,3,tw27347873,,3,,,,,
round_pairing,Round 2,2,32,28,tw05925639,,3,tw99814098,,3,,,,,
round_pairing,Round 2,2,32,498,tw99814098,,3,tw05925639,,3,,,,,
round_pairing,Round 2,2,33,105,tw20116252,,3,tw89609352,,3,,,,,
round_pairing,Round 2,2,33,538,tw89609352,,3,tw20116252,,3,,,,,
round_pairing,Round 2,2,34,253,tw48962901,,3,tw54760232,,3,,,,,
round_pairing,Round 2,2,34,278,tw54760232,,3,tw48962901,,3,,,,,
round_pairing,Round 2,2,35,141,tw26935289,,3,tw99926791,,3,,,,,
round_pairing,Round 2,2,35,499,tw99926791,,3,tw26935289,,3,,,,,
round_pairing,Round 2,2,36,212,tw41563340,,3,tw56970260,,3,,,,,
round_pairing,Round 2,2,36,540,tw56970260,,3,tw41563340,,3,,,,,
round_pairing,Round 2,2,37,427,tw85568194,,3,tw97885633,,3,,,,,
round_pairing,Round 2,2,37,484,tw97885633,,3,tw85568194,,3,,,,,
round_pairing,Round 2,2,38,314,tw63343435,,3,tw19640601,,3,,,,,
round_pairing,Round 2,2,38,533,tw19640601,,3,tw63343435,,3,,,,,
round_pairing,Round 2,2,39,309,tw61583819,,3,tw17203659,,3,,,,,
round_pairing,Round 2,2,39,92,tw17203659,,3,tw61583819,,3,,,,,
round_pairing,Round 2,2,40,371,tw73975912,,3,tw16621728,,3,,,,,
round_pairing,Round 2,2,40,89,tw16621728,,3,tw73975912,,3,,,,,
round_pairing,Round 2,2,41,429,tw85855405,,3,tw88559975,,3,,,,,
round_pairing,Round 2,2,41,518,tw88559975,,3,tw85855405,,3,,,,,
round_pairing,Round 2,2,42,31,tw06169660,,3,tw09881291,,3,,,,,
round_pairing,Round 2,2,42,50,tw09881291,,3,tw06169660,,3,,,,,
round_pairing,Round 2,2,43,226,tw44127879,,3,tw79188375,,3,,,,,
round_pairing,Round 2,2,43,400,tw79188375,,3,tw44127879,,3,,,,,
round_pairing,Round 2,2,44,77,tw14942902,,3,tw15533641,,3,,,,,
round_pairing,Round 2,2,44,80,tw15533641,,3,tw14942902,,3,,,,,
round_pairing,Round 2,2,45,272,tw53028908,,3,tw15946908,,3,,,,,
round_pairing,Round 2,2,45,83,tw15946908,,3,tw53028908,,3,,,,,
round_pairing,Round 2,2,46,22,tw04564553,,3,tw78657682,,3,,,,,
round_pairing,Round 2,2,46,397,tw78657682,,3,tw04564553,,3,,,,,
round_pairing,Round 2,2,47,266,tw52127289,,3,tw65235703,,3,,,,,
round_pairing,Round 2,2,47,326,tw65235703,,3,tw52127289,,3,,,,,
round_pairing,Round 2,2,48,140,tw26851444,,3,tw08560123,,3,,,,,
round_pairing,Round 2,2,48,40,tw08560123,,3,tw26851444,,3,,,,,
round_pairing,Round 2,2,49,148,tw28113144,,3,tw10467123,,3,,,,,
round_pairing,Round 2,2,49,53,tw10467123,,3,tw28113144,,3,,,,,
round_pairing,Round 2,2,50,317,tw63573774,,3,tw87015354,,3,,,,,
round_pairing,Round 2,2,50,432,tw87015354,,3,tw63573774,,3,,,,,
round_pairing,Round 2,3,51,329,tw66134077,,3,tw79723871,,3,,,,,
round_pairing,Round 2,3,51,404,tw79723871,,3,tw66134077,,3,,,,,
round_pairing,Round 2,3,52,126,tw24144676,,3,tw30011078,,3,,,,,
round_pairing,Round 2,3,52,528,tw30011078,,3,tw24144676,,3,,,,,
round_pairing,Round 2,3,53,476,tw96648029,,3,tw13454619,,3,,,,,
round_pairing,Round 2,3,53,67,tw13454619,,3,tw96648029,,3,,,,,
round_pairing,Round 2,3,54,301,tw60169670,,3,tw51489284,,3,,,,,
round_pairing,Round 2,3,54,542,tw51489284,,3,tw60169670,,3,,,,,
round_pairing,Round 2,3,55,288,tw56605426,,3,tw11642031,,3,,,,,
round_pairing,Round 2,3,55,57,tw11642031,,3,tw56605426,,3,,,,,
round_pairing,Round 2,3,56,100,tw18638755,,3,tw55000893,,3,,,,,
round_pairing,Round 2,3,56,280,tw55000893,,3,tw18638755,,3,,,,,
round_pairing,Round 2,3,57,200,tw38671111,,3,tw91997638,,3,,,,,
round_pairing,Round 2,3,57,455,tw91997638,,3,tw38671111,,3,,,,,
round_pairing,Round 2,3,58,401,tw79280986,,3,tw09347309,,3,,,,,
round_pairing,Round 2,3,58,43,tw09347309,,3,tw79280986,,3,,,,,
round_pairing,Round 2,3,59,205,tw39894258,,3,tw13779097,,3,,,,,
round_pairing,Round 2,3,59,68,tw13779097,,3,tw39894258,,3,,,,,
round_pairing,Round 2,3,60,464,tw93739401,,3,tw15712728,,3,,,,,
round_pairing,Round 2,3,60,81,tw15712728,,3,tw93739401,,3,,,,,
round_pairing,Round 2,3,61,129,tw25188472,,3,tw88506619,,3,,,,,
round_pairing,Round 2,3,61,501,tw88506619,,3,tw25188472,,3,,,,,
round_pairing,Round 2,3,62,298,tw59842400,,3,tw74568091,,3,,,,,
round_pairing,Round 2,3,62,375,tw74568091,,3,tw59842400,,3,,,,,
round_pairing,Round 2,3,63,454,tw91823318,,3,tw00787146,,3,,,,,
round_pairing,Round 2,3,63,5,tw00787146,,3,tw91823318,,3,,,,,
round_pairing,Round 2,3,64,418,tw84048586,,3,tw99229780,,3,,,,,
round_pairing,Round 2,3,64,492,tw99229780,,3,tw84048586,,3,,,,,
round_pairing,Round 2,3,65,337,tw67604361,,3,tw18480972,,3,,,,,
round_pairing,Round 2,3,65,98,tw18480972,,3,tw67604361,,3,,,,,
round_pairing,Round 2,3,66,14,tw03389371,,3,tw17505073,,3,,,,,
round_pairing,Round 2,3,66,93,tw17505073,,3,tw03389371,,3,,,,,
round_pairing,Round 2,3,67,267,tw52162016,,3,tw79834153,,3,,,,,
round_pairing,Round 2,3,67,405,tw79834153,,3,tw52162016,,3,,,,,
round_pairing,Round 2,3,68,137,tw26567324,,3,tw73237577,,3,,,,,
round_pairing,Round 2,3,68,368,tw73237577,,3,tw26567324,,3,,,,,
round_pairing,Round 2,3,69,220,tw43007249,,3,tw13229345,,3,,,,,
round_pairing,Round 2,3,69,65,tw13229345,,3,tw43007249,,3,,,,,
round_pairing,Round 2,3,70,351,tw69628359,,3,tw95656910,,3,,,,,
round_pairing,Round 2,3,70,472,tw95656910,,3,tw69628359,,3,,,,,
round_pairing,Round 2,3,71,128,tw24928885,,3,tw89643656,,3,,,,,
round_pairing,Round 2,3,71,442,tw89643656,,3,tw24928885,,3,,,,,
round_pairing,Round 2,3,72,365,tw72829984,,3,tw09710972,,3,,,,,
round_pairing,Round 2,3,72,49,tw09710972,,3,tw72829984,,3,,,,,
round_pairing,Round 2,3,73,377,tw75037148,,3,tw09574160,,3,,,,,
round_pairing,Round 2,3,73,47,tw09574160,,3,tw75037148,,3,,,,,
round_pairing,Round 2,3,74,289,tw57017359,,3,tw90018469,,3,,,,,
round_pairing,Round 2,3,74,444,tw90018469,,3,tw57017359,,3,,,,,
round_pairing,Round 2,3,75,346,tw68822994,,3,tw93020902,,3,,,,,
round_pairing,Round 2,3,75,460,tw93020902,,3,tw68822994,,3,,,,,
round_pairing,Round 2,4,76,37,tw07410887,,3,tw14120018,,3,,,,,
round_pairing,Round 2,4,76,73,tw14120018,,3,tw07410887,,3,,,,,
round_pairing,Round 2,4,77,262,tw50567676,,3,tw78866457,,3,,,,,
round_pairing,Round 2,4,77,398,tw78866457,,3,tw50567676,,3,,,,,
round_pairing,Round 2,4,78,246,tw47551870,,3,tw92544749,,3,,,,,
round_pairing,Round 2,4,78,458,tw92544749,,3,tw47551870,,3,,,,,
round_pairing,Round 2,4,79,441,tw89548879,,3,tw91720502,,3,,,,,
round_pairing,Round 2,4,79,451,tw91720502,,3,tw89548879,,3,,,,,
round_pairing,Round 2,4,80,222,tw43380150,,3,tw64656626,,3,,,,,
round_pairing,Round 2,4,80,322,tw64656626,,3,tw43380150,,3,,,,,
round_pairing,Round 2,4,81,21,tw04457744,,3,tw89047117,,3,,,,,
round_pairing,Round 2,4,81,438,tw89047117,,3,tw04457744,,3,,,,,
round_pairing,Round 2,4,82,209,tw41286139,,3,tw09472918,,3,,,,,
round_pairing,Round 2,4,82,44,tw09472918,,3,tw41286139,,3,,,,,
round_pairing,Round 2,4,83,197,tw37870020,,3,tw59471628,,3,,,,,
round_pairing,Round 2,4,83,297,tw59471628,,3,tw37870020,,3,,,,,
round_pairing,Round 2,4,84,151,tw28728192,,3,tw10410998,,3,,,,,
round_pairing,Round 2,4,84,52,tw10410998,,3,tw28728192,,3,,,,,
round_pairing,Round 2,4,85,174,tw33097520,,3,tw64203769,,3,,,,,
round_pairing,Round 2,4,85,320,tw64203769,,3,tw33097520,,3,,,,,
round_pairing,Round 2,4,86,372,tw74343825,,3,tw81599190,,3,,,,,
round_pairing,Round 2,4,86,411,tw81599190,,3,tw74343825,,3,,,,,
round_pairing,Round 2,4,87,11,tw02559687,,3,tw76086171,,3,,,,,
round_pairing,Round 2,4,87,384,tw76086171,,3,tw02559687,,3,,,,,
round_pairing,Round 2,4,88,449,tw90967766,,3,tw58450010,,3,,,,,
round_pairing,Round 2,4,88,502,tw58450010,,3,tw90967766,,3,,,,,
round_pairing,Round 2,4,89,186,tw35707148,,3,tw94173678,,3,,,,,
round_pairing,Round 2,4,89,467,tw94173678,,3,tw35707148,,3,,,,,
round_pairing,Round 2,4,90,150,tw28187058,,3,tw33005835,,3,,,,,
round_pairing,Round 2,4,90,173,tw33005835,,3,tw28187058,,3,,,,,
round_pairing,Round 2,4,91,115,tw21820105,,3,tw70378594,,3,,,,,
round_pairing,Round 2,4,91,517,tw70378594,,3,tw21820105,,3,,,,,
round_pairing,Round 2,4,92,382,tw75755528,,3,tw87970697,,3,,,,,
round_pairing,Round 2,4,92,509,tw87970697,,3,tw75755528,,3,,,,,
round_pairing,Round 2,4,93,386,tw76258268,,3,tw95954871,,3,,,,,
round_pairing,Round 2,4,93,473,tw95954871,,3,tw76258268,,3,,,,,
round_pairing,Round 2,4,94,251,tw48793078,,3,tw67759215,,3,,,,,
round_pairing,Round 2,4,94,339,tw67759215,,3,tw48793078,,3,,,,,
round_pairing,Round 2,4,95,415,tw82946495,,3,tw85563070,,3,,,,,
round_pairing,Round 2,4,95,426,tw85563070,,3,tw82946495,,3,,,,,
round_pairing,Round 2,4,96,203,tw39179779,,3,tw56416986,,3,,,,,
round_pairing,Round 2,4,96,286,tw56416986,,3,tw39179779,,3,,,,,
round_pairing,Round 2,4,97,327,tw65483922,,3,tw13830995,,3,,,,,
round_pairing,Round 2,4,97,70,tw13830995,,3,tw65483922,,3,,,,,
round_pairing,Round 2,4,98,24,tw05197795,,3,tw98649601,,3,,,,,
round_pairing,Round 2,4,98,487,tw98649601,,3,tw05197795,,3,,,,,
round_pairing,Round 2,4,99,10,tw02106832,,3,tw09638604,,3,,,,,
round_pairing,Round 2,4,99,48,tw09638604,,3,tw02106832,,3,,,,,
round_pairing,Round 2,4,100,102,tw18906406,,3,tw01478107,,3,,,,,
round_pairing,Round 2,4,100,8,tw01478107,,3,tw18906406,,3,,,,,
round_pairing,Round 2,5,101,15,tw03463518,,3,tw77877383,,3,,,,,
round_pairing,Round 2,5,101,394,tw77877383,,3,tw03463518,,3,,,,,
round_pairing,Round 2,5,102,162,tw31422118,,3,tw00572856,,3,,,,,
round_pairing,Round 2,5,102,3,tw00572856,,3,tw31422118,,3,,,,,
round_pairing,Round 2,5,103,380,tw75551324,,3,tw24111275,,3,,,,,
round_pairing,Round 2,5,103,511,tw24111275,,3,tw75551324,,3,,,,,
round_pairing,Round 2,5,104,408,tw81121676,,3,tw12035691,,3,,,,,
round_pairing,Round 2,5,104,61,tw12035691,,3,tw81121676,,3,,,,,
round_pairing,Round 2,5,105,117,tw22462226,,3,tw37556303,,3,,,,,
round_pairing,Round 2,5,105,195,tw37556303,,3,tw22462226,,3,,,,,
round_pairing,Round 2,5,106,403,tw79476009,,3,tw13786805,,3,,,,,
round_pairing,Round 2,5,106,69,tw13786805,,3,tw79476009,,3,,,,,
round_pairing,Round 2,5,107,539,tw81191547,,3,tw18468179,,3,,,,,
round_pairing,Round 2,5,107,97,tw18468179,,3,tw81191547,,3,,,,,
round_pairing,Round 2,5,108,486,tw98129328,,3,tw09704151,,3,,,,,
round_pairing,Round 2,5,108,504,tw09704151,,3,tw98129328,,3,,,,,
round_pairing,Round 2,5,109,111,tw21206685,,3,tw97138451,,3,,,,,
round_pairing,Round 2,5,109,478,tw97138451,,3,tw21206685,,3,,,,,
round_pairing,Round 2,5,110,156,tw29536370,,3,tw36782228,,3,,,,,
round_pairing,Round 2,5,110,191,tw36782228,,3,tw29536370,,3,,,,,
round_pairing,Round 2,5,111,235,tw45713741,,3,tw32980664,,3,,,,,
round_pairing,Round 2,5,111,506,tw32980664,,3,tw45713741,,3,,,,,
round_pairing,Round 2,5,112,512,tw32830944,,3,tw17748447,,3,,,,,
round_pairing,Round 2,5,112,94,tw17748447,,3,tw32830944,,3,,,,,
round_pairing,Round 2,5,113,236,tw45725328,,3,tw13120137,,3,,,,,
round_pairing,Round 2,5,113,63,tw13120137,,3,tw45725328,,3,,,,,
round_pairing,Round 2,5,114,124,tw23712439,,3,tw67716132,,3,,,,,
round_pairing,Round 2,5,114,338,tw67716132,,3,tw23712439,,3,,,,,
round_pairing,Round 2,5,115,260,tw50239297,,3,tw56468849,,3,,,,,
round_pairing,Round 2,5,115,287,tw56468849,,3,tw50239297,,3,,,,,
round_pairing,Round 2,5,116,370,tw73917548,,3,tw16569141,,3,,,,,
round_pairing,Round 2,5,116,88,tw16569141,,3,tw73917548,,3,,,,,
round_pairing,Round 2,5,117,285,tw56336073,,3,tw95120042,,3,,,,,
round_pairing,Round 2,5,117,470,tw95120042,,3,tw56336073,,3,,,,,
round_pairing,Round 2,5,118,256,tw49160488,,3,tw12769027,,3,,,,,
round_pairing,Round 2,5,118,532,tw12769027,,3,tw49160488,,3,,,,,
round_pairing,Round 2,5,119,17,tw04057117,,3,tw46076033,,3,,,,,
round_pairing,Round 2,5,119,239,tw46076033,,3,tw04057117,,3,,,,,
round_pairing,Round 2,5,120,376,tw74945392,,3,tw87316906,,3,,,,,
round_pairing,Round 2,5,120,433,tw87316906,,3,tw74945392,,3,,,,,
round_pairing,Round 2,5,121,216,tw42309306,,3,tw76994845,,3,,,,,
round_pairing,Round 2,5,121,390,tw76994845,,3,tw42309306,,3,,,,,
round_pairing,Round 2,5,122,170,tw32709946,,3,tw05980017,,3,,,,,
round_pairing,Round 2,5,122,30,tw05980017,,3,tw32709946,,3,,,,,
round_pairing,Round 2,5,123,537,tw38086655,,3,tw16526802,,3,,,,,
round_pairing,Round 2,5,123,87,tw16526802,,3,tw38086655,,3,,,,,
round_pairing,Round 2,5,124,204,tw39185310,,3,tw79411276,,3,,,,,
round_pairing,Round 2,5,124,402,tw79411276,,3,tw39185310,,3,,,,,
round_pairing,Round 2,5,125,16,tw03478711,,3,tw11292760,,3,,,,,
round_pairing,Round 2,5,125,54,tw11292760,,3,tw03478711,,3,,,,,
round_pairing,Round 2,6,126,264,tw51147332,,3,tw75712938,,3,,,,,
round_pairing,Round 2,6,126,381,tw75712938,,3,tw51147332,,3,,,,,
round_pairing,Round 2,6,127,208,tw41073870,,3,tw56012620,,3,,,,,
round_pairing,Round 2,6,127,284,tw56012620,,3,tw41073870,,3,,,,,
round_pairing,Round 2,6,128,147,tw28101734,,3,tw54988993,,3,,,,,
round_pairing,Round 2,6,128,279,tw54988993,,3,tw28101734,,3,,,,,
round_pairing,Round 2,6,129,181,tw33884578,,3,tw92496269,,3,,,,,
round_pairing,Round 2,6,129,457,tw92496269,,3,tw33884578,,3,,,,,
round_pairing,Round 2,6,130,121,tw23228412,,3,tw29121960,,3,,,,,
round_pairing,Round 2,6,130,153,tw29121960,,3,tw23228412,,3,,,,,
round_pairing,Round 2,6,131,439,tw89297350,,3,tw95570205,,3,,,,,
round_pairing,Round 2,6,131,471,tw95570205,,3,tw89297350,,3,,,,,
round_pairing,Round 2,6,132,106,tw20118339,,3,tw49340794,,3,,,,,
round_pairing,Round 2,6,132,257,tw49340794,,3,tw20118339,,3,,,,,
round_pairing,Round 2,6,133,350,tw69425578,,3,tw76407729,,3,,,,,
round_pairing,Round 2,6,133,388,tw76407729,,3,tw69425578,,3,,,,,
round_pairing,Round 2,6,134,300,tw59914357,,3,tw86177796,,0,,,,,
round_pairing,Round 2,6,134,430,tw86177796,,0,tw59914357,,3,,,,,
round_pairing,Round 2,6,135,107,tw20156409,,0,tw27568465,,0,,,,,
round_pairing,Round 2,6,135,145,tw27568465,,0,tw20156409,,0,,,,,
round_pairing,Round 2,6,136,18,tw04061481,,0,tw65994043,,0,,,,,
round_pairing,Round 2,6,136,520,tw65994043,,0,tw04061481,,0,,,,,
round_pairing,Round 2,6,137,491,tw99213849,,0,tw15026318,,0,,,,,
round_pairing,Round 2,6,137,78,tw15026318,,0,tw99213849,,0,,,,,
round_pairing,Round 2,6,138,152,tw29023076,,0,tw97627454,,0,,,,,
round_pairing,Round 2,6,138,481,tw97627454,,0,tw29023076,,0,,,,,
round_pairing,Round 2,6,139,159,tw30267620,,0,tw47033046,,0,,,,,
round_pairing,Round 2,6,139,245,tw47033046,,0,tw30267620,,0,,,,,
round_pairing,Round 2,6,140,190,tw36759052,,0,tw97351630,,0,,,,,
round_pairing,Round 2,6,140,480,tw97351630,,0,tw36759052,,0,,,,,
round_pairing,Round 2,6,141,103,tw19377792,,0,tw33820039,,0,,,,,
round_pairing,Round 2,6,141,180,tw33820039,,0,tw19377792,,0,,,,,
round_pairing,Round 2,6,142,144,tw27563265,,0,tw33785925,,0,,,,,
round_pairing,Round 2,6,142,178,tw33785925,,0,tw27563265,,0,,,,,
round_pairing,Round 2,6,143,505,tw38080173,,0,tw92252047,,0,,,,,
round_pairing,Round 2,6,143,519,tw92252047,,0,tw38080173,,0,,,,,
round_pairing,Round 2,6,144,149,tw28179733,,0,tw38784734,,0,,,,,
round_pairing,Round 2,6,144,201,tw38784734,,0,tw28179733,,0,,,,,
round_pairing,Round 2,6,145,45,tw09490592,,0,tw13997688,,0,,,,,
round_pairing,Round 2,6,145,72,tw13997688,,0,tw09490592,,0,,,,,
round_pairing,Round 2,6,146,26,tw05373669,,0,tw69804633,,0,,,,,
round_pairing,Round 2,6,146,352,tw69804633,,0,tw05373669,,0,,,,,
round_pairing,Round 2,6,147,33,tw06554451,,0,tw76371566,,0,,,,,
round_pairing,Round 2,6,147,387,tw76371566,,0,tw06554451,,0,,,,,
round_pairing,Round 2,6,148,19,tw04237407,,0,tw92616365,,0,,,,,
round_pairing,Round 2,6,148,459,tw92616365,,0,tw04237407,,0,,,,,
round_pairing,Round 2,6,149,192,tw36824056,,0,tw71029745,,0,,,,,
round_pairing,Round 2,6,149,358,tw71029745,,0,tw36824056,,0,,,,,
round_pairing,Round 2,6,150,305,tw60490031,,0,tw76132946,,0,,,,,
round_pairing,Round 2,6,150,385,tw76132946,,0,tw60490031,,0,,,,,
round_pairing,Round 2,7,151,450,tw91555335,,0,tw90806836,,0,,,,,
round_pairing,Round 2,7,151,534,tw90806836,,0,tw91555335,,0,,,,,
round_pairing,Round 2,7,152,184,tw35246471,,0,tw62977877,,0,,,,,
round_pairing,Round 2,7,152,312,tw62977877,,0,tw35246471,,0,,,,,
round_pairing,Round 2,7,153,188,tw36138720,,0,tw93405316,,0,,,,,
round_pairing,Round 2,7,153,463,tw93405316,,0,tw36138720,,0,,,,,
round_pairing,Round 2,7,154,29,tw05932500,,0,tw75204861,,0,,,,,
round_pairing,Round 2,7,154,378,tw75204861,,0,tw05932500,,0,,,,,
round_pairing,Round 2,7,155,276,tw54351682,,0,tw07333117,,0,,,,,
round_pairing,Round 2,7,155,36,tw07333117,,0,tw54351682,,0,,,,,
round_pairing,Round 2,7,156,435,tw88209015,,0,tw99072428,,0,,,,,
round_pairing,Round 2,7,156,490,tw99072428,,0,tw88209015,,0,,,,,
round_pairing,Round 2,7,157,125,tw23764220,,0,tw27419844,,0,,,,,
round_pairing,Round 2,7,157,143,tw27419844,,0,tw23764220,,0,,,,,
round_pairing,Round 2,7,158,168,tw32240000,,0,tw37453841,,0,,,,,
round_pairing,Round 2,7,158,194,tw37453841,,0,tw32240000,,0,,,,,
round_pairing,Round 2,7,159,431,tw86878630,,0,tw15849812,,0,,,,,
round_pairing,Round 2,7,159,82,tw15849812,,0,tw86878630,,0,,,,,
round_pairing,Round 2,7,160,185,tw35693064,,0,tw04215857,,0,,,,,
round_pairing,Round 2,7,160,513,tw04215857,,0,tw35693064,,0,,,,,
round_pairing,Round 2,7,161,445,tw90337288,,0,tw99958274,,0,,,,,
round_pairing,Round 2,7,161,500,tw99958274,,0,tw90337288,,0,,,,,
round_pairing,Round 2,7,162,293,tw58781969,,0,tw44133543,,0,,,,,
round_pairing,Round 2,7,162,508,tw44133543,,0,tw58781969,,0,,,,,
round_pairing,Round 2,7,163,247,tw47904340,,0,tw61279434,,0,,,,,
round_pairing,Round 2,7,163,308,tw61279434,,0,tw47904340,,0,,,,,
round_pairing,Round 2,7,164,258,tw49388371,,0,tw97165922,,0,,,,,
round_pairing,Round 2,7,164,479,tw97165922,,0,tw49388371,,0,,,,,
round_pairing,Round 2,7,165,193,tw37257975,,0,tw44344603,,0,,,,,
round_pairing,Round 2,7,165,228,tw44344603,,0,tw37257975,,0,,,,,
round_pairing,Round 2,7,166,165,tw32141014,,0,tw66292564,,0,,,,,
round_pairing,Round 2,7,166,330,tw66292564,,0,tw32141014,,0,,,,,
round_pairing,Round 2,7,167,323,tw64793736,,0,tw31348624,,0,,,,,
round_pairing,Round 2,7,167,514,tw31348624,,0,tw64793736,,0,,,,,
round_pairing,Round 2,7,168,189,tw36173804,,0,tw42619935,,0,,,,,
round_pairing,Round 2,7,168,219,tw42619935,,0,tw36173804,,0,,,,,
round_pairing,Round 2,7,169,157,tw29731640,,0,tw59548820,,0,,,,,
round_pairing,Round 2,7,169,543,tw59548820,,0,tw29731640,,0,,,,,
round_pairing,Round 2,7,170,217,tw42455002,,0,tw43768909,,0,,,,,
round_pairing,Round 2,7,170,225,tw43768909,,0,tw42455002,,0,,,,,
round_pairing,Round 2,7,171,333,tw66520026,,0,tw35603412,,0,,,,,
round_pairing,Round 2,7,171,521,tw35603412,,0,tw66520026,,0,,,,,
round_pairing,Round 2,7,172,265,tw51465600,,0,tw09503218,,0,,,,,
round_pairing,Round 2,7,172,46,tw09503218,,0,tw51465600,,0,,,,,
round_pairing,Round 2,7,173,303,tw60273793,,0,tw62315993,,0,,,,,
round_pairing,Round 2,7,173,311,tw62315993,,0,tw60273793,,0,,,,,
round_pairing,Round 2,7,174,214,tw41805810,,0,tw85147749,,0,,,,,
round_pairing,Round 2,7,174,424,tw85147749,,0,tw41805810,,0,,,,,
round_pairing,Round 2,7,175,130,tw25411458,,0,tw68088789,,0,,,,,
round_pairing,Round 2,7,175,342,tw68088789,,0,tw25411458,,0,,,,,
round_pairing,Round 2,8,176,109,tw20800375,,0,tw05399034,,0,,,,,
round_pairing,Round 2,8,176,27,tw05399034,,0,tw20800375,,0,,,,,
round_pairing,Round 2,8,177,524,tw24177121,,0,tw11795582,,0,,,,,
round_pairing,Round 2,8,177,59,tw11795582,,0,tw24177121,,0,,,,,
round_pairing,Round 2,8,178,136,tw26528058,,0,tw00587002,,0,,,,,
round_pairing,Round 2,8,178,4,tw00587002,,0,tw26528058,,0,,,,,
round_pairing,Round 2,8,179,39,tw07927124,,0,tw16152234,,0,,,,,
round_pairing,Round 2,8,179,85,tw16152234,,0,tw07927124,,0,,,,,
round_pairing,Round 2,8,180,206,tw40377456,,0,tw79180495,,0,,,,,
round_pairing,Round 2,8,180,399,tw79180495,,0,tw40377456,,0,,,,,
round_pairing,Round 2,8,181,271,tw52806758,,0,tw70588343,,0,,,,,
round_pairing,Round 2,8,181,356,tw70588343,,0,tw52806758,,0,,,,,
round_pairing,Round 2,8,182,254,tw49045992,,0,tw13257786,,0,,,,,
round_pairing,Round 2,8,182,66,tw13257786,,0,tw49045992,,0,,,,,
round_pairing,Round 2,8,183,234,tw45498080,,0,tw54430001,,0,,,,,
round_pairing,Round 2,8,183,277,tw54430001,,0,tw45498080,,0,,,,,
round_pairing,Round 2,8,184,410,tw81250238,,0,tw99732460,,0,,,,,
round_pairing,Round 2,8,184,497,tw99732460,,0,tw81250238,,0,,,,,
round_pairing,Round 2,8,185,344,tw68209178,,0,tw90875911,,0,,,,,
round_pairing,Round 2,8,185,448,tw90875911,,0,tw68209178,,0,,,,,
round_pairing,Round 2,8,186,139,tw26839664,,0,tw76529055,,0,,,,,
round_pairing,Round 2,8,186,389,tw76529055,,0,tw26839664,,0,,,,,
round_pairing,Round 2,8,187,164,tw32020032,,0,tw99714386,,0,,,,,
round_pairing,Round 2,8,187,496,tw99714386,,0,tw32020032,,0,,,,,
round_pairing,Round 2,8,188,122,tw23249034,,0,tw35214784,,0,,,,,
round_pairing,Round 2,8,188,183,tw35214784,,0,tw23249034,,0,,,,,
round_pairing,Round 2,8,189,146,tw27632184,,0,tw45806310,,0,,,,,
round_pairing,Round 2,8,189,237,tw45806310,,0,tw27632184,,0,,,,,
round_pairing,Round 2,8,190,325,tw65233698,,0,tw58380842,,0,,,,,
round_pairing,Round 2,8,190,522,tw58380842,,0,tw65233698,,0,,,,,
round_pairing,Round 2,8,191,295,tw58984162,,0,tw93955100,,0,,,,,
round_pairing,Round 2,8,191,465,tw93955100,,0,tw58984162,,0,,,,,
round_pairing,Round 2,8,192,110,tw21064937,,0,tw52663760,,0,,,,,
round_pairing,Round 2,8,192,270,tw52663760,,0,tw21064937,,0,,,,,
round_pairing,Round 2,8,193,118,tw22487155,,0,tw52488439,,0,,,,,
round_pairing,Round 2,8,193,269,tw52488439,,0,tw22487155,,0,,,,,
round_pairing,Round 2,8,194,176,tw33446875,,0,tw66588143,,0,,,,,
round_pairing,Round 2,8,194,334,tw66588143,,0,tw33446875,,0,,,,,
round_pairing,Round 2,8,195,199,tw38482720,,0,tw48596346,,0,,,,,
round_pairing,Round 2,8,195,250,tw48596346,,0,tw38482720,,0,,,,,
round_pairing,Round 2,8,196,273,tw53540804,,0,tw13965222,,0,,,,,
round_pairing,Round 2,8,196,71,tw13965222,,0,tw53540804,,0,,,,,
round_pairing,Round 2,8,197,131,tw25488947,,0,tw04255506,,0,,,,,
round_pairing,Round 2,8,197,20,tw04255506,,0,tw25488947,,0,,,,,
round_pairing,Round 2,8,198,218,tw42563834,,0,tw97037062,,0,,,,,
round_pairing,Round 2,8,198,541,tw97037062,,0,tw42563834,,0,,,,,
round_pairing,Round 2,8,199,275,tw54347311,,0,tw67886635,,0,,,,,
round_pairing,Round 2,8,199,340,tw67886635,,0,tw54347311,,0,,,,,
round_pairing,Round 2,8,200,261,tw50328610,,0,tw66907796,,0,,,,,
round_pairing,Round 2,8,200,335,tw66907796,,0,tw50328610,,0,,,,,
round_pairing,Round 2,9,201,232,tw45233917,,0,tw58028303,,0,,,,,
round_pairing,Round 2,9,201,292,tw58028303,,0,tw45233917,,0,,,,,
round_pairing,Round 2,9,202,328,tw65753780,,0,tw66327435,,0,,,,,
round_pairing,Round 2,9,202,331,tw66327435,,0,tw65753780,,0,,,,,
round_pairing,Round 2,9,203,233,tw45485735,,0,tw07020662,,0,,,,,
round_pairing,Round 2,9,203,35,tw07020662,,0,tw45485735,,0,,,,,
round_pairing,Round 2,9,204,310,tw62020476,,0,tw90556916,,0,,,,,
round_pairing,Round 2,9,204,446,tw90556916,,0,tw62020476,,0,,,,,
round_pairing,Round 2,9,205,332,tw66459371,,0,tw77699656,,0,,,,,
round_pairing,Round 2,9,205,393,tw77699656,,0,tw66459371,,0,,,,,
round_pairing,Round 2,9,206,163,tw31738493,,0,tw98870995,,0,,,,,
round_pairing,Round 2,9,206,488,tw98870995,,0,tw31738493,,0,,,,,
round_pairing,Round 2,9,207,468,tw94737903,,0,tw96137948,,0,,,,,
round_pairing,Round 2,9,207,475,tw96137948,,0,tw94737903,,0,,,,,
round_pairing,Round 2,9,208,255,tw49159270,,0,tw79100139,,0,,,,,
round_pairing,Round 2,9,208,529,tw79100139,,0,tw49159270,,0,,,,,
round_pairing,Round 2,9,209,366,tw73048413,,0,tw88117485,,0,,,,,
round_pairing,Round 2,9,209,434,tw88117485,,0,tw73048413,,0,,,,,
round_pairing,Round 2,9,210,359,tw71730704,,0,tw08855722,,0,,,,,
round_pairing,Round 2,9,210,41,tw08855722,,0,tw71730704,,0,,,,,
round_pairing,Round 2,9,211,187,tw35861851,,0,tw63238788,,0,,,,,
round_pairing,Round 2,9,211,313,tw63238788,,0,tw35861851,,0,,,,,
round_pairing,Round 2,9,212,495,tw99373374,,0,tw33742727,,0,,,,,
round_pairing,Round 2,9,212,507,tw33742727,,0,tw99373374,,0,,,,,
round_pairing,Round 2,9,213,406,tw80138989,,0,tw09914156,,0,,,,,
round_pairing,Round 2,9,213,51,tw09914156,,0,tw80138989,,0,,,,,
round_pairing,Round 2,9,214,353,tw69848864,,0,tw00918141,,0,,,,,
round_pairing,Round 2,9,214,6,tw00918141,,0,tw69848864,,0,,,,,
round_pairing,Round 2,9,215,274,tw53723254,,0,tw90601321,,0,,,,,
round_pairing,Round 2,9,215,447,tw90601321,,0,tw53723254,,0,,,,,
round_pairing,Round 2,9,216,132,tw25634182,,0,tw70061764,,0,,,,,
round_pairing,Round 2,9,216,354,tw70061764,,0,tw25634182,,0,,,,,
round_pairing,Round 2,9,217,409,tw81218142,,0,tw85470107,,0,,,,,
round_pairing,Round 2,9,217,425,tw85470107,,0,tw81218142,,0,,,,,
round_pairing,Round 2,9,218,263,tw50820470,,0,tw73911906,,0,,,,,
round_pairing,Round 2,9,218,369,tw73911906,,0,tw50820470,,0,,,,,
round_pairing,Round 2,9,219,536,tw02752748,,0,tw16963151,,0,,,,,
round_pairing,Round 2,9,219,91,tw16963151,,0,tw02752748,,0,,,,,
round_pairing,Round 2,9,220,175,tw33274690,,0,tw68763677,,0,,,,,
round_pairing,Round 2,9,220,345,tw68763677,,0,tw33274690,,0,,,,,
round_pairing,Round 2,9,221,133,tw25684532,,0,tw11978505,,0,,,,,
round_pairing,Round 2,9,221,60,tw11978505,,0,tw25684532,,0,,,,,
round_pairing,Round 2,9,222,171,tw32902575,,0,tw91803326,,0,,,,,
round_pairing,Round 2,9,222,453,tw91803326,,0,tw32902575,,0,,,,,
round_pairing,Round 2,9,223,324,tw65156718,,0,tw82560565,,0,,,,,
round_pairing,Round 2,9,223,414,tw82560565,,0,tw65156718,,0,,,,,
round_pairing,Round 2,9,224,318,tw63735317,,0,tw67984683,,0,,,,,
round_pairing,Round 2,9,224,341,tw67984683,,0,tw63735317,,0,,,,,
round_pairing,Round 2,9,225,2,tw00531440,,0,tw19127861,,0,,,,,
round_pairing,Round 2,9,225,531,tw19127861,,0,tw00531440,,0,,,,,
round_pairing,Round 2,10,226,423,tw84991038,,0,tw97931731,,0,,,,,
round_pairing,Round 2,10,226,485,tw97931731,,0,tw84991038,,0,,,,,
round_pairing,Round 2,10,227,242,tw46738666,,0,tw60751700,,0,,,,,
round_pairing,Round 2,10,227,307,tw60751700,,0,tw46738666,,0,,,,,
round_pairing,Round 2,10,228,155,tw29518941,,0,tw74542521,,0,,,,,
round_pairing,Round 2,10,228,374,tw74542521,,0,tw29518941,,0,,,,,
round_pairing,Round 2,10,229,283,tw55332465,,0,tw84828731,,0,,,,,
round_pairing,Round 2,10,229,422,tw84828731,,0,tw55332465,,0,,,,,
round_pairing,Round 2,10,230,167,tw32214798,,0,tw96947201,,0,,,,,
round_pairing,Round 2,10,230,477,tw96947201,,0,tw32214798,,0,,,,,
round_pairing,Round 2,10,231,336,tw67199394,,0,tw80392170,,0,,,,,
round_pairing,Round 2,10,231,407,tw80392170,,0,tw67199394,,0,,,,,
round_pairing,Round 2,10,232,238,tw46030050,,0,tw47949585,,0,,,,,
round_pairing,Round 2,10,232,248,tw47949585,,0,tw46030050,,0,,,,,
round_pairing,Round 2,10,233,281,tw55069236,,0,tw75774280,,0,,,,,
round_pairing,Round 2,10,233,383,tw75774280,,0,tw55069236,,0,,,,,
round_pairing,Round 2,10,234,158,tw30043028,,0,tw16207920,,0,,,,,
round_pairing,Round 2,10,234,86,tw16207920,,0,tw30043028,,0,,,,,
round_pairing,Round 2,10,235,503,tw53806573,,0,tw13174665,,0,,,,,
round_pairing,Round 2,10,235,64,tw13174665,,0,tw53806573,,0,,,,,
round_pairing,Round 2,10,236,348,tw69372013,,0,tw93999361,,0,,,,,
round_pairing,Round 2,10,236,466,tw93999361,,0,tw69372013,,0,,,,,
round_pairing,Round 2,10,237,113,tw21543308,,0,tw93076075,,0,,,,,
round_pairing,Round 2,10,237,462,tw93076075,,0,tw21543308,,0,,,,,
round_pairing,Round 2,10,238,13,tw03063725,,0,tw89811739,,0,,,,,
round_pairing,Round 2,10,238,443,tw89811739,,0,tw03063725,,0,,,,,
round_pairing,Round 2,10,239,224,tw43692869,,0,tw64220350,,0,,,,,
round_pairing,Round 2,10,239,321,tw64220350,,0,tw43692869,,0,,,,,
round_pairing,Round 2,10,240,240,tw46423373,,0,tw71976921,,0,,,,,
round_pairing,Round 2,10,240,360,tw71976921,,0,tw46423373,,0,,,,,
round_pairing,Round 2,10,241,160,tw30379002,,0,tw59054436,,0,,,,,
round_pairing,Round 2,10,241,296,tw59054436,,0,tw30379002,,0,,,,,
round_pairing,Round 2,10,242,215,tw42126524,,0,tw97807535,,0,,,,,
round_pairing,Round 2,10,242,482,tw97807535,,0,tw42126524,,0,,,,,
round_pairing,Round 2,10,243,456,tw92250919,,0,tw07237919,,0,,,,,
round_pairing,Round 2,10,243,510,tw07237919,,0,tw92250919,,0,,,,,
round_pairing,Round 2,10,244,166,tw32167594,,0,tw83751916,,0,,,,,
round_pairing,Round 2,10,244,417,tw83751916,,0,tw32167594,,0,,,,,
round_pairing,Round 2,10,245,12,tw02856732,,0,tw41398048,,0,,,,,
round_pairing,Round 2,10,245,210,tw41398048,,0,tw02856732,,0,,,,,
round_pairing,Round 2,10,246,230,tw44562605,,0,tw84665181,,0,,,,,
round_pairing,Round 2,10,246,421,tw84665181,,0,tw44562605,,0,,,,,
round_pairing,Round 2,10,247,123,tw23475905,,0,tw25974925,,0,,,,,
round_pairing,Round 2,10,247,134,tw25974925,,0,tw23475905,,0,,,,,
round_pairing,Round 2,10,248,138,tw26670105,,0,tw18057901,,0,,,,,
round_pairing,Round 2,10,248,95,tw18057901,,0,tw26670105,,0,,,,,
round_pairing,Round 2,10,249,207,tw40595661,,0,tw77679011,,0,,,,,
round_pairing,Round 2,10,249,523,tw77679011,,0,tw40595661,,0,,,,,
round_pairing,Round 2,10,250,396,tw78539182,,0,tw18584107,,0,,,,,
round_pairing,Round 2,10,250,99,tw18584107,,0,tw78539182,,0,,,,,
round_pairing,Round 2,11,251,364,tw72776789,,0,tw99256533,,0,,,,,
round_pairing,Round 2,11,251,494,tw99256533,,0,tw72776789,,0,,,,,
round_pairing,Round 2,11,252,32,tw06400208,,0,tw89407764,,0,,,,,
round_pairing,Round 2,11,252,440,tw89407764,,0,tw06400208,,0,,,,,
round_pairing,Round 2,11,253,474,tw96093664,,0,tw99241716,,0,,,,,
round_pairing,Round 2,11,253,493,tw99241716,,0,tw96093664,,0,,,,,
round_pairing,Round 2,11,254,516,tw03132048,,0,tw45696531,,0,,,,,
round_pairing,Round 2,11,254,525,tw45696531,,0,tw03132048,,0,,,,,
round_pairing,Round 2,11,255,391,tw77123317,,0,tw02105248,,0,,,,,
round_pairing,Round 2,11,255,9,tw02105248,,0,tw77123317,,0,,,,,
round_pairing,Round 2,11,256,135,tw26095879,,0,tw05346170,,0,,,,,
round_pairing,Round 2,11,256,25,tw05346170,,0,tw26095879,,0,,,,,
round_pairing,Round 2,11,257,259,tw49759795,,0,tw77550830,,0,,,,,
round_pairing,Round 2,11,257,392,tw77550830,,0,tw49759795,,0,,,,,
round_pairing,Round 2,11,258,169,tw32452069,,0,tw01012666,,0,,,,,
round_pairing,Round 2,11,258,7,tw01012666,,0,tw32452069,,0,,,,,
round_pairing,Round 2,11,259,363,tw72630270,,0,tw84406921,,0,,,,,
round_pairing,Round 2,11,259,420,tw84406921,,0,tw72630270,,0,,,,,
round_pairing,Round 2,11,260,182,tw34557355,,0,tw04566463,,0,,,,,
round_pairing,Round 2,11,260,23,tw04566463,,0,tw34557355,,0,,,,,
round_pairing,Round 2,11,261,299,tw59882595,,0,tw14487551,,0,,,,,
round_pairing,Round 2,11,261,75,tw14487551,,0,tw59882595,,0,,,,,
round_pairing,Round 2,11,262,437,tw88633827,,0,tw93062100,,0,,,,,
round_pairing,Round 2,11,262,461,tw93062100,,0,tw88633827,,0,,,,,
round_pairing,Round 2,11,263,1,tw00114747,,0,tw29404493,,0,,,,,
round_pairing,Round 2,11,263,154,tw29404493,,0,tw00114747,,0,,,,,
round_pairing,Round 2,11,264,227,tw44206611,,0,tw68151227,,0,,,,,
round_pairing,Round 2,11,264,343,tw68151227,,0,tw44206611,,0,,,,,
round_pairing,Round 2,11,265,56,tw11612248,,0,tw16132632,,0,,,,,
round_pairing,Round 2,11,265,84,tw16132632,,0,tw11612248,,0,,,,,
round_pairing,Round 2,11,266,221,tw43118125,,0,tw48949077,,0,,,,,
round_pairing,Round 2,11,266,252,tw48949077,,0,tw43118125,,0,,,,,
round_pairing,Round 2,11,267,412,tw81736494,,0,tw12134806,,0,,,,,
round_pairing,Round 2,11,267,62,tw12134806,,0,tw81736494,,0,,,,,
round_pairing,Round 2,11,268,112,tw21246264,,0,tw70897596,,0,,,,,
round_pairing,Round 2,11,268,357,tw70897596,,0,tw21246264,,0,,,,,
round_pairing,Round 2,11,269,108,tw20730540,,0,tw60256639,,0,,,,,
round_pairing,Round 2,11,269,302,tw60256639,,0,tw20730540,,0,,,,,
round_pairing,Round 2,11,270,355,tw70273656,,0,tw15115105,,0,,,,,
round_pairing,Round 2,11,270,79,tw15115105,,0,tw70273656,,0,,,,,
round_pairing,Round 3,1,1,384,tw76086171,,6,tw95954871,,6,,,,,
round_pairing,Round 3,1,1,473,tw95954871,,6,tw76086171,,6,,,,,
round_pairing,Round 3,1,2,137,tw26567324,,6,tw27347873,,6,,,,,
round_pairing,Round 3,1,2,142,tw27347873,,6,tw26567324,,6,,,,,
round_pairing,Round 3,1,3,156,tw29536370,,6,tw97857197,,6,,,,,
round_pairing,Round 3,1,3,483,tw97857197,,6,tw29536370,,6,,,,,
round_pairing,Round 3,1,4,403,tw79476009,,6,tw82981600,,6,,,,,
round_pairing,Round 3,1,4,416,tw82981600,,6,tw79476009,,6,,,,,
round_pairing,Round 3,1,5,501,tw88506619,,6,tw17203659,,6,,,,,
round_pairing,Round 3,1,5,92,tw17203659,,6,tw88506619,,6,,,,,
round_pairing,Round 3,1,6,441,tw89548879,,6,tw96648029,,6,,,,,
round_pairing,Round 3,1,6,476,tw96648029,,6,tw89548879,,6,,,,,
round_pairing,Round 3,1,7,17,tw04057117,,6,tw64656626,,6,,,,,
round_pairing,Round 3,1,7,322,tw64656626,,6,tw04057117,,6,,,,,
round_pairing,Round 3,1,8,102,tw18906406,,6,tw19640601,,6,,,,,
round_pairing,Round 3,1,8,533,tw19640601,,6,tw18906406,,6,,,,,
round_pairing,Round 3,1,9,111,tw21206685,,6,tw05925639,,6,,,,,
round_pairing,Round 3,1,9,28,tw05925639,,6,tw21206685,,6,,,,,
round_pairing,Round 3,1,10,104,tw19522331,,6,tw45725328,,6,,,,,
round_pairing,Round 3,1,10,236,tw45725328,,6,tw19522331,,6,,,,,
round_pairing,Round 3,1,11,202,tw39174853,,6,tw92496269,,6,,,,,
round_pairing,Round 3,1,11,457,tw92496269,,6,tw39174853,,6,,,,,
round_pairing,Round 3,1,12,272,tw53028908,,6,tw66134077,,6,,,,,
round_pairing,Round 3,1,12,329,tw66134077,,6,tw53028908,,6,,,,,
round_pairing,Round 3,1,13,177,tw33544977,,6,tw14152067,,6,,,,,
round_pairing,Round 3,1,13,74,tw14152067,,6,tw33544977,,6,,,,,
round_pairing,Round 3,1,14,40,tw08560123,,6,tw10467123,,6,,,,,
round_pairing,Round 3,1,14,53,tw10467123,,6,tw08560123,,6,,,,,
round_pairing,Round 3,1,15,209,tw41286139,,6,tw05980017,,6,,,,,
round_pairing,Round 3,1,15,30,tw05980017,,6,tw41286139,,6,,,,,
round_pairing,Round 3,1,16,262,tw50567676,,6,tw89047117,,6,,,,,
round_pairing,Round 3,1,16,438,tw89047117,,6,tw50567676,,6,,,,,
round_pairing,Round 3,1,17,203,tw39179779,,6,tw89643656,,6,,,,,
round_pairing,Round 3,1,17,442,tw89643656,,6,tw39179779,,6,,,,,
round_pairing,Round 3,1,18,280,tw55000893,,6,tw45178021,,6,,,,,
round_pairing,Round 3,1,18,535,tw45178021,,6,tw55000893,,6,,,,,
round_pairing,Round 3,1,19,289,tw57017359,,6,tw15712728,,6,,,,,
round_pairing,Round 3,1,19,81,tw15712728,,6,tw57017359,,6,,,,,
round_pairing,Round 3,1,20,373,tw74371443,,6,tw32830944,,6,,,,,
round_pairing,Round 3,1,20,512,tw32830944,,6,tw74371443,,6,,,,,
round_pairing,Round 3,1,21,119,tw22529091,,6,tw00572856,,6,,,,,
round_pairing,Round 3,1,21,3,tw00572856,,6,tw22529091,,6,,,,,
round_pairing,Round 3,1,22,195,tw37556303,,6,tw24111275,,6,,,,,
round_pairing,Round 3,1,22,511,tw24111275,,6,tw37556303,,6,,,,,
round_pairing,Round 3,1,23,472,tw95656910,,6,tw87970697,,6,,,,,
round_pairing,Round 3,1,23,509,tw87970697,,6,tw95656910,,6,,,,,
round_pairing,Round 3,1,24,370,tw73917548,,6,tw56970260,,6,,,,,
round_pairing,Round 3,1,24,540,tw56970260,,6,tw73917548,,6,,,,,
round_pairing,Round 3,1,25,427,tw85568194,,6,tw91797530,,6,,,,,
round_pairing,Round 3,1,25,452,tw91797530,,6,tw85568194,,6,,,,,
round_pairing,Round 3,2,26,186,tw35707148,,6,tw09638604,,6,,,,,
round_pairing,Round 3,2,26,48,tw09638604,,6,tw35707148,,6,,,,,
round_pairing,Round 3,2,27,499,tw99926791,,6,tw38086655,,6,,,,,
round_pairing,Round 3,2,27,537,tw38086655,,6,tw99926791,,6,,,,,
round_pairing,Round 3,2,28,390,tw76994845,,6,tw10410998,,6,,,,,
round_pairing,Round 3,2,28,52,tw10410998,,6,tw76994845,,6,,,,,
round_pairing,Round 3,2,29,278,tw54760232,,6,tw58817602,,6,,,,,
round_pairing,Round 3,2,29,294,tw58817602,,6,tw54760232,,6,,,,,
round_pairing,Round 3,2,30,244,tw46798799,,6,tw18468179,,6,,,,,
round_pairing,Round 3,2,30,97,tw18468179,,6,tw46798799,,6,,,,,
round_pairing,Round 3,2,31,439,tw89297350,,6,tw14942902,,6,,,,,
round_pairing,Round 3,2,31,77,tw14942902,,6,tw89297350,,6,,,,,
round_pairing,Round 3,2,32,377,tw75037148,,6,tw91823318,,6,,,,,
round_pairing,Round 3,2,32,454,tw91823318,,6,tw75037148,,6,,,,,
round_pairing,Round 3,2,33,101,tw18844404,,6,tw52127289,,6,,,,,
round_pairing,Round 3,2,33,266,tw52127289,,6,tw18844404,,6,,,,,
round_pairing,Round 3,2,34,418,tw84048586,,6,tw70378594,,6,,,,,
round_pairing,Round 3,2,34,517,tw70378594,,6,tw84048586,,6,,,,,
round_pairing,Round 3,2,35,264,tw51147332,,6,tw60169670,,6,,,,,
round_pairing,Round 3,2,35,301,tw60169670,,6,tw51147332,,6,,,,,
round_pairing,Round 3,2,36,306,tw60511158,,6,tw88559975,,6,,,,,
round_pairing,Round 3,2,36,518,tw88559975,,6,tw60511158,,6,,,,,
round_pairing,Round 3,2,37,376,tw74945392,,6,tw12769027,,6,,,,,
round_pairing,Round 3,2,37,532,tw12769027,,6,tw74945392,,6,,,,,
round_pairing,Round 3,2,38,287,tw56468849,,6,tw16645990,,6,,,,,
round_pairing,Round 3,2,38,90,tw16645990,,6,tw56468849,,6,,,,,
round_pairing,Round 3,2,39,120,tw23209128,,6,tw45713741,,6,,,,,
round_pairing,Round 3,2,39,235,tw45713741,,6,tw23209128,,6,,,,,
round_pairing,Round 3,2,40,367,tw73106123,,6,tw92544749,,6,,,,,
round_pairing,Round 3,2,40,458,tw92544749,,6,tw73106123,,6,,,,,
round_pairing,Round 3,2,41,288,tw56605426,,6,tw16728082,,6,,,,,
round_pairing,Round 3,2,41,526,tw16728082,,6,tw56605426,,6,,,,,
round_pairing,Round 3,2,42,204,tw39185310,,6,tw75380665,,6,,,,,
round_pairing,Round 3,2,42,379,tw75380665,,6,tw39185310,,6,,,,,
round_pairing,Round 3,2,43,243,tw46795660,,6,tw67604361,,6,,,,,
round_pairing,Round 3,2,43,337,tw67604361,,6,tw46795660,,6,,,,,
round_pairing,Round 3,2,44,372,tw74343825,,6,tw84249252,,6,,,,,
round_pairing,Round 3,2,44,419,tw84249252,,6,tw74343825,,6,,,,,
round_pairing,Round 3,2,45,486,tw98129328,,6,tw11292760,,6,,,,,
round_pairing,Round 3,2,45,54,tw11292760,,6,tw98129328,,6,,,,,
round_pairing,Round 3,2,46,388,tw76407729,,6,tw13229345,,6,,,,,
round_pairing,Round 3,2,46,65,tw13229345,,6,tw76407729,,6,,,,,
round_pairing,Round 3,2,47,284,tw56012620,,6,tw74568091,,6,,,,,
round_pairing,Round 3,2,47,375,tw74568091,,6,tw56012620,,6,,,,,
round_pairing,Round 3,2,48,205,tw39894258,,6,tw44874553,,6,,,,,
round_pairing,Round 3,2,48,231,tw44874553,,6,tw39894258,,6,,,,,
round_pairing,Round 3,2,49,408,tw81121676,,6,tw91997638,,6,,,,,
round_pairing,Round 3,2,49,455,tw91997638,,6,tw81121676,,6,,,,,
round_pairing,Round 3,2,50,14,tw03389371,,6,tw67759215,,6,,,,,
round_pairing,Round 3,2,50,339,tw67759215,,6,tw03389371,,6,,,,,
round_pairing,Round 3,3,51,223,tw43633449,,6,tw89609352,,6,,,,,
round_pairing,Round 3,3,51,538,tw89609352,,6,tw43633449,,6,,,,,
round_pairing,Round 3,3,52,179,tw33811608,,6,tw59471628,,6,,,,,
round_pairing,Round 3,3,52,297,tw59471628,,6,tw33811608,,6,,,,,
round_pairing,Round 3,3,53,153,tw29121960,,6,tw04564553,,6,,,,,
round_pairing,Round 3,3,53,22,tw04564553,,6,tw29121960,,6,,,,,
round_pairing,Round 3,3,54,346,tw68822994,,6,tw79280986,,6,,,,,
round_pairing,Round 3,3,54,401,tw79280986,,6,tw68822994,,6,,,,,
round_pairing,Round 3,3,55,31,tw06169660,,6,tw67716132,,6,,,,,
round_pairing,Round 3,3,55,338,tw67716132,,6,tw06169660,,6,,,,,
round_pairing,Round 3,3,56,24,tw05197795,,6,tw72244502,,6,,,,,
round_pairing,Round 3,3,56,362,tw72244502,,6,tw05197795,,6,,,,,
round_pairing,Round 3,3,57,320,tw64203769,,6,tw73975912,,6,,,,,
round_pairing,Round 3,3,57,371,tw73975912,,6,tw64203769,,6,,,,,
round_pairing,Round 3,3,58,327,tw65483922,,6,tw72829984,,6,,,,,
round_pairing,Round 3,3,58,365,tw72829984,,6,tw65483922,,6,,,,,
round_pairing,Round 3,3,59,150,tw28187058,,6,tw54988993,,6,,,,,
round_pairing,Round 3,3,59,279,tw54988993,,6,tw28187058,,6,,,,,
round_pairing,Round 3,3,60,126,tw24144676,,6,tw56336073,,6,,,,,
round_pairing,Round 3,3,60,285,tw56336073,,6,tw24144676,,6,,,,,
round_pairing,Round 3,3,61,257,tw49340794,,6,tw79188375,,6,,,,,
round_pairing,Round 3,3,61,400,tw79188375,,6,tw49340794,,6,,,,,
round_pairing,Round 3,3,62,268,tw52194649,,6,tw79834153,,6,,,,,
round_pairing,Round 3,3,62,405,tw79834153,,6,tw52194649,,6,,,,,
round_pairing,Round 3,3,63,15,tw03463518,,6,tw85823053,,6,,,,,
round_pairing,Round 3,3,63,428,tw85823053,,6,tw03463518,,6,,,,,
round_pairing,Round 3,3,64,317,tw63573774,,6,tw18276049,,6,,,,,
round_pairing,Round 3,3,64,96,tw18276049,,6,tw63573774,,6,,,,,
round_pairing,Round 3,3,65,300,tw59914357,,3,tw58450010,,6,,,,,
round_pairing,Round 3,3,65,502,tw58450010,,6,tw59914357,,3,,,,,
round_pairing,Round 3,3,66,123,tw23475905,,3,tw24928885,,3,,,,,
round_pairing,Round 3,3,66,128,tw24928885,,3,tw23475905,,3,,,,,
round_pairing,Round 3,3,67,169,tw32452069,,3,tw09881291,,3,,,,,
round_pairing,Round 3,3,67,50,tw09881291,,3,tw32452069,,3,,,,,
round_pairing,Round 3,3,68,147,tw28101734,,3,tw33002183,,3,,,,,
round_pairing,Round 3,3,68,172,tw33002183,,3,tw28101734,,3,,,,,
round_pairing,Round 3,3,69,341,tw67984683,,3,tw07460167,,3,,,,,
round_pairing,Round 3,3,69,38,tw07460167,,3,tw67984683,,3,,,,,
round_pairing,Round 3,3,70,334,tw66588143,,3,tw16963151,,3,,,,,
round_pairing,Round 3,3,70,91,tw16963151,,3,tw66588143,,3,,,,,
round_pairing,Round 3,3,71,12,tw02856732,,3,tw09704151,,3,,,,,
round_pairing,Round 3,3,71,504,tw09704151,,3,tw02856732,,3,,,,,
round_pairing,Round 3,3,72,29,tw05932500,,3,tw71730704,,3,,,,,
round_pairing,Round 3,3,72,359,tw71730704,,3,tw05932500,,3,,,,,
round_pairing,Round 3,3,73,161,tw31401549,,3,tw49160488,,3,,,,,
round_pairing,Round 3,3,73,256,tw49160488,,3,tw31401549,,3,,,,,
round_pairing,Round 3,3,74,129,tw25188472,,3,tw09472918,,3,,,,,
round_pairing,Round 3,3,74,44,tw09472918,,3,tw25188472,,3,,,,,
round_pairing,Round 3,3,75,417,tw83751916,,3,tw89407764,,3,,,,,
round_pairing,Round 3,3,75,440,tw89407764,,3,tw83751916,,3,,,,,
round_pairing,Round 3,4,76,124,tw23712439,,3,tw90018469,,3,,,,,
round_pairing,Round 3,4,76,444,tw90018469,,3,tw23712439,,3,,,,,
round_pairing,Round 3,4,77,171,tw32902575,,3,tw18480972,,3,,,,,
round_pairing,Round 3,4,77,98,tw18480972,,3,tw32902575,,3,,,,,
round_pairing,Round 3,4,78,159,tw30267620,,3,tw79180495,,3,,,,,
round_pairing,Round 3,4,78,399,tw79180495,,3,tw30267620,,3,,,,,
round_pairing,Round 3,4,79,344,tw68209178,,3,tw98649601,,3,,,,,
round_pairing,Round 3,4,79,487,tw98649601,,3,tw68209178,,3,,,,,
round_pairing,Round 3,4,80,503,tw53806573,,3,tw38080173,,3,,,,,
round_pairing,Round 3,4,80,505,tw38080173,,3,tw53806573,,3,,,,,
round_pairing,Round 3,4,81,407,tw80392170,,3,tw16152234,,3,,,,,
round_pairing,Round 3,4,81,85,tw16152234,,3,tw80392170,,3,,,,,
round_pairing,Round 3,4,82,212,tw41563340,,3,tw11978505,,3,,,,,
round_pairing,Round 3,4,82,60,tw11978505,,3,tw41563340,,3,,,,,
round_pairing,Round 3,4,83,228,tw44344603,,3,tw00787146,,3,,,,,
round_pairing,Round 3,4,83,5,tw00787146,,3,tw44344603,,3,,,,,
round_pairing,Round 3,4,84,422,tw84828731,,3,tw16526802,,3,,,,,
round_pairing,Round 3,4,84,87,tw16526802,,3,tw84828731,,3,,,,,
round_pairing,Round 3,4,85,333,tw66520026,,3,tw03132048,,3,,,,,
round_pairing,Round 3,4,85,516,tw03132048,,3,tw66520026,,3,,,,,
round_pairing,Round 3,4,86,304,tw60311204,,3,tw65994043,,3,,,,,
round_pairing,Round 3,4,86,520,tw65994043,,3,tw60311204,,3,,,,,
round_pairing,Round 3,4,87,140,tw26851444,,3,tw29518941,,3,,,,,
round_pairing,Round 3,4,87,155,tw29518941,,3,tw26851444,,3,,,,,
round_pairing,Round 3,4,88,162,tw31422118,,3,tw37870020,,3,,,,,
round_pairing,Round 3,4,88,197,tw37870020,,3,tw31422118,,3,,,,,
round_pairing,Round 3,4,89,200,tw38671111,,3,tw13786805,,3,,,,,
round_pairing,Round 3,4,89,69,tw13786805,,3,tw38671111,,3,,,,,
round_pairing,Round 3,4,90,436,tw88607252,,3,tw11612248,,3,,,,,
round_pairing,Round 3,4,90,56,tw11612248,,3,tw88607252,,3,,,,,
round_pairing,Round 3,4,91,302,tw60256639,,3,tw14788730,,3,,,,,
round_pairing,Round 3,4,91,76,tw14788730,,3,tw60256639,,3,,,,,
round_pairing,Round 3,4,92,152,tw29023076,,3,tw17505073,,3,,,,,
round_pairing,Round 3,4,92,93,tw17505073,,3,tw29023076,,3,,,,,
round_pairing,Round 3,4,93,314,tw63343435,,3,tw15026318,,3,,,,,
round_pairing,Round 3,4,93,78,tw15026318,,3,tw63343435,,3,,,,,
round_pairing,Round 3,4,94,246,tw47551870,,3,tw51489284,,3,,,,,
round_pairing,Round 3,4,94,542,tw51489284,,3,tw47551870,,3,,,,,
round_pairing,Round 3,4,95,122,tw23249034,,3,tw04215857,,3,,,,,
round_pairing,Round 3,4,95,513,tw04215857,,3,tw23249034,,3,,,,,
round_pairing,Round 3,4,96,364,tw72776789,,3,tw18584107,,3,,,,,
round_pairing,Round 3,4,96,99,tw18584107,,3,tw72776789,,3,,,,,
round_pairing,Round 3,4,97,255,tw49159270,,3,tw13120137,,3,,,,,
round_pairing,Round 3,4,97,63,tw13120137,,3,tw49159270,,3,,,,,
round_pairing,Round 3,4,98,395,tw78077476,,3,tw81599190,,3,,,,,
round_pairing,Round 3,4,98,411,tw81599190,,3,tw78077476,,3,,,,,
round_pairing,Round 3,4,99,323,tw64793736,,3,tw19127861,,3,,,,,
round_pairing,Round 3,4,99,531,tw19127861,,3,tw64793736,,3,,,,,
round_pairing,Round 3,4,100,433,tw87316906,,3,tw91720502,,3,,,,,
round_pairing,Round 3,4,100,451,tw91720502,,3,tw87316906,,3,,,,,
round_pairing,Round 3,5,101,310,tw62020476,,3,tw14120018,,3,,,,,
round_pairing,Round 3,5,101,73,tw14120018,,3,tw62020476,,3,,,,,
round_pairing,Round 3,5,102,430,tw86177796,,3,tw92250919,,3,,,,,
round_pairing,Round 3,5,102,456,tw92250919,,3,tw86177796,,3,,,,,
round_pairing,Round 3,5,103,421,tw84665181,,3,tw95045687,,3,,,,,
round_pairing,Round 3,5,103,469,tw95045687,,3,tw84665181,,3,,,,,
round_pairing,Round 3,5,104,190,tw36759052,,3,tw41073870,,3,,,,,
round_pairing,Round 3,5,104,208,tw41073870,,3,tw36759052,,3,,,,,
round_pairing,Round 3,5,105,132,tw25634182,,3,tw93405316,,3,,,,,
round_pairing,Round 3,5,105,463,tw93405316,,3,tw25634182,,3,,,,,
round_pairing,Round 3,5,106,342,tw68088789,,3,tw81736494,,3,,,,,
round_pairing,Round 3,5,106,412,tw81736494,,3,tw68088789,,3,,,,,
round_pairing,Round 3,5,107,275,tw54347311,,3,tw12035691,,3,,,,,
round_pairing,Round 3,5,107,61,tw12035691,,3,tw54347311,,3,,,,,
round_pairing,Round 3,5,108,58,tw11739209,,3,tw16569141,,3,,,,,
round_pairing,Round 3,5,108,88,tw16569141,,3,tw11739209,,3,,,,,
round_pairing,Round 3,5,109,11,tw02559687,,3,tw32240000,,3,,,,,
round_pairing,Round 3,5,109,168,tw32240000,,3,tw02559687,,3,,,,,
round_pairing,Round 3,5,110,36,tw07333117,,3,tw09503218,,3,,,,,
round_pairing,Round 3,5,110,46,tw09503218,,3,tw07333117,,3,,,,,
round_pairing,Round 3,5,111,291,tw57948434,,3,tw79411276,,3,,,,,
round_pairing,Round 3,5,111,402,tw79411276,,3,tw57948434,,3,,,,,
round_pairing,Round 3,5,112,462,tw93076075,,3,tw99072428,,3,,,,,
round_pairing,Round 3,5,112,490,tw99072428,,3,tw93076075,,3,,,,,
round_pairing,Round 3,5,113,20,tw04255506,,3,tw52974697,,3,,,,,
round_pairing,Round 3,5,113,527,tw52974697,,3,tw04255506,,3,,,,,
round_pairing,Round 3,5,114,59,tw11795582,,3,tw01478107,,3,,,,,
round_pairing,Round 3,5,114,8,tw01478107,,3,tw11795582,,3,,,,,
round_pairing,Round 3,5,115,117,tw22462226,,3,tw15533641,,3,,,,,
round_pairing,Round 3,5,115,80,tw15533641,,3,tw22462226,,3,,,,,
round_pairing,Round 3,5,116,241,tw46705939,,3,tw69376751,,3,,,,,
round_pairing,Round 3,5,116,349,tw69376751,,3,tw46705939,,3,,,,,
round_pairing,Round 3,5,117,112,tw21246264,,3,tw84991038,,3,,,,,
round_pairing,Round 3,5,117,423,tw84991038,,3,tw21246264,,3,,,,,
round_pairing,Round 3,5,118,369,tw73911906,,3,tw13454619,,3,,,,,
round_pairing,Round 3,5,118,67,tw13454619,,3,tw73911906,,3,,,,,
round_pairing,Round 3,5,119,213,tw41682200,,3,tw99229780,,3,,,,,
round_pairing,Round 3,5,119,492,tw99229780,,3,tw41682200,,3,,,,,
round_pairing,Round 3,5,120,167,tw32214798,,3,tw73048413,,3,,,,,
round_pairing,Round 3,5,120,366,tw73048413,,3,tw32214798,,3,,,,,
round_pairing,Round 3,5,121,164,tw32020032,,3,tw90601321,,3,,,,,
round_pairing,Round 3,5,121,447,tw90601321,,3,tw32020032,,3,,,,,
round_pairing,Round 3,5,122,207,tw40595661,,3,tw50328610,,3,,,,,
round_pairing,Round 3,5,122,261,tw50328610,,3,tw40595661,,3,,,,,
round_pairing,Round 3,5,123,221,tw43118125,,3,tw13830995,,3,,,,,
round_pairing,Round 3,5,123,70,tw13830995,,3,tw43118125,,3,,,,,
round_pairing,Round 3,5,124,106,tw20118339,,3,tw35246471,,3,,,,,
round_pairing,Round 3,5,124,184,tw35246471,,3,tw20118339,,3,,,,,
round_pairing,Round 3,5,125,219,tw42619935,,3,tw43380150,,3,,,,,
round_pairing,Round 3,5,125,222,tw43380150,,3,tw42619935,,3,,,,,
round_pairing,Round 3,6,126,127,tw24854365,,3,tw05399034,,3,,,,,
round_pairing,Round 3,6,126,27,tw05399034,,3,tw24854365,,3,,,,,
round_pairing,Round 3,6,127,271,tw52806758,,3,tw99814098,,3,,,,,
round_pairing,Round 3,6,127,498,tw99814098,,3,tw52806758,,3,,,,,
round_pairing,Round 3,6,128,160,tw30379002,,3,tw46423373,,3,,,,,
round_pairing,Round 3,6,128,240,tw46423373,,3,tw30379002,,3,,,,,
round_pairing,Round 3,6,129,237,tw45806310,,3,tw65233698,,3,,,,,
round_pairing,Round 3,6,129,325,tw65233698,,3,tw45806310,,3,,,,,
round_pairing,Round 3,6,130,414,tw82560565,,3,tw93739401,,3,,,,,
round_pairing,Round 3,6,130,464,tw93739401,,3,tw82560565,,3,,,,,
round_pairing,Round 3,6,131,239,tw46076033,,3,tw92616365,,3,,,,,
round_pairing,Round 3,6,131,459,tw92616365,,3,tw46076033,,3,,,,,
round_pairing,Round 3,6,132,286,tw56416986,,3,tw82946495,,3,,,,,
round_pairing,Round 3,6,132,415,tw82946495,,3,tw56416986,,3,,,,,
round_pairing,Round 3,6,133,229,tw44380087,,3,tw78866457,,3,,,,,
round_pairing,Round 3,6,133,398,tw78866457,,3,tw44380087,,3,,,,,
round_pairing,Round 3,6,134,260,tw50239297,,3,tw09347309,,3,,,,,
round_pairing,Round 3,6,134,43,tw09347309,,3,tw50239297,,3,,,,,
round_pairing,Round 3,6,135,326,tw65235703,,3,tw90967766,,3,,,,,
round_pairing,Round 3,6,135,449,tw90967766,,3,tw65235703,,3,,,,,
round_pairing,Round 3,6,136,214,tw41805810,,3,tw95570205,,3,,,,,
round_pairing,Round 3,6,136,471,tw95570205,,3,tw41805810,,3,,,,,
round_pairing,Round 3,6,137,232,tw45233917,,3,tw87015354,,3,,,,,
round_pairing,Round 3,6,137,432,tw87015354,,3,tw45233917,,3,,,,,
round_pairing,Round 3,6,138,311,tw62315993,,3,tw69372013,,3,,,,,
round_pairing,Round 3,6,138,348,tw69372013,,3,tw62315993,,3,,,,,
round_pairing,Round 3,6,139,380,tw75551324,,3,tw86878630,,3,,,,,
round_pairing,Round 3,6,139,431,tw86878630,,3,tw75551324,,3,,,,,
round_pairing,Round 3,6,140,226,tw44127879,,3,tw76132946,,3,,,,,
round_pairing,Round 3,6,140,385,tw76132946,,3,tw44127879,,3,,,,,
round_pairing,Round 3,6,141,328,tw65753780,,3,tw99732460,,3,,,,,
round_pairing,Round 3,6,141,497,tw99732460,,3,tw65753780,,3,,,,,
round_pairing,Round 3,6,142,110,tw21064937,,3,tw49388371,,3,,,,,
round_pairing,Round 3,6,142,258,tw49388371,,3,tw21064937,,3,,,,,
round_pairing,Round 3,6,143,100,tw18638755,,3,tw90337288,,3,,,,,
round_pairing,Round 3,6,143,445,tw90337288,,3,tw18638755,,3,,,,,
round_pairing,Round 3,6,144,105,tw20116252,,3,tw11642031,,3,,,,,
round_pairing,Round 3,6,144,57,tw11642031,,3,tw20116252,,3,,,,,
round_pairing,Round 3,6,145,136,tw26528058,,3,tw66292564,,3,,,,,
round_pairing,Round 3,6,145,330,tw66292564,,3,tw26528058,,3,,,,,
round_pairing,Round 3,6,146,115,tw21820105,,3,tw33005835,,3,,,,,
round_pairing,Round 3,6,146,173,tw33005835,,3,tw21820105,,3,,,,,
round_pairing,Round 3,6,147,198,tw37918429,,3,tw63508480,,3,,,,,
round_pairing,Round 3,6,147,315,tw63508480,,3,tw37918429,,3,,,,,
round_pairing,Round 3,6,148,295,tw58984162,,3,tw93020902,,3,,,,,
round_pairing,Round 3,6,148,460,tw93020902,,3,tw58984162,,3,,,,,
round_pairing,Round 3,6,149,191,tw36782228,,3,tw75774280,,3,,,,,
round_pairing,Round 3,6,149,383,tw75774280,,3,tw36782228,,3,,,,,
round_pairing,Round 3,6,150,290,tw57615176,,3,tw16621728,,3,,,,,
round_pairing,Round 3,6,150,89,tw16621728,,3,tw57615176,,3,,,,,
round_pairing,Round 3,7,151,309,tw61583819,,3,tw72630270,,3,,,,,
round_pairing,Round 3,7,151,363,tw72630270,,3,tw61583819,,3,,,,,
round_pairing,Round 3,7,152,103,tw19377792,,3,tw43007249,,3,,,,,
round_pairing,Round 3,7,152,220,tw43007249,,3,tw19377792,,3,,,,,
round_pairing,Round 3,7,153,170,tw32709946,,3,tw33097520,,3,,,,,
round_pairing,Round 3,7,153,174,tw33097520,,3,tw32709946,,3,,,,,
round_pairing,Round 3,7,154,144,tw27563265,,3,tw85855405,,3,,,,,
round_pairing,Round 3,7,154,429,tw85855405,,3,tw27563265,,3,,,,,
round_pairing,Round 3,7,155,470,tw95120042,,3,tw81191547,,3,,,,,
round_pairing,Round 3,7,155,539,tw81191547,,3,tw95120042,,3,,,,,
round_pairing,Round 3,7,156,211,tw41429367,,3,tw17748447,,3,,,,,
round_pairing,Round 3,7,156,94,tw17748447,,3,tw41429367,,3,,,,,
round_pairing,Round 3,7,157,282,tw55210501,,3,tw44133543,,3,,,,,
round_pairing,Round 3,7,157,508,tw44133543,,3,tw55210501,,3,,,,,
round_pairing,Round 3,7,158,181,tw33884578,,3,tw42126524,,3,,,,,
round_pairing,Round 3,7,158,215,tw42126524,,3,tw33884578,,3,,,,,
round_pairing,Round 3,7,159,26,tw05373669,,3,tw59842400,,3,,,,,
round_pairing,Round 3,7,159,298,tw59842400,,3,tw05373669,,3,,,,,
round_pairing,Round 3,7,160,37,tw07410887,,3,tw32980664,,3,,,,,
round_pairing,Round 3,7,160,506,tw32980664,,3,tw07410887,,3,,,,,
round_pairing,Round 3,7,161,406,tw80138989,,3,tw11570874,,3,,,,,
round_pairing,Round 3,7,161,55,tw11570874,,3,tw80138989,,3,,,,,
round_pairing,Round 3,7,162,507,tw33742727,,3,tw59548820,,3,,,,,
round_pairing,Round 3,7,162,543,tw59548820,,3,tw33742727,,3,,,,,
round_pairing,Round 3,7,163,254,tw49045992,,3,tw94737903,,3,,,,,
round_pairing,Round 3,7,163,468,tw94737903,,3,tw49045992,,3,,,,,
round_pairing,Round 3,7,164,25,tw05346170,,3,tw59882595,,3,,,,,
round_pairing,Round 3,7,164,299,tw59882595,,3,tw05346170,,3,,,,,
round_pairing,Round 3,7,165,107,tw20156409,,3,tw42563834,,3,,,,,
round_pairing,Round 3,7,165,218,tw42563834,,3,tw20156409,,3,,,,,
round_pairing,Round 3,7,166,125,tw23764220,,3,tw03478711,,3,,,,,
round_pairing,Round 3,7,166,16,tw03478711,,3,tw23764220,,3,,,,,
round_pairing,Round 3,7,167,528,tw30011078,,3,tw13779097,,3,,,,,
round_pairing,Round 3,7,167,68,tw13779097,,3,tw30011078,,3,,,,,
round_pairing,Round 3,7,168,10,tw02106832,,3,tw75755528,,3,,,,,
round_pairing,Round 3,7,168,382,tw75755528,,3,tw02106832,,3,,,,,
round_pairing,Round 3,7,169,355,tw70273656,,3,tw78657682,,3,,,,,
round_pairing,Round 3,7,169,397,tw78657682,,3,tw70273656,,3,,,,,
round_pairing,Round 3,7,170,361,tw72174151,,3,tw77877383,,3,,,,,
round_pairing,Round 3,7,170,394,tw77877383,,3,tw72174151,,3,,,,,
round_pairing,Round 3,7,171,138,tw26670105,,3,tw69425578,,3,,,,,
round_pairing,Round 3,7,171,350,tw69425578,,3,tw26670105,,3,,,,,
round_pairing,Round 3,7,172,151,tw28728192,,3,tw15946908,,3,,,,,
round_pairing,Round 3,7,172,83,tw15946908,,3,tw28728192,,3,,,,,
round_pairing,Round 3,7,173,332,tw66459371,,3,tw18057901,,3,,,,,
round_pairing,Round 3,7,173,95,tw18057901,,3,tw66459371,,3,,,,,
round_pairing,Round 3,7,174,233,tw45485735,,3,tw97138451,,3,,,,,
round_pairing,Round 3,7,174,478,tw97138451,,3,tw45485735,,3,,,,,
round_pairing,Round 3,7,175,253,tw48962901,,3,tw77123317,,3,,,,,
round_pairing,Round 3,7,175,391,tw77123317,,3,tw48962901,,3,,,,,
round_pairing,Round 3,8,176,404,tw79723871,,3,tw82119121,,3,,,,,
round_pairing,Round 3,8,176,413,tw82119121,,3,tw79723871,,3,,,,,
round_pairing,Round 3,8,177,182,tw34557355,,3,tw91555335,,3,,,,,
round_pairing,Round 3,8,177,450,tw91555335,,3,tw34557355,,3,,,,,
round_pairing,Round 3,8,178,238,tw46030050,,3,tw73237577,,3,,,,,
round_pairing,Round 3,8,178,368,tw73237577,,3,tw46030050,,3,,,,,
round_pairing,Round 3,8,179,267,tw52162016,,3,tw61279434,,3,,,,,
round_pairing,Round 3,8,179,308,tw61279434,,3,tw52162016,,3,,,,,
round_pairing,Round 3,8,180,426,tw85563070,,3,tw89811739,,3,,,,,
round_pairing,Round 3,8,180,443,tw89811739,,3,tw85563070,,3,,,,,
round_pairing,Round 3,8,181,1,tw00114747,,3,tw48596346,,3,,,,,
round_pairing,Round 3,8,181,250,tw48596346,,3,tw00114747,,3,,,,,
round_pairing,Round 3,8,182,251,tw48793078,,3,tw98988500,,3,,,,,
round_pairing,Round 3,8,182,489,tw98988500,,3,tw48793078,,3,,,,,
round_pairing,Round 3,8,183,114,tw21654272,,3,tw45498080,,3,,,,,
round_pairing,Round 3,8,183,234,tw45498080,,3,tw21654272,,3,,,,,
round_pairing,Round 3,8,184,141,tw26935289,,3,tw42309306,,3,,,,,
round_pairing,Round 3,8,184,216,tw42309306,,3,tw26935289,,3,,,,,
round_pairing,Round 3,8,185,259,tw49759795,,3,tw76258268,,3,,,,,
round_pairing,Round 3,8,185,386,tw76258268,,3,tw49759795,,3,,,,,
round_pairing,Round 3,8,186,345,tw68763677,,3,tw09490592,,3,,,,,
round_pairing,Round 3,8,186,45,tw09490592,,3,tw68763677,,3,,,,,
round_pairing,Round 3,8,187,409,tw81218142,,3,tw96093664,,3,,,,,
round_pairing,Round 3,8,187,474,tw96093664,,3,tw81218142,,3,,,,,
round_pairing,Round 3,8,188,353,tw69848864,,3,tw93062100,,3,,,,,
round_pairing,Round 3,8,188,461,tw93062100,,3,tw69848864,,3,,,,,
round_pairing,Round 3,8,189,351,tw69628359,,3,tw08856107,,3,,,,,
round_pairing,Round 3,8,189,42,tw08856107,,3,tw69628359,,3,,,,,
round_pairing,Round 3,8,190,319,tw63898784,,3,tw71029745,,3,,,,,
round_pairing,Round 3,8,190,358,tw71029745,,3,tw63898784,,3,,,,,
round_pairing,Round 3,8,191,118,tw22487155,,3,tw09710972,,3,,,,,
round_pairing,Round 3,8,191,49,tw09710972,,3,tw22487155,,3,,,,,
round_pairing,Round 3,8,192,47,tw09574160,,3,tw98870995,,3,,,,,
round_pairing,Round 3,8,192,488,tw98870995,,3,tw09574160,,3,,,,,
round_pairing,Round 3,8,193,149,tw28179733,,3,tw53540804,,3,,,,,
round_pairing,Round 3,8,193,273,tw53540804,,3,tw28179733,,3,,,,,
round_pairing,Round 3,8,194,34,tw06996284,,3,tw68151227,,3,,,,,
round_pairing,Round 3,8,194,343,tw68151227,,3,tw06996284,,3,,,,,
round_pairing,Round 3,8,195,249,tw48178410,,3,tw63238788,,3,,,,,
round_pairing,Round 3,8,195,313,tw63238788,,3,tw48178410,,3,,,,,
round_pairing,Round 3,8,196,116,tw22007891,,3,tw04457744,,3,,,,,
round_pairing,Round 3,8,196,21,tw04457744,,3,tw22007891,,3,,,,,
round_pairing,Round 3,8,197,121,tw23228412,,3,tw97885633,,3,,,,,
round_pairing,Round 3,8,197,484,tw97885633,,3,tw23228412,,3,,,,,
round_pairing,Round 3,8,198,242,tw46738666,,3,tw76371566,,3,,,,,
round_pairing,Round 3,8,198,387,tw76371566,,3,tw46738666,,3,,,,,
round_pairing,Round 3,8,199,381,tw75712938,,3,tw94173678,,3,,,,,
round_pairing,Round 3,8,199,467,tw94173678,,3,tw75712938,,3,,,,,
round_pairing,Round 3,8,200,148,tw28113144,,3,tw63518115,,3,,,,,
round_pairing,Round 3,8,200,316,tw63518115,,3,tw28113144,,3,,,,,
round_pairing,Round 3,9,201,79,tw15115105,,0,tw16207920,,3,,,,,
round_pairing,Round 3,9,201,86,tw16207920,,3,tw15115105,,0,,,,,
round_pairing,Round 3,9,202,178,tw33785925,,0,tw01012666,,0,,,,,
round_pairing,Round 3,9,202,7,tw01012666,,0,tw33785925,,0,,,,,
round_pairing,Round 3,9,203,113,tw21543308,,0,tw97807535,,0,,,,,
round_pairing,Round 3,9,203,482,tw97807535,,0,tw21543308,,0,,,,,
round_pairing,Round 3,9,204,356,tw70588343,,0,tw76529055,,0,,,,,
round_pairing,Round 3,9,204,389,tw76529055,,0,tw70588343,,0,,,,,
round_pairing,Round 3,9,205,194,tw37453841,,0,tw06554451,,0,,,,,
round_pairing,Round 3,9,205,33,tw06554451,,0,tw37453841,,0,,,,,
round_pairing,Round 3,9,206,396,tw78539182,,0,tw81250238,,0,,,,,
round_pairing,Round 3,9,206,410,tw81250238,,0,tw78539182,,0,,,,,
round_pairing,Round 3,9,207,2,tw00531440,,0,tw54430001,,0,,,,,
round_pairing,Round 3,9,207,277,tw54430001,,0,tw00531440,,0,,,,,
round_pairing,Round 3,9,208,201,tw38784734,,0,tw85470107,,0,,,,,
round_pairing,Round 3,9,208,425,tw85470107,,0,tw38784734,,0,,,,,
round_pairing,Round 3,9,209,336,tw67199394,,0,tw16132632,,0,,,,,
round_pairing,Round 3,9,209,84,tw16132632,,0,tw67199394,,0,,,,,
round_pairing,Round 3,9,210,206,tw40377456,,0,tw35603412,,0,,,,,
round_pairing,Round 3,9,210,521,tw35603412,,0,tw40377456,,0,,,,,
round_pairing,Round 3,9,211,247,tw47904340,,0,tw62977877,,0,,,,,
round_pairing,Round 3,9,211,312,tw62977877,,0,tw47904340,,0,,,,,
round_pairing,Round 3,9,212,166,tw32167594,,0,tw13997688,,0,,,,,
round_pairing,Round 3,9,212,72,tw13997688,,0,tw32167594,,0,,,,,
round_pairing,Round 3,9,213,187,tw35861851,,0,tw13174665,,0,,,,,
round_pairing,Round 3,9,213,64,tw13174665,,0,tw35861851,,0,,,,,
round_pairing,Round 3,9,214,145,tw27568465,,0,tw04566463,,0,,,,,
round_pairing,Round 3,9,214,23,tw04566463,,0,tw27568465,,0,,,,,
round_pairing,Round 3,9,215,189,tw36173804,,0,tw44562605,,0,,,,,
round_pairing,Round 3,9,215,230,tw44562605,,0,tw36173804,,0,,,,,
round_pairing,Round 3,9,216,135,tw26095879,,0,tw91803326,,0,,,,,
round_pairing,Round 3,9,216,453,tw91803326,,0,tw26095879,,0,,,,,
round_pairing,Round 3,9,217,357,tw70897596,,0,tw58380842,,0,,,,,
round_pairing,Round 3,9,217,522,tw58380842,,0,tw70897596,,0,,,,,
round_pairing,Round 3,9,218,331,tw66327435,,0,tw96947201,,0,,,,,
round_pairing,Round 3,9,218,477,tw96947201,,0,tw66327435,,0,,,,,
round_pairing,Round 3,9,219,146,tw27632184,,0,tw29404493,,0,,,,,
round_pairing,Round 3,9,219,154,tw29404493,,0,tw27632184,,0,,,,,
round_pairing,Round 3,9,220,217,tw42455002,,0,tw64220350,,0,,,,,
round_pairing,Round 3,9,220,321,tw64220350,,0,tw42455002,,0,,,,,
round_pairing,Round 3,9,221,360,tw71976921,,0,tw97627454,,0,,,,,
round_pairing,Round 3,9,221,481,tw97627454,,0,tw71976921,,0,,,,,
round_pairing,Round 3,9,222,252,tw48949077,,0,tw45696531,,0,,,,,
round_pairing,Round 3,9,222,525,tw45696531,,0,tw48949077,,0,,,,,
round_pairing,Round 3,9,223,108,tw20730540,,0,tw69804633,,0,,,,,
round_pairing,Round 3,9,223,352,tw69804633,,0,tw20730540,,0,,,,,
round_pairing,Round 3,9,224,165,tw32141014,,0,tw00587002,,0,,,,,
round_pairing,Round 3,9,224,4,tw00587002,,0,tw32141014,,0,,,,,
round_pairing,Round 3,9,225,158,tw30043028,,0,tw88633827,,0,,,,,
round_pairing,Round 3,9,225,437,tw88633827,,0,tw30043028,,0,,,,,
round_pairing,Round 3,10,226,434,tw88117485,,0,tw99213849,,0,,,,,
round_pairing,Round 3,10,226,491,tw99213849,,0,tw88117485,,0,,,,,
round_pairing,Round 3,10,227,263,tw50820470,,0,tw55069236,,0,,,,,
round_pairing,Round 3,10,227,281,tw55069236,,0,tw50820470,,0,,,,,
round_pairing,Round 3,10,228,180,tw33820039,,0,tw97351630,,0,,,,,
round_pairing,Round 3,10,228,480,tw97351630,,0,tw33820039,,0,,,,,
round_pairing,Round 3,10,229,276,tw54351682,,0,tw85147749,,0,,,,,
round_pairing,Round 3,10,229,424,tw85147749,,0,tw54351682,,0,,,,,
round_pairing,Round 3,10,230,193,tw37257975,,0,tw41398048,,0,,,,,
round_pairing,Round 3,10,230,210,tw41398048,,0,tw37257975,,0,,,,,
round_pairing,Round 3,10,231,199,tw38482720,,0,tw07237919,,0,,,,,
round_pairing,Round 3,10,231,510,tw07237919,,0,tw38482720,,0,,,,,
round_pairing,Round 3,10,232,175,tw33274690,,0,tw14487551,,0,,,,,
round_pairing,Round 3,10,232,75,tw14487551,,0,tw33274690,,0,,,,,
round_pairing,Round 3,10,233,157,tw29731640,,0,tw65156718,,0,,,,,
round_pairing,Round 3,10,233,324,tw65156718,,0,tw29731640,,0,,,,,
round_pairing,Round 3,10,234,130,tw25411458,,0,tw63735317,,0,,,,,
round_pairing,Round 3,10,234,318,tw63735317,,0,tw25411458,,0,,,,,
round_pairing,Round 3,10,235,534,tw90806836,,0,tw00918141,,0,,,,,
round_pairing,Round 3,10,235,6,tw00918141,,0,tw90806836,,0,,,,,
round_pairing,Round 3,10,236,35,tw07020662,,0,tw99958274,,0,,,,,
round_pairing,Round 3,10,236,500,tw99958274,,0,tw07020662,,0,,,,,
round_pairing,Round 3,10,237,245,tw47033046,,0,tw06400208,,0,,,,,
round_pairing,Round 3,10,237,32,tw06400208,,0,tw47033046,,0,,,,,
round_pairing,Round 3,10,238,296,tw59054436,,0,tw77699656,,0,,,,,
round_pairing,Round 3,10,238,393,tw77699656,,0,tw59054436,,0,,,,,
round_pairing,Round 3,10,239,374,tw74542521,,0,tw92252047,,0,,,,,
round_pairing,Round 3,10,239,519,tw92252047,,0,tw74542521,,0,,,,,
round_pairing,Round 3,10,240,378,tw75204861,,0,tw99241716,,0,,,,,
round_pairing,Round 3,10,240,493,tw99241716,,0,tw75204861,,0,,,,,
round_pairing,Round 3,10,241,185,tw35693064,,0,tw99256533,,0,,,,,
round_pairing,Round 3,10,241,494,tw99256533,,0,tw35693064,,0,,,,,
round_pairing,Round 3,10,242,495,tw99373374,,0,tw09914156,,0,,,,,
round_pairing,Round 3,10,242,51,tw09914156,,0,tw99373374,,0,,,,,
round_pairing,Round 3,10,243,227,tw44206611,,0,tw77679011,,0,,,,,
round_pairing,Round 3,10,243,523,tw77679011,,0,tw44206611,,0,,,,,
round_pairing,Round 3,10,244,293,tw58781969,,0,tw13965222,,0,,,,,
round_pairing,Round 3,10,244,71,tw13965222,,0,tw58781969,,0,,,,,
round_pairing,Round 3,10,245,131,tw25488947,,0,tw55332465,,0,,,,,
round_pairing,Round 3,10,245,283,tw55332465,,0,tw25488947,,0,,,,,
round_pairing,Round 3,10,246,265,tw51465600,,0,tw02752748,,0,,,,,
round_pairing,Round 3,10,246,536,tw02752748,,0,tw51465600,,0,,,,,
round_pairing,Round 3,10,247,479,tw97165922,,0,tw31348624,,0,,,,,
round_pairing,Round 3,10,247,514,tw31348624,,0,tw97165922,,0,,,,,
round_pairing,Round 3,10,248,139,tw26839664,,0,tw27419844,,0,,,,,
round_pairing,Round 3,10,248,143,tw27419844,,0,tw26839664,,0,,,,,
round_pairing,Round 3,10,249,292,tw58028303,,0,tw97931731,,0,,,,,
round_pairing,Round 3,10,249,485,tw97931731,,0,tw58028303,,0,,,,,
round_pairing,Round 3,10,250,176,tw33446875,,0,tw24177121,,0,,,,,
round_pairing,Round 3,10,250,524,tw24177121,,0,tw33446875,,0,,,,,
round_pairing,Round 3,11,251,192,tw36824056,,0,tw60490031,,0,,,,,
round_pairing,Round 3,11,251,305,tw60490031,,0,tw36824056,,0,,,,,
round_pairing,Round 3,11,252,354,tw70061764,,0,tw96137948,,0,,,,,
round_pairing,Round 3,11,252,475,tw96137948,,0,tw70061764,,0,,,,,
round_pairing,Round 3,11,253,340,tw67886635,,0,tw02105248,,0,,,,,
round_pairing,Round 3,11,253,9,tw02105248,,0,tw67886635,,0,,,,,
round_pairing,Round 3,11,254,39,tw07927124,,0,tw88209015,,0,,,,,
round_pairing,Round 3,11,254,435,tw88209015,,0,tw07927124,,0,,,,,
round_pairing,Round 3,11,255,133,tw25684532,,0,tw52663760,,0,,,,,
round_pairing,Round 3,11,255,270,tw52663760,,0,tw25684532,,0,,,,,
round_pairing,Round 3,11,256,18,tw04061481,,0,tw53723254,,0,,,,,
round_pairing,Round 3,11,256,274,tw53723254,,0,tw04061481,,0,,,,,
round_pairing,Round 3,11,257,66,tw13257786,,0,tw15849812,,0,,,,,
round_pairing,Round 3,11,257,82,tw15849812,,0,tw13257786,,0,,,,,
round_pairing,Round 3,11,258,248,tw47949585,,0,tw93999361,,0,,,,,
round_pairing,Round 3,11,258,466,tw93999361,,0,tw47949585,,0,,,,,
round_pairing,Round 3,11,259,163,tw31738493,,0,tw52488439,,0,,,,,
round_pairing,Round 3,11,259,269,tw52488439,,0,tw31738493,,0,,,,,
round_pairing,Round 3,11,260,41,tw08855722,,0,tw79100139,,0,,,,,
round_pairing,Round 3,11,260,529,tw79100139,,0,tw08855722,,0,,,,,
round_pairing,Round 3,11,261,19,tw04237407,,0,tw60273793,,0,,,,,
round_pairing,Round 3,11,261,303,tw60273793,,0,tw04237407,,0,,,,,
round_pairing,Round 3,11,262,109,tw20800375,,0,tw25974925,,0,,,,,
round_pairing,Round 3,11,262,134,tw25974925,,0,tw20800375,,0,,,,,
round_pairing,Round 3,11,263,183,tw35214784,,0,tw84406921,,0,,,,,
round_pairing,Round 3,11,263,420,tw84406921,,0,tw35214784,,0,,,,,
round_pairing,Round 3,11,264,335,tw66907796,,0,tw90875911,,0,,,,,
round_pairing,Round 3,11,264,448,tw90875911,,0,tw66907796,,0,,,,,
round_pairing,Round 3,11,265,188,tw36138720,,0,tw43768909,,0,,,,,
round_pairing,Round 3,11,265,225,tw43768909,,0,tw36138720,,0,,,,,
round_pairing,Round 3,11,266,13,tw03063725,,0,tw60751700,,0,,,,,
round_pairing,Round 3,11,266,307,tw60751700,,0,tw03063725,,0,,,,,
round_pairing,Round 3,11,267,496,tw99714386,,0,tw97037062,,0,,,,,
round_pairing,Round 3,11,267,541,tw97037062,,0,tw99714386,,0,,,,,
round_pairing,Round 3,11,268,392,tw77550830,,0,,,,,,,,
round_pairing,Round 4,1,1,153,tw29121960,,9,tw76994845,,9,,,,,
round_pairing,Round 4,1,1,390,tw76994845,,9,tw29121960,,9,,,,,
round_pairing,Round 4,1,2,104,tw19522331,,9,tw99926791,,9,,,,,
round_pairing,Round 4,1,2,499,tw99926791,,9,tw19522331,,9,,,,,
round_pairing,Round 4,1,3,119,tw22529091,,9,tw76407729,,9,,,,,
round_pairing,Round 4,1,3,388,tw76407729,,9,tw22529091,,9,,,,,
round_pairing,Round 4,1,4,54,tw11292760,,9,tw18468179,,9,,,,,
round_pairing,Round 4,1,4,97,tw18468179,,9,tw11292760,,9,,,,,
round_pairing,Round 4,1,5,416,tw82981600,,9,tw96648029,,9,,,,,
round_pairing,Round 4,1,5,476,tw96648029,,9,tw82981600,,9,,,,,
round_pairing,Round 4,1,6,287,tw56468849,,9,tw92496269,,9,,,,,
round_pairing,Round 4,1,6,457,tw92496269,,9,tw56468849,,9,,,,,
round_pairing,Round 4,1,7,284,tw56012620,,9,tw73106123,,9,,,,,
round_pairing,Round 4,1,7,367,tw73106123,,9,tw56012620,,9,,,,,
round_pairing,Round 4,1,8,102,tw18906406,,9,tw89297350,,9,,,,,
round_pairing,Round 4,1,8,439,tw89297350,,9,tw18906406,,9,,,,,
round_pairing,Round 4,1,9,365,tw72829984,,9,tw95954871,,9,,,,,
round_pairing,Round 4,1,9,473,tw95954871,,9,tw72829984,,9,,,,,
round_pairing,Round 4,1,10,285,tw56336073,,9,tw12769027,,9,,,,,
round_pairing,Round 4,1,10,532,tw12769027,,9,tw56336073,,9,,,,,
round_pairing,Round 4,1,11,179,tw33811608,,9,tw91797530,,9,,,,,
round_pairing,Round 4,1,11,452,tw91797530,,9,tw33811608,,9,,,,,
round_pairing,Round 4,1,12,156,tw29536370,,9,tw32830944,,9,,,,,
round_pairing,Round 4,1,12,512,tw32830944,,9,tw29536370,,9,,,,,
round_pairing,Round 4,1,13,177,tw33544977,,9,tw66134077,,9,,,,,
round_pairing,Round 4,1,13,329,tw66134077,,9,tw33544977,,9,,,,,
round_pairing,Round 4,1,14,101,tw18844404,,9,tw85823053,,9,,,,,
round_pairing,Round 4,1,14,428,tw85823053,,9,tw18844404,,9,,,,,
round_pairing,Round 4,1,15,186,tw35707148,,9,tw87970697,,9,,,,,
round_pairing,Round 4,1,15,509,tw87970697,,9,tw35707148,,9,,,,,
round_pairing,Round 4,1,16,322,tw64656626,,9,tw89609352,,9,,,,,
round_pairing,Round 4,1,16,538,tw89609352,,9,tw64656626,,9,,,,,
round_pairing,Round 4,1,17,400,tw79188375,,9,tw84249252,,9,,,,,
round_pairing,Round 4,1,17,419,tw84249252,,9,tw79188375,,9,,,,,
round_pairing,Round 4,1,18,289,tw57017359,,9,tw81121676,,9,,,,,
round_pairing,Round 4,1,18,408,tw81121676,,9,tw57017359,,9,,,,,
round_pairing,Round 4,1,19,338,tw67716132,,9,tw73975912,,9,,,,,
round_pairing,Round 4,1,19,371,tw73975912,,9,tw67716132,,9,,,,,
round_pairing,Round 4,1,20,235,tw45713741,,9,tw55000893,,9,,,,,
round_pairing,Round 4,1,20,280,tw55000893,,9,tw45713741,,9,,,,,
round_pairing,Round 4,1,21,28,tw05925639,,9,tw63573774,,9,,,,,
round_pairing,Round 4,1,21,317,tw63573774,,9,tw05925639,,9,,,,,
round_pairing,Round 4,1,22,142,tw27347873,,9,tw88506619,,9,,,,,
round_pairing,Round 4,1,22,501,tw88506619,,9,tw27347873,,9,,,,,
round_pairing,Round 4,1,23,337,tw67604361,,9,tw84048586,,9,,,,,
round_pairing,Round 4,1,23,418,tw84048586,,9,tw67604361,,9,,,,,
round_pairing,Round 4,1,24,205,tw39894258,,9,tw73917548,,9,,,,,
round_pairing,Round 4,1,24,370,tw73917548,,9,tw39894258,,9,,,,,
round_pairing,Round 4,1,25,288,tw56605426,,9,tw72244502,,9,,,,,
round_pairing,Round 4,1,25,362,tw72244502,,9,tw56605426,,9,,,,,
round_pairing,Round 4,2,26,264,tw51147332,,9,tw88559975,,9,,,,,
round_pairing,Round 4,2,26,518,tw88559975,,9,tw51147332,,9,,,,,
round_pairing,Round 4,2,27,14,tw03389371,,9,tw05980017,,9,,,,,
round_pairing,Round 4,2,27,30,tw05980017,,9,tw03389371,,9,,,,,
round_pairing,Round 4,2,28,262,tw50567676,,9,tw10467123,,9,,,,,
round_pairing,Round 4,2,28,53,tw10467123,,9,tw50567676,,9,,,,,
round_pairing,Round 4,2,29,204,tw39185310,,9,tw75037148,,9,,,,,
round_pairing,Round 4,2,29,377,tw75037148,,9,tw39185310,,9,,,,,
round_pairing,Round 4,2,30,279,tw54988993,,9,tw58817602,,9,,,,,
round_pairing,Round 4,2,30,294,tw58817602,,9,tw54988993,,9,,,,,
round_pairing,Round 4,2,31,195,tw37556303,,9,tw39179779,,9,,,,,
round_pairing,Round 4,2,31,203,tw39179779,,9,tw37556303,,9,,,,,
round_pairing,Round 4,2,32,268,tw52194649,,9,tw79280986,,9,,,,,
round_pairing,Round 4,2,32,401,tw79280986,,9,tw52194649,,9,,,,,
round_pairing,Round 4,2,33,300,tw59914357,,6,tw16207920,,6,,,,,
round_pairing,Round 4,2,33,86,tw16207920,,6,tw59914357,,6,,,,,
round_pairing,Round 4,2,34,375,tw74568091,,6,tw58450010,,6,,,,,
round_pairing,Round 4,2,34,502,tw58450010,,6,tw74568091,,6,,,,,
round_pairing,Round 4,2,35,141,tw26935289,,6,tw69628359,,6,,,,,
round_pairing,Round 4,2,35,351,tw69628359,,6,tw26935289,,6,,,,,
round_pairing,Round 4,2,36,155,tw29518941,,6,tw86878630,,6,,,,,
round_pairing,Round 4,2,36,431,tw86878630,,6,tw29518941,,6,,,,,
round_pairing,Round 4,2,37,200,tw38671111,,6,tw45178021,,6,,,,,
round_pairing,Round 4,2,37,535,tw45178021,,6,tw38671111,,6,,,,,
round_pairing,Round 4,2,38,220,tw43007249,,6,tw50328610,,6,,,,,
round_pairing,Round 4,2,38,261,tw50328610,,6,tw43007249,,6,,,,,
round_pairing,Round 4,2,39,168,tw32240000,,6,tw63343435,,6,,,,,
round_pairing,Round 4,2,39,314,tw63343435,,6,tw32240000,,6,,,,,
round_pairing,Round 4,2,40,429,tw85855405,,6,tw38086655,,6,,,,,
round_pairing,Round 4,2,40,537,tw38086655,,6,tw85855405,,6,,,,,
round_pairing,Round 4,2,41,148,tw28113144,,6,tw48962901,,6,,,,,
round_pairing,Round 4,2,41,253,tw48962901,,6,tw28113144,,6,,,,,
round_pairing,Round 4,2,42,359,tw71730704,,6,tw13830995,,6,,,,,
round_pairing,Round 4,2,42,70,tw13830995,,6,tw71730704,,6,,,,,
round_pairing,Round 4,2,43,266,tw52127289,,6,tw82560565,,6,,,,,
round_pairing,Round 4,2,43,414,tw82560565,,6,tw52127289,,6,,,,,
round_pairing,Round 4,2,44,311,tw62315993,,6,tw53806573,,6,,,,,
round_pairing,Round 4,2,44,503,tw53806573,,6,tw62315993,,6,,,,,
round_pairing,Round 4,2,45,286,tw56416986,,6,tw96093664,,6,,,,,
round_pairing,Round 4,2,45,474,tw96093664,,6,tw56416986,,6,,,,,
round_pairing,Round 4,2,46,10,tw02106832,,6,tw26528058,,6,,,,,
round_pairing,Round 4,2,46,136,tw26528058,,6,tw02106832,,6,,,,,
round_pairing,Round 4,2,47,110,tw21064937,,6,tw23249034,,6,,,,,
round_pairing,Round 4,2,47,122,tw23249034,,6,tw21064937,,6,,,,,
round_pairing,Round 4,2,48,323,tw64793736,,6,tw76086171,,6,,,,,
round_pairing,Round 4,2,48,384,tw76086171,,6,tw64793736,,6,,,,,
round_pairing,Round 4,2,49,241,tw46705939,,6,tw95120042,,6,,,,,
round_pairing,Round 4,2,49,470,tw95120042,,6,tw46705939,,6,,,,,
round_pairing,Round 4,2,50,236,tw45725328,,6,tw46795660,,6,,,,,
round_pairing,Round 4,2,50,243,tw46795660,,6,tw45725328,,6,,,,,
round_pairing,Round 4,3,51,1,tw00114747,,6,tw78866457,,6,,,,,
round_pairing,Round 4,3,51,398,tw78866457,,6,tw00114747,,6,,,,,
round_pairing,Round 4,3,52,417,tw83751916,,6,tw09638604,,6,,,,,
round_pairing,Round 4,3,52,48,tw09638604,,6,tw83751916,,6,,,,,
round_pairing,Round 4,3,53,528,tw30011078,,6,tw14152067,,6,,,,,
round_pairing,Round 4,3,53,74,tw14152067,,6,tw30011078,,6,,,,,
round_pairing,Round 4,3,54,126,tw24144676,,6,tw63238788,,6,,,,,
round_pairing,Round 4,3,54,313,tw63238788,,6,tw24144676,,6,,,,,
round_pairing,Round 4,3,55,299,tw59882595,,6,tw16963151,,6,,,,,
round_pairing,Round 4,3,55,91,tw16963151,,6,tw59882595,,6,,,,,
round_pairing,Round 4,3,56,461,tw93062100,,6,tw93405316,,6,,,,,
round_pairing,Round 4,3,56,463,tw93405316,,6,tw93062100,,6,,,,,
round_pairing,Round 4,3,57,372,tw74343825,,6,tw98129328,,6,,,,,
round_pairing,Round 4,3,57,486,tw98129328,,6,tw74343825,,6,,,,,
round_pairing,Round 4,3,58,24,tw05197795,,6,tw91555335,,6,,,,,
round_pairing,Round 4,3,58,450,tw91555335,,6,tw05197795,,6,,,,,
round_pairing,Round 4,3,59,120,tw23209128,,6,tw26567324,,6,,,,,
round_pairing,Round 4,3,59,137,tw26567324,,6,tw23209128,,6,,,,,
round_pairing,Round 4,3,60,172,tw33002183,,6,tw59842400,,6,,,,,
round_pairing,Round 4,3,60,298,tw59842400,,6,tw33002183,,6,,,,,
round_pairing,Round 4,3,61,327,tw65483922,,6,tw09472918,,6,,,,,
round_pairing,Round 4,3,61,44,tw09472918,,6,tw65483922,,6,,,,,
round_pairing,Round 4,3,62,223,tw43633449,,6,tw70378594,,6,,,,,
round_pairing,Round 4,3,62,517,tw70378594,,6,tw43633449,,6,,,,,
round_pairing,Round 4,3,63,451,tw91720502,,6,tw11739209,,6,,,,,
round_pairing,Round 4,3,63,58,tw11739209,,6,tw91720502,,6,,,,,
round_pairing,Round 4,3,64,211,tw41429367,,6,tw75380665,,6,,,,,
round_pairing,Round 4,3,64,379,tw75380665,,6,tw41429367,,6,,,,,
round_pairing,Round 4,3,65,215,tw42126524,,6,tw54347311,,6,,,,,
round_pairing,Round 4,3,65,275,tw54347311,,6,tw42126524,,6,,,,,
round_pairing,Round 4,3,66,52,tw10410998,,6,tw15712728,,6,,,,,
round_pairing,Round 4,3,66,81,tw15712728,,6,tw10410998,,6,,,,,
round_pairing,Round 4,3,67,376,tw74945392,,6,tw79834153,,6,,,,,
round_pairing,Round 4,3,67,405,tw79834153,,6,tw74945392,,6,,,,,
round_pairing,Round 4,3,68,127,tw24854365,,6,tw00572856,,6,,,,,
round_pairing,Round 4,3,68,3,tw00572856,,6,tw24854365,,6,,,,,
round_pairing,Round 4,3,69,174,tw33097520,,6,tw13454619,,6,,,,,
round_pairing,Round 4,3,69,67,tw13454619,,6,tw33097520,,6,,,,,
round_pairing,Round 4,3,70,438,tw89047117,,6,tw90601321,,6,,,,,
round_pairing,Round 4,3,70,447,tw90601321,,6,tw89047117,,6,,,,,
round_pairing,Round 4,3,71,191,tw36782228,,6,tw15533641,,6,,,,,
round_pairing,Round 4,3,71,80,tw15533641,,6,tw36782228,,6,,,,,
round_pairing,Round 4,3,72,333,tw66520026,,6,tw85568194,,6,,,,,
round_pairing,Round 4,3,72,427,tw85568194,,6,tw66520026,,6,,,,,
round_pairing,Round 4,3,73,226,tw44127879,,6,tw60169670,,6,,,,,
round_pairing,Round 4,3,73,301,tw60169670,,6,tw44127879,,6,,,,,
round_pairing,Round 4,3,74,12,tw02856732,,6,tw98649601,,6,,,,,
round_pairing,Round 4,3,74,487,tw98649601,,6,tw02856732,,6,,,,,
round_pairing,Round 4,3,75,22,tw04564553,,6,tw46423373,,6,,,,,
round_pairing,Round 4,3,75,240,tw46423373,,6,tw04564553,,6,,,,,
round_pairing,Round 4,4,76,167,tw32214798,,6,tw46076033,,6,,,,,
round_pairing,Round 4,4,76,239,tw46076033,,6,tw32214798,,6,,,,,
round_pairing,Round 4,4,77,483,tw97857197,,6,tw11795582,,6,,,,,
round_pairing,Round 4,4,77,59,tw11795582,,6,tw97857197,,6,,,,,
round_pairing,Round 4,4,78,237,tw45806310,,6,tw92544749,,6,,,,,
round_pairing,Round 4,4,78,458,tw92544749,,6,tw45806310,,6,,,,,
round_pairing,Round 4,4,79,259,tw49759795,,6,tw09574160,,6,,,,,
round_pairing,Round 4,4,79,47,tw09574160,,6,tw49759795,,6,,,,,
round_pairing,Round 4,4,80,162,tw31422118,,6,tw60311204,,6,,,,,
round_pairing,Round 4,4,80,304,tw60311204,,6,tw31422118,,6,,,,,
round_pairing,Round 4,4,81,150,tw28187058,,6,tw07460167,,6,,,,,
round_pairing,Round 4,4,81,38,tw07460167,,6,tw28187058,,6,,,,,
round_pairing,Round 4,4,82,214,tw41805810,,6,tw84991038,,6,,,,,
round_pairing,Round 4,4,82,423,tw84991038,,6,tw41805810,,6,,,,,
round_pairing,Round 4,4,83,345,tw68763677,,6,tw11570874,,6,,,,,
round_pairing,Round 4,4,83,55,tw11570874,,6,tw68763677,,6,,,,,
round_pairing,Round 4,4,84,339,tw67759215,,6,tw68822994,,6,,,,,
round_pairing,Round 4,4,84,346,tw68822994,,6,tw67759215,,6,,,,,
round_pairing,Round 4,4,85,381,tw75712938,,6,tw14120018,,6,,,,,
round_pairing,Round 4,4,85,73,tw14120018,,6,tw75712938,,6,,,,,
round_pairing,Round 4,4,86,19,tw04237407,,6,tw56970260,,6,,,,,
round_pairing,Round 4,4,86,540,tw56970260,,6,tw04237407,,6,,,,,
round_pairing,Round 4,4,87,455,tw91997638,,6,tw16526802,,6,,,,,
round_pairing,Round 4,4,87,87,tw16526802,,6,tw91997638,,6,,,,,
round_pairing,Round 4,4,88,222,tw43380150,,6,tw82119121,,6,,,,,
round_pairing,Round 4,4,88,413,tw82119121,,6,tw43380150,,6,,,,,
round_pairing,Round 4,4,89,124,tw23712439,,6,tw28179733,,6,,,,,
round_pairing,Round 4,4,89,149,tw28179733,,6,tw23712439,,6,,,,,
round_pairing,Round 4,4,90,397,tw78657682,,6,tw89811739,,6,,,,,
round_pairing,Round 4,4,90,443,tw89811739,,6,tw78657682,,6,,,,,
round_pairing,Round 4,4,91,462,tw93076075,,6,tw52974697,,6,,,,,
round_pairing,Round 4,4,91,527,tw52974697,,6,tw93076075,,6,,,,,
round_pairing,Round 4,4,92,121,tw23228412,,6,tw78077476,,6,,,,,
round_pairing,Round 4,4,92,395,tw78077476,,6,tw23228412,,6,,,,,
round_pairing,Round 4,4,93,114,tw21654272,,6,tw79180495,,6,,,,,
round_pairing,Round 4,4,93,399,tw79180495,,6,tw21654272,,6,,,,,
round_pairing,Round 4,4,94,442,tw89643656,,6,tw99814098,,6,,,,,
round_pairing,Round 4,4,94,498,tw99814098,,6,tw89643656,,6,,,,,
round_pairing,Round 4,4,95,278,tw54760232,,6,tw64203769,,6,,,,,
round_pairing,Round 4,4,95,320,tw64203769,,6,tw54760232,,6,,,,,
round_pairing,Round 4,4,96,306,tw60511158,,6,tw92250919,,6,,,,,
round_pairing,Round 4,4,96,456,tw92250919,,6,tw60511158,,6,,,,,
round_pairing,Round 4,4,97,100,tw18638755,,6,tw61583819,,6,,,,,
round_pairing,Round 4,4,97,309,tw61583819,,6,tw18638755,,6,,,,,
round_pairing,Round 4,4,98,231,tw44874553,,6,tw90967766,,6,,,,,
round_pairing,Round 4,4,98,449,tw90967766,,6,tw44874553,,6,,,,,
round_pairing,Round 4,4,99,115,tw21820105,,6,tw36759052,,6,,,,,
round_pairing,Round 4,4,99,190,tw36759052,,6,tw21820105,,6,,,,,
round_pairing,Round 4,4,100,118,tw22487155,,6,tw49045992,,6,,,,,
round_pairing,Round 4,4,100,254,tw49045992,,6,tw22487155,,6,,,,,
round_pairing,Round 4,5,101,151,tw28728192,,6,tw00787146,,6,,,,,
round_pairing,Round 4,5,101,5,tw00787146,,6,tw28728192,,6,,,,,
round_pairing,Round 4,5,102,50,tw09881291,,6,tw18480972,,6,,,,,
round_pairing,Round 4,5,102,98,tw18480972,,6,tw09881291,,6,,,,,
round_pairing,Round 4,5,103,31,tw06169660,,6,tw81736494,,6,,,,,
round_pairing,Round 4,5,103,412,tw81736494,,6,tw06169660,,6,,,,,
round_pairing,Round 4,5,104,257,tw49340794,,6,tw91823318,,6,,,,,
round_pairing,Round 4,5,104,454,tw91823318,,6,tw49340794,,6,,,,,
round_pairing,Round 4,5,105,152,tw29023076,,6,tw04057117,,6,,,,,
round_pairing,Round 4,5,105,17,tw04057117,,6,tw29023076,,6,,,,,
round_pairing,Round 4,5,106,57,tw11642031,,6,tw16621728,,6,,,,,
round_pairing,Round 4,5,106,89,tw16621728,,6,tw11642031,,6,,,,,
round_pairing,Round 4,5,107,21,tw04457744,,6,tw24111275,,6,,,,,
round_pairing,Round 4,5,107,511,tw24111275,,6,tw04457744,,6,,,,,
round_pairing,Round 4,5,108,272,tw53028908,,6,tw65753780,,6,,,,,
round_pairing,Round 4,5,108,328,tw65753780,,6,tw53028908,,6,,,,,
round_pairing,Round 4,5,109,242,tw46738666,,6,tw46798799,,6,,,,,
round_pairing,Round 4,5,109,244,tw46798799,,6,tw46738666,,6,,,,,
round_pairing,Round 4,5,110,441,tw89548879,,6,tw13229345,,6,,,,,
round_pairing,Round 4,5,110,65,tw13229345,,6,tw89548879,,6,,,,,
round_pairing,Round 4,5,111,15,tw03463518,,6,tw41286139,,6,,,,,
round_pairing,Round 4,5,111,209,tw41286139,,6,tw03463518,,6,,,,,
round_pairing,Round 4,5,112,542,tw51489284,,6,tw14942902,,6,,,,,
round_pairing,Round 4,5,112,77,tw14942902,,6,tw51489284,,6,,,,,
round_pairing,Round 4,5,113,123,tw23475905,,6,tw79476009,,6,,,,,
round_pairing,Round 4,5,113,403,tw79476009,,6,tw23475905,,6,,,,,
round_pairing,Round 4,5,114,533,tw19640601,,6,tw16645990,,6,,,,,
round_pairing,Round 4,5,114,90,tw16645990,,6,tw19640601,,6,,,,,
round_pairing,Round 4,5,115,37,tw07410887,,6,tw16728082,,6,,,,,
round_pairing,Round 4,5,115,526,tw16728082,,6,tw07410887,,6,,,,,
round_pairing,Round 4,5,116,297,tw59471628,,6,tw99229780,,6,,,,,
round_pairing,Round 4,5,116,492,tw99229780,,6,tw59471628,,6,,,,,
round_pairing,Round 4,5,117,350,tw69425578,,6,tw79411276,,6,,,,,
round_pairing,Round 4,5,117,402,tw79411276,,6,tw69425578,,6,,,,,
round_pairing,Round 4,5,118,373,tw74371443,,6,tw11978505,,6,,,,,
round_pairing,Round 4,5,118,60,tw11978505,,6,tw74371443,,6,,,,,
round_pairing,Round 4,5,119,332,tw66459371,,6,tw93020902,,6,,,,,
round_pairing,Round 4,5,119,460,tw93020902,,6,tw66459371,,6,,,,,
round_pairing,Round 4,5,120,256,tw49160488,,6,tw63898784,,6,,,,,
round_pairing,Round 4,5,120,319,tw63898784,,6,tw49160488,,6,,,,,
round_pairing,Round 4,5,121,218,tw42563834,,6,tw55210501,,6,,,,,
round_pairing,Round 4,5,121,282,tw55210501,,6,tw42563834,,6,,,,,
round_pairing,Round 4,5,122,202,tw39174853,,6,tw45485735,,6,,,,,
round_pairing,Round 4,5,122,233,tw45485735,,6,tw39174853,,6,,,,,
round_pairing,Round 4,5,123,543,tw59548820,,6,tw16152234,,6,,,,,
round_pairing,Round 4,5,123,85,tw16152234,,6,tw59548820,,6,,,,,
round_pairing,Round 4,5,124,106,tw20118339,,6,tw08560123,,6,,,,,
round_pairing,Round 4,5,124,40,tw08560123,,6,tw20118339,,6,,,,,
round_pairing,Round 4,5,125,361,tw72174151,,6,tw95656910,,6,,,,,
round_pairing,Round 4,5,125,472,tw95656910,,6,tw72174151,,6,,,,,
round_pairing,Round 4,6,126,260,tw50239297,,6,tw07333117,,6,,,,,
round_pairing,Round 4,6,126,36,tw07333117,,6,tw50239297,,6,,,,,
round_pairing,Round 4,6,127,56,tw11612248,,6,tw13120137,,6,,,,,
round_pairing,Round 4,6,127,63,tw13120137,,6,tw11612248,,6,,,,,
round_pairing,Round 4,6,128,267,tw52162016,,6,tw68151227,,6,,,,,
round_pairing,Round 4,6,128,343,tw68151227,,6,tw52162016,,6,,,,,
round_pairing,Round 4,6,129,368,tw73237577,,6,tw98988500,,6,,,,,
round_pairing,Round 4,6,129,489,tw98988500,,6,tw73237577,,6,,,,,
round_pairing,Round 4,6,130,232,tw45233917,,6,tw60256639,,6,,,,,
round_pairing,Round 4,6,130,302,tw60256639,,6,tw45233917,,6,,,,,
round_pairing,Round 4,6,131,111,tw21206685,,6,tw37918429,,6,,,,,
round_pairing,Round 4,6,131,198,tw37918429,,6,tw21206685,,6,,,,,
round_pairing,Round 4,6,132,364,tw72776789,,6,tw18276049,,6,,,,,
round_pairing,Round 4,6,132,96,tw18276049,,6,tw72776789,,6,,,,,
round_pairing,Round 4,6,133,125,tw23764220,,6,tw17203659,,6,,,,,
round_pairing,Round 4,6,133,92,tw17203659,,6,tw23764220,,6,,,,,
round_pairing,Round 4,6,134,265,tw51465600,,3,tw84665181,,6,,,,,
round_pairing,Round 4,6,134,421,tw84665181,,6,tw51465600,,3,,,,,
round_pairing,Round 4,6,135,219,tw42619935,,3,tw50820470,,3,,,,,
round_pairing,Round 4,6,135,263,tw50820470,,3,tw42619935,,3,,,,,
round_pairing,Round 4,6,136,103,tw19377792,,3,tw91803326,,3,,,,,
round_pairing,Round 4,6,136,453,tw91803326,,3,tw19377792,,3,,,,,
round_pairing,Round 4,6,137,175,tw33274690,,3,tw75774280,,3,,,,,
round_pairing,Round 4,6,137,383,tw75774280,,3,tw33274690,,3,,,,,
round_pairing,Round 4,6,138,221,tw43118125,,3,tw99213849,,3,,,,,
round_pairing,Round 4,6,138,491,tw99213849,,3,tw43118125,,3,,,,,
round_pairing,Round 4,6,139,273,tw53540804,,3,tw71976921,,3,,,,,
round_pairing,Round 4,6,139,360,tw71976921,,3,tw53540804,,3,,,,,
round_pairing,Round 4,6,140,385,tw76132946,,3,tw44133543,,3,,,,,
round_pairing,Round 4,6,140,508,tw44133543,,3,tw76132946,,3,,,,,
round_pairing,Round 4,6,141,182,tw34557355,,3,tw13965222,,3,,,,,
round_pairing,Round 4,6,141,71,tw13965222,,3,tw34557355,,3,,,,,
round_pairing,Round 4,6,142,112,tw21246264,,3,tw17748447,,3,,,,,
round_pairing,Round 4,6,142,94,tw17748447,,3,tw21246264,,3,,,,,
round_pairing,Round 4,6,143,321,tw64220350,,3,tw14788730,,3,,,,,
round_pairing,Round 4,6,143,76,tw14788730,,3,tw64220350,,3,,,,,
round_pairing,Round 4,6,144,217,tw42455002,,3,tw44206611,,3,,,,,
round_pairing,Round 4,6,144,227,tw44206611,,3,tw42455002,,3,,,,,
round_pairing,Round 4,6,145,212,tw41563340,,3,tw19127861,,3,,,,,
round_pairing,Round 4,6,145,531,tw19127861,,3,tw41563340,,3,,,,,
round_pairing,Round 4,6,146,183,tw35214784,,3,tw65994043,,3,,,,,
round_pairing,Round 4,6,146,520,tw65994043,,3,tw35214784,,3,,,,,
round_pairing,Round 4,6,147,440,tw89407764,,3,tw24177121,,3,,,,,
round_pairing,Round 4,6,147,524,tw24177121,,3,tw89407764,,3,,,,,
round_pairing,Round 4,6,148,325,tw65233698,,3,tw82946495,,3,,,,,
round_pairing,Round 4,6,148,415,tw82946495,,3,tw65233698,,3,,,,,
round_pairing,Round 4,6,149,107,tw20156409,,3,tw98870995,,3,,,,,
round_pairing,Round 4,6,149,488,tw98870995,,3,tw20156409,,3,,,,,
round_pairing,Round 4,6,150,310,tw62020476,,3,tw15946908,,3,,,,,
round_pairing,Round 4,6,150,83,tw15946908,,3,tw62020476,,3,,,,,
round_pairing,Round 4,7,151,238,tw46030050,,3,tw97931731,,3,,,,,
round_pairing,Round 4,7,151,485,tw97931731,,3,tw46030050,,3,,,,,
round_pairing,Round 4,7,152,296,tw59054436,,3,tw99732460,,3,,,,,
round_pairing,Round 4,7,152,497,tw99732460,,3,tw59054436,,3,,,,,
round_pairing,Round 4,7,153,207,tw40595661,,3,tw84828731,,3,,,,,
round_pairing,Round 4,7,153,422,tw84828731,,3,tw40595661,,3,,,,,
round_pairing,Round 4,7,154,246,tw47551870,,3,tw94173678,,3,,,,,
round_pairing,Round 4,7,154,467,tw94173678,,3,tw47551870,,3,,,,,
round_pairing,Round 4,7,155,181,tw33884578,,3,tw90337288,,3,,,,,
round_pairing,Round 4,7,155,445,tw90337288,,3,tw33884578,,3,,,,,
round_pairing,Round 4,7,156,249,tw48178410,,3,tw66907796,,3,,,,,
round_pairing,Round 4,7,156,335,tw66907796,,3,tw48178410,,3,,,,,
round_pairing,Round 4,7,157,484,tw97885633,,3,tw13779097,,3,,,,,
round_pairing,Round 4,7,157,68,tw13779097,,3,tw97885633,,3,,,,,
round_pairing,Round 4,7,158,164,tw32020032,,3,tw73911906,,3,,,,,
round_pairing,Round 4,7,158,369,tw73911906,,3,tw32020032,,3,,,,,
round_pairing,Round 4,7,159,134,tw25974925,,3,tw79100139,,3,,,,,
round_pairing,Round 4,7,159,529,tw79100139,,3,tw25974925,,3,,,,,
round_pairing,Round 4,7,160,132,tw25634182,,3,tw09490592,,3,,,,,
round_pairing,Round 4,7,160,45,tw09490592,,3,tw25634182,,3,,,,,
round_pairing,Round 4,7,161,247,tw47904340,,3,tw73048413,,3,,,,,
round_pairing,Round 4,7,161,366,tw73048413,,3,tw47904340,,3,,,,,
round_pairing,Round 4,7,162,197,tw37870020,,3,tw81218142,,3,,,,,
round_pairing,Round 4,7,162,409,tw81218142,,3,tw37870020,,3,,,,,
round_pairing,Round 4,7,163,382,tw75755528,,3,tw13997688,,3,,,,,
round_pairing,Round 4,7,163,72,tw13997688,,3,tw75755528,,3,,,,,
round_pairing,Round 4,7,164,234,tw45498080,,3,tw97165922,,3,,,,,
round_pairing,Round 4,7,164,479,tw97165922,,3,tw45498080,,3,,,,,
round_pairing,Round 4,7,165,173,tw33005835,,3,tw07020662,,3,,,,,
round_pairing,Round 4,7,165,35,tw07020662,,3,tw33005835,,3,,,,,
round_pairing,Round 4,7,166,407,tw80392170,,3,tw32980664,,3,,,,,
round_pairing,Round 4,7,166,506,tw32980664,,3,tw80392170,,3,,,,,
round_pairing,Round 4,7,167,216,tw42309306,,3,tw85563070,,3,,,,,
round_pairing,Round 4,7,167,426,tw85563070,,3,tw42309306,,3,,,,,
round_pairing,Round 4,7,168,184,tw35246471,,3,tw72630270,,3,,,,,
round_pairing,Round 4,7,168,363,tw72630270,,3,tw35246471,,3,,,,,
round_pairing,Round 4,7,169,424,tw85147749,,3,tw86177796,,3,,,,,
round_pairing,Round 4,7,169,430,tw86177796,,3,tw85147749,,3,,,,,
round_pairing,Round 4,7,170,334,tw66588143,,3,tw80138989,,3,,,,,
round_pairing,Round 4,7,170,406,tw80138989,,3,tw66588143,,3,,,,,
round_pairing,Round 4,7,171,392,tw77550830,,3,tw01478107,,3,,,,,
round_pairing,Round 4,7,171,8,tw01478107,,3,tw77550830,,3,,,,,
round_pairing,Round 4,7,172,169,tw32452069,,3,tw74542521,,3,,,,,
round_pairing,Round 4,7,172,374,tw74542521,,3,tw32452069,,3,,,,,
round_pairing,Round 4,7,173,248,tw47949585,,3,tw52806758,,3,,,,,
round_pairing,Round 4,7,173,271,tw52806758,,3,tw47949585,,3,,,,,
round_pairing,Round 4,7,174,326,tw65235703,,3,tw69372013,,3,,,,,
round_pairing,Round 4,7,174,348,tw69372013,,3,tw65235703,,3,,,,,
round_pairing,Round 4,7,175,432,tw87015354,,3,tw97037062,,3,,,,,
round_pairing,Round 4,7,175,541,tw97037062,,3,tw87015354,,3,,,,,
round_pairing,Round 4,8,176,188,tw36138720,,3,tw78539182,,3,,,,,
round_pairing,Round 4,8,176,396,tw78539182,,3,tw36138720,,3,,,,,
round_pairing,Round 4,8,177,46,tw09503218,,3,tw99241716,,3,,,,,
round_pairing,Round 4,8,177,493,tw99241716,,3,tw09503218,,3,,,,,
round_pairing,Round 4,8,178,404,tw79723871,,3,tw33742727,,3,,,,,
round_pairing,Round 4,8,178,507,tw33742727,,3,tw79723871,,3,,,,,
round_pairing,Round 4,8,179,391,tw77123317,,3,tw13786805,,3,,,,,
round_pairing,Round 4,8,179,69,tw13786805,,3,tw77123317,,3,,,,,
round_pairing,Round 4,8,180,210,tw41398048,,3,tw09914156,,3,,,,,
round_pairing,Round 4,8,180,51,tw09914156,,3,tw41398048,,3,,,,,
round_pairing,Round 4,8,181,269,tw52488439,,3,tw99256533,,3,,,,,
round_pairing,Round 4,8,181,494,tw99256533,,3,tw52488439,,3,,,,,
round_pairing,Round 4,8,182,144,tw27563265,,3,tw30267620,,3,,,,,
round_pairing,Round 4,8,182,159,tw30267620,,3,tw27563265,,3,,,,,
round_pairing,Round 4,8,183,11,tw02559687,,3,tw88209015,,3,,,,,
round_pairing,Round 4,8,183,435,tw88209015,,3,tw02559687,,3,,,,,
round_pairing,Round 4,8,184,105,tw20116252,,3,tw48949077,,3,,,,,
round_pairing,Round 4,8,184,252,tw48949077,,3,tw20116252,,3,,,,,
round_pairing,Round 4,8,185,201,tw38784734,,3,tw99072428,,3,,,,,
round_pairing,Round 4,8,185,490,tw99072428,,3,tw38784734,,3,,,,,
round_pairing,Round 4,8,186,477,tw96947201,,3,tw16569141,,3,,,,,
round_pairing,Round 4,8,186,88,tw16569141,,3,tw96947201,,3,,,,,
round_pairing,Round 4,8,187,157,tw29731640,,3,tw95570205,,3,,,,,
round_pairing,Round 4,8,187,471,tw95570205,,3,tw29731640,,3,,,,,
round_pairing,Round 4,8,188,189,tw36173804,,3,tw58380842,,3,,,,,
round_pairing,Round 4,8,188,522,tw58380842,,3,tw36173804,,3,,,,,
round_pairing,Round 4,8,189,295,tw58984162,,3,tw93739401,,3,,,,,
round_pairing,Round 4,8,189,464,tw93739401,,3,tw58984162,,3,,,,,
round_pairing,Round 4,8,190,129,tw25188472,,3,tw37453841,,3,,,,,
round_pairing,Round 4,8,190,194,tw37453841,,3,tw25188472,,3,,,,,
round_pairing,Round 4,8,191,25,tw05346170,,3,tw05373669,,3,,,,,
round_pairing,Round 4,8,191,26,tw05373669,,3,tw05346170,,3,,,,,
round_pairing,Round 4,8,192,291,tw57948434,,3,tw04215857,,3,,,,,
round_pairing,Round 4,8,192,513,tw04215857,,3,tw57948434,,3,,,,,
round_pairing,Round 4,8,193,147,tw28101734,,3,tw69376751,,3,,,,,
round_pairing,Round 4,8,193,349,tw69376751,,3,tw28101734,,3,,,,,
round_pairing,Round 4,8,194,411,tw81599190,,3,tw17505073,,3,,,,,
round_pairing,Round 4,8,194,93,tw17505073,,3,tw81599190,,3,,,,,
round_pairing,Round 4,8,195,34,tw06996284,,3,tw90018469,,3,,,,,
round_pairing,Round 4,8,195,444,tw90018469,,3,tw06996284,,3,,,,,
round_pairing,Round 4,8,196,255,tw49159270,,3,tw61279434,,3,,,,,
round_pairing,Round 4,8,196,308,tw61279434,,3,tw49159270,,3,,,,,
round_pairing,Round 4,8,197,145,tw27568465,,3,tw66292564,,3,,,,,
round_pairing,Round 4,8,197,330,tw66292564,,3,tw27568465,,3,,,,,
round_pairing,Round 4,8,198,140,tw26851444,,3,tw44344603,,3,,,,,
round_pairing,Round 4,8,198,228,tw44344603,,3,tw26851444,,3,,,,,
round_pairing,Round 4,8,199,170,tw32709946,,3,tw54430001,,3,,,,,
round_pairing,Round 4,8,199,277,tw54430001,,3,tw32709946,,3,,,,,
round_pairing,Round 4,8,200,341,tw67984683,,3,tw69804633,,3,,,,,
round_pairing,Round 4,8,200,352,tw69804633,,3,tw67984683,,3,,,,,
round_pairing,Round 4,9,201,318,tw63735317,,3,tw38080173,,3,,,,,
round_pairing,Round 4,9,201,505,tw38080173,,3,tw63735317,,3,,,,,
round_pairing,Round 4,9,202,20,tw04255506,,3,tw03132048,,3,,,,,
round_pairing,Round 4,9,202,516,tw03132048,,3,tw04255506,,3,,,,,
round_pairing,Round 4,9,203,27,tw05399034,,3,tw52663760,,3,,,,,
round_pairing,Round 4,9,203,270,tw52663760,,3,tw05399034,,3,,,,,
round_pairing,Round 4,9,204,475,tw96137948,,3,tw97138451,,3,,,,,
round_pairing,Round 4,9,204,478,tw97138451,,3,tw96137948,,3,,,,,
round_pairing,Round 4,9,205,84,tw16132632,,3,tw18057901,,3,,,,,
round_pairing,Round 4,9,205,95,tw18057901,,3,tw16132632,,3,,,,,
round_pairing,Round 4,9,206,510,tw07237919,,3,tw35603412,,3,,,,,
round_pairing,Round 4,9,206,521,tw35603412,,3,tw07237919,,3,,,,,
round_pairing,Round 4,9,207,192,tw36824056,,3,tw63508480,,3,,,,,
round_pairing,Round 4,9,207,315,tw63508480,,3,tw36824056,,3,,,,,
round_pairing,Round 4,9,208,42,tw08856107,,3,tw12035691,,3,,,,,
round_pairing,Round 4,9,208,61,tw12035691,,3,tw08856107,,3,,,,,
round_pairing,Round 4,9,209,49,tw09710972,,3,tw15849812,,3,,,,,
round_pairing,Round 4,9,209,82,tw15849812,,3,tw09710972,,3,,,,,
round_pairing,Round 4,9,210,258,tw49388371,,3,tw68209178,,3,,,,,
round_pairing,Round 4,9,210,344,tw68209178,,3,tw49388371,,3,,,,,
round_pairing,Round 4,9,211,394,tw77877383,,3,tw94737903,,3,,,,,
round_pairing,Round 4,9,211,468,tw94737903,,3,tw77877383,,3,,,,,
round_pairing,Round 4,9,212,355,tw70273656,,3,tw71029745,,3,,,,,
round_pairing,Round 4,9,212,358,tw71029745,,3,tw70273656,,3,,,,,
round_pairing,Round 4,9,213,16,tw03478711,,3,tw15026318,,3,,,,,
round_pairing,Round 4,9,213,78,tw15026318,,3,tw03478711,,3,,,,,
round_pairing,Round 4,9,214,178,tw33785925,,3,tw69848864,,3,,,,,
round_pairing,Round 4,9,214,353,tw69848864,,3,tw33785925,,3,,,,,
round_pairing,Round 4,9,215,116,tw22007891,,3,tw09347309,,3,,,,,
round_pairing,Round 4,9,215,43,tw09347309,,3,tw22007891,,3,,,,,
round_pairing,Round 4,9,216,165,tw32141014,,3,tw41682200,,3,,,,,
round_pairing,Round 4,9,216,213,tw41682200,,3,tw32141014,,3,,,,,
round_pairing,Round 4,9,217,139,tw26839664,,3,tw68088789,,3,,,,,
round_pairing,Round 4,9,217,342,tw68088789,,3,tw26839664,,3,,,,,
round_pairing,Round 4,9,218,138,tw26670105,,3,tw31401549,,3,,,,,
round_pairing,Round 4,9,218,161,tw31401549,,3,tw26670105,,3,,,,,
round_pairing,Round 4,9,219,539,tw81191547,,3,tw02105248,,3,,,,,
round_pairing,Round 4,9,219,9,tw02105248,,3,tw81191547,,3,,,,,
round_pairing,Round 4,9,220,387,tw76371566,,3,tw87316906,,3,,,,,
round_pairing,Round 4,9,220,433,tw87316906,,3,tw76371566,,3,,,,,
round_pairing,Round 4,9,221,117,tw22462226,,3,tw00918141,,3,,,,,
round_pairing,Round 4,9,221,6,tw00918141,,3,tw22462226,,3,,,,,
round_pairing,Round 4,9,222,251,tw48793078,,3,tw63518115,,3,,,,,
round_pairing,Round 4,9,222,316,tw63518115,,3,tw48793078,,3,,,,,
round_pairing,Round 4,9,223,250,tw48596346,,3,tw13174665,,3,,,,,
round_pairing,Round 4,9,223,64,tw13174665,,3,tw48596346,,3,,,,,
round_pairing,Round 4,9,224,229,tw44380087,,3,tw05932500,,3,,,,,
round_pairing,Round 4,9,224,29,tw05932500,,3,tw44380087,,3,,,,,
round_pairing,Round 4,9,225,307,tw60751700,,3,tw97351630,,3,,,,,
round_pairing,Round 4,9,225,480,tw97351630,,3,tw60751700,,3,,,,,
round_pairing,Round 4,10,226,154,tw29404493,,3,tw47033046,,3,,,,,
round_pairing,Round 4,10,226,245,tw47033046,,3,tw29404493,,3,,,,,
round_pairing,Round 4,10,227,208,tw41073870,,3,tw95045687,,3,,,,,
round_pairing,Round 4,10,227,469,tw95045687,,3,tw41073870,,3,,,,,
round_pairing,Round 4,10,228,128,tw24928885,,3,tw55332465,,3,,,,,
round_pairing,Round 4,10,228,283,tw55332465,,3,tw24928885,,3,,,,,
round_pairing,Round 4,10,229,386,tw76258268,,3,tw18584107,,3,,,,,
round_pairing,Round 4,10,229,99,tw18584107,,3,tw76258268,,3,,,,,
round_pairing,Round 4,10,230,436,tw88607252,,3,tw09704151,,3,,,,,
round_pairing,Round 4,10,230,504,tw09704151,,3,tw88607252,,3,,,,,
round_pairing,Round 4,10,231,113,tw21543308,,3,tw53723254,,3,,,,,
round_pairing,Round 4,10,231,274,tw53723254,,3,tw21543308,,3,,,,,
round_pairing,Round 4,10,232,171,tw32902575,,3,tw57615176,,3,,,,,
round_pairing,Round 4,10,232,290,tw57615176,,3,tw32902575,,3,,,,,
round_pairing,Round 4,10,233,160,tw30379002,,3,tw75551324,,3,,,,,
round_pairing,Round 4,10,233,380,tw75551324,,3,tw30379002,,3,,,,,
round_pairing,Round 4,10,234,131,tw25488947,,0,tw90806836,,0,,,,,
round_pairing,Round 4,10,234,534,tw90806836,,0,tw25488947,,0,,,,,
round_pairing,Round 4,10,235,13,tw03063725,,0,tw01012666,,0,,,,,
round_pairing,Round 4,10,235,7,tw01012666,,0,tw03063725,,0,,,,,
round_pairing,Round 4,10,236,39,tw07927124,,0,tw85470107,,0,,,,,
round_pairing,Round 4,10,236,425,tw85470107,,0,tw07927124,,0,,,,,
round_pairing,Round 4,10,237,41,tw08855722,,0,tw97627454,,0,,,,,
round_pairing,Round 4,10,237,481,tw97627454,,0,tw08855722,,0,,,,,
round_pairing,Round 4,10,238,324,tw65156718,,0,tw70897596,,0,,,,,
round_pairing,Round 4,10,238,357,tw70897596,,0,tw65156718,,0,,,,,
round_pairing,Round 4,10,239,312,tw62977877,,0,tw02752748,,0,,,,,
round_pairing,Round 4,10,239,536,tw02752748,,0,tw62977877,,0,,,,,
round_pairing,Round 4,10,240,389,tw76529055,,0,tw99958274,,0,,,,,
round_pairing,Round 4,10,240,500,tw99958274,,0,tw76529055,,0,,,,,
round_pairing,Round 4,10,241,135,tw26095879,,0,tw14487551,,0,,,,,
round_pairing,Round 4,10,241,75,tw14487551,,0,tw26095879,,0,,,,,
round_pairing,Round 4,10,242,18,tw04061481,,0,tw43768909,,0,,,,,
round_pairing,Round 4,10,242,225,tw43768909,,0,tw04061481,,0,,,,,
round_pairing,Round 4,10,243,133,tw25684532,,0,tw27632184,,0,,,,,
round_pairing,Round 4,10,243,146,tw27632184,,0,tw25684532,,0,,,,,
round_pairing,Round 4,10,244,108,tw20730540,,0,tw06554451,,0,,,,,
round_pairing,Round 4,10,244,33,tw06554451,,0,tw20730540,,0,,,,,
round_pairing,Round 4,10,245,281,tw55069236,,0,tw92616365,,0,,,,,
round_pairing,Round 4,10,245,459,tw92616365,,0,tw55069236,,0,,,,,
round_pairing,Round 4,10,246,276,tw54351682,,0,tw99714386,,0,,,,,
round_pairing,Round 4,10,246,496,tw99714386,,0,tw54351682,,0,,,,,
round_pairing,Round 4,10,247,4,tw00587002,,0,tw77679011,,0,,,,,
round_pairing,Round 4,10,247,523,tw77679011,,0,tw00587002,,0,,,,,
round_pairing,Round 4,10,248,193,tw37257975,,0,tw06400208,,0,,,,,
round_pairing,Round 4,10,248,32,tw06400208,,0,tw37257975,,0,,,,,
round_pairing,Round 4,10,249,158,tw30043028,,0,tw70061764,,0,,,,,
round_pairing,Round 4,10,249,354,tw70061764,,0,tw30043028,,0,,,,,
round_pairing,Round 4,10,250,185,tw35693064,,0,tw00531440,,0,,,,,
round_pairing,Round 4,10,250,2,tw00531440,,0,tw35693064,,0,,,,,
round_pairing,Round 4,11,251,143,tw27419844,,0,tw66327435,,0,,,,,
round_pairing,Round 4,11,251,331,tw66327435,,0,tw27419844,,0,,,,,
round_pairing,Round 4,11,252,163,tw31738493,,0,tw33820039,,0,,,,,
round_pairing,Round 4,11,252,180,tw33820039,,0,tw31738493,,0,,,,,
round_pairing,Round 4,11,253,448,tw90875911,,0,tw13257786,,0,,,,,
round_pairing,Round 4,11,253,66,tw13257786,,0,tw90875911,,0,,,,,
round_pairing,Round 4,11,254,176,tw33446875,,0,tw93999361,,0,,,,,
round_pairing,Round 4,11,254,466,tw93999361,,0,tw33446875,,0,,,,,
round_pairing,Round 4,11,255,166,tw32167594,,0,tw35861851,,0,,,,,
round_pairing,Round 4,11,255,187,tw35861851,,0,tw32167594,,0,,,,,
round_pairing,Round 4,11,256,199,tw38482720,,0,tw31348624,,0,,,,,
round_pairing,Round 4,11,256,514,tw31348624,,0,tw38482720,,0,,,,,
round_pairing,Round 4,11,257,356,tw70588343,,0,tw88117485,,0,,,,,
round_pairing,Round 4,11,257,434,tw88117485,,0,tw70588343,,0,,,,,
round_pairing,Round 4,11,258,305,tw60490031,,0,tw67199394,,0,,,,,
round_pairing,Round 4,11,258,336,tw67199394,,0,tw60490031,,0,,,,,
round_pairing,Round 4,11,259,206,tw40377456,,0,tw92252047,,0,,,,,
round_pairing,Round 4,11,259,519,tw92252047,,0,tw40377456,,0,,,,,
round_pairing,Round 4,11,260,23,tw04566463,,0,tw15115105,,0,,,,,
round_pairing,Round 4,11,260,79,tw15115105,,0,tw04566463,,0,,,,,
round_pairing,Round 4,11,261,109,tw20800375,,0,tw58028303,,0,,,,,
round_pairing,Round 4,11,261,292,tw58028303,,0,tw20800375,,0,,,,,
round_pairing,Round 4,11,262,293,tw58781969,,0,tw97807535,,0,,,,,
round_pairing,Round 4,11,262,482,tw97807535,,0,tw58781969,,0,,,,,
round_pairing,Round 4,11,263,437,tw88633827,,0,tw45696531,,0,,,,,
round_pairing,Round 4,11,263,525,tw45696531,,0,tw88633827,,0,,,,,
round_pairing,Round 4,11,264,410,tw81250238,,0,tw99373374,,0,,,,,
round_pairing,Round 4,11,264,495,tw99373374,,0,tw81250238,,0,,,,,
round_pairing,Round 5,1,1,205,tw39894258,,12,tw67716132,,12,,,,,
round_pairing,Round 5,1,1,338,tw67716132,,12,tw39894258,,12,,,,,
round_pairing,Round 5,1,2,14,tw03389371,,12,tw39185310,,12,,,,,
round_pairing,Round 5,1,2,204,tw39185310,,12,tw03389371,,12,,,,,
round_pairing,Round 5,1,3,416,tw82981600,,12,tw99926791,,12,,,,,
round_pairing,Round 5,1,3,499,tw99926791,,12,tw82981600,,12,,,,,
round_pairing,Round 5,1,4,156,tw29536370,,12,tw79188375,,12,,,,,
round_pairing,Round 5,1,4,400,tw79188375,,12,tw29536370,,12,,,,,
round_pairing,Round 5,1,5,367,tw73106123,,12,tw85823053,,12,,,,,
round_pairing,Round 5,1,5,428,tw85823053,,12,tw73106123,,12,,,,,
round_pairing,Round 5,1,6,501,tw88506619,,12,tw89609352,,12,,,,,
round_pairing,Round 5,1,6,538,tw89609352,,12,tw88506619,,12,,,,,
round_pairing,Round 5,1,7,365,tw72829984,,12,tw89297350,,12,,,,,
round_pairing,Round 5,1,7,439,tw89297350,,12,tw72829984,,12,,,,,
round_pairing,Round 5,1,8,264,tw51147332,,12,tw91797530,,12,,,,,
round_pairing,Round 5,1,8,452,tw91797530,,12,tw51147332,,12,,,,,
round_pairing,Round 5,1,9,288,tw56605426,,12,tw57017359,,12,,,,,
round_pairing,Round 5,1,9,289,tw57017359,,12,tw56605426,,12,,,,,
round_pairing,Round 5,1,10,262,tw50567676,,12,tw52194649,,12,,,,,
round_pairing,Round 5,1,10,268,tw52194649,,12,tw50567676,,12,,,,,
round_pairing,Round 5,1,11,235,tw45713741,,12,tw56468849,,12,,,,,
round_pairing,Round 5,1,11,287,tw56468849,,12,tw45713741,,12,,,,,
round_pairing,Round 5,1,12,195,tw37556303,,12,tw63573774,,12,,,,,
round_pairing,Round 5,1,12,317,tw63573774,,12,tw37556303,,12,,,,,
round_pairing,Round 5,1,13,177,tw33544977,,12,tw35707148,,12,,,,,
round_pairing,Round 5,1,13,186,tw35707148,,12,tw33544977,,12,,,,,
round_pairing,Round 5,1,14,294,tw58817602,,12,tw18468179,,12,,,,,
round_pairing,Round 5,1,14,97,tw18468179,,12,tw58817602,,12,,,,,
round_pairing,Round 5,1,15,119,tw22529091,,12,tw67604361,,12,,,,,
round_pairing,Round 5,1,15,337,tw67604361,,12,tw22529091,,12,,,,,
round_pairing,Round 5,1,16,153,tw29121960,,12,tw12769027,,12,,,,,
round_pairing,Round 5,1,16,532,tw12769027,,12,tw29121960,,12,,,,,
round_pairing,Round 5,1,17,300,tw59914357,,9,tw84665181,,9,,,,,
round_pairing,Round 5,1,17,421,tw84665181,,9,tw59914357,,9,,,,,
round_pairing,Round 5,1,18,28,tw05925639,,9,tw68763677,,9,,,,,
round_pairing,Round 5,1,18,345,tw68763677,,9,tw05925639,,9,,,,,
round_pairing,Round 5,1,19,285,tw56336073,,9,tw11642031,,9,,,,,
round_pairing,Round 5,1,19,57,tw11642031,,9,tw56336073,,9,,,,,
round_pairing,Round 5,1,20,191,tw36782228,,9,tw83751916,,9,,,,,
round_pairing,Round 5,1,20,417,tw83751916,,9,tw36782228,,9,,,,,
round_pairing,Round 5,1,21,162,tw31422118,,9,tw49160488,,9,,,,,
round_pairing,Round 5,1,21,256,tw49160488,,9,tw31422118,,9,,,,,
round_pairing,Round 5,1,22,100,tw18638755,,9,tw72244502,,9,,,,,
round_pairing,Round 5,1,22,362,tw72244502,,9,tw18638755,,9,,,,,
round_pairing,Round 5,1,23,5,tw00787146,,9,tw45178021,,9,,,,,
round_pairing,Round 5,1,23,535,tw45178021,,9,tw00787146,,9,,,,,
round_pairing,Round 5,1,24,322,tw64656626,,9,tw79834153,,9,,,,,
round_pairing,Round 5,1,24,405,tw79834153,,9,tw64656626,,9,,,,,
round_pairing,Round 5,1,25,104,tw19522331,,9,tw89047117,,9,,,,,
round_pairing,Round 5,1,25,438,tw89047117,,9,tw19522331,,9,,,,,
round_pairing,Round 5,2,26,179,tw33811608,,9,tw79411276,,9,,,,,
round_pairing,Round 5,2,26,402,tw79411276,,9,tw33811608,,9,,,,,
round_pairing,Round 5,2,27,137,tw26567324,,9,tw18276049,,9,,,,,
round_pairing,Round 5,2,27,96,tw18276049,,9,tw26567324,,9,,,,,
round_pairing,Round 5,2,28,419,tw84249252,,9,tw88559975,,9,,,,,
round_pairing,Round 5,2,28,518,tw88559975,,9,tw84249252,,9,,,,,
round_pairing,Round 5,2,29,351,tw69628359,,9,tw09881291,,9,,,,,
round_pairing,Round 5,2,29,50,tw09881291,,9,tw69628359,,9,,,,,
round_pairing,Round 5,2,30,328,tw65753780,,9,tw73237577,,9,,,,,
round_pairing,Round 5,2,30,368,tw73237577,,9,tw65753780,,9,,,,,
round_pairing,Round 5,2,31,122,tw23249034,,9,tw91997638,,9,,,,,
round_pairing,Round 5,2,31,455,tw91997638,,9,tw23249034,,9,,,,,
round_pairing,Round 5,2,32,450,tw91555335,,9,tw96093664,,9,,,,,
round_pairing,Round 5,2,32,474,tw96093664,,9,tw91555335,,9,,,,,
round_pairing,Round 5,2,33,167,tw32214798,,9,tw70378594,,9,,,,,
round_pairing,Round 5,2,33,517,tw70378594,,9,tw32214798,,9,,,,,
round_pairing,Round 5,2,34,284,tw56012620,,9,tw62315993,,9,,,,,
round_pairing,Round 5,2,34,311,tw62315993,,9,tw56012620,,9,,,,,
round_pairing,Round 5,2,35,155,tw29518941,,9,tw65483922,,9,,,,,
round_pairing,Round 5,2,35,327,tw65483922,,9,tw29518941,,9,,,,,
round_pairing,Round 5,2,36,222,tw43380150,,9,tw11978505,,9,,,,,
round_pairing,Round 5,2,36,60,tw11978505,,9,tw43380150,,9,,,,,
round_pairing,Round 5,2,37,242,tw46738666,,9,tw54988993,,9,,,,,
round_pairing,Round 5,2,37,279,tw54988993,,9,tw46738666,,9,,,,,
round_pairing,Round 5,2,38,106,tw20118339,,9,tw44127879,,9,,,,,
round_pairing,Round 5,2,38,226,tw44127879,,9,tw20118339,,9,,,,,
round_pairing,Round 5,2,39,257,tw49340794,,9,tw60256639,,9,,,,,
round_pairing,Round 5,2,39,302,tw60256639,,9,tw49340794,,9,,,,,
round_pairing,Round 5,2,40,390,tw76994845,,9,tw13120137,,9,,,,,
round_pairing,Round 5,2,40,63,tw13120137,,9,tw76994845,,9,,,,,
round_pairing,Round 5,2,41,306,tw60511158,,9,tw84048586,,9,,,,,
round_pairing,Round 5,2,41,418,tw84048586,,9,tw60511158,,9,,,,,
round_pairing,Round 5,2,42,111,tw21206685,,9,tw04457744,,9,,,,,
round_pairing,Round 5,2,42,21,tw04457744,,9,tw21206685,,9,,,,,
round_pairing,Round 5,2,43,408,tw81121676,,9,tw95656910,,9,,,,,
round_pairing,Round 5,2,43,472,tw95656910,,9,tw81121676,,9,,,,,
round_pairing,Round 5,2,44,243,tw46795660,,9,tw55210501,,9,,,,,
round_pairing,Round 5,2,44,282,tw55210501,,9,tw46795660,,9,,,,,
round_pairing,Round 5,2,45,124,tw23712439,,9,tw95954871,,9,,,,,
round_pairing,Round 5,2,45,473,tw95954871,,9,tw23712439,,9,,,,,
round_pairing,Round 5,2,46,388,tw76407729,,9,tw99814098,,9,,,,,
round_pairing,Round 5,2,46,498,tw99814098,,9,tw76407729,,9,,,,,
round_pairing,Round 5,2,47,329,tw66134077,,9,tw38086655,,9,,,,,
round_pairing,Round 5,2,47,537,tw38086655,,9,tw66134077,,9,,,,,
round_pairing,Round 5,2,48,397,tw78657682,,9,tw99229780,,9,,,,,
round_pairing,Round 5,2,48,492,tw99229780,,9,tw78657682,,9,,,,,
round_pairing,Round 5,2,49,36,tw07333117,,9,tw87970697,,9,,,,,
round_pairing,Round 5,2,49,509,tw87970697,,9,tw07333117,,9,,,,,
round_pairing,Round 5,2,50,298,tw59842400,,9,tw98129328,,9,,,,,
round_pairing,Round 5,2,50,486,tw98129328,,9,tw59842400,,9,,,,,
round_pairing,Round 5,3,51,152,tw29023076,,9,tw52162016,,9,,,,,
round_pairing,Round 5,3,51,267,tw52162016,,9,tw29023076,,9,,,,,
round_pairing,Round 5,3,52,148,tw28113144,,9,tw07410887,,9,,,,,
round_pairing,Round 5,3,52,37,tw07410887,,9,tw28113144,,9,,,,,
round_pairing,Round 5,3,53,398,tw78866457,,9,tw10410998,,9,,,,,
round_pairing,Round 5,3,53,52,tw10410998,,9,tw78866457,,9,,,,,
round_pairing,Round 5,3,54,126,tw24144676,,9,tw63343435,,9,,,,,
round_pairing,Round 5,3,54,314,tw63343435,,9,tw24144676,,9,,,,,
round_pairing,Round 5,3,55,381,tw75712938,,9,tw30011078,,9,,,,,
round_pairing,Round 5,3,55,528,tw30011078,,9,tw75712938,,9,,,,,
round_pairing,Round 5,3,56,333,tw66520026,,9,tw97857197,,9,,,,,
round_pairing,Round 5,3,56,483,tw97857197,,9,tw66520026,,9,,,,,
round_pairing,Round 5,3,57,261,tw50328610,,9,tw16645990,,9,,,,,
round_pairing,Round 5,3,57,90,tw16645990,,9,tw50328610,,9,,,,,
round_pairing,Round 5,3,58,203,tw39179779,,9,tw55000893,,9,,,,,
round_pairing,Round 5,3,58,280,tw55000893,,9,tw39179779,,9,,,,,
round_pairing,Round 5,3,59,54,tw11292760,,9,tw17203659,,9,,,,,
round_pairing,Round 5,3,59,92,tw17203659,,9,tw11292760,,9,,,,,
round_pairing,Round 5,3,60,259,tw49759795,,9,tw95120042,,9,,,,,
round_pairing,Round 5,3,60,470,tw95120042,,9,tw49759795,,9,,,,,
round_pairing,Round 5,3,61,174,tw33097520,,9,tw44874553,,9,,,,,
round_pairing,Round 5,3,61,231,tw44874553,,9,tw33097520,,9,,,,,
round_pairing,Round 5,3,62,31,tw06169660,,9,tw32830944,,9,,,,,
round_pairing,Round 5,3,62,512,tw32830944,,9,tw06169660,,9,,,,,
round_pairing,Round 5,3,63,102,tw18906406,,9,tw68822994,,9,,,,,
round_pairing,Round 5,3,63,346,tw68822994,,9,tw18906406,,9,,,,,
round_pairing,Round 5,3,64,127,tw24854365,,9,tw74568091,,9,,,,,
round_pairing,Round 5,3,64,375,tw74568091,,9,tw24854365,,9,,,,,
round_pairing,Round 5,3,65,463,tw93405316,,9,tw14942902,,9,,,,,
round_pairing,Round 5,3,65,77,tw14942902,,9,tw93405316,,9,,,,,
round_pairing,Round 5,3,66,22,tw04564553,,9,tw84991038,,9,,,,,
round_pairing,Round 5,3,66,423,tw84991038,,9,tw04564553,,9,,,,,
round_pairing,Round 5,3,67,233,tw45485735,,9,tw07460167,,9,,,,,
round_pairing,Round 5,3,67,38,tw07460167,,9,tw45485735,,9,,,,,
round_pairing,Round 5,3,68,101,tw18844404,,9,tw75037148,,9,,,,,
round_pairing,Round 5,3,68,377,tw75037148,,9,tw18844404,,9,,,,,
round_pairing,Round 5,3,69,142,tw27347873,,9,tw04237407,,9,,,,,
round_pairing,Round 5,3,69,19,tw04237407,,9,tw27347873,,9,,,,,
round_pairing,Round 5,3,70,237,tw45806310,,9,tw96648029,,9,,,,,
round_pairing,Round 5,3,70,476,tw96648029,,9,tw45806310,,9,,,,,
round_pairing,Round 5,3,71,359,tw71730704,,9,tw75380665,,9,,,,,
round_pairing,Round 5,3,71,379,tw75380665,,9,tw71730704,,9,,,,,
round_pairing,Round 5,3,72,278,tw54760232,,9,tw59882595,,9,,,,,
round_pairing,Round 5,3,72,299,tw59882595,,9,tw54760232,,9,,,,,
round_pairing,Round 5,3,73,403,tw79476009,,9,tw13229345,,9,,,,,
round_pairing,Round 5,3,73,65,tw13229345,,9,tw79476009,,9,,,,,
round_pairing,Round 5,3,74,457,tw92496269,,9,tw93076075,,9,,,,,
round_pairing,Round 5,3,74,462,tw93076075,,9,tw92496269,,9,,,,,
round_pairing,Round 5,3,75,115,tw21820105,,9,tw10467123,,9,,,,,
round_pairing,Round 5,3,75,53,tw10467123,,9,tw21820105,,9,,,,,
round_pairing,Round 5,4,76,118,tw22487155,,9,tw54347311,,9,,,,,
round_pairing,Round 5,4,76,275,tw54347311,,9,tw22487155,,9,,,,,
round_pairing,Round 5,4,77,384,tw76086171,,9,tw79280986,,9,,,,,
round_pairing,Round 5,4,77,401,tw79280986,,9,tw76086171,,9,,,,,
round_pairing,Round 5,4,78,121,tw23228412,,9,tw73917548,,9,,,,,
round_pairing,Round 5,4,78,370,tw73917548,,9,tw23228412,,9,,,,,
round_pairing,Round 5,4,79,414,tw82560565,,9,tw16152234,,9,,,,,
round_pairing,Round 5,4,79,85,tw16152234,,9,tw82560565,,9,,,,,
round_pairing,Round 5,4,80,10,tw02106832,,9,tw41286139,,9,,,,,
round_pairing,Round 5,4,80,209,tw41286139,,9,tw02106832,,9,,,,,
round_pairing,Round 5,4,81,371,tw73975912,,9,tw93020902,,9,,,,,
round_pairing,Round 5,4,81,460,tw93020902,,9,tw73975912,,9,,,,,
round_pairing,Round 5,4,82,487,tw98649601,,9,tw11739209,,9,,,,,
round_pairing,Round 5,4,82,58,tw11739209,,9,tw98649601,,9,,,,,
round_pairing,Round 5,4,83,30,tw05980017,,9,tw58450010,,6,,,,,
round_pairing,Round 5,4,83,502,tw58450010,,6,tw05980017,,9,,,,,
round_pairing,Round 5,4,84,520,tw65994043,,6,tw16207920,,6,,,,,
round_pairing,Round 5,4,84,86,tw16207920,,6,tw65994043,,6,,,,,
round_pairing,Round 5,4,85,15,tw03463518,,6,tw50820470,,6,,,,,
round_pairing,Round 5,4,85,263,tw50820470,,6,tw03463518,,6,,,,,
round_pairing,Round 5,4,86,211,tw41429367,,6,tw49159270,,6,,,,,
round_pairing,Round 5,4,86,255,tw49159270,,6,tw41429367,,6,,,,,
round_pairing,Round 5,4,87,214,tw41805810,,6,tw02105248,,6,,,,,
round_pairing,Round 5,4,87,9,tw02105248,,6,tw41805810,,6,,,,,
round_pairing,Round 5,4,88,372,tw74343825,,6,tw52974697,,6,,,,,
round_pairing,Round 5,4,88,527,tw52974697,,6,tw74343825,,6,,,,,
round_pairing,Round 5,4,89,254,tw49045992,,6,tw09472918,,6,,,,,
round_pairing,Round 5,4,89,44,tw09472918,,6,tw49045992,,6,,,,,
round_pairing,Round 5,4,90,149,tw28179733,,6,tw11570874,,6,,,,,
round_pairing,Round 5,4,90,55,tw11570874,,6,tw28179733,,6,,,,,
round_pairing,Round 5,4,91,399,tw79180495,,6,tw07237919,,6,,,,,
round_pairing,Round 5,4,91,510,tw07237919,,6,tw79180495,,6,,,,,
round_pairing,Round 5,4,92,291,tw57948434,,6,tw63238788,,6,,,,,
round_pairing,Round 5,4,92,313,tw63238788,,6,tw57948434,,6,,,,,
round_pairing,Round 5,4,93,198,tw37918429,,6,tw14152067,,6,,,,,
round_pairing,Round 5,4,93,74,tw14152067,,6,tw37918429,,6,,,,,
round_pairing,Round 5,4,94,376,tw74945392,,6,tw16728082,,6,,,,,
round_pairing,Round 5,4,94,526,tw16728082,,6,tw74945392,,6,,,,,
round_pairing,Round 5,4,95,273,tw53540804,,6,tw68209178,,6,,,,,
round_pairing,Round 5,4,95,344,tw68209178,,6,tw53540804,,6,,,,,
round_pairing,Round 5,4,96,182,tw34557355,,6,tw64793736,,6,,,,,
round_pairing,Round 5,4,96,323,tw64793736,,6,tw34557355,,6,,,,,
round_pairing,Round 5,4,97,1,tw00114747,,6,tw99213849,,6,,,,,
round_pairing,Round 5,4,97,491,tw99213849,,6,tw00114747,,6,,,,,
round_pairing,Round 5,4,98,218,tw42563834,,6,tw15849812,,6,,,,,
round_pairing,Round 5,4,98,82,tw15849812,,6,tw42563834,,6,,,,,
round_pairing,Round 5,4,99,120,tw23209128,,6,tw67984683,,6,,,,,
round_pairing,Round 5,4,99,341,tw67984683,,6,tw23209128,,6,,,,,
round_pairing,Round 5,4,100,431,tw86878630,,6,tw11795582,,6,,,,,
round_pairing,Round 5,4,100,59,tw11795582,,6,tw86878630,,6,,,,,
round_pairing,Round 5,5,101,223,tw43633449,,6,tw16526802,,6,,,,,
round_pairing,Round 5,5,101,87,tw16526802,,6,tw43633449,,6,,,,,
round_pairing,Round 5,5,102,309,tw61583819,,6,tw19640601,,6,,,,,
round_pairing,Round 5,5,102,533,tw19640601,,6,tw61583819,,6,,,,,
round_pairing,Round 5,5,103,202,tw39174853,,6,tw68151227,,6,,,,,
round_pairing,Round 5,5,103,343,tw68151227,,6,tw39174853,,6,,,,,
round_pairing,Round 5,5,104,197,tw37870020,,6,tw69425578,,6,,,,,
round_pairing,Round 5,5,104,350,tw69425578,,6,tw37870020,,6,,,,,
round_pairing,Round 5,5,105,229,tw44380087,,6,tw69372013,,6,,,,,
round_pairing,Round 5,5,105,348,tw69372013,,6,tw44380087,,6,,,,,
round_pairing,Round 5,5,106,239,tw46076033,,6,tw87015354,,6,,,,,
round_pairing,Round 5,5,106,432,tw87015354,,6,tw46076033,,6,,,,,
round_pairing,Round 5,5,107,447,tw90601321,,6,tw13997688,,6,,,,,
round_pairing,Round 5,5,107,72,tw13997688,,6,tw90601321,,6,,,,,
round_pairing,Round 5,5,108,81,tw15712728,,6,tw16132632,,6,,,,,
round_pairing,Round 5,5,108,84,tw16132632,,6,tw15712728,,6,,,,,
round_pairing,Round 5,5,109,511,tw24111275,,6,tw00918141,,6,,,,,
round_pairing,Round 5,5,109,6,tw00918141,,6,tw24111275,,6,,,,,
round_pairing,Round 5,5,110,201,tw38784734,,6,tw05197795,,6,,,,,
round_pairing,Round 5,5,110,24,tw05197795,,6,tw38784734,,6,,,,,
round_pairing,Round 5,5,111,220,tw43007249,,6,tw50239297,,6,,,,,
round_pairing,Round 5,5,111,260,tw50239297,,6,tw43007249,,6,,,,,
round_pairing,Round 5,5,112,325,tw65233698,,6,tw17505073,,6,,,,,
round_pairing,Round 5,5,112,93,tw17505073,,6,tw65233698,,6,,,,,
round_pairing,Round 5,5,113,141,tw26935289,,6,tw95570205,,6,,,,,
round_pairing,Round 5,5,113,471,tw95570205,,6,tw26935289,,6,,,,,
round_pairing,Round 5,5,114,190,tw36759052,,6,tw97138451,,6,,,,,
round_pairing,Round 5,5,114,478,tw97138451,,6,tw36759052,,6,,,,,
round_pairing,Round 5,5,115,246,tw47551870,,6,tw79723871,,6,,,,,
round_pairing,Round 5,5,115,404,tw79723871,,6,tw47551870,,6,,,,,
round_pairing,Round 5,5,116,125,tw23764220,,6,tw32240000,,6,,,,,
round_pairing,Round 5,5,116,168,tw32240000,,6,tw23764220,,6,,,,,
round_pairing,Round 5,5,117,123,tw23475905,,6,tw89548879,,6,,,,,
round_pairing,Round 5,5,117,441,tw89548879,,6,tw23475905,,6,,,,,
round_pairing,Round 5,5,118,494,tw99256533,,6,tw13786805,,6,,,,,
round_pairing,Round 5,5,118,69,tw13786805,,6,tw99256533,,6,,,,,
round_pairing,Round 5,5,119,169,tw32452069,,6,tw84828731,,6,,,,,
round_pairing,Round 5,5,119,422,tw84828731,,6,tw32452069,,6,,,,,
round_pairing,Round 5,5,120,110,tw21064937,,6,tw33002183,,6,,,,,
round_pairing,Round 5,5,120,172,tw33002183,,6,tw21064937,,6,,,,,
round_pairing,Round 5,5,121,232,tw45233917,,6,tw56416986,,6,,,,,
round_pairing,Round 5,5,121,286,tw56416986,,6,tw45233917,,6,,,,,
round_pairing,Round 5,5,122,200,tw38671111,,6,tw89811739,,6,,,,,
round_pairing,Round 5,5,122,443,tw89811739,,6,tw38671111,,6,,,,,
round_pairing,Round 5,5,123,315,tw63508480,,6,tw53806573,,6,,,,,
round_pairing,Round 5,5,123,503,tw53806573,,6,tw63508480,,6,,,,,
round_pairing,Round 5,5,124,107,tw20156409,,6,tw13830995,,6,,,,,
round_pairing,Round 5,5,124,70,tw13830995,,6,tw20156409,,6,,,,,
round_pairing,Round 5,5,125,516,tw03132048,,6,tw12035691,,6,,,,,
round_pairing,Round 5,5,125,61,tw12035691,,6,tw03132048,,6,,,,,
round_pairing,Round 5,6,126,506,tw32980664,,6,tw15533641,,6,,,,,
round_pairing,Round 5,6,126,80,tw15533641,,6,tw32980664,,6,,,,,
round_pairing,Round 5,6,127,247,tw47904340,,6,tw48962901,,6,,,,,
round_pairing,Round 5,6,127,253,tw48962901,,6,tw47904340,,6,,,,,
round_pairing,Round 5,6,128,216,tw42309306,,6,tw97931731,,6,,,,,
round_pairing,Round 5,6,128,485,tw97931731,,6,tw42309306,,6,,,,,
round_pairing,Round 5,6,129,386,tw76258268,,6,tw09490592,,6,,,,,
round_pairing,Round 5,6,129,45,tw09490592,,6,tw76258268,,6,,,,,
round_pairing,Round 5,6,130,319,tw63898784,,6,tw51489284,,6,,,,,
round_pairing,Round 5,6,130,542,tw51489284,,6,tw63898784,,6,,,,,
round_pairing,Round 5,6,131,189,tw36173804,,6,tw59471628,,6,,,,,
round_pairing,Round 5,6,131,297,tw59471628,,6,tw36173804,,6,,,,,
round_pairing,Round 5,6,132,318,tw63735317,,6,tw64220350,,6,,,,,
round_pairing,Round 5,6,132,321,tw64220350,,6,tw63735317,,6,,,,,
round_pairing,Round 5,6,133,212,tw41563340,,6,tw82119121,,6,,,,,
round_pairing,Round 5,6,133,413,tw82119121,,6,tw41563340,,6,,,,,
round_pairing,Round 5,6,134,320,tw64203769,,6,tw18480972,,6,,,,,
round_pairing,Round 5,6,134,98,tw18480972,,6,tw64203769,,6,,,,,
round_pairing,Round 5,6,135,170,tw32709946,,6,tw05399034,,6,,,,,
round_pairing,Round 5,6,135,27,tw05399034,,6,tw32709946,,6,,,,,
round_pairing,Round 5,6,136,290,tw57615176,,6,tw93739401,,6,,,,,
round_pairing,Round 5,6,136,464,tw93739401,,6,tw57615176,,6,,,,,
round_pairing,Round 5,6,137,144,tw27563265,,6,tw67759215,,6,,,,,
round_pairing,Round 5,6,137,339,tw67759215,,6,tw27563265,,6,,,,,
round_pairing,Round 5,6,138,489,tw98988500,,6,tw99241716,,6,,,,,
round_pairing,Round 5,6,138,493,tw99241716,,6,tw98988500,,6,,,,,
round_pairing,Round 5,6,139,136,tw26528058,,6,tw08560123,,6,,,,,
round_pairing,Round 5,6,139,40,tw08560123,,6,tw26528058,,6,,,,,
round_pairing,Round 5,6,140,271,tw52806758,,6,tw75774280,,6,,,,,
round_pairing,Round 5,6,140,383,tw75774280,,6,tw52806758,,6,,,,,
round_pairing,Round 5,6,141,3,tw00572856,,6,tw90337288,,6,,,,,
round_pairing,Round 5,6,141,445,tw90337288,,6,tw00572856,,6,,,,,
round_pairing,Round 5,6,142,316,tw63518115,,6,tw14120018,,6,,,,,
round_pairing,Round 5,6,142,73,tw14120018,,6,tw63518115,,6,,,,,
round_pairing,Round 5,6,143,16,tw03478711,,6,tw33785925,,6,,,,,
round_pairing,Round 5,6,143,178,tw33785925,,6,tw03478711,,6,,,,,
round_pairing,Round 5,6,144,406,tw80138989,,6,tw85568194,,6,,,,,
round_pairing,Round 5,6,144,427,tw85568194,,6,tw80138989,,6,,,,,
round_pairing,Round 5,6,145,272,tw53028908,,6,tw97165922,,6,,,,,
round_pairing,Round 5,6,145,479,tw97165922,,6,tw53028908,,6,,,,,
round_pairing,Round 5,6,146,210,tw41398048,,6,tw93062100,,6,,,,,
round_pairing,Round 5,6,146,461,tw93062100,,6,tw41398048,,6,,,,,
round_pairing,Round 5,6,147,208,tw41073870,,6,tw16963151,,6,,,,,
round_pairing,Round 5,6,147,91,tw16963151,,6,tw41073870,,6,,,,,
round_pairing,Round 5,6,148,12,tw02856732,,6,tw56970260,,6,,,,,
round_pairing,Round 5,6,148,540,tw56970260,,6,tw02856732,,6,,,,,
round_pairing,Round 5,6,149,304,tw60311204,,6,tw92544749,,6,,,,,
round_pairing,Round 5,6,149,458,tw92544749,,6,tw60311204,,6,,,,,
round_pairing,Round 5,6,150,154,tw29404493,,6,tw36138720,,6,,,,,
round_pairing,Round 5,6,150,188,tw36138720,,6,tw29404493,,6,,,,,
round_pairing,Round 5,7,151,56,tw11612248,,6,tw01478107,,6,,,,,
round_pairing,Round 5,7,151,8,tw01478107,,6,tw11612248,,6,,,,,
round_pairing,Round 5,7,152,145,tw27568465,,6,tw88607252,,6,,,,,
round_pairing,Round 5,7,152,436,tw88607252,,6,tw27568465,,6,,,,,
round_pairing,Round 5,7,153,453,tw91803326,,6,tw24177121,,6,,,,,
round_pairing,Round 5,7,153,524,tw24177121,,6,tw91803326,,6,,,,,
round_pairing,Round 5,7,154,165,tw32141014,,6,tw87316906,,6,,,,,
round_pairing,Round 5,7,154,433,tw87316906,,6,tw32141014,,6,,,,,
round_pairing,Round 5,7,155,112,tw21246264,,6,tw85147749,,6,,,,,
round_pairing,Round 5,7,155,424,tw85147749,,6,tw21246264,,6,,,,,
round_pairing,Round 5,7,156,301,tw60169670,,6,tw13454619,,6,,,,,
round_pairing,Round 5,7,156,67,tw13454619,,6,tw60169670,,6,,,,,
round_pairing,Round 5,7,157,134,tw25974925,,6,tw97351630,,6,,,,,
round_pairing,Round 5,7,157,480,tw97351630,,6,tw25974925,,6,,,,,
round_pairing,Round 5,7,158,161,tw31401549,,6,tw44133543,,6,,,,,
round_pairing,Round 5,7,158,508,tw44133543,,6,tw31401549,,6,,,,,
round_pairing,Round 5,7,159,114,tw21654272,,6,tw68088789,,6,,,,,
round_pairing,Round 5,7,159,342,tw68088789,,6,tw21654272,,6,,,,,
round_pairing,Round 5,7,160,241,tw46705939,,6,tw92250919,,6,,,,,
round_pairing,Round 5,7,160,456,tw92250919,,6,tw46705939,,6,,,,,
round_pairing,Round 5,7,161,164,tw32020032,,6,tw45725328,,6,,,,,
round_pairing,Round 5,7,161,236,tw45725328,,6,tw32020032,,6,,,,,
round_pairing,Round 5,7,162,361,tw72174151,,6,tw13779097,,6,,,,,
round_pairing,Round 5,7,162,68,tw13779097,,6,tw72174151,,6,,,,,
round_pairing,Round 5,7,163,34,tw06996284,,6,tw59548820,,6,,,,,
round_pairing,Round 5,7,163,543,tw59548820,,6,tw06996284,,6,,,,,
round_pairing,Round 5,7,164,150,tw28187058,,6,tw09638604,,6,,,,,
round_pairing,Round 5,7,164,48,tw09638604,,6,tw28187058,,6,,,,,
round_pairing,Round 5,7,165,25,tw05346170,,6,tw89643656,,6,,,,,
round_pairing,Round 5,7,165,442,tw89643656,,6,tw05346170,,6,,,,,
round_pairing,Round 5,7,166,113,tw21543308,,6,tw91823318,,6,,,,,
round_pairing,Round 5,7,166,454,tw91823318,,6,tw21543308,,6,,,,,
round_pairing,Round 5,7,167,43,tw09347309,,6,tw13174665,,6,,,,,
round_pairing,Round 5,7,167,64,tw13174665,,6,tw09347309,,6,,,,,
round_pairing,Round 5,7,168,252,tw48949077,,6,tw90967766,,6,,,,,
round_pairing,Round 5,7,168,449,tw90967766,,6,tw48949077,,6,,,,,
round_pairing,Round 5,7,169,17,tw04057117,,6,tw15946908,,6,,,,,
round_pairing,Round 5,7,169,83,tw15946908,,6,tw04057117,,6,,,,,
round_pairing,Round 5,7,170,147,tw28101734,,6,tw74371443,,6,,,,,
round_pairing,Round 5,7,170,373,tw74371443,,6,tw28101734,,6,,,,,
round_pairing,Round 5,7,171,11,tw02559687,,6,tw85855405,,6,,,,,
round_pairing,Round 5,7,171,429,tw85855405,,6,tw02559687,,6,,,,,
round_pairing,Round 5,7,172,395,tw78077476,,6,tw91720502,,6,,,,,
round_pairing,Round 5,7,172,451,tw91720502,,6,tw78077476,,6,,,,,
round_pairing,Round 5,7,173,194,tw37453841,,6,tw07020662,,6,,,,,
round_pairing,Round 5,7,173,35,tw07020662,,6,tw37453841,,6,,,,,
round_pairing,Round 5,7,174,240,tw46423373,,6,tw75551324,,6,,,,,
round_pairing,Round 5,7,174,380,tw75551324,,6,tw46423373,,6,,,,,
round_pairing,Round 5,7,175,332,tw66459371,,6,tw72776789,,6,,,,,
round_pairing,Round 5,7,175,364,tw72776789,,6,tw66459371,,6,,,,,
round_pairing,Round 5,8,176,151,tw28728192,,6,tw77877383,,6,,,,,
round_pairing,Round 5,8,176,394,tw77877383,,6,tw28728192,,6,,,,,
round_pairing,Round 5,8,177,128,tw24928885,,6,tw44344603,,6,,,,,
round_pairing,Round 5,8,177,228,tw44344603,,6,tw24928885,,6,,,,,
round_pairing,Round 5,8,178,363,tw72630270,,6,tw96947201,,6,,,,,
round_pairing,Round 5,8,178,477,tw96947201,,6,tw72630270,,6,,,,,
round_pairing,Round 5,8,179,215,tw42126524,,6,tw59054436,,6,,,,,
round_pairing,Round 5,8,179,296,tw59054436,,6,tw42126524,,6,,,,,
round_pairing,Round 5,8,180,227,tw44206611,,6,tw66907796,,6,,,,,
round_pairing,Round 5,8,180,335,tw66907796,,6,tw44206611,,6,,,,,
round_pairing,Round 5,8,181,116,tw22007891,,3,tw49388371,,3,,,,,
round_pairing,Round 5,8,181,258,tw49388371,,3,tw22007891,,3,,,,,
round_pairing,Round 5,8,182,109,tw20800375,,3,tw62977877,,3,,,,,
round_pairing,Round 5,8,182,312,tw62977877,,3,tw20800375,,3,,,,,
round_pairing,Round 5,8,183,171,tw32902575,,3,tw51465600,,3,,,,,
round_pairing,Round 5,8,183,265,tw51465600,,3,tw32902575,,3,,,,,
round_pairing,Round 5,8,184,248,tw47949585,,3,tw48596346,,3,,,,,
round_pairing,Round 5,8,184,250,tw48596346,,3,tw47949585,,3,,,,,
round_pairing,Round 5,8,185,382,tw75755528,,3,tw88209015,,3,,,,,
round_pairing,Round 5,8,185,435,tw88209015,,3,tw75755528,,3,,,,,
round_pairing,Round 5,8,186,158,tw30043028,,3,tw42455002,,3,,,,,
round_pairing,Round 5,8,186,217,tw42455002,,3,tw30043028,,3,,,,,
round_pairing,Round 5,8,187,238,tw46030050,,3,tw18584107,,3,,,,,
round_pairing,Round 5,8,187,99,tw18584107,,3,tw46030050,,3,,,,,
round_pairing,Round 5,8,188,117,tw22462226,,3,tw79100139,,3,,,,,
round_pairing,Round 5,8,188,529,tw79100139,,3,tw22462226,,3,,,,,
round_pairing,Round 5,8,189,20,tw04255506,,3,tw04566463,,3,,,,,
round_pairing,Round 5,8,189,23,tw04566463,,3,tw04255506,,3,,,,,
round_pairing,Round 5,8,190,466,tw93999361,,3,tw33742727,,3,,,,,
round_pairing,Round 5,8,190,507,tw33742727,,3,tw93999361,,3,,,,,
round_pairing,Round 5,8,191,310,tw62020476,,3,tw97807535,,3,,,,,
round_pairing,Round 5,8,191,482,tw97807535,,3,tw62020476,,3,,,,,
round_pairing,Round 5,8,192,166,tw32167594,,3,tw77123317,,3,,,,,
round_pairing,Round 5,8,192,391,tw77123317,,3,tw32167594,,3,,,,,
round_pairing,Round 5,8,193,192,tw36824056,,3,tw14487551,,3,,,,,
round_pairing,Round 5,8,193,75,tw14487551,,3,tw36824056,,3,,,,,
round_pairing,Round 5,8,194,18,tw04061481,,3,tw05932500,,3,,,,,
round_pairing,Round 5,8,194,29,tw05932500,,3,tw04061481,,3,,,,,
round_pairing,Round 5,8,195,13,tw03063725,,3,tw65156718,,3,,,,,
round_pairing,Round 5,8,195,324,tw65156718,,3,tw03063725,,3,,,,,
round_pairing,Round 5,8,196,206,tw40377456,,3,tw14788730,,3,,,,,
round_pairing,Round 5,8,196,76,tw14788730,,3,tw40377456,,3,,,,,
round_pairing,Round 5,8,197,46,tw09503218,,3,tw04215857,,3,,,,,
round_pairing,Round 5,8,197,513,tw04215857,,3,tw09503218,,3,,,,,
round_pairing,Round 5,8,198,500,tw99958274,,3,tw97037062,,3,,,,,
round_pairing,Round 5,8,198,541,tw97037062,,3,tw99958274,,3,,,,,
round_pairing,Round 5,8,199,175,tw33274690,,3,tw78539182,,3,,,,,
round_pairing,Round 5,8,199,396,tw78539182,,3,tw33274690,,3,,,,,
round_pairing,Round 5,8,200,430,tw86177796,,3,tw19127861,,3,,,,,
round_pairing,Round 5,8,200,531,tw19127861,,3,tw86177796,,3,,,,,
round_pairing,Round 5,9,201,207,tw40595661,,3,tw80392170,,3,,,,,
round_pairing,Round 5,9,201,407,tw80392170,,3,tw40595661,,3,,,,,
round_pairing,Round 5,9,202,4,tw00587002,,3,tw96137948,,3,,,,,
round_pairing,Round 5,9,202,475,tw96137948,,3,tw00587002,,3,,,,,
round_pairing,Round 5,9,203,221,tw43118125,,3,tw73911906,,3,,,,,
round_pairing,Round 5,9,203,369,tw73911906,,3,tw43118125,,3,,,,,
round_pairing,Round 5,9,204,2,tw00531440,,3,tw76371566,,3,,,,,
round_pairing,Round 5,9,204,387,tw76371566,,3,tw00531440,,3,,,,,
round_pairing,Round 5,9,205,105,tw20116252,,3,tw52488439,,3,,,,,
round_pairing,Round 5,9,205,269,tw52488439,,3,tw20116252,,3,,,,,
round_pairing,Round 5,9,206,374,tw74542521,,3,tw88633827,,3,,,,,
round_pairing,Round 5,9,206,437,tw88633827,,3,tw74542521,,3,,,,,
round_pairing,Round 5,9,207,132,tw25634182,,3,tw26670105,,3,,,,,
round_pairing,Round 5,9,207,138,tw26670105,,3,tw25634182,,3,,,,,
round_pairing,Round 5,9,208,103,tw19377792,,3,tw69376751,,3,,,,,
round_pairing,Round 5,9,208,349,tw69376751,,3,tw19377792,,3,,,,,
round_pairing,Round 5,9,209,415,tw82946495,,3,tw17748447,,3,,,,,
round_pairing,Round 5,9,209,94,tw17748447,,3,tw82946495,,3,,,,,
round_pairing,Round 5,9,210,360,tw71976921,,3,tw94173678,,3,,,,,
round_pairing,Round 5,9,210,467,tw94173678,,3,tw71976921,,3,,,,,
round_pairing,Round 5,9,211,425,tw85470107,,3,tw99072428,,3,,,,,
round_pairing,Round 5,9,211,490,tw99072428,,3,tw85470107,,3,,,,,
round_pairing,Round 5,9,212,270,tw52663760,,3,tw08856107,,3,,,,,
round_pairing,Round 5,9,212,42,tw08856107,,3,tw52663760,,3,,,,,
round_pairing,Round 5,9,213,496,tw99714386,,3,tw13965222,,3,,,,,
round_pairing,Round 5,9,213,71,tw13965222,,3,tw99714386,,3,,,,,
round_pairing,Round 5,9,214,295,tw58984162,,3,tw18057901,,3,,,,,
round_pairing,Round 5,9,214,95,tw18057901,,3,tw58984162,,3,,,,,
round_pairing,Round 5,9,215,160,tw30379002,,3,tw99732460,,3,,,,,
round_pairing,Round 5,9,215,497,tw99732460,,3,tw30379002,,3,,,,,
round_pairing,Round 5,9,216,163,tw31738493,,3,tw81599190,,3,,,,,
round_pairing,Round 5,9,216,411,tw81599190,,3,tw31738493,,3,,,,,
round_pairing,Round 5,9,217,283,tw55332465,,3,tw76132946,,3,,,,,
round_pairing,Round 5,9,217,385,tw76132946,,3,tw55332465,,3,,,,,
round_pairing,Round 5,9,218,444,tw90018469,,3,tw09710972,,3,,,,,
round_pairing,Round 5,9,218,49,tw09710972,,3,tw90018469,,3,,,,,
round_pairing,Round 5,9,219,184,tw35246471,,3,tw16569141,,3,,,,,
round_pairing,Round 5,9,219,88,tw16569141,,3,tw35246471,,3,,,,,
round_pairing,Round 5,9,220,307,tw60751700,,3,tw06400208,,3,,,,,
round_pairing,Round 5,9,220,32,tw06400208,,3,tw60751700,,3,,,,,
round_pairing,Round 5,9,221,409,tw81218142,,3,tw95045687,,3,,,,,
round_pairing,Round 5,9,221,469,tw95045687,,3,tw81218142,,3,,,,,
round_pairing,Round 5,9,222,129,tw25188472,,3,tw65235703,,3,,,,,
round_pairing,Round 5,9,222,326,tw65235703,,3,tw25188472,,3,,,,,
round_pairing,Round 5,9,223,249,tw48178410,,3,tw81191547,,3,,,,,
round_pairing,Round 5,9,223,539,tw81191547,,3,tw48178410,,3,,,,,
round_pairing,Round 5,9,224,181,tw33884578,,3,tw38080173,,3,,,,,
round_pairing,Round 5,9,224,505,tw38080173,,3,tw33884578,,3,,,,,
round_pairing,Round 5,9,225,140,tw26851444,,3,tw73048413,,3,,,,,
round_pairing,Round 5,9,225,366,tw73048413,,3,tw26851444,,3,,,,,
round_pairing,Round 5,10,226,251,tw48793078,,3,tw69804633,,3,,,,,
round_pairing,Round 5,10,226,352,tw69804633,,3,tw48793078,,3,,,,,
round_pairing,Round 5,10,227,199,tw38482720,,3,tw09704151,,3,,,,,
round_pairing,Round 5,10,227,504,tw09704151,,3,tw38482720,,3,,,,,
round_pairing,Round 5,10,228,108,tw20730540,,3,tw54430001,,3,,,,,
round_pairing,Round 5,10,228,277,tw54430001,,3,tw20730540,,3,,,,,
round_pairing,Round 5,10,229,26,tw05373669,,3,tw85563070,,3,,,,,
round_pairing,Round 5,10,229,426,tw85563070,,3,tw05373669,,3,,,,,
round_pairing,Round 5,10,230,146,tw27632184,,3,tw47033046,,3,,,,,
round_pairing,Round 5,10,230,245,tw47033046,,3,tw27632184,,3,,,,,
round_pairing,Round 5,10,231,468,tw94737903,,3,tw35603412,,3,,,,,
round_pairing,Round 5,10,231,521,tw35603412,,3,tw94737903,,3,,,,,
round_pairing,Round 5,10,232,308,tw61279434,,3,tw58380842,,3,,,,,
round_pairing,Round 5,10,232,522,tw58380842,,3,tw61279434,,3,,,,,
round_pairing,Round 5,10,233,139,tw26839664,,3,tw90875911,,3,,,,,
round_pairing,Round 5,10,233,448,tw90875911,,3,tw26839664,,3,,,,,
round_pairing,Round 5,10,234,157,tw29731640,,3,tw45498080,,3,,,,,
round_pairing,Round 5,10,234,234,tw45498080,,3,tw29731640,,3,,,,,
round_pairing,Round 5,10,235,281,tw55069236,,3,tw90806836,,3,,,,,
round_pairing,Round 5,10,235,534,tw90806836,,3,tw55069236,,3,,,,,
round_pairing,Round 5,10,236,176,tw33446875,,0,tw99373374,,0,,,,,
round_pairing,Round 5,10,236,495,tw99373374,,0,tw33446875,,0,,,,,
round_pairing,Round 5,10,237,354,tw70061764,,0,tw88117485,,0,,,,,
round_pairing,Round 5,10,237,434,tw88117485,,0,tw70061764,,0,,,,,
round_pairing,Round 5,10,238,39,tw07927124,,0,tw01012666,,0,,,,,
round_pairing,Round 5,10,238,7,tw01012666,,0,tw07927124,,0,,,,,
round_pairing,Round 5,10,239,389,tw76529055,,0,tw77679011,,0,,,,,
round_pairing,Round 5,10,239,523,tw77679011,,0,tw76529055,,0,,,,,
round_pairing,Round 5,10,240,135,tw26095879,,0,tw92252047,,0,,,,,
round_pairing,Round 5,10,240,519,tw92252047,,0,tw26095879,,0,,,,,
round_pairing,Round 5,10,241,193,tw37257975,,0,tw70897596,,0,,,,,
round_pairing,Round 5,10,241,357,tw70897596,,0,tw37257975,,0,,,,,
round_pairing,Round 5,10,242,225,tw43768909,,0,,,,,,,,
round_pairing,Round 6,1,1,119,tw22529091,,15,tw12769027,,15,,,,,
round_pairing,Round 6,1,1,532,tw12769027,,15,tw22529091,,15,,,,,
round_pairing,Round 6,1,2,204,tw39185310,,15,tw58817602,,15,,,,,
round_pairing,Round 6,1,2,294,tw58817602,,15,tw39185310,,15,,,,,
round_pairing,Round 6,1,3,289,tw57017359,,15,tw73106123,,15,,,,,
round_pairing,Round 6,1,3,367,tw73106123,,15,tw57017359,,15,,,,,
round_pairing,Round 6,1,4,317,tw63573774,,15,tw72829984,,15,,,,,
round_pairing,Round 6,1,4,365,tw72829984,,15,tw63573774,,15,,,,,
round_pairing,Round 6,1,5,400,tw79188375,,15,tw82981600,,15,,,,,
round_pairing,Round 6,1,5,416,tw82981600,,15,tw79188375,,15,,,,,
round_pairing,Round 6,1,6,264,tw51147332,,15,tw52194649,,15,,,,,
round_pairing,Round 6,1,6,268,tw52194649,,15,tw51147332,,15,,,,,
round_pairing,Round 6,1,7,338,tw67716132,,15,tw88506619,,15,,,,,
round_pairing,Round 6,1,7,501,tw88506619,,15,tw67716132,,15,,,,,
round_pairing,Round 6,1,8,177,tw33544977,,15,tw45713741,,15,,,,,
round_pairing,Round 6,1,8,235,tw45713741,,15,tw33544977,,15,,,,,
round_pairing,Round 6,1,9,30,tw05980017,,12,tw59914357,,12,,,,,
round_pairing,Round 6,1,9,300,tw59914357,,12,tw05980017,,12,,,,,
round_pairing,Round 6,1,10,267,tw52162016,,12,tw75380665,,12,,,,,
round_pairing,Round 6,1,10,379,tw75380665,,12,tw52162016,,12,,,,,
round_pairing,Round 6,1,11,285,tw56336073,,12,tw56468849,,12,,,,,
round_pairing,Round 6,1,11,287,tw56468849,,12,tw56336073,,12,,,,,
round_pairing,Round 6,1,12,288,tw56605426,,12,tw13120137,,12,,,,,
round_pairing,Round 6,1,12,63,tw13120137,,12,tw56605426,,12,,,,,
round_pairing,Round 6,1,13,282,tw55210501,,12,tw99926791,,12,,,,,
round_pairing,Round 6,1,13,499,tw99926791,,12,tw55210501,,12,,,,,
round_pairing,Round 6,1,14,162,tw31422118,,12,tw76086171,,12,,,,,
round_pairing,Round 6,1,14,384,tw76086171,,12,tw31422118,,12,,,,,
round_pairing,Round 6,1,15,492,tw99229780,,12,tw70378594,,12,,,,,
round_pairing,Round 6,1,15,517,tw70378594,,12,tw99229780,,12,,,,,
round_pairing,Round 6,1,16,463,tw93405316,,12,tw30011078,,12,,,,,
round_pairing,Round 6,1,16,528,tw30011078,,12,tw93405316,,12,,,,,
round_pairing,Round 6,1,17,278,tw54760232,,12,tw07460167,,12,,,,,
round_pairing,Round 6,1,17,38,tw07460167,,12,tw54760232,,12,,,,,
round_pairing,Round 6,1,18,127,tw24854365,,12,tw69628359,,12,,,,,
round_pairing,Round 6,1,18,351,tw69628359,,12,tw24854365,,12,,,,,
round_pairing,Round 6,1,19,115,tw21820105,,12,tw89609352,,12,,,,,
round_pairing,Round 6,1,19,538,tw89609352,,12,tw21820105,,12,,,,,
round_pairing,Round 6,1,20,417,tw83751916,,12,tw18276049,,12,,,,,
round_pairing,Round 6,1,20,96,tw18276049,,12,tw83751916,,12,,,,,
round_pairing,Round 6,1,21,155,tw29518941,,12,tw04237407,,12,,,,,
round_pairing,Round 6,1,21,19,tw04237407,,12,tw29518941,,12,,,,,
round_pairing,Round 6,1,22,121,tw23228412,,12,tw81121676,,12,,,,,
round_pairing,Round 6,1,22,408,tw81121676,,12,tw23228412,,12,,,,,
round_pairing,Round 6,1,23,21,tw04457744,,12,tw87970697,,12,,,,,
round_pairing,Round 6,1,23,509,tw87970697,,12,tw04457744,,12,,,,,
round_pairing,Round 6,1,24,186,tw35707148,,12,tw10410998,,12,,,,,
round_pairing,Round 6,1,24,52,tw10410998,,12,tw35707148,,12,,,,,
round_pairing,Round 6,1,25,205,tw39894258,,12,tw91797530,,12,,,,,
round_pairing,Round 6,1,25,452,tw91797530,,12,tw39894258,,12,,,,,
round_pairing,Round 6,2,26,195,tw37556303,,12,tw49759795,,12,,,,,
round_pairing,Round 6,2,26,259,tw49759795,,12,tw37556303,,12,,,,,
round_pairing,Round 6,2,27,462,tw93076075,,12,tw13229345,,12,,,,,
round_pairing,Round 6,2,27,65,tw13229345,,12,tw93076075,,12,,,,,
round_pairing,Round 6,2,28,237,tw45806310,,12,tw16645990,,12,,,,,
round_pairing,Round 6,2,28,90,tw16645990,,12,tw45806310,,12,,,,,
round_pairing,Round 6,2,29,498,tw99814098,,12,tw45178021,,12,,,,,
round_pairing,Round 6,2,29,535,tw45178021,,12,tw99814098,,12,,,,,
round_pairing,Round 6,2,30,102,tw18906406,,12,tw64656626,,12,,,,,
round_pairing,Round 6,2,30,322,tw64656626,,12,tw18906406,,12,,,,,
round_pairing,Round 6,2,31,209,tw41286139,,12,tw91997638,,12,,,,,
round_pairing,Round 6,2,31,455,tw91997638,,12,tw41286139,,12,,,,,
round_pairing,Round 6,2,32,257,tw49340794,,12,tw63343435,,12,,,,,
round_pairing,Round 6,2,32,314,tw63343435,,12,tw49340794,,12,,,,,
round_pairing,Round 6,2,33,306,tw60511158,,12,tw89297350,,12,,,,,
round_pairing,Round 6,2,33,439,tw89297350,,12,tw60511158,,12,,,,,
round_pairing,Round 6,2,34,280,tw55000893,,12,tw07410887,,12,,,,,
round_pairing,Round 6,2,34,37,tw07410887,,12,tw55000893,,12,,,,,
round_pairing,Round 6,2,35,329,tw66134077,,12,tw84991038,,12,,,,,
round_pairing,Round 6,2,35,423,tw84991038,,12,tw66134077,,12,,,,,
round_pairing,Round 6,2,36,101,tw18844404,,12,tw11292760,,12,,,,,
round_pairing,Round 6,2,36,54,tw11292760,,12,tw18844404,,12,,,,,
round_pairing,Round 6,2,37,231,tw44874553,,12,tw56012620,,12,,,,,
round_pairing,Round 6,2,37,284,tw56012620,,12,tw44874553,,12,,,,,
round_pairing,Round 6,2,38,226,tw44127879,,12,tw50567676,,12,,,,,
round_pairing,Round 6,2,38,262,tw50567676,,12,tw44127879,,12,,,,,
round_pairing,Round 6,2,39,153,tw29121960,,12,tw72244502,,12,,,,,
round_pairing,Round 6,2,39,362,tw72244502,,12,tw29121960,,12,,,,,
round_pairing,Round 6,2,40,104,tw19522331,,12,tw67604361,,12,,,,,
round_pairing,Round 6,2,40,337,tw67604361,,12,tw19522331,,12,,,,,
round_pairing,Round 6,2,41,298,tw59842400,,12,tw18468179,,12,,,,,
round_pairing,Round 6,2,41,97,tw18468179,,12,tw59842400,,12,,,,,
round_pairing,Round 6,2,42,28,tw05925639,,12,tw97857197,,12,,,,,
round_pairing,Round 6,2,42,483,tw97857197,,12,tw05925639,,12,,,,,
round_pairing,Round 6,2,43,118,tw22487155,,12,tw85823053,,12,,,,,
round_pairing,Round 6,2,43,428,tw85823053,,12,tw22487155,,12,,,,,
round_pairing,Round 6,2,44,14,tw03389371,,12,tw16152234,,12,,,,,
round_pairing,Round 6,2,44,85,tw16152234,,12,tw03389371,,12,,,,,
round_pairing,Round 6,2,45,156,tw29536370,,12,tw91555335,,12,,,,,
round_pairing,Round 6,2,45,450,tw91555335,,12,tw29536370,,12,,,,,
round_pairing,Round 6,2,46,279,tw54988993,,12,tw88559975,,12,,,,,
round_pairing,Round 6,2,46,518,tw88559975,,12,tw54988993,,12,,,,,
round_pairing,Round 6,2,47,460,tw93020902,,12,tw32830944,,12,,,,,
round_pairing,Round 6,2,47,512,tw32830944,,12,tw93020902,,12,,,,,
round_pairing,Round 6,2,48,222,tw43380150,,12,tw11739209,,12,,,,,
round_pairing,Round 6,2,48,58,tw11739209,,12,tw43380150,,12,,,,,
round_pairing,Round 6,2,49,124,tw23712439,,12,tw84665181,,9,,,,,
round_pairing,Round 6,2,49,421,tw84665181,,9,tw23712439,,12,,,,,
round_pairing,Round 6,2,50,398,tw78866457,,9,tw17203659,,9,,,,,
round_pairing,Round 6,2,50,92,tw17203659,,9,tw78866457,,9,,,,,
round_pairing,Round 6,3,51,100,tw18638755,,9,tw41563340,,9,,,,,
round_pairing,Round 6,3,51,212,tw41563340,,9,tw18638755,,9,,,,,
round_pairing,Round 6,3,52,36,tw07333117,,9,tw79411276,,9,,,,,
round_pairing,Round 6,3,52,402,tw79411276,,9,tw07333117,,9,,,,,
round_pairing,Round 6,3,53,263,tw50820470,,9,tw79723871,,9,,,,,
round_pairing,Round 6,3,53,404,tw79723871,,9,tw50820470,,9,,,,,
round_pairing,Round 6,3,54,148,tw28113144,,9,tw96947201,,9,,,,,
round_pairing,Round 6,3,54,477,tw96947201,,9,tw28113144,,9,,,,,
round_pairing,Round 6,3,55,431,tw86878630,,9,tw24177121,,9,,,,,
round_pairing,Round 6,3,55,524,tw24177121,,9,tw86878630,,9,,,,,
round_pairing,Round 6,3,56,442,tw89643656,,9,tw13454619,,9,,,,,
round_pairing,Round 6,3,56,67,tw13454619,,9,tw89643656,,9,,,,,
round_pairing,Round 6,3,57,346,tw68822994,,9,tw75774280,,9,,,,,
round_pairing,Round 6,3,57,383,tw75774280,,9,tw68822994,,9,,,,,
round_pairing,Round 6,3,58,31,tw06169660,,9,tw24111275,,9,,,,,
round_pairing,Round 6,3,58,511,tw24111275,,9,tw06169660,,9,,,,,
round_pairing,Round 6,3,59,325,tw65233698,,9,tw95656910,,9,,,,,
round_pairing,Round 6,3,59,472,tw95656910,,9,tw65233698,,9,,,,,
round_pairing,Round 6,3,60,233,tw45485735,,9,tw73917548,,9,,,,,
round_pairing,Round 6,3,60,370,tw73917548,,9,tw45485735,,9,,,,,
round_pairing,Round 6,3,61,255,tw49159270,,9,tw10467123,,9,,,,,
round_pairing,Round 6,3,61,53,tw10467123,,9,tw49159270,,9,,,,,
round_pairing,Round 6,3,62,291,tw57948434,,9,tw11612248,,9,,,,,
round_pairing,Round 6,3,62,56,tw11612248,,9,tw57948434,,9,,,,,
round_pairing,Round 6,3,63,361,tw72174151,,9,tw51489284,,9,,,,,
round_pairing,Round 6,3,63,542,tw51489284,,9,tw72174151,,9,,,,,
round_pairing,Round 6,3,64,188,tw36138720,,9,tw54347311,,9,,,,,
round_pairing,Round 6,3,64,275,tw54347311,,9,tw36138720,,9,,,,,
round_pairing,Round 6,3,65,315,tw63508480,,9,tw75037148,,9,,,,,
round_pairing,Round 6,3,65,377,tw75037148,,9,tw63508480,,9,,,,,
round_pairing,Round 6,3,66,456,tw92250919,,9,tw09881291,,9,,,,,
round_pairing,Round 6,3,66,50,tw09881291,,9,tw92250919,,9,,,,,
round_pairing,Round 6,3,67,296,tw59054436,,9,tw98129328,,9,,,,,
round_pairing,Round 6,3,67,486,tw98129328,,9,tw59054436,,9,,,,,
round_pairing,Round 6,3,68,359,tw71730704,,9,tw87316906,,9,,,,,
round_pairing,Round 6,3,68,433,tw87316906,,9,tw71730704,,9,,,,,
round_pairing,Round 6,3,69,10,tw02106832,,9,tw82560565,,9,,,,,
round_pairing,Round 6,3,69,414,tw82560565,,9,tw02106832,,9,,,,,
round_pairing,Round 6,3,70,112,tw21246264,,9,tw23764220,,9,,,,,
round_pairing,Round 6,3,70,125,tw23764220,,9,tw21246264,,9,,,,,
round_pairing,Round 6,3,71,419,tw84249252,,9,tw99213849,,9,,,,,
round_pairing,Round 6,3,71,491,tw99213849,,9,tw84249252,,9,,,,,
round_pairing,Round 6,3,72,216,tw42309306,,9,tw78657682,,9,,,,,
round_pairing,Round 6,3,72,397,tw78657682,,9,tw42309306,,9,,,,,
round_pairing,Round 6,3,73,299,tw59882595,,9,tw74945392,,9,,,,,
round_pairing,Round 6,3,73,376,tw74945392,,9,tw59882595,,9,,,,,
round_pairing,Round 6,3,74,333,tw66520026,,9,tw92496269,,9,,,,,
round_pairing,Round 6,3,74,457,tw92496269,,9,tw66520026,,9,,,,,
round_pairing,Round 6,3,75,191,tw36782228,,9,tw11978505,,9,,,,,
round_pairing,Round 6,3,75,60,tw11978505,,9,tw36782228,,9,,,,,
round_pairing,Round 6,4,76,470,tw95120042,,9,tw38086655,,9,,,,,
round_pairing,Round 6,4,76,537,tw38086655,,9,tw95120042,,9,,,,,
round_pairing,Round 6,4,77,508,tw44133543,,9,tw14152067,,9,,,,,
round_pairing,Round 6,4,77,74,tw14152067,,9,tw44133543,,9,,,,,
round_pairing,Round 6,4,78,167,tw32214798,,9,tw68151227,,9,,,,,
round_pairing,Round 6,4,78,343,tw68151227,,9,tw32214798,,9,,,,,
round_pairing,Round 6,4,79,261,tw50328610,,9,tw68209178,,9,,,,,
round_pairing,Round 6,4,79,344,tw68209178,,9,tw50328610,,9,,,,,
round_pairing,Round 6,4,80,27,tw05399034,,9,tw75712938,,9,,,,,
round_pairing,Round 6,4,80,381,tw75712938,,9,tw05399034,,9,,,,,
round_pairing,Round 6,4,81,449,tw90967766,,9,tw13786805,,9,,,,,
round_pairing,Round 6,4,81,69,tw13786805,,9,tw90967766,,9,,,,,
round_pairing,Round 6,4,82,451,tw91720502,,9,tw12035691,,9,,,,,
round_pairing,Round 6,4,82,61,tw12035691,,9,tw91720502,,9,,,,,
round_pairing,Round 6,4,83,533,tw19640601,,9,tw13174665,,9,,,,,
round_pairing,Round 6,4,83,64,tw13174665,,9,tw19640601,,9,,,,,
round_pairing,Round 6,4,84,3,tw00572856,,9,tw98649601,,9,,,,,
round_pairing,Round 6,4,84,487,tw98649601,,9,tw00572856,,9,,,,,
round_pairing,Round 6,4,85,179,tw33811608,,9,tw65483922,,9,,,,,
round_pairing,Round 6,4,85,327,tw65483922,,9,tw33811608,,9,,,,,
round_pairing,Round 6,4,86,122,tw23249034,,9,tw26528058,,9,,,,,
round_pairing,Round 6,4,86,136,tw26528058,,9,tw23249034,,9,,,,,
round_pairing,Round 6,4,87,253,tw48962901,,9,tw59471628,,9,,,,,
round_pairing,Round 6,4,87,297,tw59471628,,9,tw48962901,,9,,,,,
round_pairing,Round 6,4,88,172,tw33002183,,9,tw56970260,,9,,,,,
round_pairing,Round 6,4,88,540,tw56970260,,9,tw33002183,,9,,,,,
round_pairing,Round 6,4,89,394,tw77877383,,9,tw79476009,,9,,,,,
round_pairing,Round 6,4,89,403,tw79476009,,9,tw77877383,,9,,,,,
round_pairing,Round 6,4,90,228,tw44344603,,9,tw05197795,,9,,,,,
round_pairing,Round 6,4,90,24,tw05197795,,9,tw44344603,,9,,,,,
round_pairing,Round 6,4,91,368,tw73237577,,9,tw84828731,,9,,,,,
round_pairing,Round 6,4,91,422,tw84828731,,9,tw73237577,,9,,,,,
round_pairing,Round 6,4,92,254,tw49045992,,9,tw64220350,,9,,,,,
round_pairing,Round 6,4,92,321,tw64220350,,9,tw49045992,,9,,,,,
round_pairing,Round 6,4,93,242,tw46738666,,9,tw76407729,,9,,,,,
round_pairing,Round 6,4,93,388,tw76407729,,9,tw46738666,,9,,,,,
round_pairing,Round 6,4,94,178,tw33785925,,9,tw44206611,,9,,,,,
round_pairing,Round 6,4,94,227,tw44206611,,9,tw33785925,,9,,,,,
round_pairing,Round 6,4,95,57,tw11642031,,9,tw14120018,,9,,,,,
round_pairing,Round 6,4,95,73,tw14120018,,9,tw11642031,,9,,,,,
round_pairing,Round 6,4,96,302,tw60256639,,9,tw75551324,,9,,,,,
round_pairing,Round 6,4,96,380,tw75551324,,9,tw60256639,,9,,,,,
round_pairing,Round 6,4,97,152,tw29023076,,9,tw00787146,,9,,,,,
round_pairing,Round 6,4,97,5,tw00787146,,9,tw29023076,,9,,,,,
round_pairing,Round 6,4,98,174,tw33097520,,9,tw13997688,,9,,,,,
round_pairing,Round 6,4,98,72,tw13997688,,9,tw33097520,,9,,,,,
round_pairing,Round 6,4,99,476,tw96648029,,9,tw15946908,,9,,,,,
round_pairing,Round 6,4,99,83,tw15946908,,9,tw96648029,,9,,,,,
round_pairing,Round 6,4,100,260,tw50239297,,9,tw79280986,,9,,,,,
round_pairing,Round 6,4,100,401,tw79280986,,9,tw50239297,,9,,,,,
round_pairing,Round 6,5,101,341,tw67984683,,9,tw14942902,,9,,,,,
round_pairing,Round 6,5,101,77,tw14942902,,9,tw67984683,,9,,,,,
round_pairing,Round 6,5,102,239,tw46076033,,9,tw91823318,,9,,,,,
round_pairing,Round 6,5,102,454,tw91823318,,9,tw46076033,,9,,,,,
round_pairing,Round 6,5,103,142,tw27347873,,9,tw89047117,,9,,,,,
round_pairing,Round 6,5,103,438,tw89047117,,9,tw27347873,,9,,,,,
round_pairing,Round 6,5,104,479,tw97165922,,9,tw16963151,,9,,,,,
round_pairing,Round 6,5,104,91,tw16963151,,9,tw97165922,,9,,,,,
round_pairing,Round 6,5,105,203,tw39179779,,9,tw96093664,,9,,,,,
round_pairing,Round 6,5,105,474,tw96093664,,9,tw39179779,,9,,,,,
round_pairing,Round 6,5,106,123,tw23475905,,9,tw28179733,,9,,,,,
round_pairing,Round 6,5,106,149,tw28179733,,9,tw23475905,,9,,,,,
round_pairing,Round 6,5,107,145,tw27568465,,9,tw41398048,,9,,,,,
round_pairing,Round 6,5,107,210,tw41398048,,9,tw27568465,,9,,,,,
round_pairing,Round 6,5,108,493,tw99241716,,9,tw18480972,,9,,,,,
round_pairing,Round 6,5,108,98,tw18480972,,9,tw99241716,,9,,,,,
round_pairing,Round 6,5,109,164,tw32020032,,9,tw04564553,,9,,,,,
round_pairing,Round 6,5,109,22,tw04564553,,9,tw32020032,,9,,,,,
round_pairing,Round 6,5,110,372,tw74343825,,9,tw80138989,,9,,,,,
round_pairing,Round 6,5,110,406,tw80138989,,9,tw74343825,,9,,,,,
round_pairing,Round 6,5,111,11,tw02559687,,9,tw69425578,,9,,,,,
round_pairing,Round 6,5,111,350,tw69425578,,9,tw02559687,,9,,,,,
round_pairing,Round 6,5,112,405,tw79834153,,9,tw15849812,,9,,,,,
round_pairing,Round 6,5,112,82,tw15849812,,9,tw79834153,,9,,,,,
round_pairing,Round 6,5,113,34,tw06996284,,9,tw95954871,,9,,,,,
round_pairing,Round 6,5,113,473,tw95954871,,9,tw06996284,,9,,,,,
round_pairing,Round 6,5,114,375,tw74568091,,9,tw65994043,,9,,,,,
round_pairing,Round 6,5,114,520,tw65994043,,9,tw74568091,,9,,,,,
round_pairing,Round 6,5,115,229,tw44380087,,9,tw68088789,,9,,,,,
round_pairing,Round 6,5,115,342,tw68088789,,9,tw44380087,,9,,,,,
round_pairing,Round 6,5,116,345,tw68763677,,9,tw13830995,,9,,,,,
round_pairing,Round 6,5,116,70,tw13830995,,9,tw68763677,,9,,,,,
round_pairing,Round 6,5,117,464,tw93739401,,9,tw09638604,,9,,,,,
round_pairing,Round 6,5,117,48,tw09638604,,9,tw93739401,,9,,,,,
round_pairing,Round 6,5,118,323,tw64793736,,9,tw97351630,,9,,,,,
round_pairing,Round 6,5,118,480,tw97351630,,9,tw64793736,,9,,,,,
round_pairing,Round 6,5,119,256,tw49160488,,9,tw76994845,,9,,,,,
round_pairing,Round 6,5,119,390,tw76994845,,9,tw49160488,,9,,,,,
round_pairing,Round 6,5,120,147,tw28101734,,9,tw02105248,,9,,,,,
round_pairing,Round 6,5,120,9,tw02105248,,9,tw28101734,,9,,,,,
round_pairing,Round 6,5,121,243,tw46795660,,9,tw62315993,,9,,,,,
round_pairing,Round 6,5,121,311,tw62315993,,9,tw46795660,,9,,,,,
round_pairing,Round 6,5,122,286,tw56416986,,9,tw15533641,,9,,,,,
round_pairing,Round 6,5,122,80,tw15533641,,9,tw56416986,,9,,,,,
round_pairing,Round 6,5,123,371,tw73975912,,9,tw76258268,,9,,,,,
round_pairing,Round 6,5,123,386,tw76258268,,9,tw73975912,,9,,,,,
round_pairing,Round 6,5,124,471,tw95570205,,9,tw16526802,,9,,,,,
round_pairing,Round 6,5,124,87,tw16526802,,9,tw95570205,,9,,,,,
round_pairing,Round 6,5,125,339,tw67759215,,9,tw07020662,,9,,,,,
round_pairing,Round 6,5,125,35,tw07020662,,9,tw67759215,,9,,,,,
round_pairing,Round 6,6,126,200,tw38671111,,9,tw65753780,,9,,,,,
round_pairing,Round 6,6,126,328,tw65753780,,9,tw38671111,,9,,,,,
round_pairing,Round 6,6,127,137,tw26567324,,9,tw84048586,,9,,,,,
round_pairing,Round 6,6,127,418,tw84048586,,9,tw26567324,,9,,,,,
round_pairing,Round 6,6,128,126,tw24144676,,9,tw36759052,,9,,,,,
round_pairing,Round 6,6,128,190,tw36759052,,9,tw24144676,,9,,,,,
round_pairing,Round 6,6,129,399,tw79180495,,9,tw15712728,,9,,,,,
round_pairing,Round 6,6,129,81,tw15712728,,9,tw79180495,,9,,,,,
round_pairing,Round 6,6,130,304,tw60311204,,9,tw66459371,,9,,,,,
round_pairing,Round 6,6,130,332,tw66459371,,9,tw60311204,,9,,,,,
round_pairing,Round 6,6,131,313,tw63238788,,6,tw73048413,,6,,,,,
round_pairing,Round 6,6,131,366,tw73048413,,6,tw63238788,,6,,,,,
round_pairing,Round 6,6,132,146,tw27632184,,6,tw00918141,,6,,,,,
round_pairing,Round 6,6,132,6,tw00918141,,6,tw27632184,,6,,,,,
round_pairing,Round 6,6,133,128,tw24928885,,6,tw38784734,,6,,,,,
round_pairing,Round 6,6,133,201,tw38784734,,6,tw24928885,,6,,,,,
round_pairing,Round 6,6,134,468,tw94737903,,6,tw90806836,,6,,,,,
round_pairing,Round 6,6,134,534,tw90806836,,6,tw94737903,,6,,,,,
round_pairing,Round 6,6,135,309,tw61583819,,6,tw89811739,,6,,,,,
round_pairing,Round 6,6,135,443,tw89811739,,6,tw61583819,,6,,,,,
round_pairing,Round 6,6,136,168,tw32240000,,6,tw85568194,,6,,,,,
round_pairing,Round 6,6,136,427,tw85568194,,6,tw32240000,,6,,,,,
round_pairing,Round 6,6,137,316,tw63518115,,6,tw85855405,,6,,,,,
round_pairing,Round 6,6,137,429,tw85855405,,6,tw63518115,,6,,,,,
round_pairing,Round 6,6,138,411,tw81599190,,6,tw97138451,,6,,,,,
round_pairing,Round 6,6,138,478,tw97138451,,6,tw81599190,,6,,,,,
round_pairing,Round 6,6,139,109,tw20800375,,6,tw72776789,,6,,,,,
round_pairing,Round 6,6,139,364,tw72776789,,6,tw20800375,,6,,,,,
round_pairing,Round 6,6,140,301,tw60169670,,6,tw88633827,,6,,,,,
round_pairing,Round 6,6,140,437,tw88633827,,6,tw60169670,,6,,,,,
round_pairing,Round 6,6,141,432,tw87015354,,6,tw90601321,,6,,,,,
round_pairing,Round 6,6,141,447,tw90601321,,6,tw87015354,,6,,,,,
round_pairing,Round 6,6,142,12,tw02856732,,6,tw14487551,,6,,,,,
round_pairing,Round 6,6,142,75,tw14487551,,6,tw02856732,,6,,,,,
round_pairing,Round 6,6,143,110,tw21064937,,6,tw64203769,,6,,,,,
round_pairing,Round 6,6,143,320,tw64203769,,6,tw21064937,,6,,,,,
round_pairing,Round 6,6,144,290,tw57615176,,6,tw08856107,,6,,,,,
round_pairing,Round 6,6,144,42,tw08856107,,6,tw57615176,,6,,,,,
round_pairing,Round 6,6,145,283,tw55332465,,6,tw99256533,,6,,,,,
round_pairing,Round 6,6,145,494,tw99256533,,6,tw55332465,,6,,,,,
round_pairing,Round 6,6,146,107,tw20156409,,6,tw04057117,,6,,,,,
round_pairing,Round 6,6,146,17,tw04057117,,6,tw20156409,,6,,,,,
round_pairing,Round 6,6,147,199,tw38482720,,6,tw97931731,,6,,,,,
round_pairing,Round 6,6,147,485,tw97931731,,6,tw38482720,,6,,,,,
round_pairing,Round 6,6,148,103,tw19377792,,6,tw26839664,,6,,,,,
round_pairing,Round 6,6,148,139,tw26839664,,6,tw19377792,,6,,,,,
round_pairing,Round 6,6,149,165,tw32141014,,6,tw77123317,,6,,,,,
round_pairing,Round 6,6,149,391,tw77123317,,6,tw32141014,,6,,,,,
round_pairing,Round 6,6,150,161,tw31401549,,6,tw82119121,,6,,,,,
round_pairing,Round 6,6,150,413,tw82119121,,6,tw31401549,,6,,,,,
round_pairing,Round 6,7,151,269,tw52488439,,6,tw53028908,,6,,,,,
round_pairing,Round 6,7,151,272,tw53028908,,6,tw52488439,,6,,,,,
round_pairing,Round 6,7,152,4,tw00587002,,6,tw90337288,,6,,,,,
round_pairing,Round 6,7,152,445,tw90337288,,6,tw00587002,,6,,,,,
round_pairing,Round 6,7,153,170,tw32709946,,6,tw36173804,,6,,,,,
round_pairing,Round 6,7,153,189,tw36173804,,6,tw32709946,,6,,,,,
round_pairing,Round 6,7,154,134,tw25974925,,6,tw41429367,,6,,,,,
round_pairing,Round 6,7,154,211,tw41429367,,6,tw25974925,,6,,,,,
round_pairing,Round 6,7,155,271,tw52806758,,6,tw09503218,,6,,,,,
round_pairing,Round 6,7,155,46,tw09503218,,6,tw52806758,,6,,,,,
round_pairing,Round 6,7,156,240,tw46423373,,6,tw05346170,,6,,,,,
round_pairing,Round 6,7,156,25,tw05346170,,6,tw46423373,,6,,,,,
round_pairing,Round 6,7,157,207,tw40595661,,6,tw98988500,,6,,,,,
round_pairing,Round 6,7,157,489,tw98988500,,6,tw40595661,,6,,,,,
round_pairing,Round 6,7,158,396,tw78539182,,6,tw09490592,,6,,,,,
round_pairing,Round 6,7,158,45,tw09490592,,6,tw78539182,,6,,,,,
round_pairing,Round 6,7,159,108,tw20730540,,6,tw13779097,,6,,,,,
round_pairing,Round 6,7,159,68,tw13779097,,6,tw20730540,,6,,,,,
round_pairing,Round 6,7,160,273,tw53540804,,6,tw63735317,,6,,,,,
round_pairing,Round 6,7,160,318,tw63735317,,6,tw53540804,,6,,,,,
round_pairing,Round 6,7,161,15,tw03463518,,6,tw46030050,,6,,,,,
round_pairing,Round 6,7,161,238,tw46030050,,6,tw03463518,,6,,,,,
round_pairing,Round 6,7,162,246,tw47551870,,6,tw66907796,,6,,,,,
round_pairing,Round 6,7,162,335,tw66907796,,6,tw47551870,,6,,,,,
round_pairing,Round 6,7,163,208,tw41073870,,6,tw79100139,,6,,,,,
round_pairing,Round 6,7,163,529,tw79100139,,6,tw41073870,,6,,,,,
round_pairing,Round 6,7,164,158,tw30043028,,6,tw32902575,,6,,,,,
round_pairing,Round 6,7,164,171,tw32902575,,6,tw30043028,,6,,,,,
round_pairing,Round 6,7,165,114,tw21654272,,6,tw33884578,,6,,,,,
round_pairing,Round 6,7,165,181,tw33884578,,6,tw21654272,,6,,,,,
round_pairing,Round 6,7,166,138,tw26670105,,6,tw63898784,,6,,,,,
round_pairing,Round 6,7,166,319,tw63898784,,6,tw26670105,,6,,,,,
round_pairing,Round 6,7,167,295,tw58984162,,6,tw88209015,,6,,,,,
round_pairing,Round 6,7,167,435,tw88209015,,6,tw58984162,,6,,,,,
round_pairing,Round 6,7,168,436,tw88607252,,6,tw52974697,,6,,,,,
round_pairing,Round 6,7,168,527,tw52974697,,6,tw88607252,,6,,,,,
round_pairing,Round 6,7,169,157,tw29731640,,6,tw93062100,,6,,,,,
round_pairing,Round 6,7,169,461,tw93062100,,6,tw29731640,,6,,,,,
round_pairing,Round 6,7,170,32,tw06400208,,6,tw32980664,,6,,,,,
round_pairing,Round 6,7,170,506,tw32980664,,6,tw06400208,,6,,,,,
round_pairing,Round 6,7,171,249,tw48178410,,6,tw09472918,,6,,,,,
round_pairing,Round 6,7,171,44,tw09472918,,6,tw48178410,,6,,,,,
round_pairing,Round 6,7,172,150,tw28187058,,6,tw65235703,,6,,,,,
round_pairing,Round 6,7,172,326,tw65235703,,6,tw28187058,,6,,,,,
round_pairing,Round 6,7,173,26,tw05373669,,6,tw61279434,,6,,,,,
round_pairing,Round 6,7,173,308,tw61279434,,6,tw05373669,,6,,,,,
round_pairing,Round 6,7,174,444,tw90018469,,6,tw14788730,,6,,,,,
round_pairing,Round 6,7,174,76,tw14788730,,6,tw90018469,,6,,,,,
round_pairing,Round 6,7,175,467,tw94173678,,6,tw17505073,,6,,,,,
round_pairing,Round 6,7,175,93,tw17505073,,6,tw94173678,,6,,,,,
round_pairing,Round 6,8,176,197,tw37870020,,6,tw82946495,,6,,,,,
round_pairing,Round 6,8,176,415,tw82946495,,6,tw37870020,,6,,,,,
round_pairing,Round 6,8,177,154,tw29404493,,6,tw32452069,,6,,,,,
round_pairing,Round 6,8,177,169,tw32452069,,6,tw29404493,,6,,,,,
round_pairing,Round 6,8,178,13,tw03063725,,6,tw73911906,,6,,,,,
round_pairing,Round 6,8,178,369,tw73911906,,6,tw03063725,,6,,,,,
round_pairing,Round 6,8,179,250,tw48596346,,6,tw19127861,,6,,,,,
round_pairing,Round 6,8,179,531,tw19127861,,6,tw48596346,,6,,,,,
round_pairing,Round 6,8,180,409,tw81218142,,6,tw03132048,,6,,,,,
round_pairing,Round 6,8,180,516,tw03132048,,6,tw81218142,,6,,,,,
round_pairing,Round 6,8,181,1,tw00114747,,6,tw16728082,,6,,,,,
round_pairing,Round 6,8,181,526,tw16728082,,6,tw00114747,,6,,,,,
round_pairing,Round 6,8,182,120,tw23209128,,6,tw53806573,,6,,,,,
round_pairing,Round 6,8,182,503,tw53806573,,6,tw23209128,,6,,,,,
round_pairing,Round 6,8,183,8,tw01478107,,6,tw16569141,,6,,,,,
round_pairing,Round 6,8,183,88,tw16569141,,6,tw01478107,,6,,,,,
round_pairing,Round 6,8,184,252,tw48949077,,6,tw08560123,,6,,,,,
round_pairing,Round 6,8,184,40,tw08560123,,6,tw48949077,,6,,,,,
round_pairing,Round 6,8,185,497,tw99732460,,6,tw59548820,,6,,,,,
round_pairing,Round 6,8,185,543,tw59548820,,6,tw99732460,,6,,,,,
round_pairing,Round 6,8,186,214,tw41805810,,6,tw78077476,,6,,,,,
round_pairing,Round 6,8,186,395,tw78077476,,6,tw41805810,,6,,,,,
round_pairing,Round 6,8,187,218,tw42563834,,6,tw05932500,,6,,,,,
round_pairing,Round 6,8,187,29,tw05932500,,6,tw42563834,,6,,,,,
round_pairing,Round 6,8,188,2,tw00531440,,6,tw45233917,,6,,,,,
round_pairing,Round 6,8,188,232,tw45233917,,6,tw00531440,,6,,,,,
round_pairing,Round 6,8,189,541,tw97037062,,6,tw11570874,,6,,,,,
round_pairing,Round 6,8,189,55,tw11570874,,6,tw97037062,,6,,,,,
round_pairing,Round 6,8,190,16,tw03478711,,6,tw69804633,,6,,,,,
round_pairing,Round 6,8,190,352,tw69804633,,6,tw03478711,,6,,,,,
round_pairing,Round 6,8,191,223,tw43633449,,6,tw62020476,,6,,,,,
round_pairing,Round 6,8,191,310,tw62020476,,6,tw43633449,,6,,,,,
round_pairing,Round 6,8,192,198,tw37918429,,6,tw45725328,,6,,,,,
round_pairing,Round 6,8,192,236,tw45725328,,6,tw37918429,,6,,,,,
round_pairing,Round 6,8,193,20,tw04255506,,6,tw13965222,,6,,,,,
round_pairing,Round 6,8,193,71,tw13965222,,6,tw04255506,,6,,,,,
round_pairing,Round 6,8,194,220,tw43007249,,6,tw72630270,,6,,,,,
round_pairing,Round 6,8,194,363,tw72630270,,6,tw43007249,,6,,,,,
round_pairing,Round 6,8,195,116,tw22007891,,6,tw42126524,,6,,,,,
round_pairing,Round 6,8,195,215,tw42126524,,6,tw22007891,,6,,,,,
round_pairing,Round 6,8,196,348,tw69372013,,6,tw07237919,,6,,,,,
round_pairing,Round 6,8,196,510,tw07237919,,6,tw69372013,,6,,,,,
round_pairing,Round 6,8,197,192,tw36824056,,3,tw85470107,,6,,,,,
round_pairing,Round 6,8,197,425,tw85470107,,6,tw36824056,,3,,,,,
round_pairing,Round 6,8,198,117,tw22462226,,3,tw76529055,,3,,,,,
round_pairing,Round 6,8,198,389,tw76529055,,3,tw22462226,,3,,,,,
round_pairing,Round 6,8,199,206,tw40377456,,3,tw52663760,,3,,,,,
round_pairing,Round 6,8,199,270,tw52663760,,3,tw40377456,,3,,,,,
round_pairing,Round 6,8,200,307,tw60751700,,3,tw99373374,,3,,,,,
round_pairing,Round 6,8,200,495,tw99373374,,3,tw60751700,,3,,,,,
round_pairing,Round 6,9,201,184,tw35246471,,3,tw99714386,,3,,,,,
round_pairing,Round 6,9,201,496,tw99714386,,3,tw35246471,,3,,,,,
round_pairing,Round 6,9,202,217,tw42455002,,3,tw04215857,,3,,,,,
round_pairing,Round 6,9,202,513,tw04215857,,3,tw42455002,,3,,,,,
round_pairing,Round 6,9,203,160,tw30379002,,3,tw49388371,,3,,,,,
round_pairing,Round 6,9,203,258,tw49388371,,3,tw30379002,,3,,,,,
round_pairing,Round 6,9,204,225,tw43768909,,3,tw80392170,,3,,,,,
round_pairing,Round 6,9,204,407,tw80392170,,3,tw43768909,,3,,,,,
round_pairing,Round 6,9,205,234,tw45498080,,3,tw96137948,,3,,,,,
round_pairing,Round 6,9,205,475,tw96137948,,3,tw45498080,,3,,,,,
round_pairing,Round 6,9,206,382,tw75755528,,3,tw76132946,,3,,,,,
round_pairing,Round 6,9,206,385,tw76132946,,3,tw75755528,,3,,,,,
round_pairing,Round 6,9,207,374,tw74542521,,3,tw99958274,,3,,,,,
round_pairing,Round 6,9,207,500,tw99958274,,3,tw74542521,,3,,,,,
round_pairing,Round 6,9,208,324,tw65156718,,3,tw95045687,,3,,,,,
round_pairing,Round 6,9,208,469,tw95045687,,3,tw65156718,,3,,,,,
round_pairing,Round 6,9,209,163,tw31738493,,3,tw90875911,,3,,,,,
round_pairing,Round 6,9,209,448,tw90875911,,3,tw31738493,,3,,,,,
round_pairing,Round 6,9,210,166,tw32167594,,3,tw48793078,,3,,,,,
round_pairing,Round 6,9,210,251,tw48793078,,3,tw32167594,,3,,,,,
round_pairing,Round 6,9,211,360,tw71976921,,3,tw81191547,,3,,,,,
round_pairing,Round 6,9,211,539,tw81191547,,3,tw71976921,,3,,,,,
round_pairing,Round 6,9,212,18,tw04061481,,3,tw97807535,,3,,,,,
round_pairing,Round 6,9,212,482,tw97807535,,3,tw04061481,,3,,,,,
round_pairing,Round 6,9,213,49,tw09710972,,3,tw92252047,,3,,,,,
round_pairing,Round 6,9,213,519,tw92252047,,3,tw09710972,,3,,,,,
round_pairing,Round 6,9,214,39,tw07927124,,3,tw17748447,,3,,,,,
round_pairing,Round 6,9,214,94,tw17748447,,3,tw07927124,,3,,,,,
round_pairing,Round 6,9,215,193,tw37257975,,3,tw47033046,,3,,,,,
round_pairing,Round 6,9,215,245,tw47033046,,3,tw37257975,,3,,,,,
round_pairing,Round 6,9,216,490,tw99072428,,3,tw58380842,,3,,,,,
round_pairing,Round 6,9,216,522,tw58380842,,3,tw99072428,,3,,,,,
round_pairing,Round 6,9,217,23,tw04566463,,3,tw51465600,,3,,,,,
round_pairing,Round 6,9,217,265,tw51465600,,3,tw04566463,,3,,,,,
round_pairing,Round 6,9,218,132,tw25634182,,3,tw47949585,,3,,,,,
round_pairing,Round 6,9,218,248,tw47949585,,3,tw25634182,,3,,,,,
round_pairing,Round 6,9,219,129,tw25188472,,3,tw26851444,,3,,,,,
round_pairing,Round 6,9,219,140,tw26851444,,3,tw25188472,,3,,,,,
round_pairing,Round 6,9,220,281,tw55069236,,3,tw88117485,,3,,,,,
round_pairing,Round 6,9,220,434,tw88117485,,3,tw55069236,,3,,,,,
round_pairing,Round 6,9,221,312,tw62977877,,3,tw85563070,,3,,,,,
round_pairing,Round 6,9,221,426,tw85563070,,3,tw62977877,,3,,,,,
round_pairing,Round 6,9,222,357,tw70897596,,0,tw33742727,,3,,,,,
round_pairing,Round 6,9,222,507,tw33742727,,3,tw70897596,,0,,,,,
round_pairing,Round 6,9,223,180,tw33820039,,0,tw70061764,,0,,,,,
round_pairing,Round 6,9,223,354,tw70061764,,0,tw33820039,,0,,,,,
round_pairing,Round 6,9,224,135,tw26095879,,0,tw33446875,,0,,,,,
round_pairing,Round 6,9,224,176,tw33446875,,0,tw26095879,,0,,,,,
round_pairing,Round 7,1,1,501,tw88506619,,18,tw12769027,,18,,,,,
round_pairing,Round 7,1,1,532,tw12769027,,18,tw88506619,,18,,,,,
round_pairing,Round 7,1,2,289,tw57017359,,18,tw58817602,,18,,,,,
round_pairing,Round 7,1,2,294,tw58817602,,18,tw57017359,,18,,,,,
round_pairing,Round 7,1,3,177,tw33544977,,18,tw72829984,,18,,,,,
round_pairing,Round 7,1,3,365,tw72829984,,18,tw33544977,,18,,,,,
round_pairing,Round 7,1,4,268,tw52194649,,18,tw79188375,,18,,,,,
round_pairing,Round 7,1,4,400,tw79188375,,18,tw52194649,,18,,,,,
round_pairing,Round 7,1,5,124,tw23712439,,15,tw59914357,,15,,,,,
round_pairing,Round 7,1,5,300,tw59914357,,15,tw23712439,,15,,,,,
round_pairing,Round 7,1,6,209,tw41286139,,15,tw83751916,,15,,,,,
round_pairing,Round 7,1,6,417,tw83751916,,15,tw41286139,,15,,,,,
round_pairing,Round 7,1,7,306,tw60511158,,15,tw93405316,,15,,,,,
round_pairing,Round 7,1,7,463,tw93405316,,15,tw60511158,,15,,,,,
round_pairing,Round 7,1,8,104,tw19522331,,15,tw56605426,,15,,,,,
round_pairing,Round 7,1,8,288,tw56605426,,15,tw19522331,,15,,,,,
round_pairing,Round 7,1,9,205,tw39894258,,15,tw63573774,,15,,,,,
round_pairing,Round 7,1,9,317,tw63573774,,15,tw39894258,,15,,,,,
round_pairing,Round 7,1,10,155,tw29518941,,15,tw56336073,,15,,,,,
round_pairing,Round 7,1,10,285,tw56336073,,15,tw29518941,,15,,,,,
round_pairing,Round 7,1,11,262,tw50567676,,15,tw05925639,,15,,,,,
round_pairing,Round 7,1,11,28,tw05925639,,15,tw50567676,,15,,,,,
round_pairing,Round 7,1,12,280,tw55000893,,15,tw66134077,,15,,,,,
round_pairing,Round 7,1,12,329,tw66134077,,15,tw55000893,,15,,,,,
round_pairing,Round 7,1,13,235,tw45713741,,15,tw64656626,,15,,,,,
round_pairing,Round 7,1,13,322,tw64656626,,15,tw45713741,,15,,,,,
round_pairing,Round 7,1,14,21,tw04457744,,15,tw56012620,,15,,,,,
round_pairing,Round 7,1,14,284,tw56012620,,15,tw04457744,,15,,,,,
round_pairing,Round 7,1,15,259,tw49759795,,15,tw32830944,,15,,,,,
round_pairing,Round 7,1,15,512,tw32830944,,15,tw49759795,,15,,,,,
round_pairing,Round 7,1,16,204,tw39185310,,15,tw82981600,,15,,,,,
round_pairing,Round 7,1,16,416,tw82981600,,15,tw39185310,,15,,,,,
round_pairing,Round 7,1,17,351,tw69628359,,15,tw16645990,,15,,,,,
round_pairing,Round 7,1,17,90,tw16645990,,15,tw69628359,,15,,,,,
round_pairing,Round 7,1,18,38,tw07460167,,15,tw11739209,,15,,,,,
round_pairing,Round 7,1,18,58,tw11739209,,15,tw07460167,,15,,,,,
round_pairing,Round 7,1,19,115,tw21820105,,15,tw03389371,,15,,,,,
round_pairing,Round 7,1,19,14,tw03389371,,15,tw21820105,,15,,,,,
round_pairing,Round 7,1,20,367,tw73106123,,15,tw75380665,,15,,,,,
round_pairing,Round 7,1,20,379,tw75380665,,15,tw73106123,,15,,,,,
round_pairing,Round 7,1,21,156,tw29536370,,15,tw51147332,,15,,,,,
round_pairing,Round 7,1,21,264,tw51147332,,15,tw29536370,,15,,,,,
round_pairing,Round 7,1,22,338,tw67716132,,15,tw11292760,,15,,,,,
round_pairing,Round 7,1,22,54,tw11292760,,15,tw67716132,,15,,,,,
round_pairing,Round 7,1,23,119,tw22529091,,15,tw59842400,,15,,,,,
round_pairing,Round 7,1,23,298,tw59842400,,15,tw22529091,,15,,,,,
round_pairing,Round 7,1,24,282,tw55210501,,15,tw72244502,,15,,,,,
round_pairing,Round 7,1,24,362,tw72244502,,15,tw55210501,,15,,,,,
round_pairing,Round 7,1,25,257,tw49340794,,15,tw99229780,,15,,,,,
round_pairing,Round 7,1,25,492,tw99229780,,15,tw49340794,,15,,,,,
round_pairing,Round 7,2,26,428,tw85823053,,15,tw45178021,,15,,,,,
round_pairing,Round 7,2,26,535,tw45178021,,15,tw85823053,,15,,,,,
round_pairing,Round 7,2,27,408,tw81121676,,15,tw93076075,,15,,,,,
round_pairing,Round 7,2,27,462,tw93076075,,15,tw81121676,,15,,,,,
round_pairing,Round 7,2,28,279,tw54988993,,15,tw10410998,,15,,,,,
round_pairing,Round 7,2,28,52,tw10410998,,15,tw54988993,,15,,,,,
round_pairing,Round 7,2,29,30,tw05980017,,12,tw76086171,,15,,,,,
round_pairing,Round 7,2,29,384,tw76086171,,15,tw05980017,,12,,,,,
round_pairing,Round 7,2,30,125,tw23764220,,12,tw18468179,,12,,,,,
round_pairing,Round 7,2,30,97,tw18468179,,12,tw23764220,,12,,,,,
round_pairing,Round 7,2,31,287,tw56468849,,12,tw91823318,,12,,,,,
round_pairing,Round 7,2,31,454,tw91823318,,12,tw56468849,,12,,,,,
round_pairing,Round 7,2,32,101,tw18844404,,12,tw22487155,,12,,,,,
round_pairing,Round 7,2,32,118,tw22487155,,12,tw18844404,,12,,,,,
round_pairing,Round 7,2,33,102,tw18906406,,12,tw44344603,,12,,,,,
round_pairing,Round 7,2,33,228,tw44344603,,12,tw18906406,,12,,,,,
round_pairing,Round 7,2,34,87,tw16526802,,12,tw16963151,,12,,,,,
round_pairing,Round 7,2,34,91,tw16963151,,12,tw16526802,,12,,,,,
round_pairing,Round 7,2,35,375,tw74568091,,12,tw79280986,,12,,,,,
round_pairing,Round 7,2,35,401,tw79280986,,12,tw74568091,,12,,,,,
round_pairing,Round 7,2,36,37,tw07410887,,12,tw12035691,,12,,,,,
round_pairing,Round 7,2,36,61,tw12035691,,12,tw07410887,,12,,,,,
round_pairing,Round 7,2,37,460,tw93020902,,12,tw11642031,,12,,,,,
round_pairing,Round 7,2,37,57,tw11642031,,12,tw93020902,,12,,,,,
round_pairing,Round 7,2,38,452,tw91797530,,12,tw91997638,,12,,,,,
round_pairing,Round 7,2,38,455,tw91997638,,12,tw91797530,,12,,,,,
round_pairing,Round 7,2,39,27,tw05399034,,12,tw24177121,,12,,,,,
round_pairing,Round 7,2,39,524,tw24177121,,12,tw05399034,,12,,,,,
round_pairing,Round 7,2,40,321,tw64220350,,12,tw78657682,,12,,,,,
round_pairing,Round 7,2,40,397,tw78657682,,12,tw64220350,,12,,,,,
round_pairing,Round 7,2,41,190,tw36759052,,12,tw96093664,,12,,,,,
round_pairing,Round 7,2,41,474,tw96093664,,12,tw36759052,,12,,,,,
round_pairing,Round 7,2,42,191,tw36782228,,12,tw45806310,,12,,,,,
round_pairing,Round 7,2,42,237,tw45806310,,12,tw36782228,,12,,,,,
round_pairing,Round 7,2,43,398,tw78866457,,12,tw99814098,,12,,,,,
round_pairing,Round 7,2,43,498,tw99814098,,12,tw78866457,,12,,,,,
round_pairing,Round 7,2,44,278,tw54760232,,12,tw79411276,,12,,,,,
round_pairing,Round 7,2,44,402,tw79411276,,12,tw54760232,,12,,,,,
round_pairing,Round 7,2,45,456,tw92250919,,12,tw13454619,,12,,,,,
round_pairing,Round 7,2,45,67,tw13454619,,12,tw92250919,,12,,,,,
round_pairing,Round 7,2,46,476,tw96648029,,12,tw14942902,,12,,,,,
round_pairing,Round 7,2,46,77,tw14942902,,12,tw96648029,,12,,,,,
round_pairing,Round 7,2,47,136,tw26528058,,12,tw99926791,,12,,,,,
round_pairing,Round 7,2,47,499,tw99926791,,12,tw26528058,,12,,,,,
round_pairing,Round 7,2,48,253,tw48962901,,12,tw95120042,,12,,,,,
round_pairing,Round 7,2,48,470,tw95120042,,12,tw48962901,,12,,,,,
round_pairing,Round 7,2,49,167,tw32214798,,12,tw59882595,,12,,,,,
round_pairing,Round 7,2,49,299,tw59882595,,12,tw32214798,,12,,,,,
round_pairing,Round 7,2,50,127,tw24854365,,12,tw65483922,,12,,,,,
round_pairing,Round 7,2,50,327,tw65483922,,12,tw24854365,,12,,,,,
round_pairing,Round 7,3,51,149,tw28179733,,12,tw50328610,,12,,,,,
round_pairing,Round 7,3,51,261,tw50328610,,12,tw28179733,,12,,,,,
round_pairing,Round 7,3,52,162,tw31422118,,12,tw24111275,,12,,,,,
round_pairing,Round 7,3,52,511,tw24111275,,12,tw31422118,,12,,,,,
round_pairing,Round 7,3,53,222,tw43380150,,12,tw87970697,,12,,,,,
round_pairing,Round 7,3,53,509,tw87970697,,12,tw43380150,,12,,,,,
round_pairing,Round 7,3,54,153,tw29121960,,12,tw68088789,,12,,,,,
round_pairing,Round 7,3,54,342,tw68088789,,12,tw29121960,,12,,,,,
round_pairing,Round 7,3,55,345,tw68763677,,12,tw91555335,,12,,,,,
round_pairing,Round 7,3,55,450,tw91555335,,12,tw68763677,,12,,,,,
round_pairing,Round 7,3,56,487,tw98649601,,12,tw89609352,,12,,,,,
round_pairing,Round 7,3,56,538,tw89609352,,12,tw98649601,,12,,,,,
round_pairing,Round 7,3,57,231,tw44874553,,12,tw16152234,,12,,,,,
round_pairing,Round 7,3,57,85,tw16152234,,12,tw44874553,,12,,,,,
round_pairing,Round 7,3,58,368,tw73237577,,12,tw02105248,,12,,,,,
round_pairing,Round 7,3,58,9,tw02105248,,12,tw73237577,,12,,,,,
round_pairing,Round 7,3,59,121,tw23228412,,12,tw76994845,,12,,,,,
round_pairing,Round 7,3,59,390,tw76994845,,12,tw23228412,,12,,,,,
round_pairing,Round 7,3,60,148,tw28113144,,12,tw99241716,,12,,,,,
round_pairing,Round 7,3,60,493,tw99241716,,12,tw28113144,,12,,,,,
round_pairing,Round 7,3,61,339,tw67759215,,12,tw74343825,,12,,,,,
round_pairing,Round 7,3,61,372,tw74343825,,12,tw67759215,,12,,,,,
round_pairing,Round 7,3,62,528,tw30011078,,12,tw18276049,,12,,,,,
round_pairing,Round 7,3,62,96,tw18276049,,12,tw30011078,,12,,,,,
round_pairing,Round 7,3,63,11,tw02559687,,12,tw15533641,,12,,,,,
round_pairing,Round 7,3,63,80,tw15533641,,12,tw02559687,,12,,,,,
round_pairing,Round 7,3,64,142,tw27347873,,12,tw79723871,,12,,,,,
round_pairing,Round 7,3,64,404,tw79723871,,12,tw27347873,,12,,,,,
round_pairing,Round 7,3,65,100,tw18638755,,12,tw37556303,,12,,,,,
round_pairing,Round 7,3,65,195,tw37556303,,12,tw18638755,,12,,,,,
round_pairing,Round 7,3,66,480,tw97351630,,12,tw99213849,,12,,,,,
round_pairing,Round 7,3,66,491,tw99213849,,12,tw97351630,,12,,,,,
round_pairing,Round 7,3,67,267,tw52162016,,12,tw75551324,,12,,,,,
round_pairing,Round 7,3,67,380,tw75551324,,12,tw52162016,,12,,,,,
round_pairing,Round 7,3,68,296,tw59054436,,12,tw87316906,,12,,,,,
round_pairing,Round 7,3,68,433,tw87316906,,12,tw59054436,,12,,,,,
round_pairing,Round 7,3,69,178,tw33785925,,12,tw45485735,,12,,,,,
round_pairing,Round 7,3,69,233,tw45485735,,12,tw33785925,,12,,,,,
round_pairing,Round 7,3,70,172,tw33002183,,12,tw70378594,,12,,,,,
round_pairing,Round 7,3,70,517,tw70378594,,12,tw33002183,,12,,,,,
round_pairing,Round 7,3,71,275,tw54347311,,12,tw97857197,,12,,,,,
round_pairing,Round 7,3,71,483,tw97857197,,12,tw54347311,,12,,,,,
round_pairing,Round 7,3,72,314,tw63343435,,12,tw65233698,,12,,,,,
round_pairing,Round 7,3,72,325,tw65233698,,12,tw63343435,,12,,,,,
round_pairing,Round 7,3,73,186,tw35707148,,12,tw67604361,,12,,,,,
round_pairing,Round 7,3,73,337,tw67604361,,12,tw35707148,,12,,,,,
round_pairing,Round 7,3,74,242,tw46738666,,12,tw75774280,,12,,,,,
round_pairing,Round 7,3,74,383,tw75774280,,12,tw46738666,,12,,,,,
round_pairing,Round 7,3,75,403,tw79476009,,12,tw13997688,,12,,,,,
round_pairing,Round 7,3,75,72,tw13997688,,12,tw79476009,,12,,,,,
round_pairing,Round 7,4,76,399,tw79180495,,12,tw95954871,,12,,,,,
round_pairing,Round 7,4,76,473,tw95954871,,12,tw79180495,,12,,,,,
round_pairing,Round 7,4,77,145,tw27568465,,12,tw76258268,,12,,,,,
round_pairing,Round 7,4,77,386,tw76258268,,12,tw27568465,,12,,,,,
round_pairing,Round 7,4,78,65,tw13229345,,12,tw14152067,,12,,,,,
round_pairing,Round 7,4,78,74,tw14152067,,12,tw13229345,,12,,,,,
round_pairing,Round 7,4,79,164,tw32020032,,12,tw88559975,,12,,,,,
round_pairing,Round 7,4,79,518,tw88559975,,12,tw32020032,,12,,,,,
round_pairing,Round 7,4,80,226,tw44127879,,12,tw13174665,,12,,,,,
round_pairing,Round 7,4,80,64,tw13174665,,12,tw44127879,,12,,,,,
round_pairing,Round 7,4,81,255,tw49159270,,12,tw72174151,,12,,,,,
round_pairing,Round 7,4,81,361,tw72174151,,12,tw49159270,,12,,,,,
round_pairing,Round 7,4,82,315,tw63508480,,12,tw89297350,,12,,,,,
round_pairing,Round 7,4,82,439,tw89297350,,12,tw63508480,,12,,,,,
round_pairing,Round 7,4,83,137,tw26567324,,12,tw04237407,,12,,,,,
round_pairing,Round 7,4,83,19,tw04237407,,12,tw26567324,,12,,,,,
round_pairing,Round 7,4,84,243,tw46795660,,12,tw90967766,,12,,,,,
round_pairing,Round 7,4,84,449,tw90967766,,12,tw46795660,,12,,,,,
round_pairing,Round 7,4,85,414,tw82560565,,12,tw13120137,,12,,,,,
round_pairing,Round 7,4,85,63,tw13120137,,12,tw82560565,,12,,,,,
round_pairing,Round 7,4,86,423,tw84991038,,12,tw00787146,,12,,,,,
round_pairing,Round 7,4,86,5,tw00787146,,12,tw84991038,,12,,,,,
round_pairing,Round 7,4,87,291,tw57948434,,12,tw79834153,,12,,,,,
round_pairing,Round 7,4,87,405,tw79834153,,12,tw57948434,,12,,,,,
round_pairing,Round 7,4,88,332,tw66459371,,12,tw09638604,,12,,,,,
round_pairing,Round 7,4,88,48,tw09638604,,12,tw66459371,,12,,,,,
round_pairing,Round 7,4,89,421,tw84665181,,9,tw85470107,,9,,,,,
round_pairing,Round 7,4,89,425,tw85470107,,9,tw84665181,,9,,,,,
round_pairing,Round 7,4,90,249,tw48178410,,9,tw38086655,,9,,,,,
round_pairing,Round 7,4,90,537,tw38086655,,9,tw48178410,,9,,,,,
round_pairing,Round 7,4,91,240,tw46423373,,9,tw15946908,,9,,,,,
round_pairing,Round 7,4,91,83,tw15946908,,9,tw46423373,,9,,,,,
round_pairing,Round 7,4,92,388,tw76407729,,9,tw85855405,,9,,,,,
round_pairing,Round 7,4,92,429,tw85855405,,9,tw76407729,,9,,,,,
round_pairing,Round 7,4,93,464,tw93739401,,9,tw95656910,,9,,,,,
round_pairing,Round 7,4,93,472,tw95656910,,9,tw93739401,,9,,,,,
round_pairing,Round 7,4,94,418,tw84048586,,9,tw89643656,,9,,,,,
round_pairing,Round 7,4,94,442,tw89643656,,9,tw84048586,,9,,,,,
round_pairing,Round 7,4,95,214,tw41805810,,9,tw19640601,,9,,,,,
round_pairing,Round 7,4,95,533,tw19640601,,9,tw41805810,,9,,,,,
round_pairing,Round 7,4,96,406,tw80138989,,9,tw99256533,,9,,,,,
round_pairing,Round 7,4,96,494,tw99256533,,9,tw80138989,,9,,,,,
round_pairing,Round 7,4,97,108,tw20730540,,9,tw40595661,,9,,,,,
round_pairing,Round 7,4,97,207,tw40595661,,9,tw20730540,,9,,,,,
round_pairing,Round 7,4,98,409,tw81218142,,9,tw53806573,,9,,,,,
round_pairing,Round 7,4,98,503,tw53806573,,9,tw81218142,,9,,,,,
round_pairing,Round 7,4,99,171,tw32902575,,9,tw00587002,,9,,,,,
round_pairing,Round 7,4,99,4,tw00587002,,9,tw32902575,,9,,,,,
round_pairing,Round 7,4,100,210,tw41398048,,9,tw73975912,,9,,,,,
round_pairing,Round 7,4,100,371,tw73975912,,9,tw41398048,,9,,,,,
round_pairing,Round 7,5,101,232,tw45233917,,9,tw49160488,,9,,,,,
round_pairing,Round 7,5,101,256,tw49160488,,9,tw45233917,,9,,,,,
round_pairing,Round 7,5,102,134,tw25974925,,9,tw49045992,,9,,,,,
round_pairing,Round 7,5,102,254,tw49045992,,9,tw25974925,,9,,,,,
round_pairing,Round 7,5,103,250,tw48596346,,9,tw17203659,,9,,,,,
round_pairing,Round 7,5,103,92,tw17203659,,9,tw48596346,,9,,,,,
round_pairing,Round 7,5,104,370,tw73917548,,9,tw77877383,,9,,,,,
round_pairing,Round 7,5,104,394,tw77877383,,9,tw73917548,,9,,,,,
round_pairing,Round 7,5,105,447,tw90601321,,9,tw01478107,,9,,,,,
round_pairing,Round 7,5,105,8,tw01478107,,9,tw90601321,,9,,,,,
round_pairing,Round 7,5,106,208,tw41073870,,9,tw97165922,,9,,,,,
round_pairing,Round 7,5,106,479,tw97165922,,9,tw41073870,,9,,,,,
round_pairing,Round 7,5,107,114,tw21654272,,9,tw73911906,,9,,,,,
round_pairing,Round 7,5,107,369,tw73911906,,9,tw21654272,,9,,,,,
round_pairing,Round 7,5,108,128,tw24928885,,9,tw43633449,,9,,,,,
round_pairing,Round 7,5,108,223,tw43633449,,9,tw24928885,,9,,,,,
round_pairing,Round 7,5,109,154,tw29404493,,9,tw64203769,,9,,,,,
round_pairing,Round 7,5,109,320,tw64203769,,9,tw29404493,,9,,,,,
round_pairing,Round 7,5,110,346,tw68822994,,9,tw96947201,,9,,,,,
round_pairing,Round 7,5,110,477,tw96947201,,9,tw68822994,,9,,,,,
round_pairing,Round 7,5,111,17,tw04057117,,9,tw41563340,,9,,,,,
round_pairing,Round 7,5,111,212,tw41563340,,9,tw04057117,,9,,,,,
round_pairing,Round 7,5,112,311,tw62315993,,9,tw13786805,,9,,,,,
round_pairing,Round 7,5,112,69,tw13786805,,9,tw62315993,,9,,,,,
round_pairing,Round 7,5,113,146,tw27632184,,9,tw56416986,,9,,,,,
round_pairing,Round 7,5,113,286,tw56416986,,9,tw27632184,,9,,,,,
round_pairing,Round 7,5,114,22,tw04564553,,9,tw47551870,,9,,,,,
round_pairing,Round 7,5,114,246,tw47551870,,9,tw04564553,,9,,,,,
round_pairing,Round 7,5,115,165,tw32141014,,9,tw59548820,,9,,,,,
round_pairing,Round 7,5,115,543,tw59548820,,9,tw32141014,,9,,,,,
round_pairing,Round 7,5,116,168,tw32240000,,9,tw95570205,,9,,,,,
round_pairing,Round 7,5,116,471,tw95570205,,9,tw32240000,,9,,,,,
round_pairing,Round 7,5,117,200,tw38671111,,9,tw43007249,,9,,,,,
round_pairing,Round 7,5,117,220,tw43007249,,9,tw38671111,,9,,,,,
round_pairing,Round 7,5,118,443,tw89811739,,9,tw09490592,,9,,,,,
round_pairing,Round 7,5,118,45,tw09490592,,9,tw89811739,,9,,,,,
round_pairing,Round 7,5,119,341,tw67984683,,9,tw15712728,,9,,,,,
round_pairing,Round 7,5,119,81,tw15712728,,9,tw67984683,,9,,,,,
round_pairing,Round 7,5,120,50,tw09881291,,9,tw56970260,,9,,,,,
round_pairing,Round 7,5,120,540,tw56970260,,9,tw09881291,,9,,,,,
round_pairing,Round 7,5,121,29,tw05932500,,9,tw08560123,,9,,,,,
round_pairing,Round 7,5,121,40,tw08560123,,9,tw05932500,,9,,,,,
round_pairing,Round 7,5,122,34,tw06996284,,9,tw69425578,,9,,,,,
round_pairing,Round 7,5,122,350,tw69425578,,9,tw06996284,,9,,,,,
round_pairing,Round 7,5,123,263,tw50820470,,9,tw81599190,,9,,,,,
round_pairing,Round 7,5,123,411,tw81599190,,9,tw50820470,,9,,,,,
round_pairing,Round 7,5,124,344,tw68209178,,9,tw90018469,,9,,,,,
round_pairing,Round 7,5,124,444,tw90018469,,9,tw68209178,,9,,,,,
round_pairing,Round 7,5,125,116,tw22007891,,9,tw64793736,,9,,,,,
round_pairing,Round 7,5,125,323,tw64793736,,9,tw22007891,,9,,,,,
round_pairing,Round 7,6,126,150,tw28187058,,9,tw15849812,,9,,,,,
round_pairing,Round 7,6,126,82,tw15849812,,9,tw28187058,,9,,,,,
round_pairing,Round 7,6,127,229,tw44380087,,9,tw13965222,,9,,,,,
round_pairing,Round 7,6,127,71,tw13965222,,9,tw44380087,,9,,,,,
round_pairing,Round 7,6,128,343,tw68151227,,9,tw94737903,,9,,,,,
round_pairing,Round 7,6,128,468,tw94737903,,9,tw68151227,,9,,,,,
round_pairing,Round 7,6,129,122,tw23249034,,9,tw52974697,,9,,,,,
round_pairing,Round 7,6,129,527,tw52974697,,9,tw23249034,,9,,,,,
round_pairing,Round 7,6,130,12,tw02856732,,9,tw33811608,,9,,,,,
round_pairing,Round 7,6,130,179,tw33811608,,9,tw02856732,,9,,,,,
round_pairing,Round 7,6,131,3,tw00572856,,9,tw84249252,,9,,,,,
round_pairing,Round 7,6,131,419,tw84249252,,9,tw00572856,,9,,,,,
round_pairing,Round 7,6,132,333,tw66520026,,9,tw09503218,,9,,,,,
round_pairing,Round 7,6,132,46,tw09503218,,9,tw66520026,,9,,,,,
round_pairing,Round 7,6,133,157,tw29731640,,9,tw82119121,,9,,,,,
round_pairing,Round 7,6,133,413,tw82119121,,9,tw29731640,,9,,,,,
round_pairing,Round 7,6,134,376,tw74945392,,9,tw13830995,,9,,,,,
round_pairing,Round 7,6,134,70,tw13830995,,9,tw74945392,,9,,,,,
round_pairing,Round 7,6,135,15,tw03463518,,9,tw86878630,,9,,,,,
round_pairing,Round 7,6,135,431,tw86878630,,9,tw03463518,,9,,,,,
round_pairing,Round 7,6,136,126,tw24144676,,9,tw33097520,,9,,,,,
round_pairing,Round 7,6,136,174,tw33097520,,9,tw24144676,,9,,,,,
round_pairing,Round 7,6,137,328,tw65753780,,9,tw44133543,,9,,,,,
round_pairing,Round 7,6,137,508,tw44133543,,9,tw65753780,,9,,,,,
round_pairing,Round 7,6,138,103,tw19377792,,9,tw89047117,,9,,,,,
round_pairing,Round 7,6,138,438,tw89047117,,9,tw19377792,,9,,,,,
round_pairing,Round 7,6,139,216,tw42309306,,9,tw98129328,,9,,,,,
round_pairing,Round 7,6,139,486,tw98129328,,9,tw42309306,,9,,,,,
round_pairing,Round 7,6,140,260,tw50239297,,9,tw60311204,,9,,,,,
round_pairing,Round 7,6,140,304,tw60311204,,9,tw50239297,,9,,,,,
round_pairing,Round 7,6,141,199,tw38482720,,9,tw60169670,,9,,,,,
round_pairing,Round 7,6,141,301,tw60169670,,9,tw38482720,,9,,,,,
round_pairing,Round 7,6,142,227,tw44206611,,9,tw08856107,,9,,,,,
round_pairing,Round 7,6,142,42,tw08856107,,9,tw44206611,,9,,,,,
round_pairing,Round 7,6,143,16,tw03478711,,9,tw05197795,,9,,,,,
round_pairing,Round 7,6,143,24,tw05197795,,9,tw03478711,,9,,,,,
round_pairing,Round 7,6,144,415,tw82946495,,9,tw11612248,,9,,,,,
round_pairing,Round 7,6,144,56,tw11612248,,9,tw82946495,,9,,,,,
round_pairing,Round 7,6,145,203,tw39179779,,9,tw53540804,,9,,,,,
round_pairing,Round 7,6,145,273,tw53540804,,9,tw39179779,,9,,,,,
round_pairing,Round 7,6,146,188,tw36138720,,9,tw07333117,,9,,,,,
round_pairing,Round 7,6,146,36,tw07333117,,9,tw36138720,,9,,,,,
round_pairing,Round 7,6,147,381,tw75712938,,9,tw07237919,,9,,,,,
round_pairing,Round 7,6,147,510,tw07237919,,9,tw75712938,,9,,,,,
round_pairing,Round 7,6,148,457,tw92496269,,9,tw65994043,,9,,,,,
round_pairing,Round 7,6,148,520,tw65994043,,9,tw92496269,,9,,,,,
round_pairing,Round 7,6,149,189,tw36173804,,9,tw75037148,,9,,,,,
round_pairing,Round 7,6,149,377,tw75037148,,9,tw36173804,,9,,,,,
round_pairing,Round 7,6,150,319,tw63898784,,9,tw72776789,,9,,,,,
round_pairing,Round 7,6,150,364,tw72776789,,9,tw63898784,,9,,,,,
round_pairing,Round 7,7,151,35,tw07020662,,9,tw51489284,,9,,,,,
round_pairing,Round 7,7,151,542,tw51489284,,9,tw07020662,,9,,,,,
round_pairing,Round 7,7,152,359,tw71730704,,9,tw10467123,,9,,,,,
round_pairing,Round 7,7,152,53,tw10467123,,9,tw71730704,,9,,,,,
round_pairing,Round 7,7,153,297,tw59471628,,9,tw11978505,,9,,,,,
round_pairing,Round 7,7,153,60,tw11978505,,9,tw59471628,,9,,,,,
round_pairing,Round 7,7,154,269,tw52488439,,9,tw17505073,,9,,,,,
round_pairing,Round 7,7,154,93,tw17505073,,9,tw52488439,,9,,,,,
round_pairing,Round 7,7,155,198,tw37918429,,9,tw06400208,,9,,,,,
round_pairing,Round 7,7,155,32,tw06400208,,9,tw37918429,,9,,,,,
round_pairing,Round 7,7,156,366,tw73048413,,9,tw84828731,,9,,,,,
round_pairing,Round 7,7,156,422,tw84828731,,9,tw73048413,,9,,,,,
round_pairing,Round 7,7,157,31,tw06169660,,9,tw97037062,,9,,,,,
round_pairing,Round 7,7,157,541,tw97037062,,9,tw06169660,,9,,,,,
round_pairing,Round 7,7,158,308,tw61279434,,9,tw18480972,,9,,,,,
round_pairing,Round 7,7,158,98,tw18480972,,9,tw61279434,,9,,,,,
round_pairing,Round 7,7,159,435,tw88209015,,9,tw33742727,,6,,,,,
round_pairing,Round 7,7,159,507,tw33742727,,6,tw88209015,,9,,,,,
round_pairing,Round 7,7,160,290,tw57615176,,6,tw88117485,,6,,,,,
round_pairing,Round 7,7,160,434,tw88117485,,6,tw57615176,,6,,,,,
round_pairing,Round 7,7,161,88,tw16569141,,6,tw17748447,,6,,,,,
round_pairing,Round 7,7,161,94,tw17748447,,6,tw16569141,,6,,,,,
round_pairing,Round 7,7,162,138,tw26670105,,6,tw72630270,,6,,,,,
round_pairing,Round 7,7,162,363,tw72630270,,6,tw26670105,,6,,,,,
round_pairing,Round 7,7,163,170,tw32709946,,6,tw81191547,,6,,,,,
round_pairing,Round 7,7,163,539,tw81191547,,6,tw32709946,,6,,,,,
round_pairing,Round 7,7,164,265,tw51465600,,6,tw14788730,,6,,,,,
round_pairing,Round 7,7,164,76,tw14788730,,6,tw51465600,,6,,,,,
round_pairing,Round 7,7,165,161,tw31401549,,6,tw63735317,,6,,,,,
round_pairing,Round 7,7,165,318,tw63735317,,6,tw31401549,,6,,,,,
round_pairing,Round 7,7,166,310,tw62020476,,6,tw87015354,,6,,,,,
round_pairing,Round 7,7,166,432,tw87015354,,6,tw62020476,,6,,,,,
round_pairing,Round 7,7,167,107,tw20156409,,6,tw76529055,,6,,,,,
round_pairing,Round 7,7,167,389,tw76529055,,6,tw20156409,,6,,,,,
round_pairing,Round 7,7,168,166,tw32167594,,6,tw55332465,,6,,,,,
round_pairing,Round 7,7,168,283,tw55332465,,6,tw32167594,,6,,,,,
round_pairing,Round 7,7,169,129,tw25188472,,6,tw42455002,,6,,,,,
round_pairing,Round 7,7,169,217,tw42455002,,6,tw25188472,,6,,,,,
round_pairing,Round 7,7,170,252,tw48949077,,6,tw90806836,,6,,,,,
round_pairing,Round 7,7,170,534,tw90806836,,6,tw48949077,,6,,,,,
round_pairing,Round 7,7,171,193,tw37257975,,6,tw88607252,,6,,,,,
round_pairing,Round 7,7,171,436,tw88607252,,6,tw37257975,,6,,,,,
round_pairing,Round 7,7,172,163,tw31738493,,6,tw97931731,,6,,,,,
round_pairing,Round 7,7,172,485,tw97931731,,6,tw31738493,,6,,,,,
round_pairing,Round 7,7,173,25,tw05346170,,6,tw09710972,,6,,,,,
round_pairing,Round 7,7,173,49,tw09710972,,6,tw05346170,,6,,,,,
round_pairing,Round 7,7,174,215,tw42126524,,6,tw80392170,,6,,,,,
round_pairing,Round 7,7,174,407,tw80392170,,6,tw42126524,,6,,,,,
round_pairing,Round 7,7,175,206,tw40377456,,6,tw14487551,,6,,,,,
round_pairing,Round 7,7,175,75,tw14487551,,6,tw40377456,,6,,,,,
round_pairing,Round 7,8,176,201,tw38784734,,6,tw76132946,,6,,,,,
round_pairing,Round 7,8,176,385,tw76132946,,6,tw38784734,,6,,,,,
round_pairing,Round 7,8,177,26,tw05373669,,6,tw63518115,,6,,,,,
round_pairing,Round 7,8,177,316,tw63518115,,6,tw05373669,,6,,,,,
round_pairing,Round 7,8,178,218,tw42563834,,6,tw45725328,,6,,,,,
round_pairing,Round 7,8,178,236,tw45725328,,6,tw42563834,,6,,,,,
round_pairing,Round 7,8,179,13,tw03063725,,6,tw65235703,,6,,,,,
round_pairing,Round 7,8,179,326,tw65235703,,6,tw03063725,,6,,,,,
round_pairing,Round 7,8,180,272,tw53028908,,6,tw78077476,,6,,,,,
round_pairing,Round 7,8,180,395,tw78077476,,6,tw53028908,,6,,,,,
round_pairing,Round 7,8,181,307,tw60751700,,6,tw69804633,,6,,,,,
round_pairing,Round 7,8,181,352,tw69804633,,6,tw60751700,,6,,,,,
round_pairing,Round 7,8,182,309,tw61583819,,6,tw19127861,,6,,,,,
round_pairing,Round 7,8,182,531,tw19127861,,6,tw61583819,,6,,,,,
round_pairing,Round 7,8,183,396,tw78539182,,6,tw79100139,,6,,,,,
round_pairing,Round 7,8,183,529,tw79100139,,6,tw78539182,,6,,,,,
round_pairing,Round 7,8,184,335,tw66907796,,6,tw88633827,,6,,,,,
round_pairing,Round 7,8,184,437,tw88633827,,6,tw66907796,,6,,,,,
round_pairing,Round 7,8,185,234,tw45498080,,6,tw32980664,,6,,,,,
round_pairing,Round 7,8,185,506,tw32980664,,6,tw45498080,,6,,,,,
round_pairing,Round 7,8,186,132,tw25634182,,6,tw26839664,,6,,,,,
round_pairing,Round 7,8,186,139,tw26839664,,6,tw25634182,,6,,,,,
round_pairing,Round 7,8,187,160,tw30379002,,6,tw00918141,,6,,,,,
round_pairing,Round 7,8,187,6,tw00918141,,6,tw30379002,,6,,,,,
round_pairing,Round 7,8,188,313,tw63238788,,6,tw16728082,,6,,,,,
round_pairing,Round 7,8,188,526,tw16728082,,6,tw63238788,,6,,,,,
round_pairing,Round 7,8,189,271,tw52806758,,6,tw77123317,,6,,,,,
round_pairing,Round 7,8,189,391,tw77123317,,6,tw52806758,,6,,,,,
round_pairing,Round 7,8,190,312,tw62977877,,6,tw93062100,,6,,,,,
round_pairing,Round 7,8,190,461,tw93062100,,6,tw62977877,,6,,,,,
round_pairing,Round 7,8,191,20,tw04255506,,6,tw58984162,,6,,,,,
round_pairing,Round 7,8,191,295,tw58984162,,6,tw04255506,,6,,,,,
round_pairing,Round 7,8,192,469,tw95045687,,6,tw13779097,,6,,,,,
round_pairing,Round 7,8,192,68,tw13779097,,6,tw95045687,,6,,,,,
round_pairing,Round 7,8,193,110,tw21064937,,6,tw99958274,,6,,,,,
round_pairing,Round 7,8,193,500,tw99958274,,6,tw21064937,,6,,,,,
round_pairing,Round 7,8,194,1,tw00114747,,6,tw11570874,,6,,,,,
round_pairing,Round 7,8,194,55,tw11570874,,6,tw00114747,,6,,,,,
round_pairing,Round 7,8,195,158,tw30043028,,6,tw00531440,,6,,,,,
round_pairing,Round 7,8,195,2,tw00531440,,6,tw30043028,,6,,,,,
round_pairing,Round 7,8,196,44,tw09472918,,6,tw58380842,,6,,,,,
round_pairing,Round 7,8,196,522,tw58380842,,6,tw09472918,,6,,,,,
round_pairing,Round 7,8,197,109,tw20800375,,6,tw94173678,,6,,,,,
round_pairing,Round 7,8,197,467,tw94173678,,6,tw20800375,,6,,,,,
round_pairing,Round 7,8,198,197,tw37870020,,6,tw85563070,,3,,,,,
round_pairing,Round 7,8,198,426,tw85563070,,3,tw37870020,,6,,,,,
round_pairing,Round 7,8,199,245,tw47033046,,3,tw04215857,,3,,,,,
round_pairing,Round 7,8,199,513,tw04215857,,3,tw47033046,,3,,,,,
round_pairing,Round 7,8,200,180,tw33820039,,3,tw74542521,,3,,,,,
round_pairing,Round 7,8,200,374,tw74542521,,3,tw33820039,,3,,,,,
round_pairing,Round 7,9,201,23,tw04566463,,3,tw92252047,,3,,,,,
round_pairing,Round 7,9,201,519,tw92252047,,3,tw04566463,,3,,,,,
round_pairing,Round 7,9,202,258,tw49388371,,3,tw55069236,,3,,,,,
round_pairing,Round 7,9,202,281,tw55069236,,3,tw49388371,,3,,,,,
round_pairing,Round 7,9,203,448,tw90875911,,3,tw96137948,,3,,,,,
round_pairing,Round 7,9,203,475,tw96137948,,3,tw90875911,,3,,,,,
round_pairing,Round 7,9,204,251,tw48793078,,3,tw75755528,,3,,,,,
round_pairing,Round 7,9,204,382,tw75755528,,3,tw48793078,,3,,,,,
round_pairing,Round 7,9,205,225,tw43768909,,3,tw99373374,,3,,,,,
round_pairing,Round 7,9,205,495,tw99373374,,3,tw43768909,,3,,,,,
round_pairing,Round 7,9,206,192,tw36824056,,3,tw07927124,,3,,,,,
round_pairing,Round 7,9,206,39,tw07927124,,3,tw36824056,,3,,,,,
round_pairing,Round 7,9,207,176,tw33446875,,3,tw99714386,,3,,,,,
round_pairing,Round 7,9,207,496,tw99714386,,3,tw33446875,,3,,,,,
round_pairing,Round 7,9,208,117,tw22462226,,3,tw97807535,,3,,,,,
round_pairing,Round 7,9,208,482,tw97807535,,3,tw22462226,,3,,,,,
round_pairing,Round 7,9,209,140,tw26851444,,3,tw71976921,,3,,,,,
round_pairing,Round 7,9,209,360,tw71976921,,3,tw26851444,,3,,,,,
round_pairing,Round 7,9,210,184,tw35246471,,3,tw70061764,,0,,,,,
round_pairing,Round 7,9,210,354,tw70061764,,0,tw35246471,,3,,,,,
round_pairing,Round 7,9,211,357,tw70897596,,0,,,,,,,,
round_pairing,Round 8,1,1,289,tw57017359,,21,tw88506619,,21,,,,,
round_pairing,Round 8,1,1,501,tw88506619,,21,tw57017359,,21,,,,,
round_pairing,Round 8,1,2,268,tw52194649,,21,tw72829984,,21,,,,,
round_pairing,Round 8,1,2,365,tw72829984,,21,tw52194649,,21,,,,,
round_pairing,Round 8,1,3,300,tw59914357,,18,tw12769027,,18,,,,,
round_pairing,Round 8,1,3,532,tw12769027,,18,tw59914357,,18,,,,,
round_pairing,Round 8,1,4,408,tw81121676,,18,tw11739209,,18,,,,,
round_pairing,Round 8,1,4,58,tw11739209,,18,tw81121676,,18,,,,,
round_pairing,Round 8,1,5,338,tw67716132,,18,tw93405316,,18,,,,,
round_pairing,Round 8,1,5,463,tw93405316,,18,tw67716132,,18,,,,,
round_pairing,Round 8,1,6,205,tw39894258,,18,tw69628359,,18,,,,,
round_pairing,Round 8,1,6,351,tw69628359,,18,tw39894258,,18,,,,,
round_pairing,Round 8,1,7,280,tw55000893,,18,tw32830944,,18,,,,,
round_pairing,Round 8,1,7,512,tw32830944,,18,tw55000893,,18,,,,,
round_pairing,Round 8,1,8,177,tw33544977,,18,tw85823053,,18,,,,,
round_pairing,Round 8,1,8,428,tw85823053,,18,tw33544977,,18,,,,,
round_pairing,Round 8,1,9,322,tw64656626,,18,tw79188375,,18,,,,,
round_pairing,Round 8,1,9,400,tw79188375,,18,tw64656626,,18,,,,,
round_pairing,Round 8,1,10,104,tw19522331,,18,tw05925639,,18,,,,,
round_pairing,Round 8,1,10,28,tw05925639,,18,tw19522331,,18,,,,,
round_pairing,Round 8,1,11,417,tw83751916,,18,tw99229780,,18,,,,,
round_pairing,Round 8,1,11,492,tw99229780,,18,tw83751916,,18,,,,,
round_pairing,Round 8,1,12,155,tw29518941,,18,tw58817602,,18,,,,,
round_pairing,Round 8,1,12,294,tw58817602,,18,tw29518941,,18,,,,,
round_pairing,Round 8,1,13,264,tw51147332,,18,tw10410998,,18,,,,,
round_pairing,Round 8,1,13,52,tw10410998,,18,tw51147332,,18,,,,,
round_pairing,Round 8,1,14,298,tw59842400,,18,tw72244502,,18,,,,,
round_pairing,Round 8,1,14,362,tw72244502,,18,tw59842400,,18,,,,,
round_pairing,Round 8,1,15,14,tw03389371,,18,tw04457744,,18,,,,,
round_pairing,Round 8,1,15,21,tw04457744,,18,tw03389371,,18,,,,,
round_pairing,Round 8,1,16,367,tw73106123,,18,tw82981600,,18,,,,,
round_pairing,Round 8,1,16,416,tw82981600,,18,tw73106123,,18,,,,,
round_pairing,Round 8,1,17,124,tw23712439,,15,tw76086171,,15,,,,,
round_pairing,Round 8,1,17,384,tw76086171,,15,tw23712439,,15,,,,,
round_pairing,Round 8,1,18,30,tw05980017,,15,tw13997688,,15,,,,,
round_pairing,Round 8,1,18,72,tw13997688,,15,tw05980017,,15,,,,,
round_pairing,Round 8,1,19,136,tw26528058,,15,tw91797530,,15,,,,,
round_pairing,Round 8,1,19,452,tw91797530,,15,tw26528058,,15,,,,,
round_pairing,Round 8,1,20,102,tw18906406,,15,tw43380150,,15,,,,,
round_pairing,Round 8,1,20,222,tw43380150,,15,tw18906406,,15,,,,,
round_pairing,Round 8,1,21,399,tw79180495,,15,tw88559975,,15,,,,,
round_pairing,Round 8,1,21,518,tw88559975,,15,tw79180495,,15,,,,,
round_pairing,Round 8,1,22,149,tw28179733,,15,tw13120137,,15,,,,,
round_pairing,Round 8,1,22,63,tw13120137,,15,tw28179733,,15,,,,,
round_pairing,Round 8,1,23,156,tw29536370,,15,tw56605426,,15,,,,,
round_pairing,Round 8,1,23,288,tw56605426,,15,tw29536370,,15,,,,,
round_pairing,Round 8,1,24,315,tw63508480,,15,tw15533641,,15,,,,,
round_pairing,Round 8,1,24,80,tw15533641,,15,tw63508480,,15,,,,,
round_pairing,Round 8,1,25,125,tw23764220,,15,tw45713741,,15,,,,,
round_pairing,Round 8,1,25,235,tw45713741,,15,tw23764220,,15,,,,,
round_pairing,Round 8,2,26,259,tw49759795,,15,tw14152067,,15,,,,,
round_pairing,Round 8,2,26,74,tw14152067,,15,tw49759795,,15,,,,,
round_pairing,Round 8,2,27,27,tw05399034,,15,tw57948434,,15,,,,,
round_pairing,Round 8,2,27,291,tw57948434,,15,tw05399034,,15,,,,,
round_pairing,Round 8,2,28,257,tw49340794,,15,tw76994845,,15,,,,,
round_pairing,Round 8,2,28,390,tw76994845,,15,tw49340794,,15,,,,,
round_pairing,Round 8,2,29,204,tw39185310,,15,tw98649601,,15,,,,,
round_pairing,Round 8,2,29,487,tw98649601,,15,tw39185310,,15,,,,,
round_pairing,Round 8,2,30,329,tw66134077,,15,tw11292760,,15,,,,,
round_pairing,Round 8,2,30,54,tw11292760,,15,tw66134077,,15,,,,,
round_pairing,Round 8,2,31,118,tw22487155,,15,tw16963151,,15,,,,,
round_pairing,Round 8,2,31,91,tw16963151,,15,tw22487155,,15,,,,,
round_pairing,Round 8,2,32,162,tw31422118,,15,tw60511158,,15,,,,,
round_pairing,Round 8,2,32,306,tw60511158,,15,tw31422118,,15,,,,,
round_pairing,Round 8,2,33,115,tw21820105,,15,tw33002183,,15,,,,,
round_pairing,Round 8,2,33,172,tw33002183,,15,tw21820105,,15,,,,,
round_pairing,Round 8,2,34,282,tw55210501,,15,tw63573774,,15,,,,,
round_pairing,Round 8,2,34,317,tw63573774,,15,tw55210501,,15,,,,,
round_pairing,Round 8,2,35,195,tw37556303,,15,tw93020902,,15,,,,,
round_pairing,Round 8,2,35,460,tw93020902,,15,tw37556303,,15,,,,,
round_pairing,Round 8,2,36,255,tw49159270,,15,tw90967766,,15,,,,,
round_pairing,Round 8,2,36,449,tw90967766,,15,tw49159270,,15,,,,,
round_pairing,Round 8,2,37,474,tw96093664,,15,tw18276049,,15,,,,,
round_pairing,Round 8,2,37,96,tw18276049,,15,tw96093664,,15,,,,,
round_pairing,Round 8,2,38,233,tw45485735,,15,tw56012620,,15,,,,,
round_pairing,Round 8,2,38,284,tw56012620,,15,tw45485735,,15,,,,,
round_pairing,Round 8,2,39,401,tw79280986,,15,tw16645990,,15,,,,,
round_pairing,Round 8,2,39,90,tw16645990,,15,tw79280986,,15,,,,,
round_pairing,Round 8,2,40,226,tw44127879,,15,tw54347311,,15,,,,,
round_pairing,Round 8,2,40,275,tw54347311,,15,tw44127879,,15,,,,,
round_pairing,Round 8,2,41,404,tw79723871,,15,tw09638604,,15,,,,,
round_pairing,Round 8,2,41,48,tw09638604,,15,tw79723871,,15,,,,,
round_pairing,Round 8,2,42,462,tw93076075,,15,tw45178021,,15,,,,,
round_pairing,Round 8,2,42,535,tw45178021,,15,tw93076075,,15,,,,,
round_pairing,Round 8,2,43,345,tw68763677,,15,tw00787146,,15,,,,,
round_pairing,Round 8,2,43,5,tw00787146,,15,tw68763677,,15,,,,,
round_pairing,Round 8,2,44,299,tw59882595,,15,tw02105248,,15,,,,,
round_pairing,Round 8,2,44,9,tw02105248,,15,tw59882595,,15,,,,,
round_pairing,Round 8,2,45,262,tw50567676,,15,tw75774280,,15,,,,,
round_pairing,Round 8,2,45,383,tw75774280,,15,tw50567676,,15,,,,,
round_pairing,Round 8,2,46,153,tw29121960,,15,tw91823318,,15,,,,,
round_pairing,Round 8,2,46,454,tw91823318,,15,tw29121960,,15,,,,,
round_pairing,Round 8,2,47,19,tw04237407,,15,tw54760232,,15,,,,,
round_pairing,Round 8,2,47,278,tw54760232,,15,tw04237407,,15,,,,,
round_pairing,Round 8,2,48,209,tw41286139,,15,tw74343825,,15,,,,,
round_pairing,Round 8,2,48,372,tw74343825,,15,tw41286139,,15,,,,,
round_pairing,Round 8,2,49,493,tw99241716,,15,tw16152234,,15,,,,,
round_pairing,Round 8,2,49,85,tw16152234,,15,tw99241716,,15,,,,,
round_pairing,Round 8,2,50,127,tw24854365,,15,tw07410887,,15,,,,,
round_pairing,Round 8,2,50,37,tw07410887,,15,tw24854365,,15,,,,,
round_pairing,Round 8,3,51,119,tw22529091,,15,tw95120042,,15,,,,,
round_pairing,Round 8,3,51,470,tw95120042,,15,tw22529091,,15,,,,,
round_pairing,Round 8,3,52,145,tw27568465,,15,tw54988993,,15,,,,,
round_pairing,Round 8,3,52,279,tw54988993,,15,tw27568465,,15,,,,,
round_pairing,Round 8,3,53,397,tw78657682,,15,tw14942902,,15,,,,,
round_pairing,Round 8,3,53,77,tw14942902,,15,tw78657682,,15,,,,,
round_pairing,Round 8,3,54,379,tw75380665,,15,tw07460167,,15,,,,,
round_pairing,Round 8,3,54,38,tw07460167,,15,tw75380665,,15,,,,,
round_pairing,Round 8,3,55,285,tw56336073,,15,tw59054436,,15,,,,,
round_pairing,Round 8,3,55,296,tw59054436,,15,tw56336073,,15,,,,,
round_pairing,Round 8,3,56,186,tw35707148,,15,tw45806310,,15,,,,,
round_pairing,Round 8,3,56,237,tw45806310,,15,tw35707148,,15,,,,,
round_pairing,Round 8,3,57,380,tw75551324,,15,tw99814098,,15,,,,,
round_pairing,Round 8,3,57,498,tw99814098,,15,tw75551324,,15,,,,,
round_pairing,Round 8,3,58,425,tw85470107,,12,tw88209015,,12,,,,,
round_pairing,Round 8,3,58,435,tw88209015,,12,tw85470107,,12,,,,,
round_pairing,Round 8,3,59,214,tw41805810,,12,tw09490592,,12,,,,,
round_pairing,Round 8,3,59,45,tw09490592,,12,tw41805810,,12,,,,,
round_pairing,Round 8,3,60,220,tw43007249,,12,tw97037062,,12,,,,,
round_pairing,Round 8,3,60,541,tw97037062,,12,tw43007249,,12,,,,,
round_pairing,Round 8,3,61,332,tw66459371,,12,tw68209178,,12,,,,,
round_pairing,Round 8,3,61,344,tw68209178,,12,tw66459371,,12,,,,,
round_pairing,Round 8,3,62,15,tw03463518,,12,tw49045992,,12,,,,,
round_pairing,Round 8,3,62,254,tw49045992,,12,tw03463518,,12,,,,,
round_pairing,Round 8,3,63,128,tw24928885,,12,tw81599190,,12,,,,,
round_pairing,Round 8,3,63,411,tw81599190,,12,tw24928885,,12,,,,,
round_pairing,Round 8,3,64,199,tw38482720,,12,tw67984683,,12,,,,,
round_pairing,Round 8,3,64,341,tw67984683,,12,tw38482720,,12,,,,,
round_pairing,Round 8,3,65,361,tw72174151,,12,tw15946908,,12,,,,,
round_pairing,Round 8,3,65,83,tw15946908,,12,tw72174151,,12,,,,,
round_pairing,Round 8,3,66,479,tw97165922,,12,tw16526802,,12,,,,,
round_pairing,Round 8,3,66,87,tw16526802,,12,tw97165922,,12,,,,,
round_pairing,Round 8,3,67,242,tw46738666,,12,tw75037148,,12,,,,,
round_pairing,Round 8,3,67,377,tw75037148,,12,tw46738666,,12,,,,,
round_pairing,Round 8,3,68,11,tw02559687,,12,tw51489284,,12,,,,,
round_pairing,Round 8,3,68,542,tw51489284,,12,tw02559687,,12,,,,,
round_pairing,Round 8,3,69,231,tw44874553,,12,tw95954871,,12,,,,,
round_pairing,Round 8,3,69,473,tw95954871,,12,tw44874553,,12,,,,,
round_pairing,Round 8,3,70,323,tw64793736,,12,tw99926791,,12,,,,,
round_pairing,Round 8,3,70,499,tw99926791,,12,tw64793736,,12,,,,,
round_pairing,Round 8,3,71,100,tw18638755,,12,tw24111275,,12,,,,,
round_pairing,Round 8,3,71,511,tw24111275,,12,tw18638755,,12,,,,,
round_pairing,Round 8,3,72,228,tw44344603,,12,tw78866457,,12,,,,,
round_pairing,Round 8,3,72,398,tw78866457,,12,tw44344603,,12,,,,,
round_pairing,Round 8,3,73,333,tw66520026,,12,tw75712938,,12,,,,,
round_pairing,Round 8,3,73,381,tw75712938,,12,tw66520026,,12,,,,,
round_pairing,Round 8,3,74,368,tw73237577,,12,tw92496269,,12,,,,,
round_pairing,Round 8,3,74,457,tw92496269,,12,tw73237577,,12,,,,,
round_pairing,Round 8,3,75,101,tw18844404,,12,tw08856107,,12,,,,,
round_pairing,Round 8,3,75,42,tw08856107,,12,tw18844404,,12,,,,,
round_pairing,Round 8,4,76,216,tw42309306,,12,tw73975912,,12,,,,,
round_pairing,Round 8,4,76,371,tw73975912,,12,tw42309306,,12,,,,,
round_pairing,Round 8,4,77,142,tw27347873,,12,tw46795660,,12,,,,,
round_pairing,Round 8,4,77,243,tw46795660,,12,tw27347873,,12,,,,,
round_pairing,Round 8,4,78,146,tw27632184,,12,tw61279434,,12,,,,,
round_pairing,Round 8,4,78,308,tw61279434,,12,tw27632184,,12,,,,,
round_pairing,Round 8,4,79,321,tw64220350,,12,tw95656910,,12,,,,,
round_pairing,Round 8,4,79,472,tw95656910,,12,tw64220350,,12,,,,,
round_pairing,Round 8,4,80,483,tw97857197,,12,tw13454619,,12,,,,,
round_pairing,Round 8,4,80,67,tw13454619,,12,tw97857197,,12,,,,,
round_pairing,Round 8,4,81,71,tw13965222,,12,tw01478107,,12,,,,,
round_pairing,Round 8,4,81,8,tw01478107,,12,tw13965222,,12,,,,,
round_pairing,Round 8,4,82,246,tw47551870,,12,tw68088789,,12,,,,,
round_pairing,Round 8,4,82,342,tw68088789,,12,tw47551870,,12,,,,,
round_pairing,Round 8,4,83,314,tw63343435,,12,tw67604361,,12,,,,,
round_pairing,Round 8,4,83,337,tw67604361,,12,tw63343435,,12,,,,,
round_pairing,Round 8,4,84,4,tw00587002,,12,tw11978505,,12,,,,,
round_pairing,Round 8,4,84,60,tw11978505,,12,tw00587002,,12,,,,,
round_pairing,Round 8,4,85,364,tw72776789,,12,tw73917548,,12,,,,,
round_pairing,Round 8,4,85,370,tw73917548,,12,tw72776789,,12,,,,,
round_pairing,Round 8,4,86,148,tw28113144,,12,tw79411276,,12,,,,,
round_pairing,Round 8,4,86,402,tw79411276,,12,tw28113144,,12,,,,,
round_pairing,Round 8,4,87,376,tw74945392,,12,tw81218142,,12,,,,,
round_pairing,Round 8,4,87,409,tw81218142,,12,tw74945392,,12,,,,,
round_pairing,Round 8,4,88,415,tw82946495,,12,tw56970260,,12,,,,,
round_pairing,Round 8,4,88,540,tw56970260,,12,tw82946495,,12,,,,,
round_pairing,Round 8,4,89,405,tw79834153,,12,tw94737903,,12,,,,,
round_pairing,Round 8,4,89,468,tw94737903,,12,tw79834153,,12,,,,,
round_pairing,Round 8,4,90,188,tw36138720,,12,tw76258268,,12,,,,,
round_pairing,Round 8,4,90,386,tw76258268,,12,tw36138720,,12,,,,,
round_pairing,Round 8,4,91,164,tw32020032,,12,tw32214798,,12,,,,,
round_pairing,Round 8,4,91,167,tw32214798,,12,tw32020032,,12,,,,,
round_pairing,Round 8,4,92,103,tw19377792,,12,tw89609352,,12,,,,,
round_pairing,Round 8,4,92,538,tw89609352,,12,tw19377792,,12,,,,,
round_pairing,Round 8,4,93,207,tw40595661,,12,tw53540804,,12,,,,,
round_pairing,Round 8,4,93,273,tw53540804,,12,tw40595661,,12,,,,,
round_pairing,Round 8,4,94,137,tw26567324,,12,tw48178410,,12,,,,,
round_pairing,Round 8,4,94,249,tw48178410,,12,tw26567324,,12,,,,,
round_pairing,Round 8,4,95,439,tw89297350,,12,tw87970697,,12,,,,,
round_pairing,Round 8,4,95,509,tw87970697,,12,tw89297350,,12,,,,,
round_pairing,Round 8,4,96,57,tw11642031,,12,tw18468179,,12,,,,,
round_pairing,Round 8,4,96,97,tw18468179,,12,tw11642031,,12,,,,,
round_pairing,Round 8,4,97,287,tw56468849,,12,tw73911906,,12,,,,,
round_pairing,Round 8,4,97,369,tw73911906,,12,tw56468849,,12,,,,,
round_pairing,Round 8,4,98,17,tw04057117,,12,tw84991038,,12,,,,,
round_pairing,Round 8,4,98,423,tw84991038,,12,tw04057117,,12,,,,,
round_pairing,Round 8,4,99,260,tw50239297,,12,tw76407729,,12,,,,,
round_pairing,Round 8,4,99,388,tw76407729,,12,tw50239297,,12,,,,,
round_pairing,Round 8,4,100,450,tw91555335,,12,tw99213849,,12,,,,,
round_pairing,Round 8,4,100,491,tw99213849,,12,tw91555335,,12,,,,,
round_pairing,Round 8,5,101,250,tw48596346,,12,tw65233698,,12,,,,,
round_pairing,Round 8,5,101,325,tw65233698,,12,tw48596346,,12,,,,,
round_pairing,Round 8,5,102,328,tw65753780,,12,tw13174665,,12,,,,,
round_pairing,Round 8,5,102,64,tw13174665,,12,tw65753780,,12,,,,,
round_pairing,Round 8,5,103,157,tw29731640,,12,tw30011078,,12,,,,,
round_pairing,Round 8,5,103,528,tw30011078,,12,tw29731640,,12,,,,,
round_pairing,Round 8,5,104,122,tw23249034,,12,tw36782228,,12,,,,,
round_pairing,Round 8,5,104,191,tw36782228,,12,tw23249034,,12,,,,,
round_pairing,Round 8,5,105,327,tw65483922,,12,tw97351630,,12,,,,,
round_pairing,Round 8,5,105,480,tw97351630,,12,tw65483922,,12,,,,,
round_pairing,Round 8,5,106,422,tw84828731,,12,tw70378594,,12,,,,,
round_pairing,Round 8,5,106,517,tw70378594,,12,tw84828731,,12,,,,,
round_pairing,Round 8,5,107,267,tw52162016,,12,tw52488439,,12,,,,,
round_pairing,Round 8,5,107,269,tw52488439,,12,tw52162016,,12,,,,,
round_pairing,Round 8,5,108,261,tw50328610,,12,tw00572856,,12,,,,,
round_pairing,Round 8,5,108,3,tw00572856,,12,tw50328610,,12,,,,,
round_pairing,Round 8,5,109,232,tw45233917,,12,tw08560123,,12,,,,,
round_pairing,Round 8,5,109,40,tw08560123,,12,tw45233917,,12,,,,,
round_pairing,Round 8,5,110,165,tw32141014,,12,tw36759052,,12,,,,,
round_pairing,Round 8,5,110,190,tw36759052,,12,tw32141014,,12,,,,,
round_pairing,Round 8,5,111,253,tw48962901,,12,tw80138989,,12,,,,,
round_pairing,Round 8,5,111,406,tw80138989,,12,tw48962901,,12,,,,,
round_pairing,Round 8,5,112,477,tw96947201,,12,tw24177121,,12,,,,,
round_pairing,Round 8,5,112,524,tw24177121,,12,tw96947201,,12,,,,,
round_pairing,Round 8,5,113,168,tw32240000,,12,tw06400208,,12,,,,,
round_pairing,Round 8,5,113,32,tw06400208,,12,tw32240000,,12,,,,,
round_pairing,Round 8,5,114,359,tw71730704,,12,tw74568091,,12,,,,,
round_pairing,Round 8,5,114,375,tw74568091,,12,tw71730704,,12,,,,,
round_pairing,Round 8,5,115,174,tw33097520,,12,tw69425578,,12,,,,,
round_pairing,Round 8,5,115,350,tw69425578,,12,tw33097520,,12,,,,,
round_pairing,Round 8,5,116,311,tw62315993,,12,tw92250919,,12,,,,,
round_pairing,Round 8,5,116,456,tw92250919,,12,tw62315993,,12,,,,,
round_pairing,Round 8,5,117,12,tw02856732,,12,tw12035691,,12,,,,,
round_pairing,Round 8,5,117,61,tw12035691,,12,tw02856732,,12,,,,,
round_pairing,Round 8,5,118,403,tw79476009,,12,tw91997638,,12,,,,,
round_pairing,Round 8,5,118,455,tw91997638,,12,tw79476009,,12,,,,,
round_pairing,Round 8,5,119,24,tw05197795,,12,tw96648029,,12,,,,,
round_pairing,Round 8,5,119,476,tw96648029,,12,tw05197795,,12,,,,,
round_pairing,Round 8,5,120,433,tw87316906,,12,tw15849812,,12,,,,,
round_pairing,Round 8,5,120,82,tw15849812,,12,tw87316906,,12,,,,,
round_pairing,Round 8,5,121,307,tw60751700,,9,tw11612248,,9,,,,,
round_pairing,Round 8,5,121,56,tw11612248,,9,tw60751700,,9,,,,,
round_pairing,Round 8,5,122,179,tw33811608,,9,tw93739401,,9,,,,,
round_pairing,Round 8,5,122,464,tw93739401,,9,tw33811608,,9,,,,,
round_pairing,Round 8,5,123,208,tw41073870,,9,tw59548820,,9,,,,,
round_pairing,Round 8,5,123,543,tw59548820,,9,tw41073870,,9,,,,,
round_pairing,Round 8,5,124,286,tw56416986,,9,tw63518115,,9,,,,,
round_pairing,Round 8,5,124,316,tw63518115,,9,tw56416986,,9,,,,,
round_pairing,Round 8,5,125,193,tw37257975,,9,tw63735317,,9,,,,,
round_pairing,Round 8,5,125,318,tw63735317,,9,tw37257975,,9,,,,,
round_pairing,Round 8,6,126,447,tw90601321,,9,tw95570205,,9,,,,,
round_pairing,Round 8,6,126,471,tw95570205,,9,tw90601321,,9,,,,,
round_pairing,Round 8,6,127,326,tw65235703,,9,tw18480972,,9,,,,,
round_pairing,Round 8,6,127,98,tw18480972,,9,tw65235703,,9,,,,,
round_pairing,Round 8,6,128,44,tw09472918,,9,tw17748447,,9,,,,,
round_pairing,Round 8,6,128,94,tw17748447,,9,tw09472918,,9,,,,,
round_pairing,Round 8,6,129,36,tw07333117,,9,tw65994043,,9,,,,,
round_pairing,Round 8,6,129,520,tw65994043,,9,tw07333117,,9,,,,,
round_pairing,Round 8,6,130,2,tw00531440,,9,tw50820470,,9,,,,,
round_pairing,Round 8,6,130,263,tw50820470,,9,tw00531440,,9,,,,,
round_pairing,Round 8,6,131,431,tw86878630,,9,tw19127861,,9,,,,,
round_pairing,Round 8,6,131,531,tw19127861,,9,tw86878630,,9,,,,,
round_pairing,Round 8,6,132,366,tw73048413,,9,tw84048586,,9,,,,,
round_pairing,Round 8,6,132,418,tw84048586,,9,tw73048413,,9,,,,,
round_pairing,Round 8,6,133,396,tw78539182,,9,tw13830995,,9,,,,,
round_pairing,Round 8,6,133,70,tw13830995,,9,tw78539182,,9,,,,,
round_pairing,Round 8,6,134,227,tw44206611,,9,tw11570874,,9,,,,,
round_pairing,Round 8,6,134,55,tw11570874,,9,tw44206611,,9,,,,,
round_pairing,Round 8,6,135,346,tw68822994,,9,tw90806836,,9,,,,,
round_pairing,Round 8,6,135,534,tw90806836,,9,tw68822994,,9,,,,,
round_pairing,Round 8,6,136,218,tw42563834,,9,tw88117485,,9,,,,,
round_pairing,Round 8,6,136,434,tw88117485,,9,tw42563834,,9,,,,,
round_pairing,Round 8,6,137,20,tw04255506,,9,tw55332465,,9,,,,,
round_pairing,Round 8,6,137,283,tw55332465,,9,tw04255506,,9,,,,,
round_pairing,Round 8,6,138,215,tw42126524,,9,tw07020662,,9,,,,,
round_pairing,Round 8,6,138,35,tw07020662,,9,tw42126524,,9,,,,,
round_pairing,Round 8,6,139,272,tw53028908,,9,tw90018469,,9,,,,,
round_pairing,Round 8,6,139,444,tw90018469,,9,tw53028908,,9,,,,,
round_pairing,Round 8,6,140,223,tw43633449,,9,tw05932500,,9,,,,,
round_pairing,Round 8,6,140,29,tw05932500,,9,tw43633449,,9,,,,,
round_pairing,Round 8,6,141,160,tw30379002,,9,tw82119121,,9,,,,,
round_pairing,Round 8,6,141,413,tw82119121,,9,tw30379002,,9,,,,,
round_pairing,Round 8,6,142,210,tw41398048,,9,tw52974697,,9,,,,,
round_pairing,Round 8,6,142,527,tw52974697,,9,tw41398048,,9,,,,,
round_pairing,Round 8,6,143,126,tw24144676,,9,tw32902575,,9,,,,,
round_pairing,Round 8,6,143,171,tw32902575,,9,tw24144676,,9,,,,,
round_pairing,Round 8,6,144,335,tw66907796,,9,tw13779097,,9,,,,,
round_pairing,Round 8,6,144,68,tw13779097,,9,tw66907796,,9,,,,,
round_pairing,Round 8,6,145,108,tw20730540,,9,tw32709946,,9,,,,,
round_pairing,Round 8,6,145,170,tw32709946,,9,tw20730540,,9,,,,,
round_pairing,Round 8,6,146,189,tw36173804,,9,tw62977877,,9,,,,,
round_pairing,Round 8,6,146,312,tw62977877,,9,tw36173804,,9,,,,,
round_pairing,Round 8,6,147,485,tw97931731,,9,tw10467123,,9,,,,,
round_pairing,Round 8,6,147,53,tw10467123,,9,tw97931731,,9,,,,,
round_pairing,Round 8,6,148,16,tw03478711,,9,tw14788730,,9,,,,,
round_pairing,Round 8,6,148,76,tw14788730,,9,tw03478711,,9,,,,,
round_pairing,Round 8,6,149,200,tw38671111,,9,tw04564553,,9,,,,,
round_pairing,Round 8,6,149,22,tw04564553,,9,tw38671111,,9,,,,,
round_pairing,Round 8,6,150,212,tw41563340,,9,tw84249252,,9,,,,,
round_pairing,Round 8,6,150,419,tw84249252,,9,tw41563340,,9,,,,,
round_pairing,Round 8,7,151,310,tw62020476,,9,tw15712728,,9,,,,,
round_pairing,Round 8,7,151,81,tw15712728,,9,tw62020476,,9,,,,,
round_pairing,Round 8,7,152,114,tw21654272,,9,tw26670105,,9,,,,,
round_pairing,Round 8,7,152,138,tw26670105,,9,tw21654272,,9,,,,,
round_pairing,Round 8,7,153,34,tw06996284,,9,tw09503218,,9,,,,,
round_pairing,Round 8,7,153,46,tw09503218,,9,tw06996284,,9,,,,,
round_pairing,Round 8,7,154,343,tw68151227,,9,tw53806573,,9,,,,,
round_pairing,Round 8,7,154,503,tw53806573,,9,tw68151227,,9,,,,,
round_pairing,Round 8,7,155,229,tw44380087,,9,tw13786805,,9,,,,,
round_pairing,Round 8,7,155,69,tw13786805,,9,tw44380087,,9,,,,,
round_pairing,Round 8,7,156,301,tw60169670,,9,tw77123317,,9,,,,,
round_pairing,Round 8,7,156,391,tw77123317,,9,tw60169670,,9,,,,,
round_pairing,Round 8,7,157,198,tw37918429,,9,tw07237919,,9,,,,,
round_pairing,Round 8,7,157,510,tw07237919,,9,tw37918429,,9,,,,,
round_pairing,Round 8,7,158,256,tw49160488,,9,tw14487551,,9,,,,,
round_pairing,Round 8,7,158,75,tw14487551,,9,tw49160488,,9,,,,,
round_pairing,Round 8,7,159,116,tw22007891,,9,tw09881291,,9,,,,,
round_pairing,Round 8,7,159,50,tw09881291,,9,tw22007891,,9,,,,,
round_pairing,Round 8,7,160,443,tw89811739,,9,tw16728082,,9,,,,,
round_pairing,Round 8,7,160,526,tw16728082,,9,tw89811739,,9,,,,,
round_pairing,Round 8,7,161,134,tw25974925,,9,tw99958274,,9,,,,,
round_pairing,Round 8,7,161,500,tw99958274,,9,tw25974925,,9,,,,,
round_pairing,Round 8,7,162,234,tw45498080,,9,tw63898784,,9,,,,,
round_pairing,Round 8,7,162,319,tw63898784,,9,tw45498080,,9,,,,,
round_pairing,Round 8,7,163,25,tw05346170,,9,tw76132946,,9,,,,,
round_pairing,Round 8,7,163,385,tw76132946,,9,tw05346170,,9,,,,,
round_pairing,Round 8,7,164,203,tw39179779,,9,tw19640601,,9,,,,,
round_pairing,Round 8,7,164,533,tw19640601,,9,tw39179779,,9,,,,,
round_pairing,Round 8,7,165,109,tw20800375,,9,tw25188472,,9,,,,,
round_pairing,Round 8,7,165,129,tw25188472,,9,tw20800375,,9,,,,,
round_pairing,Round 8,7,166,184,tw35246471,,6,tw17505073,,9,,,,,
round_pairing,Round 8,7,166,93,tw17505073,,9,tw35246471,,6,,,,,
round_pairing,Round 8,7,167,309,tw61583819,,6,tw58380842,,6,,,,,
round_pairing,Round 8,7,167,522,tw58380842,,6,tw61583819,,6,,,,,
round_pairing,Round 8,7,168,217,tw42455002,,6,tw78077476,,6,,,,,
round_pairing,Round 8,7,168,395,tw78077476,,6,tw42455002,,6,,,,,
round_pairing,Round 8,7,169,110,tw21064937,,6,tw03063725,,6,,,,,
round_pairing,Round 8,7,169,13,tw03063725,,6,tw21064937,,6,,,,,
round_pairing,Round 8,7,170,163,tw31738493,,6,tw92252047,,6,,,,,
round_pairing,Round 8,7,170,519,tw92252047,,6,tw31738493,,6,,,,,
round_pairing,Round 8,7,171,448,tw90875911,,6,tw81191547,,6,,,,,
round_pairing,Round 8,7,171,539,tw81191547,,6,tw90875911,,6,,,,,
round_pairing,Round 8,7,172,1,tw00114747,,6,tw48949077,,6,,,,,
round_pairing,Round 8,7,172,252,tw48949077,,6,tw00114747,,6,,,,,
round_pairing,Round 8,7,173,281,tw55069236,,6,tw32980664,,6,,,,,
round_pairing,Round 8,7,173,506,tw32980664,,6,tw55069236,,6,,,,,
round_pairing,Round 8,7,174,180,tw33820039,,6,tw40377456,,6,,,,,
round_pairing,Round 8,7,174,206,tw40377456,,6,tw33820039,,6,,,,,
round_pairing,Round 8,7,175,39,tw07927124,,6,tw99373374,,6,,,,,
round_pairing,Round 8,7,175,495,tw99373374,,6,tw07927124,,6,,,,,
round_pairing,Round 8,8,176,251,tw48793078,,6,tw00918141,,6,,,,,
round_pairing,Round 8,8,176,6,tw00918141,,6,tw48793078,,6,,,,,
round_pairing,Round 8,8,177,265,tw51465600,,6,tw79100139,,6,,,,,
round_pairing,Round 8,8,177,529,tw79100139,,6,tw51465600,,6,,,,,
round_pairing,Round 8,8,178,26,tw05373669,,6,tw80392170,,6,,,,,
round_pairing,Round 8,8,178,407,tw80392170,,6,tw05373669,,6,,,,,
round_pairing,Round 8,8,179,158,tw30043028,,6,tw85563070,,6,,,,,
round_pairing,Round 8,8,179,426,tw85563070,,6,tw30043028,,6,,,,,
round_pairing,Round 8,8,180,117,tw22462226,,6,tw16569141,,6,,,,,
round_pairing,Round 8,8,180,88,tw16569141,,6,tw22462226,,6,,,,,
round_pairing,Round 8,8,181,436,tw88607252,,6,tw99714386,,6,,,,,
round_pairing,Round 8,8,181,496,tw99714386,,6,tw88607252,,6,,,,,
round_pairing,Round 8,8,182,166,tw32167594,,6,tw09710972,,6,,,,,
round_pairing,Round 8,8,182,49,tw09710972,,6,tw32167594,,6,,,,,
round_pairing,Round 8,8,183,432,tw87015354,,6,tw95045687,,6,,,,,
round_pairing,Round 8,8,183,469,tw95045687,,6,tw87015354,,6,,,,,
round_pairing,Round 8,8,184,352,tw69804633,,6,tw04215857,,6,,,,,
round_pairing,Round 8,8,184,513,tw04215857,,6,tw69804633,,6,,,,,
round_pairing,Round 8,8,185,271,tw52806758,,6,tw72630270,,6,,,,,
round_pairing,Round 8,8,185,363,tw72630270,,6,tw52806758,,6,,,,,
round_pairing,Round 8,8,186,161,tw31401549,,6,tw57615176,,6,,,,,
round_pairing,Round 8,8,186,290,tw57615176,,6,tw31401549,,6,,,,,
round_pairing,Round 8,8,187,132,tw25634182,,6,tw45725328,,6,,,,,
round_pairing,Round 8,8,187,236,tw45725328,,6,tw25634182,,6,,,,,
round_pairing,Round 8,8,188,201,tw38784734,,6,tw96137948,,3,,,,,
round_pairing,Round 8,8,188,475,tw96137948,,3,tw38784734,,6,,,,,
round_pairing,Round 8,8,189,357,tw70897596,,3,tw75755528,,3,,,,,
round_pairing,Round 8,8,189,382,tw75755528,,3,tw70897596,,3,,,,,
round_pairing,Round 8,8,190,374,tw74542521,,3,tw97807535,,3,,,,,
round_pairing,Round 8,8,190,482,tw97807535,,3,tw74542521,,3,,,,,
round_pairing,Round 8,8,191,192,tw36824056,,3,tw04566463,,3,,,,,
round_pairing,Round 8,8,191,23,tw04566463,,3,tw36824056,,3,,,,,
round_pairing,Round 8,8,192,354,tw70061764,,0,,,,,,,,
round_pairing,Round 9,1,1,365,tw72829984,,24,tw88506619,,24,,,,,
round_pairing,Round 9,1,1,501,tw88506619,,24,tw72829984,,24,,,,,
round_pairing,Round 9,1,2,300,tw59914357,,21,tw79188375,,21,,,,,
round_pairing,Round 9,1,2,400,tw79188375,,21,tw59914357,,21,,,,,
round_pairing,Round 9,1,3,21,tw04457744,,21,tw67716132,,21,,,,,
round_pairing,Round 9,1,3,338,tw67716132,,21,tw04457744,,21,,,,,
round_pairing,Round 9,1,4,155,tw29518941,,21,tw52194649,,21,,,,,
round_pairing,Round 9,1,4,268,tw52194649,,21,tw29518941,,21,,,,,
round_pairing,Round 9,1,5,205,tw39894258,,21,tw57017359,,21,,,,,
round_pairing,Round 9,1,5,289,tw57017359,,21,tw39894258,,21,,,,,
round_pairing,Round 9,1,6,28,tw05925639,,21,tw83751916,,21,,,,,
round_pairing,Round 9,1,6,417,tw83751916,,21,tw05925639,,21,,,,,
round_pairing,Round 9,1,7,298,tw59842400,,21,tw85823053,,21,,,,,
round_pairing,Round 9,1,7,428,tw85823053,,21,tw59842400,,21,,,,,
round_pairing,Round 9,1,8,264,tw51147332,,21,tw55000893,,21,,,,,
round_pairing,Round 9,1,8,280,tw55000893,,21,tw51147332,,21,,,,,
round_pairing,Round 9,1,9,408,tw81121676,,21,tw82981600,,21,,,,,
round_pairing,Round 9,1,9,416,tw82981600,,21,tw81121676,,21,,,,,
round_pairing,Round 9,1,10,294,tw58817602,,18,tw05980017,,18,,,,,
round_pairing,Round 9,1,10,30,tw05980017,,18,tw58817602,,18,,,,,
round_pairing,Round 9,1,11,384,tw76086171,,18,tw78657682,,18,,,,,
round_pairing,Round 9,1,11,397,tw78657682,,18,tw76086171,,18,,,,,
round_pairing,Round 9,1,12,379,tw75380665,,18,tw16152234,,18,,,,,
round_pairing,Round 9,1,12,85,tw16152234,,18,tw75380665,,18,,,,,
round_pairing,Round 9,1,13,52,tw10410998,,18,tw02105248,,18,,,,,
round_pairing,Round 9,1,13,9,tw02105248,,18,tw10410998,,18,,,,,
round_pairing,Round 9,1,14,104,tw19522331,,18,tw69628359,,18,,,,,
round_pairing,Round 9,1,14,351,tw69628359,,18,tw19522331,,18,,,,,
round_pairing,Round 9,1,15,518,tw88559975,,18,tw15533641,,18,,,,,
round_pairing,Round 9,1,15,80,tw15533641,,18,tw88559975,,18,,,,,
round_pairing,Round 9,1,16,279,tw54988993,,18,tw91797530,,18,,,,,
round_pairing,Round 9,1,16,452,tw91797530,,18,tw54988993,,18,,,,,
round_pairing,Round 9,1,17,257,tw49340794,,18,tw49759795,,18,,,,,
round_pairing,Round 9,1,17,259,tw49759795,,18,tw49340794,,18,,,,,
round_pairing,Round 9,1,18,235,tw45713741,,18,tw91823318,,18,,,,,
round_pairing,Round 9,1,18,454,tw91823318,,18,tw45713741,,18,,,,,
round_pairing,Round 9,1,19,401,tw79280986,,18,tw93405316,,18,,,,,
round_pairing,Round 9,1,19,463,tw93405316,,18,tw79280986,,18,,,,,
round_pairing,Round 9,1,20,285,tw56336073,,18,tw64656626,,18,,,,,
round_pairing,Round 9,1,20,322,tw64656626,,18,tw56336073,,18,,,,,
round_pairing,Round 9,1,21,262,tw50567676,,18,tw12769027,,18,,,,,
round_pairing,Round 9,1,21,532,tw12769027,,18,tw50567676,,18,,,,,
round_pairing,Round 9,1,22,282,tw55210501,,18,tw32830944,,18,,,,,
round_pairing,Round 9,1,22,512,tw32830944,,18,tw55210501,,18,,,,,
round_pairing,Round 9,1,23,118,tw22487155,,18,tw22529091,,18,,,,,
round_pairing,Round 9,1,23,119,tw22529091,,18,tw22487155,,18,,,,,
round_pairing,Round 9,1,24,345,tw68763677,,18,tw90967766,,18,,,,,
round_pairing,Round 9,1,24,449,tw90967766,,18,tw68763677,,18,,,,,
round_pairing,Round 9,1,25,278,tw54760232,,18,tw73106123,,18,,,,,
round_pairing,Round 9,1,25,367,tw73106123,,18,tw54760232,,18,,,,,
round_pairing,Round 9,2,26,177,tw33544977,,18,tw99229780,,18,,,,,
round_pairing,Round 9,2,26,492,tw99229780,,18,tw33544977,,18,,,,,
round_pairing,Round 9,2,27,204,tw39185310,,18,tw93076075,,18,,,,,
round_pairing,Round 9,2,27,462,tw93076075,,18,tw39185310,,18,,,,,
round_pairing,Round 9,2,28,226,tw44127879,,18,tw72244502,,18,,,,,
round_pairing,Round 9,2,28,362,tw72244502,,18,tw44127879,,18,,,,,
round_pairing,Round 9,2,29,372,tw74343825,,18,tw99814098,,18,,,,,
round_pairing,Round 9,2,29,498,tw99814098,,18,tw74343825,,18,,,,,
round_pairing,Round 9,2,30,48,tw09638604,,18,tw11292760,,18,,,,,
round_pairing,Round 9,2,30,54,tw11292760,,18,tw09638604,,18,,,,,
round_pairing,Round 9,2,31,127,tw24854365,,18,tw93020902,,18,,,,,
round_pairing,Round 9,2,31,460,tw93020902,,18,tw24854365,,18,,,,,
round_pairing,Round 9,2,32,172,tw33002183,,18,tw45485735,,18,,,,,
round_pairing,Round 9,2,32,233,tw45485735,,18,tw33002183,,18,,,,,
round_pairing,Round 9,2,33,149,tw28179733,,18,tw18276049,,18,,,,,
round_pairing,Round 9,2,33,96,tw18276049,,18,tw28179733,,18,,,,,
round_pairing,Round 9,2,34,27,tw05399034,,18,tw60511158,,18,,,,,
round_pairing,Round 9,2,34,306,tw60511158,,18,tw05399034,,18,,,,,
round_pairing,Round 9,2,35,102,tw18906406,,18,tw56605426,,18,,,,,
round_pairing,Round 9,2,35,288,tw56605426,,18,tw18906406,,18,,,,,
round_pairing,Round 9,2,36,14,tw03389371,,18,tw45806310,,18,,,,,
round_pairing,Round 9,2,36,237,tw45806310,,18,tw03389371,,18,,,,,
round_pairing,Round 9,2,37,124,tw23712439,,15,tw85470107,,15,,,,,
round_pairing,Round 9,2,37,425,tw85470107,,15,tw23712439,,15,,,,,
round_pairing,Round 9,2,38,242,tw46738666,,15,tw07410887,,15,,,,,
round_pairing,Round 9,2,38,37,tw07410887,,15,tw46738666,,15,,,,,
round_pairing,Round 9,2,39,40,tw08560123,,15,tw97037062,,15,,,,,
round_pairing,Round 9,2,39,541,tw97037062,,15,tw08560123,,15,,,,,
round_pairing,Round 9,2,40,375,tw74568091,,15,tw76994845,,15,,,,,
round_pairing,Round 9,2,40,390,tw76994845,,15,tw74568091,,15,,,,,
round_pairing,Round 9,2,41,167,tw32214798,,15,tw95656910,,15,,,,,
round_pairing,Round 9,2,41,472,tw95656910,,15,tw32214798,,15,,,,,
round_pairing,Round 9,2,42,125,tw23764220,,15,tw36759052,,15,,,,,
round_pairing,Round 9,2,42,190,tw36759052,,15,tw23764220,,15,,,,,
round_pairing,Round 9,2,43,528,tw30011078,,15,tw16645990,,15,,,,,
round_pairing,Round 9,2,43,90,tw16645990,,15,tw30011078,,15,,,,,
round_pairing,Round 9,2,44,284,tw56012620,,15,tw57948434,,15,,,,,
round_pairing,Round 9,2,44,291,tw57948434,,15,tw56012620,,15,,,,,
round_pairing,Round 9,2,45,406,tw80138989,,15,tw16963151,,15,,,,,
round_pairing,Round 9,2,45,91,tw16963151,,15,tw80138989,,15,,,,,
round_pairing,Round 9,2,46,329,tw66134077,,15,tw13454619,,15,,,,,
round_pairing,Round 9,2,46,67,tw13454619,,15,tw66134077,,15,,,,,
round_pairing,Round 9,2,47,328,tw65753780,,15,tw99241716,,15,,,,,
round_pairing,Round 9,2,47,493,tw99241716,,15,tw65753780,,15,,,,,
round_pairing,Round 9,2,48,254,tw49045992,,15,tw66459371,,15,,,,,
round_pairing,Round 9,2,48,332,tw66459371,,15,tw49045992,,15,,,,,
round_pairing,Round 9,2,49,315,tw63508480,,15,tw95120042,,15,,,,,
round_pairing,Round 9,2,49,470,tw95120042,,15,tw63508480,,15,,,,,
round_pairing,Round 9,2,50,17,tw04057117,,15,tw47551870,,15,,,,,
round_pairing,Round 9,2,50,246,tw47551870,,15,tw04057117,,15,,,,,
round_pairing,Round 9,3,51,216,tw42309306,,15,tw52488439,,15,,,,,
round_pairing,Round 9,3,51,269,tw52488439,,15,tw42309306,,15,,,,,
round_pairing,Round 9,3,52,308,tw61279434,,15,tw51489284,,15,,,,,
round_pairing,Round 9,3,52,542,tw51489284,,15,tw61279434,,15,,,,,
round_pairing,Round 9,3,53,255,tw49159270,,15,tw87316906,,15,,,,,
round_pairing,Round 9,3,53,433,tw87316906,,15,tw49159270,,15,,,,,
round_pairing,Round 9,3,54,168,tw32240000,,15,tw62315993,,15,,,,,
round_pairing,Round 9,3,54,311,tw62315993,,15,tw32240000,,15,,,,,
round_pairing,Round 9,3,55,162,tw31422118,,15,tw97351630,,15,,,,,
round_pairing,Round 9,3,55,480,tw97351630,,15,tw31422118,,15,,,,,
round_pairing,Round 9,3,56,153,tw29121960,,15,tw95954871,,15,,,,,
round_pairing,Round 9,3,56,473,tw95954871,,15,tw29121960,,15,,,,,
round_pairing,Round 9,3,57,60,tw11978505,,15,tw12035691,,15,,,,,
round_pairing,Round 9,3,57,61,tw12035691,,15,tw11978505,,15,,,,,
round_pairing,Round 9,3,58,195,tw37556303,,15,tw97165922,,15,,,,,
round_pairing,Round 9,3,58,479,tw97165922,,15,tw37556303,,15,,,,,
round_pairing,Round 9,3,59,191,tw36782228,,15,tw79180495,,15,,,,,
round_pairing,Round 9,3,59,399,tw79180495,,15,tw36782228,,15,,,,,
round_pairing,Round 9,3,60,341,tw67984683,,15,tw79723871,,15,,,,,
round_pairing,Round 9,3,60,404,tw79723871,,15,tw67984683,,15,,,,,
round_pairing,Round 9,3,61,249,tw48178410,,15,tw50328610,,15,,,,,
round_pairing,Round 9,3,61,261,tw50328610,,15,tw48178410,,15,,,,,
round_pairing,Round 9,3,62,287,tw56468849,,15,tw89609352,,15,,,,,
round_pairing,Round 9,3,62,538,tw89609352,,15,tw56468849,,15,,,,,
round_pairing,Round 9,3,63,101,tw18844404,,15,tw33097520,,15,,,,,
round_pairing,Round 9,3,63,174,tw33097520,,15,tw18844404,,15,,,,,
round_pairing,Round 9,3,64,72,tw13997688,,15,tw15946908,,15,,,,,
round_pairing,Round 9,3,64,83,tw15946908,,15,tw13997688,,15,,,,,
round_pairing,Round 9,3,65,402,tw79411276,,15,tw94737903,,15,,,,,
round_pairing,Round 9,3,65,468,tw94737903,,15,tw79411276,,15,,,,,
round_pairing,Round 9,3,66,381,tw75712938,,15,tw01478107,,15,,,,,
round_pairing,Round 9,3,66,8,tw01478107,,15,tw75712938,,15,,,,,
round_pairing,Round 9,3,67,142,tw27347873,,15,tw45178021,,15,,,,,
round_pairing,Round 9,3,67,535,tw45178021,,15,tw27347873,,15,,,,,
round_pairing,Round 9,3,68,222,tw43380150,,15,tw91997638,,15,,,,,
round_pairing,Round 9,3,68,455,tw91997638,,15,tw43380150,,15,,,,,
round_pairing,Round 9,3,69,38,tw07460167,,15,tw99213849,,15,,,,,
round_pairing,Round 9,3,69,491,tw99213849,,15,tw07460167,,15,,,,,
round_pairing,Round 9,3,70,317,tw63573774,,15,tw75774280,,15,,,,,
round_pairing,Round 9,3,70,383,tw75774280,,15,tw63573774,,15,,,,,
round_pairing,Round 9,3,71,136,tw26528058,,15,tw98649601,,15,,,,,
round_pairing,Round 9,3,71,487,tw98649601,,15,tw26528058,,15,,,,,
round_pairing,Round 9,3,72,209,tw41286139,,15,tw75551324,,15,,,,,
round_pairing,Round 9,3,72,380,tw75551324,,15,tw41286139,,15,,,,,
round_pairing,Round 9,3,73,156,tw29536370,,15,tw44344603,,15,,,,,
round_pairing,Round 9,3,73,228,tw44344603,,15,tw29536370,,15,,,,,
round_pairing,Round 9,3,74,474,tw96093664,,15,tw13120137,,15,,,,,
round_pairing,Round 9,3,74,63,tw13120137,,15,tw96093664,,15,,,,,
round_pairing,Round 9,3,75,325,tw65233698,,15,tw24111275,,15,,,,,
round_pairing,Round 9,3,75,511,tw24111275,,15,tw65233698,,15,,,,,
round_pairing,Round 9,4,76,207,tw40595661,,15,tw74945392,,15,,,,,
round_pairing,Round 9,4,76,376,tw74945392,,15,tw40595661,,15,,,,,
round_pairing,Round 9,4,77,540,tw56970260,,15,tw14152067,,15,,,,,
round_pairing,Round 9,4,77,74,tw14152067,,15,tw56970260,,15,,,,,
round_pairing,Round 9,4,78,128,tw24928885,,15,tw35707148,,15,,,,,
round_pairing,Round 9,4,78,186,tw35707148,,15,tw24928885,,15,,,,,
round_pairing,Round 9,4,79,296,tw59054436,,15,tw14942902,,15,,,,,
round_pairing,Round 9,4,79,77,tw14942902,,15,tw59054436,,15,,,,,
round_pairing,Round 9,4,80,115,tw21820105,,15,tw04237407,,15,,,,,
round_pairing,Round 9,4,80,19,tw04237407,,15,tw21820105,,15,,,,,
round_pairing,Round 9,4,81,499,tw99926791,,15,tw70378594,,15,,,,,
round_pairing,Round 9,4,81,517,tw70378594,,15,tw99926791,,15,,,,,
round_pairing,Round 9,4,82,260,tw50239297,,15,tw00787146,,15,,,,,
round_pairing,Round 9,4,82,5,tw00787146,,15,tw50239297,,15,,,,,
round_pairing,Round 9,4,83,214,tw41805810,,15,tw73237577,,15,,,,,
round_pairing,Round 9,4,83,368,tw73237577,,15,tw41805810,,15,,,,,
round_pairing,Round 9,4,84,145,tw27568465,,15,tw18468179,,15,,,,,
round_pairing,Round 9,4,84,97,tw18468179,,15,tw27568465,,15,,,,,
round_pairing,Round 9,4,85,337,tw67604361,,15,tw72776789,,15,,,,,
round_pairing,Round 9,4,85,364,tw72776789,,15,tw67604361,,15,,,,,
round_pairing,Round 9,4,86,24,tw05197795,,15,tw87970697,,15,,,,,
round_pairing,Round 9,4,86,509,tw87970697,,15,tw05197795,,15,,,,,
round_pairing,Round 9,4,87,299,tw59882595,,15,tw96947201,,15,,,,,
round_pairing,Round 9,4,87,477,tw96947201,,15,tw59882595,,15,,,,,
round_pairing,Round 9,4,88,386,tw76258268,,15,tw17505073,,12,,,,,
round_pairing,Round 9,4,88,93,tw17505073,,12,tw76258268,,15,,,,,
round_pairing,Round 9,4,89,232,tw45233917,,12,tw88209015,,12,,,,,
round_pairing,Round 9,4,89,435,tw88209015,,12,tw45233917,,12,,,,,
round_pairing,Round 9,4,90,36,tw07333117,,12,tw92250919,,12,,,,,
round_pairing,Round 9,4,90,456,tw92250919,,12,tw07333117,,12,,,,,
round_pairing,Round 9,4,91,273,tw53540804,,12,tw09881291,,12,,,,,
round_pairing,Round 9,4,91,50,tw09881291,,12,tw53540804,,12,,,,,
round_pairing,Round 9,4,92,146,tw27632184,,12,tw36173804,,12,,,,,
round_pairing,Round 9,4,92,189,tw36173804,,12,tw27632184,,12,,,,,
round_pairing,Round 9,4,93,220,tw43007249,,12,tw13830995,,12,,,,,
round_pairing,Round 9,4,93,70,tw13830995,,12,tw43007249,,12,,,,,
round_pairing,Round 9,4,94,198,tw37918429,,12,tw69425578,,12,,,,,
round_pairing,Round 9,4,94,350,tw69425578,,12,tw37918429,,12,,,,,
round_pairing,Round 9,4,95,165,tw32141014,,12,tw09490592,,12,,,,,
round_pairing,Round 9,4,95,45,tw09490592,,12,tw32141014,,12,,,,,
round_pairing,Round 9,4,96,164,tw32020032,,12,tw52162016,,12,,,,,
round_pairing,Round 9,4,96,267,tw52162016,,12,tw32020032,,12,,,,,
round_pairing,Round 9,4,97,388,tw76407729,,12,tw08856107,,12,,,,,
round_pairing,Round 9,4,97,42,tw08856107,,12,tw76407729,,12,,,,,
round_pairing,Round 9,4,98,210,tw41398048,,12,tw89811739,,12,,,,,
round_pairing,Round 9,4,98,443,tw89811739,,12,tw41398048,,12,,,,,
round_pairing,Round 9,4,99,129,tw25188472,,12,tw11642031,,12,,,,,
round_pairing,Round 9,4,99,57,tw11642031,,12,tw25188472,,12,,,,,
round_pairing,Round 9,4,100,253,tw48962901,,12,tw64793736,,12,,,,,
round_pairing,Round 9,4,100,323,tw64793736,,12,tw48962901,,12,,,,,
round_pairing,Round 9,5,101,137,tw26567324,,12,tw44874553,,12,,,,,
round_pairing,Round 9,5,101,231,tw44874553,,12,tw26567324,,12,,,,,
round_pairing,Round 9,5,102,134,tw25974925,,12,tw79834153,,12,,,,,
round_pairing,Round 9,5,102,405,tw79834153,,12,tw25974925,,12,,,,,
round_pairing,Round 9,5,103,203,tw39179779,,12,tw53806573,,12,,,,,
round_pairing,Round 9,5,103,503,tw53806573,,12,tw39179779,,12,,,,,
round_pairing,Round 9,5,104,15,tw03463518,,12,tw64220350,,12,,,,,
round_pairing,Round 9,5,104,321,tw64220350,,12,tw03463518,,12,,,,,
round_pairing,Round 9,5,105,229,tw44380087,,12,tw73048413,,12,,,,,
round_pairing,Round 9,5,105,366,tw73048413,,12,tw44380087,,12,,,,,
round_pairing,Round 9,5,106,34,tw06996284,,12,tw73917548,,12,,,,,
round_pairing,Round 9,5,106,370,tw73917548,,12,tw06996284,,12,,,,,
round_pairing,Round 9,5,107,208,tw41073870,,12,tw55332465,,12,,,,,
round_pairing,Round 9,5,107,283,tw55332465,,12,tw41073870,,12,,,,,
round_pairing,Round 9,5,108,212,tw41563340,,12,tw00572856,,12,,,,,
round_pairing,Round 9,5,108,3,tw00572856,,12,tw41563340,,12,,,,,
round_pairing,Round 9,5,109,411,tw81599190,,12,tw14788730,,12,,,,,
round_pairing,Round 9,5,109,76,tw14788730,,12,tw81599190,,12,,,,,
round_pairing,Round 9,5,110,179,tw33811608,,12,tw89297350,,12,,,,,
round_pairing,Round 9,5,110,439,tw89297350,,12,tw33811608,,12,,,,,
round_pairing,Round 9,5,111,12,tw02856732,,12,tw42126524,,12,,,,,
round_pairing,Round 9,5,111,215,tw42126524,,12,tw02856732,,12,,,,,
round_pairing,Round 9,5,112,223,tw43633449,,12,tw68209178,,12,,,,,
round_pairing,Round 9,5,112,344,tw68209178,,12,tw43633449,,12,,,,,
round_pairing,Round 9,5,113,122,tw23249034,,12,tw56416986,,12,,,,,
round_pairing,Round 9,5,113,286,tw56416986,,12,tw23249034,,12,,,,,
round_pairing,Round 9,5,114,108,tw20730540,,12,tw65483922,,12,,,,,
round_pairing,Round 9,5,114,327,tw65483922,,12,tw20730540,,12,,,,,
round_pairing,Round 9,5,115,310,tw62020476,,12,tw11612248,,12,,,,,
round_pairing,Round 9,5,115,56,tw11612248,,12,tw62020476,,12,,,,,
round_pairing,Round 9,5,116,188,tw36138720,,12,tw97857197,,12,,,,,
round_pairing,Round 9,5,116,483,tw97857197,,12,tw36138720,,12,,,,,
round_pairing,Round 9,5,117,423,tw84991038,,12,tw16526802,,12,,,,,
round_pairing,Round 9,5,117,87,tw16526802,,12,tw84991038,,12,,,,,
round_pairing,Round 9,5,118,314,tw63343435,,12,tw14487551,,12,,,,,
round_pairing,Round 9,5,118,75,tw14487551,,12,tw63343435,,12,,,,,
round_pairing,Round 9,5,119,25,tw05346170,,12,tw82946495,,12,,,,,
round_pairing,Round 9,5,119,415,tw82946495,,12,tw05346170,,12,,,,,
round_pairing,Round 9,5,120,409,tw81218142,,12,tw13174665,,12,,,,,
round_pairing,Round 9,5,120,64,tw13174665,,12,tw81218142,,12,,,,,
round_pairing,Round 9,5,121,199,tw38482720,,12,tw18480972,,12,,,,,
round_pairing,Round 9,5,121,98,tw18480972,,12,tw38482720,,12,,,,,
round_pairing,Round 9,5,122,103,tw19377792,,12,tw15849812,,12,,,,,
round_pairing,Round 9,5,122,82,tw15849812,,12,tw19377792,,12,,,,,
round_pairing,Round 9,5,123,11,tw02559687,,12,tw91555335,,12,,,,,
round_pairing,Round 9,5,123,450,tw91555335,,12,tw02559687,,12,,,,,
round_pairing,Round 9,5,124,32,tw06400208,,12,tw82119121,,12,,,,,
round_pairing,Round 9,5,124,413,tw82119121,,12,tw06400208,,12,,,,,
round_pairing,Round 9,5,125,318,tw63735317,,12,tw17748447,,12,,,,,
round_pairing,Round 9,5,125,94,tw17748447,,12,tw63735317,,12,,,,,
round_pairing,Round 9,6,126,398,tw78866457,,12,tw96648029,,12,,,,,
round_pairing,Round 9,6,126,476,tw96648029,,12,tw78866457,,12,,,,,
round_pairing,Round 9,6,127,272,tw53028908,,12,tw68088789,,12,,,,,
round_pairing,Round 9,6,127,342,tw68088789,,12,tw53028908,,12,,,,,
round_pairing,Round 9,6,128,171,tw32902575,,12,tw92496269,,12,,,,,
round_pairing,Round 9,6,128,457,tw92496269,,12,tw32902575,,12,,,,,
round_pairing,Round 9,6,129,200,tw38671111,,12,tw48596346,,12,,,,,
round_pairing,Round 9,6,129,250,tw48596346,,12,tw38671111,,12,,,,,
round_pairing,Round 9,6,130,377,tw75037148,,12,tw88117485,,12,,,,,
round_pairing,Round 9,6,130,434,tw88117485,,12,tw75037148,,12,,,,,
round_pairing,Round 9,6,131,319,tw63898784,,12,tw13965222,,12,,,,,
round_pairing,Round 9,6,131,71,tw13965222,,12,tw63898784,,12,,,,,
round_pairing,Round 9,6,132,369,tw73911906,,12,tw79476009,,12,,,,,
round_pairing,Round 9,6,132,403,tw79476009,,12,tw73911906,,12,,,,,
round_pairing,Round 9,6,133,335,tw66907796,,12,tw71730704,,12,,,,,
round_pairing,Round 9,6,133,359,tw71730704,,12,tw66907796,,12,,,,,
round_pairing,Round 9,6,134,391,tw77123317,,12,tw90806836,,12,,,,,
round_pairing,Round 9,6,134,534,tw90806836,,12,tw77123317,,12,,,,,
round_pairing,Round 9,6,135,333,tw66520026,,12,tw84828731,,12,,,,,
round_pairing,Round 9,6,135,422,tw84828731,,12,tw66520026,,12,,,,,
round_pairing,Round 9,6,136,114,tw21654272,,12,tw19127861,,12,,,,,
round_pairing,Round 9,6,136,531,tw19127861,,12,tw21654272,,12,,,,,
round_pairing,Round 9,6,137,263,tw50820470,,12,tw11570874,,12,,,,,
round_pairing,Round 9,6,137,55,tw11570874,,12,tw50820470,,12,,,,,
round_pairing,Round 9,6,138,201,tw38784734,,9,tw95570205,,12,,,,,
round_pairing,Round 9,6,138,471,tw95570205,,12,tw38784734,,9,,,,,
round_pairing,Round 9,6,139,160,tw30379002,,9,tw72630270,,9,,,,,
round_pairing,Round 9,6,139,363,tw72630270,,9,tw30379002,,9,,,,,
round_pairing,Round 9,6,140,193,tw37257975,,9,tw81191547,,9,,,,,
round_pairing,Round 9,6,140,539,tw81191547,,9,tw37257975,,9,,,,,
round_pairing,Round 9,6,141,109,tw20800375,,9,tw42563834,,9,,,,,
round_pairing,Round 9,6,141,218,tw42563834,,9,tw20800375,,9,,,,,
round_pairing,Round 9,6,142,236,tw45725328,,9,tw16569141,,9,,,,,
round_pairing,Round 9,6,142,88,tw16569141,,9,tw45725328,,9,,,,,
round_pairing,Round 9,6,143,29,tw05932500,,9,tw65994043,,9,,,,,
round_pairing,Round 9,6,143,520,tw65994043,,9,tw05932500,,9,,,,,
round_pairing,Round 9,6,144,301,tw60169670,,9,tw07020662,,9,,,,,
round_pairing,Round 9,6,144,35,tw07020662,,9,tw60169670,,9,,,,,
round_pairing,Round 9,6,145,444,tw90018469,,9,tw97931731,,9,,,,,
round_pairing,Round 9,6,145,485,tw97931731,,9,tw90018469,,9,,,,,
round_pairing,Round 9,6,146,234,tw45498080,,9,tw84048586,,9,,,,,
round_pairing,Round 9,6,146,418,tw84048586,,9,tw45498080,,9,,,,,
round_pairing,Round 9,6,147,2,tw00531440,,9,tw57615176,,9,,,,,
round_pairing,Round 9,6,147,290,tw57615176,,9,tw00531440,,9,,,,,
round_pairing,Round 9,6,148,385,tw76132946,,9,tw15712728,,9,,,,,
round_pairing,Round 9,6,148,81,tw15712728,,9,tw76132946,,9,,,,,
round_pairing,Round 9,6,149,1,tw00114747,,9,tw63518115,,9,,,,,
round_pairing,Round 9,6,149,316,tw63518115,,9,tw00114747,,9,,,,,
round_pairing,Round 9,6,150,464,tw93739401,,9,tw92252047,,9,,,,,
round_pairing,Round 9,6,150,519,tw92252047,,9,tw93739401,,9,,,,,
round_pairing,Round 9,7,151,170,tw32709946,,9,tw09503218,,9,,,,,
round_pairing,Round 9,7,151,46,tw09503218,,9,tw32709946,,9,,,,,
round_pairing,Round 9,7,152,227,tw44206611,,9,tw09472918,,9,,,,,
round_pairing,Round 9,7,152,44,tw09472918,,9,tw44206611,,9,,,,,
round_pairing,Round 9,7,153,436,tw88607252,,9,tw13786805,,9,,,,,
round_pairing,Round 9,7,153,69,tw13786805,,9,tw88607252,,9,,,,,
round_pairing,Round 9,7,154,22,tw04564553,,9,tw51465600,,9,,,,,
round_pairing,Round 9,7,154,265,tw51465600,,9,tw04564553,,9,,,,,
round_pairing,Round 9,7,155,13,tw03063725,,9,tw07237919,,9,,,,,
round_pairing,Round 9,7,155,510,tw07237919,,9,tw03063725,,9,,,,,
round_pairing,Round 9,7,156,251,tw48793078,,9,tw59548820,,9,,,,,
round_pairing,Round 9,7,156,543,tw59548820,,9,tw48793078,,9,,,,,
round_pairing,Round 9,7,157,16,tw03478711,,9,tw09710972,,9,,,,,
round_pairing,Round 9,7,157,49,tw09710972,,9,tw03478711,,9,,,,,
round_pairing,Round 9,7,158,206,tw40377456,,9,tw13779097,,9,,,,,
round_pairing,Round 9,7,158,68,tw13779097,,9,tw40377456,,9,,,,,
round_pairing,Round 9,7,159,126,tw24144676,,9,tw04215857,,9,,,,,
round_pairing,Round 9,7,159,513,tw04215857,,9,tw24144676,,9,,,,,
round_pairing,Round 9,7,160,431,tw86878630,,9,tw32980664,,9,,,,,
round_pairing,Round 9,7,160,506,tw32980664,,9,tw86878630,,9,,,,,
round_pairing,Round 9,7,161,407,tw80392170,,9,tw58380842,,9,,,,,
round_pairing,Round 9,7,161,522,tw58380842,,9,tw80392170,,9,,,,,
round_pairing,Round 9,7,162,307,tw60751700,,9,tw95045687,,9,,,,,
round_pairing,Round 9,7,162,469,tw95045687,,9,tw60751700,,9,,,,,
round_pairing,Round 9,7,163,343,tw68151227,,9,tw90601321,,9,,,,,
round_pairing,Round 9,7,163,447,tw90601321,,9,tw68151227,,9,,,,,
round_pairing,Round 9,7,164,395,tw78077476,,9,tw99958274,,9,,,,,
round_pairing,Round 9,7,164,500,tw99958274,,9,tw78077476,,9,,,,,
round_pairing,Round 9,7,165,138,tw26670105,,9,tw99373374,,9,,,,,
round_pairing,Round 9,7,165,495,tw99373374,,9,tw26670105,,9,,,,,
round_pairing,Round 9,7,166,326,tw65235703,,9,tw16728082,,9,,,,,
round_pairing,Round 9,7,166,526,tw16728082,,9,tw65235703,,9,,,,,
round_pairing,Round 9,7,167,26,tw05373669,,6,tw99714386,,6,,,,,
round_pairing,Round 9,7,167,496,tw99714386,,6,tw05373669,,6,,,,,
round_pairing,Round 9,7,168,163,tw31738493,,6,tw00918141,,6,,,,,
round_pairing,Round 9,7,168,6,tw00918141,,6,tw31738493,,6,,,,,
round_pairing,Round 9,7,169,117,tw22462226,,6,tw61583819,,6,,,,,
round_pairing,Round 9,7,169,309,tw61583819,,6,tw22462226,,6,,,,,
round_pairing,Round 9,7,170,161,tw31401549,,6,tw33820039,,6,,,,,
round_pairing,Round 9,7,170,180,tw33820039,,6,tw31401549,,6,,,,,
round_pairing,Round 9,7,171,281,tw55069236,,6,tw07927124,,6,,,,,
round_pairing,Round 9,7,171,39,tw07927124,,6,tw55069236,,6,,,,,
round_pairing,Round 9,7,172,271,tw52806758,,6,tw87015354,,6,,,,,
round_pairing,Round 9,7,172,432,tw87015354,,6,tw52806758,,6,,,,,
round_pairing,Round 9,7,173,132,tw25634182,,6,tw74542521,,6,,,,,
round_pairing,Round 9,7,173,374,tw74542521,,6,tw25634182,,6,,,,,
round_pairing,Round 9,7,174,166,tw32167594,,6,tw36824056,,6,,,,,
round_pairing,Round 9,7,174,192,tw36824056,,6,tw32167594,,6,,,,,
round_pairing,Round 9,7,175,352,tw69804633,,6,tw70897596,,6,,,,,
round_pairing,Round 9,7,175,357,tw70897596,,6,tw69804633,,6,,,,,
round_pairing,Round 9,8,176,258,tw49388371,,3,tw70061764,,3,,,,,
round_pairing,Round 9,8,176,354,tw70061764,,3,tw49388371,,3,,,,,
round_pairing,Round 9,8,177,23,tw04566463,,3,tw75755528,,3,,,,,
round_pairing,Round 9,8,177,382,tw75755528,,3,tw04566463,,3,,,,,
round_pairing,Round 9,8,178,475,tw96137948,,3,,,,,,,,
final_rank,,1,,501,tw88506619,,,,,,1,27,67,159,60.67
final_rank,,1,,268,tw52194649,,,,,,2,24,69,141,60
final_rank,,1,,289,tw57017359,,,,,,3,24,68,138,61.89
final_rank,,1,,28,tw05925639,,,,,,4,24,67,132,58.89
final_rank,,1,,365,tw72829984,,,,,,5,24,66,126,60.44
final_rank,,1,,408,tw81121676,,,,,,6,24,65,123,58.22
final_rank,,1,,280,tw55000893,,,,,,7,24,63,129,58
final_rank,,1,,298,tw59842400,,,,,,8,24,61,129,58.89
final_rank,,1,,21,tw04457744,,,,,,9,24,59,123,60.22
final_rank,,1,,300,tw59914357,,,,,,10,24,52,99,63.56
final_rank,,1,,294,tw58817602,,,,,,11,21,71,126,59.11
final_rank,,1,,264,tw51147332,,,,,,12,21,68,117,59.89
final_rank,,1,,428,tw85823053,,,,,,13,21,67,117,59
final_rank,,1,,400,tw79188375,,,,,,14,21,66,102,60.78
final_rank,,1,,338,tw67716132,,,,,,15,21,66,96,60.11
final_rank,,1,,416,tw82981600,,,,,,16,21,65,111,60.44
final_rank,,1,,177,tw33544977,,,,,,17,21,65,108,59.56
final_rank,,1,,367,tw73106123,,,,,,18,21,65,105,61.33
final_rank,,1,,119,tw22529091,,,,,,19,21,64,111,59
final_rank,,1,,204,tw39185310,,,,,,20,21,62,105,59.11
final_rank,,1,,205,tw39894258,,,,,,20,21,62,105,59.11
final_rank,,1,,288,tw56605426,,,,,,22,21,62,102,58.67
final_rank,,1,,262,tw50567676,,,,,,23,21,62,99,59.89
final_rank,,1,,417,tw83751916,,,,,,24,21,61,96,58.67
final_rank,,1,,52,tw10410998,,,,,,25,21,60,102,58.33
final_rank,,1,,285,tw56336073,,,,,,26,21,59,105,57
final_rank,,1,,237,tw45806310,,,,,,27,21,59,99,61.44
final_rank,,1,,226,tw44127879,,,,,,28,21,59,93,55.89
final_rank,,1,,279,tw54988993,,,,,,29,21,59,87,57.78
final_rank,,1,,127,tw24854365,,,,,,30,21,58,114,56
final_rank,,1,,104,tw19522331,,,,,,31,21,58,96,59.11
final_rank,,1,,259,tw49759795,,,,,,32,21,58,96,57.89
final_rank,,1,,155,tw29518941,,,,,,33,21,58,96,56.56
final_rank,,1,,235,tw45713741,,,,,,34,21,58,93,59.11
final_rank,,1,,401,tw79280986,,,,,,35,21,58,87,56.89
final_rank,,1,,512,tw32830944,,,,,,36,21,57,87,57.22
final_rank,,1,,397,tw78657682,,,,,,37,21,56,99,54.22
final_rank,,1,,149,tw28179733,,,,,,38,21,56,96,57.67
final_rank,,1,,48,tw09638604,,,,,,39,21,56,90,55.11
final_rank,,1,,345,tw68763677,,,,,,40,21,54,87,55.67
final_rank,,1,,306,tw60511158,,,,,,41,21,54,84,55.89
final_rank,,1,,372,tw74343825,,,,,,42,21,53,102,54.22
final_rank,,1,,233,tw45485735,,,,,,43,21,53,78,56
final_rank,,1,,80,tw15533641,,,,,,44,21,49,84,53.78
final_rank,,1,,85,tw16152234,,,,,,45,21,48,81,55
final_rank,,1,,532,tw12769027,,,,,,46,18,70,96,57.33
final_rank,,1,,186,tw35707148,,,,,,47,18,68,99,57
final_rank,,1,,14,tw03389371,,,,,,48,18,68,96,55.56
final_rank,,1,,317,tw63573774,,,,,,49,18,66,93,57.11
final_rank,,1,,322,tw64656626,,,,,,50,18,64,99,58.56
final_rank,,2,,118,tw22487155,,,,,,51,18,64,96,56.11
final_rank,,2,,172,tw33002183,,,,,,52,18,64,81,55
final_rank,,2,,124,tw23712439,,,,,,53,18,63,87,56
final_rank,,2,,384,tw76086171,,,,,,54,18,62,84,55.33
final_rank,,2,,257,tw49340794,,,,,,55,18,62,69,57.44
final_rank,,2,,473,tw95954871,,,,,,56,18,61,90,57
final_rank,,2,,351,tw69628359,,,,,,57,18,61,84,55
final_rank,,2,,38,tw07460167,,,,,,58,18,61,81,55.67
final_rank,,2,,362,tw72244502,,,,,,59,18,61,72,56.44
final_rank,,2,,454,tw91823318,,,,,,60,18,60,81,55.89
final_rank,,2,,518,tw88559975,,,,,,61,18,60,75,52.22
final_rank,,2,,9,tw02105248,,,,,,62,18,60,69,54.22
final_rank,,2,,102,tw18906406,,,,,,63,18,59,87,57
final_rank,,2,,77,tw14942902,,,,,,64,18,59,84,53.11
final_rank,,2,,287,tw56468849,,,,,,65,18,59,81,55.67
final_rank,,2,,222,tw43380150,,,,,,66,18,59,81,55.56
final_rank,,2,,337,tw67604361,,,,,,67,18,59,81,55.33
final_rank,,2,,90,tw16645990,,,,,,67,18,59,81,55.33
final_rank,,2,,278,tw54760232,,,,,,69,18,59,78,57.78
final_rank,,2,,30,tw05980017,,,,,,70,18,59,72,57.22
final_rank,,2,,97,tw18468179,,,,,,71,18,59,69,57.67
final_rank,,2,,492,tw99229780,,,,,,72,18,58,81,56.89
final_rank,,2,,472,tw95656910,,,,,,73,18,58,81,56.33
final_rank,,2,,74,tw14152067,,,,,,74,18,58,78,54.56
final_rank,,2,,96,tw18276049,,,,,,75,18,58,75,54.56
final_rank,,2,,452,tw91797530,,,,,,76,18,58,72,56.22
final_rank,,2,,101,tw18844404,,,,,,77,18,58,69,53.67
final_rank,,2,,517,tw70378594,,,,,,78,18,57,93,57.33
final_rank,,2,,390,tw76994845,,,,,,79,18,57,78,56.11
final_rank,,2,,63,tw13120137,,,,,,80,18,57,78,54.56
final_rank,,2,,463,tw93405316,,,,,,81,18,57,78,54.33
final_rank,,2,,37,tw07410887,,,,,,82,18,57,75,54.33
final_rank,,2,,379,tw75380665,,,,,,83,18,57,72,55.11
final_rank,,2,,282,tw55210501,,,,,,84,18,57,69,56.89
final_rank,,2,,509,tw87970697,,,,,,85,18,57,69,55.78
final_rank,,2,,498,tw99814098,,,,,,86,18,57,63,53.89
final_rank,,2,,228,tw44344603,,,,,,87,18,56,72,57
final_rank,,2,,142,tw27347873,,,,,,88,18,56,72,56.11
final_rank,,2,,404,tw79723871,,,,,,89,18,56,72,52.78
final_rank,,2,,61,tw12035691,,,,,,90,18,56,60,52.67
final_rank,,2,,376,tw74945392,,,,,,91,18,55,84,55
final_rank,,2,,386,tw76258268,,,,,,92,18,55,72,55.78
final_rank,,2,,115,tw21820105,,,,,,93,18,55,69,57
final_rank,,2,,27,tw05399034,,,,,,94,18,55,69,51
final_rank,,2,,5,tw00787146,,,,,,95,18,55,66,55.11
final_rank,,2,,54,tw11292760,,,,,,96,18,55,63,57.56
final_rank,,2,,470,tw95120042,,,,,,97,18,55,63,53.33
final_rank,,2,,214,tw41805810,,,,,,98,18,54,69,55
final_rank,,2,,511,tw24111275,,,,,,99,18,54,66,53.56
final_rank,,2,,67,tw13454619,,,,,,100,18,53,84,54.22
final_rank,,3,,136,tw26528058,,,,,,101,18,53,78,53.22
final_rank,,3,,480,tw97351630,,,,,,102,18,53,75,49.33
final_rank,,3,,254,tw49045992,,,,,,103,18,53,69,53.11
final_rank,,3,,460,tw93020902,,,,,,104,18,53,66,55.89
final_rank,,3,,255,tw49159270,,,,,,105,18,53,66,53.67
final_rank,,3,,462,tw93076075,,,,,,106,18,53,57,56.33
final_rank,,3,,246,tw47551870,,,,,,107,18,51,75,53.11
final_rank,,3,,542,tw51489284,,,,,,108,18,50,78,53
final_rank,,3,,190,tw36759052,,,,,,109,18,50,75,53
final_rank,,3,,380,tw75551324,,,,,,110,18,50,63,52.22
final_rank,,3,,291,tw57948434,,,,,,111,18,49,69,53.11
final_rank,,3,,249,tw48178410,,,,,,112,18,48,81,52.67
final_rank,,3,,83,tw15946908,,,,,,113,18,48,78,53.44
final_rank,,3,,8,tw01478107,,,,,,114,18,48,69,55.67
final_rank,,3,,406,tw80138989,,,,,,115,18,48,48,53.11
final_rank,,3,,449,tw90967766,,,,,,116,18,47,66,54.11
final_rank,,3,,479,tw97165922,,,,,,117,18,47,66,53
final_rank,,3,,269,tw52488439,,,,,,118,18,47,60,53.22
final_rank,,3,,311,tw62315993,,,,,,119,18,47,60,53
final_rank,,3,,477,tw96947201,,,,,,120,18,46,60,53.78
final_rank,,3,,468,tw94737903,,,,,,121,18,45,63,49.89
final_rank,,3,,40,tw08560123,,,,,,122,18,45,48,50.89
final_rank,,3,,328,tw65753780,,,,,,123,18,44,57,52.33
final_rank,,3,,156,tw29536370,,,,,,124,15,66,78,59.67
final_rank,,3,,538,tw89609352,,,,,,125,15,63,69,55.89
final_rank,,3,,191,tw36782228,,,,,,126,15,62,78,52.89
final_rank,,3,,439,tw89297350,,,,,,127,15,62,63,55.67
final_rank,,3,,284,tw56012620,,,,,,128,15,62,63,54.89
final_rank,,3,,402,tw79411276,,,,,,129,15,61,78,52.78
final_rank,,3,,375,tw74568091,,,,,,130,15,61,66,54.78
final_rank,,3,,535,tw45178021,,,,,,131,15,61,63,54.44
final_rank,,3,,209,tw41286139,,,,,,132,15,60,63,53.67
final_rank,,3,,499,tw99926791,,,,,,133,15,60,60,55.22
final_rank,,3,,325,tw65233698,,,,,,134,15,59,72,50.78
final_rank,,3,,487,tw98649601,,,,,,135,15,59,69,53.89
final_rank,,3,,261,tw50328610,,,,,,136,15,59,69,53.67
final_rank,,3,,167,tw32214798,,,,,,137,15,59,69,51.44
final_rank,,3,,329,tw66134077,,,,,,138,15,59,60,56.22
final_rank,,3,,153,tw29121960,,,,,,139,15,58,57,57
final_rank,,3,,327,tw65483922,,,,,,140,15,58,54,53.56
final_rank,,3,,405,tw79834153,,,,,,141,15,58,54,52.78
final_rank,,3,,299,tw59882595,,,,,,142,15,57,72,53.89
final_rank,,3,,455,tw91997638,,,,,,143,15,57,57,55.22
final_rank,,3,,145,tw27568465,,,,,,144,15,57,54,50.78
final_rank,,3,,91,tw16963151,,,,,,145,15,57,48,53.22
final_rank,,3,,223,tw43633449,,,,,,146,15,56,72,53.33
final_rank,,3,,315,tw63508480,,,,,,147,15,56,66,51.44
final_rank,,3,,321,tw64220350,,,,,,148,15,56,63,50.89
final_rank,,3,,377,tw75037148,,,,,,149,15,56,60,52.89
final_rank,,3,,195,tw37556303,,,,,,150,15,56,54,52.67
final_rank,,4,,11,tw02559687,,,,,,151,15,56,51,50.67
final_rank,,4,,19,tw04237407,,,,,,152,15,56,48,54.44
final_rank,,4,,57,tw11642031,,,,,,153,15,56,39,52.22
final_rank,,4,,474,tw96093664,,,,,,154,15,55,72,54.67
final_rank,,4,,528,tw30011078,,,,,,155,15,55,69,53.78
final_rank,,4,,398,tw78866457,,,,,,156,15,55,51,55.11
final_rank,,4,,125,tw23764220,,,,,,157,15,55,51,53.11
final_rank,,4,,17,tw04057117,,,,,,158,15,54,57,51.33
final_rank,,4,,369,tw73911906,,,,,,159,15,54,57,50.33
final_rank,,4,,162,tw31422118,,,,,,160,15,54,48,53
final_rank,,4,,493,tw99241716,,,,,,161,15,54,42,49.89
final_rank,,4,,128,tw24928885,,,,,,162,15,53,63,52.67
final_rank,,4,,137,tw26567324,,,,,,163,15,53,57,55.11
final_rank,,4,,308,tw61279434,,,,,,164,15,53,57,50
final_rank,,4,,483,tw97857197,,,,,,165,15,53,42,53.56
final_rank,,4,,381,tw75712938,,,,,,166,15,53,39,53.11
final_rank,,4,,24,tw05197795,,,,,,167,15,52,60,55.56
final_rank,,4,,540,tw56970260,,,,,,168,15,52,57,52.89
final_rank,,4,,3,tw00572856,,,,,,169,15,52,48,55.22
final_rank,,4,,342,tw68088789,,,,,,170,15,52,48,51.33
final_rank,,4,,260,tw50239297,,,,,,171,15,52,45,53.33
final_rank,,4,,296,tw59054436,,,,,,172,15,52,42,52.67
final_rank,,4,,332,tw66459371,,,,,,173,15,52,39,52.89
final_rank,,4,,60,tw11978505,,,,,,174,15,52,39,52.78
final_rank,,4,,413,tw82119121,,,,,,175,15,51,66,49.33
final_rank,,4,,87,tw16526802,,,,,,176,15,51,63,53.67
final_rank,,4,,220,tw43007249,,,,,,177,15,51,63,50.22
final_rank,,4,,409,tw81218142,,,,,,178,15,51,60,50.56
final_rank,,4,,273,tw53540804,,,,,,179,15,51,57,49.56
final_rank,,4,,168,tw32240000,,,,,,180,15,51,54,49.89
final_rank,,4,,216,tw42309306,,,,,,181,15,51,48,51.78
final_rank,,4,,433,tw87316906,,,,,,182,15,51,45,50.33
final_rank,,4,,122,tw23249034,,,,,,183,15,51,42,54
final_rank,,4,,207,tw40595661,,,,,,184,15,51,42,51.89
final_rank,,4,,174,tw33097520,,,,,,185,15,50,63,52.33
final_rank,,4,,12,tw02856732,,,,,,186,15,50,54,51.33
final_rank,,4,,114,tw21654272,,,,,,187,15,50,48,48
final_rank,,4,,242,tw46738666,,,,,,188,15,50,45,54.22
final_rank,,4,,314,tw63343435,,,,,,189,15,49,51,53.78
final_rank,,4,,341,tw67984683,,,,,,190,15,49,51,53.11
final_rank,,4,,368,tw73237577,,,,,,191,15,49,45,51
final_rank,,4,,456,tw92250919,,,,,,192,15,49,42,50.89
final_rank,,4,,415,tw82946495,,,,,,193,15,48,63,51.67
final_rank,,4,,411,tw81599190,,,,,,194,15,48,51,49.89
final_rank,,4,,541,tw97037062,,,,,,195,15,48,51,49
final_rank,,4,,471,tw95570205,,,,,,196,15,48,48,52
final_rank,,4,,250,tw48596346,,,,,,197,15,48,48,51.11
final_rank,,4,,263,tw50820470,,,,,,198,15,48,48,50
final_rank,,4,,364,tw72776789,,,,,,199,15,48,45,54
final_rank,,4,,98,tw18480972,,,,,,200,15,48,45,50.22
final_rank,,5,,425,tw85470107,,,,,,201,15,48,42,52.11
final_rank,,5,,350,tw69425578,,,,,,202,15,47,51,51.89
final_rank,,5,,491,tw99213849,,,,,,203,15,47,48,53.89
final_rank,,5,,359,tw71730704,,,,,,204,15,47,45,54.33
final_rank,,5,,383,tw75774280,,,,,,205,15,47,42,53.67
final_rank,,5,,103,tw19377792,,,,,,206,15,47,42,52
final_rank,,5,,323,tw64793736,,,,,,207,15,47,39,55.22
final_rank,,5,,71,tw13965222,,,,,,208,15,47,39,49.11
final_rank,,5,,146,tw27632184,,,,,,209,15,47,36,49.22
final_rank,,5,,164,tw32020032,,,,,,210,15,46,54,53.11
final_rank,,5,,391,tw77123317,,,,,,211,15,46,54,51.11
final_rank,,5,,165,tw32141014,,,,,,212,15,46,51,52.89
final_rank,,5,,399,tw79180495,,,,,,213,15,46,48,53
final_rank,,5,,503,tw53806573,,,,,,214,15,46,45,53.22
final_rank,,5,,72,tw13997688,,,,,,215,15,46,45,51.44
final_rank,,5,,42,tw08856107,,,,,,216,15,46,36,53.11
final_rank,,5,,171,tw32902575,,,,,,217,15,45,45,48.33
final_rank,,5,,366,tw73048413,,,,,,218,15,44,42,53.11
final_rank,,5,,34,tw06996284,,,,,,219,15,44,42,51.89
final_rank,,5,,210,tw41398048,,,,,,220,15,44,39,53.22
final_rank,,5,,333,tw66520026,,,,,,221,15,44,36,52.33
final_rank,,5,,310,tw62020476,,,,,,222,15,44,33,50.89
final_rank,,5,,318,tw63735317,,,,,,223,15,44,30,49.56
final_rank,,5,,283,tw55332465,,,,,,224,15,42,39,50.11
final_rank,,5,,435,tw88209015,,,,,,225,15,42,33,49.22
final_rank,,5,,231,tw44874553,,,,,,226,12,63,60,52.56
final_rank,,5,,476,tw96648029,,,,,,227,12,61,51,53.33
final_rank,,5,,423,tw84991038,,,,,,228,12,59,51,53.89
final_rank,,5,,388,tw76407729,,,,,,229,12,58,51,52.33
final_rank,,5,,450,tw91555335,,,,,,230,12,57,48,51.89
final_rank,,5,,55,tw11570874,,,,,,231,12,56,51,48.89
final_rank,,5,,203,tw39179779,,,,,,232,12,56,48,52.33
final_rank,,5,,45,tw09490592,,,,,,233,12,56,42,49.78
final_rank,,5,,370,tw73917548,,,,,,234,12,56,36,50.56
final_rank,,5,,198,tw37918429,,,,,,235,12,55,54,51.44
final_rank,,5,,395,tw78077476,,,,,,236,12,55,45,50.56
final_rank,,5,,272,tw53028908,,,,,,237,12,55,45,49.56
final_rank,,5,,267,tw52162016,,,,,,238,12,55,42,49.89
final_rank,,5,,179,tw33811608,,,,,,239,12,54,51,54
final_rank,,5,,301,tw60169670,,,,,,240,12,54,42,50.44
final_rank,,5,,253,tw48962901,,,,,,241,12,54,42,49.33
final_rank,,5,,200,tw38671111,,,,,,242,12,53,51,51.44
final_rank,,5,,422,tw84828731,,,,,,243,12,53,51,47.78
final_rank,,5,,526,tw16728082,,,,,,244,12,53,45,53.22
final_rank,,5,,56,tw11612248,,,,,,245,12,53,45,46.56
final_rank,,5,,70,tw13830995,,,,,,246,12,52,33,50.56
final_rank,,5,,188,tw36138720,,,,,,247,12,52,33,49.56
final_rank,,5,,15,tw03463518,,,,,,248,12,52,27,52.22
final_rank,,5,,44,tw09472918,,,,,,249,12,51,45,48.89
final_rank,,5,,229,tw44380087,,,,,,250,12,51,42,49.44
final_rank,,6,,319,tw63898784,,,,,,251,12,51,42,49
final_rank,,6,,403,tw79476009,,,,,,252,12,51,36,52.22
final_rank,,6,,36,tw07333117,,,,,,253,12,51,36,52.11
final_rank,,6,,286,tw56416986,,,,,,254,12,51,36,48.78
final_rank,,6,,457,tw92496269,,,,,,255,12,51,33,47
final_rank,,6,,93,tw17505073,,,,,,256,12,51,30,50.67
final_rank,,6,,64,tw13174665,,,,,,257,12,51,30,48.89
final_rank,,6,,431,tw86878630,,,,,,258,12,50,45,50.89
final_rank,,6,,343,tw68151227,,,,,,259,12,50,39,51.67
final_rank,,6,,22,tw04564553,,,,,,260,12,50,39,51.22
final_rank,,6,,88,tw16569141,,,,,,261,12,50,39,48.67
final_rank,,6,,344,tw68209178,,,,,,262,12,50,33,52.44
final_rank,,6,,212,tw41563340,,,,,,263,12,49,45,51.44
final_rank,,6,,443,tw89811739,,,,,,264,12,49,36,49.89
final_rank,,6,,208,tw41073870,,,,,,265,12,49,33,48.67
final_rank,,6,,50,tw09881291,,,,,,266,12,49,30,50.22
final_rank,,6,,539,tw81191547,,,,,,267,12,49,18,49
final_rank,,6,,335,tw66907796,,,,,,268,12,48,42,47.44
final_rank,,6,,1,tw00114747,,,,,,269,12,48,39,50.33
final_rank,,6,,170,tw32709946,,,,,,270,12,48,36,49.22
final_rank,,6,,134,tw25974925,,,,,,271,12,48,30,50.89
final_rank,,6,,199,tw38482720,,,,,,272,12,48,27,50.89
final_rank,,6,,94,tw17748447,,,,,,273,12,47,39,50.33
final_rank,,6,,49,tw09710972,,,,,,274,12,47,33,51.11
final_rank,,6,,82,tw15849812,,,,,,275,12,47,33,50.33
final_rank,,6,,25,tw05346170,,,,,,276,12,47,33,48.89
final_rank,,6,,189,tw36173804,,,,,,277,12,47,33,47.89
final_rank,,6,,434,tw88117485,,,,,,278,12,46,36,43.89
final_rank,,6,,76,tw14788730,,,,,,279,12,46,33,50.33
final_rank,,6,,129,tw25188472,,,,,,280,12,46,30,51.44
final_rank,,6,,68,tw13779097,,,,,,281,12,46,24,48.56
final_rank,,6,,160,tw30379002,,,,,,282,12,45,36,47.89
final_rank,,6,,232,tw45233917,,,,,,283,12,45,30,47.11
final_rank,,6,,215,tw42126524,,,,,,284,12,45,27,50.33
final_rank,,6,,108,tw20730540,,,,,,285,12,45,27,47.78
final_rank,,6,,485,tw97931731,,,,,,286,12,45,21,50.89
final_rank,,6,,385,tw76132946,,,,,,287,12,45,21,49.56
final_rank,,6,,531,tw19127861,,,,,,288,12,44,33,47.44
final_rank,,6,,234,tw45498080,,,,,,289,12,44,27,49.56
final_rank,,6,,138,tw26670105,,,,,,290,12,44,27,48.56
final_rank,,6,,75,tw14487551,,,,,,291,12,44,27,48
final_rank,,6,,218,tw42563834,,,,,,292,12,43,42,47.89
final_rank,,6,,522,tw58380842,,,,,,293,12,43,24,50.11
final_rank,,6,,534,tw90806836,,,,,,294,12,42,24,50.11
final_rank,,6,,32,tw06400208,,,,,,295,12,41,39,50.67
final_rank,,6,,469,tw95045687,,,,,,296,12,41,33,47.33
final_rank,,6,,436,tw88607252,,,,,,297,12,41,27,51.44
final_rank,,6,,513,tw04215857,,,,,,298,12,41,21,46.44
final_rank,,6,,520,tw65994043,,,,,,299,12,40,24,51.22
final_rank,,6,,2,tw00531440,,,,,,300,12,39,21,44.78
final_rank,,7,,13,tw03063725,,,,,,301,12,38,18,46.56
final_rank,,7,,251,tw48793078,,,,,,302,12,36,21,47.11
final_rank,,7,,519,tw92252047,,,,,,303,12,34,21,44.56
final_rank,,7,,418,tw84048586,,,,,,304,9,58,36,50.11
final_rank,,7,,126,tw24144676,,,,,,305,9,54,33,48
final_rank,,7,,81,tw15712728,,,,,,306,9,54,18,50.11
final_rank,,7,,444,tw90018469,,,,,,307,9,52,30,51.11
final_rank,,7,,201,tw38784734,,,,,,308,9,52,24,50.11
final_rank,,7,,543,tw59548820,,,,,,309,9,51,24,45.89
final_rank,,7,,69,tw13786805,,,,,,310,9,50,33,48.56
final_rank,,7,,16,tw03478711,,,,,,311,9,50,27,48.56
final_rank,,7,,506,tw32980664,,,,,,312,9,50,27,47.89
final_rank,,7,,236,tw45725328,,,,,,313,9,50,24,50.11
final_rank,,7,,29,tw05932500,,,,,,314,9,49,18,47
final_rank,,7,,447,tw90601321,,,,,,315,9,48,27,49.56
final_rank,,7,,6,tw00918141,,,,,,316,9,48,27,46
final_rank,,7,,510,tw07237919,,,,,,317,9,48,21,49.11
final_rank,,7,,193,tw37257975,,,,,,318,9,48,21,45.56
final_rank,,7,,35,tw07020662,,,,,,319,9,48,18,47.44
final_rank,,7,,432,tw87015354,,,,,,320,9,47,33,48.56
final_rank,,7,,464,tw93739401,,,,,,321,9,47,18,50.33
final_rank,,7,,326,tw65235703,,,,,,322,9,46,27,48
final_rank,,7,,109,tw20800375,,,,,,323,9,46,15,46.89
final_rank,,7,,407,tw80392170,,,,,,324,9,46,12,46.22
final_rank,,7,,46,tw09503218,,,,,,325,9,45,27,46.11
final_rank,,7,,290,tw57615176,,,,,,326,9,45,24,46.11
final_rank,,7,,307,tw60751700,,,,,,327,9,44,30,44.89
final_rank,,7,,316,tw63518115,,,,,,328,9,44,24,46.89
final_rank,,7,,26,tw05373669,,,,,,329,9,44,21,47.33
final_rank,,7,,227,tw44206611,,,,,,330,9,44,18,47.78
final_rank,,7,,363,tw72630270,,,,,,331,9,44,12,43.89
final_rank,,7,,117,tw22462226,,,,,,332,9,43,21,45.56
final_rank,,7,,265,tw51465600,,,,,,333,9,43,12,46.22
final_rank,,7,,206,tw40377456,,,,,,334,9,42,24,45.78
final_rank,,7,,281,tw55069236,,,,,,335,9,42,9,45.89
final_rank,,7,,500,tw99958274,,,,,,336,9,41,21,46.89
final_rank,,7,,374,tw74542521,,,,,,337,9,41,21,43.22
final_rank,,7,,352,tw69804633,,,,,,338,9,40,30,44.89
final_rank,,7,,180,tw33820039,,,,,,339,9,40,21,46
final_rank,,7,,192,tw36824056,,,,,,340,9,39,12,46.78
final_rank,,7,,495,tw99373374,,,,,,341,9,38,12,45.89
final_rank,,7,,166,tw32167594,,,,,,342,6,52,12,46.22
final_rank,,7,,161,tw31401549,,,,,,343,6,47,12,48.78
final_rank,,7,,39,tw07927124,,,,,,344,6,47,9,44.78
final_rank,,7,,496,tw99714386,,,,,,345,6,47,3,45.11
final_rank,,7,,309,tw61583819,,,,,,346,6,44,27,47.89
final_rank,,7,,132,tw25634182,,,,,,347,6,44,9,46.78
final_rank,,7,,475,tw96137948,,,,,,348,6,44,6,46.63
final_rank,,7,,163,tw31738493,,,,,,349,6,43,15,45.11
final_rank,,7,,271,tw52806758,,,,,,350,6,42,6,45.78
final_rank,,8,,357,tw70897596,,,,,,351,6,41,3,47.25
final_rank,,8,,23,tw04566463,,,,,,352,6,38,3,45.56
final_rank,,8,,354,tw70061764,,,,,,353,6,35,3,42.5
final_rank,,8,,382,tw75755528,,,,,,354,3,49,15,45.33
final_rank,,8,,258,tw49388371,,,,,,355,3,41,18,46.5
